image,severity,code,box_index,detail
D:\DATN\datasets\raw\roboflow_school_fuhih\test\images\boderngoaigiao11_jpg.rf.e540b80769203c728e51a6a5e6e25cf2.jpg,warning,small_box,1,box area 0.1400% of the image is below the 0.50% threshold; plates this small are hard to learn
D:\DATN\datasets\raw\roboflow_school_fuhih\test\images\boderngoaigiao6_jpg.rf.2facb64ab234c666a72c96742300676c.jpg,warning,small_box,0,box area 0.1913% of the image is below the 0.50% threshold; plates this small are hard to learn
D:\DATN\datasets\raw\roboflow_school_fuhih\test\images\boderquandoi12_jpg.rf.86f33494127ef4c5e6bfe84639959d93.jpg,warning,small_box,0,box area 0.2527% of the image is below the 0.50% threshold; plates this small are hard to learn
D:\DATN\datasets\raw\roboflow_school_fuhih\test\images\boderquandoi15_jpg.rf.db9b9cdcf4b55eafb8493dfe6330fdd8.jpg,warning,small_box,0,box area 0.0956% of the image is below the 0.50% threshold; plates this small are hard to learn
D:\DATN\datasets\raw\roboflow_school_fuhih\test\images\boderquandoi16_jpg.rf.35b5a5d042975b51ba1b007c690a9c44.jpg,warning,small_box,0,box area 0.0590% of the image is below the 0.50% threshold; plates this small are hard to learn
D:\DATN\datasets\raw\roboflow_school_fuhih\test\images\boderquandoi23_jpg.rf.0104c79ae76413f0aaf6b90e38df5df2.jpg,warning,small_box,0,box area 0.0936% of the image is below the 0.50% threshold; plates this small are hard to learn
D:\DATN\datasets\raw\roboflow_school_fuhih\test\images\boderquandoi29_jpg.rf.cd6f465484867dc00f65c43f61ca9fe0.jpg,warning,small_box,0,box area 0.1111% of the image is below the 0.50% threshold; plates this small are hard to learn
D:\DATN\datasets\raw\roboflow_school_fuhih\test\images\boderquandoi31_jpg.rf.f7fa5b19d6845110533afef39ad3f53e.jpg,warning,small_box,0,box area 0.2256% of the image is below the 0.50% threshold; plates this small are hard to learn
D:\DATN\datasets\raw\roboflow_school_fuhih\test\images\boderquandoi3_jpg.rf.36ba176361f7917c749c0b1b53e9b69b.jpg,warning,small_box,0,box area 0.0645% of the image is below the 0.50% threshold; plates this small are hard to learn
D:\DATN\datasets\raw\roboflow_school_fuhih\test\images\boderquandoi3_jpg.rf.36ba176361f7917c749c0b1b53e9b69b.jpg,warning,small_box,1,box area 0.0454% of the image is below the 0.50% threshold; plates this small are hard to learn
D:\DATN\datasets\raw\roboflow_school_fuhih\test\images\boderquandoi3_jpg.rf.36ba176361f7917c749c0b1b53e9b69b.jpg,warning,small_box,2,box area 0.0228% of the image is below the 0.50% threshold; plates this small are hard to learn
D:\DATN\datasets\raw\roboflow_school_fuhih\test\images\boderquandoi3_jpg.rf.36ba176361f7917c749c0b1b53e9b69b.jpg,warning,small_box,3,box area 0.0211% of the image is below the 0.50% threshold; plates this small are hard to learn
D:\DATN\datasets\raw\roboflow_school_fuhih\test\images\boderquandoi4_jpg.rf.7a674066ee4ac850d88ff908dcee00d8.jpg,warning,small_box,0,box area 0.0965% of the image is below the 0.50% threshold; plates this small are hard to learn
D:\DATN\datasets\raw\roboflow_school_fuhih\test\images\boderquandoi4_jpg.rf.7a674066ee4ac850d88ff908dcee00d8.jpg,warning,small_box,1,box area 0.0309% of the image is below the 0.50% threshold; plates this small are hard to learn
D:\DATN\datasets\raw\roboflow_school_fuhih\test\images\boderquandoi74_jpg.rf.fd4de84db96549df4cb0c240a2bd3c6b.jpg,warning,small_box,0,box area 0.4812% of the image is below the 0.50% threshold; plates this small are hard to learn
D:\DATN\datasets\raw\roboflow_school_fuhih\test\images\boderquandoi76_jpg.rf.c4c3297b4b823cefc82b27e495e1ad8b.jpg,warning,small_box,0,box area 0.3082% of the image is below the 0.50% threshold; plates this small are hard to learn
D:\DATN\datasets\raw\roboflow_school_fuhih\test\images\boderquandoi79_jpg.rf.70f79b445fbc4598a32e5f745826d4b9.jpg,warning,small_box,0,box area 0.1067% of the image is below the 0.50% threshold; plates this small are hard to learn
D:\DATN\datasets\raw\roboflow_school_fuhih\test\images\boderquandoi98_jpg.rf.496e5009ad4e9ffd7038515224aa9c2f.jpg,warning,small_box,0,box area 0.0867% of the image is below the 0.50% threshold; plates this small are hard to learn
D:\DATN\datasets\raw\roboflow_school_fuhih\test\images\brightnessquandoi101_jpg.rf.030151beb337cfef57c62446cb88c9ee.jpg,warning,small_box,0,box area 0.2272% of the image is below the 0.50% threshold; plates this small are hard to learn
D:\DATN\datasets\raw\roboflow_school_fuhih\test\images\brightnessquandoi101_jpg.rf.030151beb337cfef57c62446cb88c9ee.jpg,warning,small_box,1,box area 0.1476% of the image is below the 0.50% threshold; plates this small are hard to learn
D:\DATN\datasets\raw\roboflow_school_fuhih\test\images\brightnessquandoi101_jpg.rf.030151beb337cfef57c62446cb88c9ee.jpg,warning,small_box,2,box area 0.0898% of the image is below the 0.50% threshold; plates this small are hard to learn
D:\DATN\datasets\raw\roboflow_school_fuhih\test\images\brightnessquandoi16_jpg.rf.f722590ed2869baf5a414e4b3f5ba00a.jpg,warning,small_box,0,box area 0.2100% of the image is below the 0.50% threshold; plates this small are hard to learn
D:\DATN\datasets\raw\roboflow_school_fuhih\test\images\brightnessquandoi90_jpg.rf.3127ff8b08a5977e43a034d1ebc8ac00.jpg,warning,small_box,0,box area 0.1172% of the image is below the 0.50% threshold; plates this small are hard to learn
D:\DATN\datasets\raw\roboflow_school_fuhih\test\images\brightnessquandoi90_jpg.rf.3127ff8b08a5977e43a034d1ebc8ac00.jpg,warning,small_box,1,box area 0.2725% of the image is below the 0.50% threshold; plates this small are hard to learn
D:\DATN\datasets\raw\roboflow_school_fuhih\test\images\brightnessquandoi92_jpg.rf.e927626a8b9c7fc6a8b1b3f5c14cebdc.jpg,warning,small_box,0,box area 0.1523% of the image is below the 0.50% threshold; plates this small are hard to learn
D:\DATN\datasets\raw\roboflow_school_fuhih\test\images\brightnessquandoi92_jpg.rf.e927626a8b9c7fc6a8b1b3f5c14cebdc.jpg,warning,small_box,1,box area 0.2725% of the image is below the 0.50% threshold; plates this small are hard to learn
D:\DATN\datasets\raw\roboflow_school_fuhih\test\images\CarLongPlateGen106_jpg.rf.b4122ccc62670ffa3be897a772d9307a.jpg,warning,small_box,0,box area 0.3113% of the image is below the 0.50% threshold; plates this small are hard to learn
D:\DATN\datasets\raw\roboflow_school_fuhih\test\images\CarLongPlateGen109_jpg.rf.8227453f08d7c497b390d4782702998c.jpg,warning,small_box,0,box area 0.3734% of the image is below the 0.50% threshold; plates this small are hard to learn
D:\DATN\datasets\raw\roboflow_school_fuhih\test\images\CarLongPlateGen115_jpg.rf.18db2f17ce08526f238877c1f1947aec.jpg,warning,small_box,0,box area 0.4731% of the image is below the 0.50% threshold; plates this small are hard to learn
D:\DATN\datasets\raw\roboflow_school_fuhih\test\images\CarLongPlateGen125_jpg.rf.b0cf236757364a77ac8cd467cc464cef.jpg,warning,small_box,0,box area 0.4482% of the image is below the 0.50% threshold; plates this small are hard to learn
D:\DATN\datasets\raw\roboflow_school_fuhih\test\images\CarLongPlateGen142_jpg.rf.0731035d446691b61d52be57b711866f.jpg,warning,small_box,0,box area 0.4196% of the image is below the 0.50% threshold; plates this small are hard to learn
D:\DATN\datasets\raw\roboflow_school_fuhih\test\images\CarLongPlateGen156_jpg.rf.1d7b580f95a9eac4575a8e6744b87c16.jpg,warning,small_box,0,box area 0.4364% of the image is below the 0.50% threshold; plates this small are hard to learn
D:\DATN\datasets\raw\roboflow_school_fuhih\test\images\CarLongPlateGen189_jpg.rf.d274a349c0ead49f0c2c12ccdd467b76.jpg,warning,small_box,0,box area 0.4268% of the image is below the 0.50% threshold; plates this small are hard to learn
D:\DATN\datasets\raw\roboflow_school_fuhih\test\images\CarLongPlateGen200_jpg.rf.b8d44c62c4a67ce31dea2bf8273a5d57.jpg,warning,small_box,0,box area 0.2358% of the image is below the 0.50% threshold; plates this small are hard to learn
D:\DATN\datasets\raw\roboflow_school_fuhih\test\images\CarLongPlateGen221_jpg.rf.ac7d537c74d7a346f48084543cfe71f8.jpg,warning,small_box,0,box area 0.3285% of the image is below the 0.50% threshold; plates this small are hard to learn
D:\DATN\datasets\raw\roboflow_school_fuhih\test\images\CarLongPlateGen246_jpg.rf.e762bcf17aec7af276a8868bbc0d5b3f.jpg,warning,small_box,0,box area 0.2134% of the image is below the 0.50% threshold; plates this small are hard to learn
D:\DATN\datasets\raw\roboflow_school_fuhih\test\images\CarLongPlateGen252_jpg.rf.6f6b7239c9d69b26cebe421d54becf6d.jpg,warning,small_box,0,box area 0.2760% of the image is below the 0.50% threshold; plates this small are hard to learn
D:\DATN\datasets\raw\roboflow_school_fuhih\test\images\CarLongPlateGen285_jpg.rf.e645e9b902d944c1b7b080d94d374464.jpg,warning,small_box,0,box area 0.2512% of the image is below the 0.50% threshold; plates this small are hard to learn
D:\DATN\datasets\raw\roboflow_school_fuhih\test\images\CarLongPlateGen30_jpg.rf.c86e7f74770c15b3c6b97862f19015a4.jpg,warning,small_box,0,box area 0.2303% of the image is below the 0.50% threshold; plates this small are hard to learn
D:\DATN\datasets\raw\roboflow_school_fuhih\test\images\CarLongPlateGen312_jpg.rf.8a33ef56435ebfe6fb9088cf3f99b09e.jpg,warning,small_box,0,box area 0.3704% of the image is below the 0.50% threshold; plates this small are hard to learn
D:\DATN\datasets\raw\roboflow_school_fuhih\test\images\CarLongPlateGen326_jpg.rf.ddd95df2484f829a3542ae610e6936c1.jpg,warning,small_box,0,box area 0.4638% of the image is below the 0.50% threshold; plates this small are hard to learn
D:\DATN\datasets\raw\roboflow_school_fuhih\test\images\CarLongPlateGen334_jpg.rf.5ff4aa87668d70828d51a23dc9dda8d6.jpg,warning,small_box,0,box area 0.4465% of the image is below the 0.50% threshold; plates this small are hard to learn
D:\DATN\datasets\raw\roboflow_school_fuhih\test\images\CarLongPlateGen344_jpg.rf.fa48bf41a58a909df7ccd7a0ec3b5d99.jpg,warning,small_box,0,box area 0.4384% of the image is below the 0.50% threshold; plates this small are hard to learn
D:\DATN\datasets\raw\roboflow_school_fuhih\test\images\CarLongPlateGen355_jpg.rf.f15cf6237e96b8c9daee8d83dde3f2c2.jpg,warning,small_box,0,box area 0.4681% of the image is below the 0.50% threshold; plates this small are hard to learn
D:\DATN\datasets\raw\roboflow_school_fuhih\test\images\CarLongPlateGen359_jpg.rf.2ed53b0e0193ede6228e3d59288fcd16.jpg,warning,small_box,0,box area 0.4364% of the image is below the 0.50% threshold; plates this small are hard to learn
D:\DATN\datasets\raw\roboflow_school_fuhih\test\images\CarLongPlateGen368_jpg.rf.ebcfcb39ec381c0afb3f67a0e23bb065.jpg,warning,small_box,0,box area 0.4268% of the image is below the 0.50% threshold; plates this small are hard to learn
D:\DATN\datasets\raw\roboflow_school_fuhih\test\images\CarLongPlateGen380_jpg.rf.fcc048dacc6c0d131a097866de2f15f6.jpg,warning,small_box,0,box area 0.4807% of the image is below the 0.50% threshold; plates this small are hard to learn
D:\DATN\datasets\raw\roboflow_school_fuhih\test\images\CarLongPlateGen385_jpg.rf.4965d073729dcbd8fecfbfb6b18338ed.jpg,warning,small_box,0,box area 0.4681% of the image is below the 0.50% threshold; plates this small are hard to learn
D:\DATN\datasets\raw\roboflow_school_fuhih\test\images\CarLongPlateGen38_jpg.rf.1e87a86591fa3c31743818f515531cd6.jpg,warning,small_box,0,box area 0.3726% of the image is below the 0.50% threshold; plates this small are hard to learn
D:\DATN\datasets\raw\roboflow_school_fuhih\test\images\CarLongPlateGen390_jpg.rf.0cd36620b2e5f84fb36f91d4bf509d53.jpg,warning,small_box,0,box area 0.4482% of the image is below the 0.50% threshold; plates this small are hard to learn
D:\DATN\datasets\raw\roboflow_school_fuhih\test\images\CarLongPlateGen392_jpg.rf.57bdaf54f72f325b73d968cc68d23477.jpg,warning,small_box,0,box area 0.4352% of the image is below the 0.50% threshold; plates this small are hard to learn
D:\DATN\datasets\raw\roboflow_school_fuhih\test\images\CarLongPlateGen394_jpg.rf.eae28f81adfd6e2ca8ad82f25d3eb058.jpg,warning,small_box,0,box area 0.3709% of the image is below the 0.50% threshold; plates this small are hard to learn
D:\DATN\datasets\raw\roboflow_school_fuhih\test\images\CarLongPlateGen415_jpg.rf.c08f37ac346dd5241f8e7e12ab6eadf7.jpg,warning,small_box,0,box area 0.3889% of the image is below the 0.50% threshold; plates this small are hard to learn
D:\DATN\datasets\raw\roboflow_school_fuhih\test\images\CarLongPlateGen417_jpg.rf.876889587e6a69988051e6d6ff3e06ce.jpg,warning,small_box,0,box area 0.2640% of the image is below the 0.50% threshold; plates this small are hard to learn
D:\DATN\datasets\raw\roboflow_school_fuhih\test\images\CarLongPlateGen455_jpg.rf.0f29d8d97bb5abf1e23b315347cfead5.jpg,warning,small_box,0,box area 0.4633% of the image is below the 0.50% threshold; plates this small are hard to learn
D:\DATN\datasets\raw\roboflow_school_fuhih\test\images\CarLongPlateGen45_jpg.rf.de19ce08f2bea95c93140456c1a27db4.jpg,warning,small_box,0,box area 0.4733% of the image is below the 0.50% threshold; plates this small are hard to learn
D:\DATN\datasets\raw\roboflow_school_fuhih\test\images\CarLongPlateGen474_jpg.rf.665e616e565067fc52d4bac56429ac7d.jpg,warning,small_box,0,box area 0.3995% of the image is below the 0.50% threshold; plates this small are hard to learn
D:\DATN\datasets\raw\roboflow_school_fuhih\test\images\CarLongPlateGen483_jpg.rf.89d8a06cdbe21c18c13041720bc2a770.jpg,warning,small_box,0,box area 0.3201% of the image is below the 0.50% threshold; plates this small are hard to learn
D:\DATN\datasets\raw\roboflow_school_fuhih\test\images\CarLongPlateGen488_jpg.rf.5f6e226b84c219995c97c61713e4a709.jpg,warning,small_box,0,box area 0.3285% of the image is below the 0.50% threshold; plates this small are hard to learn
D:\DATN\datasets\raw\roboflow_school_fuhih\test\images\CarLongPlateGen491_jpg.rf.3d0ac50560974a4a38b0080f0b989763.jpg,warning,small_box,0,box area 0.3458% of the image is below the 0.50% threshold; plates this small are hard to learn
D:\DATN\datasets\raw\roboflow_school_fuhih\test\images\CarLongPlateGen4_jpg.rf.e884925d1d83613ea925654f3627b7fa.jpg,warning,small_box,0,box area 0.4389% of the image is below the 0.50% threshold; plates this small are hard to learn
D:\DATN\datasets\raw\roboflow_school_fuhih\test\images\CarLongPlateGen501_jpg.rf.ecfe5ea7150c935e24640d63f4903086.jpg,warning,small_box,0,box area 0.4213% of the image is below the 0.50% threshold; plates this small are hard to learn
D:\DATN\datasets\raw\roboflow_school_fuhih\test\images\CarLongPlateGen506_jpg.rf.afb06df5fa836b8da17affdbb713f492.jpg,warning,small_box,0,box area 0.3928% of the image is below the 0.50% threshold; plates this small are hard to learn
D:\DATN\datasets\raw\roboflow_school_fuhih\test\images\CarLongPlateGen512_jpg.rf.ddf14c2f7a6e8155030fdc77652744e0.jpg,warning,small_box,0,box area 0.4897% of the image is below the 0.50% threshold; plates this small are hard to learn
D:\DATN\datasets\raw\roboflow_school_fuhih\test\images\CarLongPlateGen519_jpg.rf.f4dfdc6fb064f410023ab177cfe0f94f.jpg,warning,small_box,0,box area 0.3206% of the image is below the 0.50% threshold; plates this small are hard to learn
D:\DATN\datasets\raw\roboflow_school_fuhih\test\images\CarLongPlateGen530_jpg.rf.90574c5a7d90ea222849949cc4f3c909.jpg,warning,small_box,0,box area 0.3642% of the image is below the 0.50% threshold; plates this small are hard to learn
D:\DATN\datasets\raw\roboflow_school_fuhih\test\images\CarLongPlateGen558_jpg.rf.e9bec6f7ee6df46047aeb416aa85fdd3.jpg,warning,small_box,0,box area 0.2999% of the image is below the 0.50% threshold; plates this small are hard to learn
D:\DATN\datasets\raw\roboflow_school_fuhih\test\images\CarLongPlateGen561_jpg.rf.a675df6d3de14737154313dbafe3de96.jpg,warning,small_box,0,box area 0.3891% of the image is below the 0.50% threshold; plates this small are hard to learn
D:\DATN\datasets\raw\roboflow_school_fuhih\test\images\CarLongPlateGen562_jpg.rf.122d69ae536136930be39eba5f113763.jpg,warning,small_box,0,box area 0.4047% of the image is below the 0.50% threshold; plates this small are hard to learn
D:\DATN\datasets\raw\roboflow_school_fuhih\test\images\CarLongPlateGen570_jpg.rf.b1c847d1448683ae19ad57a73c105747.jpg,warning,small_box,0,box area 0.4607% of the image is below the 0.50% threshold; plates this small are hard to learn
D:\DATN\datasets\raw\roboflow_school_fuhih\test\images\CarLongPlateGen576_jpg.rf.77aeda006b136b518051954e4a8c5a66.jpg,warning,small_box,0,box area 0.2892% of the image is below the 0.50% threshold; plates this small are hard to learn
D:\DATN\datasets\raw\roboflow_school_fuhih\test\images\CarLongPlateGen647_jpg.rf.5d93d301603b694cc5c2db2832584e96.jpg,warning,small_box,0,box area 0.4499% of the image is below the 0.50% threshold; plates this small are hard to learn
D:\DATN\datasets\raw\roboflow_school_fuhih\test\images\CarLongPlateGen655_jpg.rf.024573e1d49e69c13a489199b537fb99.jpg,warning,small_box,0,box area 0.4717% of the image is below the 0.50% threshold; plates this small are hard to learn
D:\DATN\datasets\raw\roboflow_school_fuhih\test\images\CarLongPlateGen658_jpg.rf.0997a91024e68f3892d2bd9aa6f73b24.jpg,warning,small_box,0,box area 0.3995% of the image is below the 0.50% threshold; plates this small are hard to learn
D:\DATN\datasets\raw\roboflow_school_fuhih\test\images\CarLongPlateGen694_jpg.rf.7b320101d3f36466e4495889e7d8604c.jpg,warning,small_box,0,box area 0.3709% of the image is below the 0.50% threshold; plates this small are hard to learn
D:\DATN\datasets\raw\roboflow_school_fuhih\test\images\CarLongPlateGen695_jpg.rf.56605f5a95e2904ffa27be2f93846c03.jpg,warning,small_box,0,box area 0.3425% of the image is below the 0.50% threshold; plates this small are hard to learn
D:\DATN\datasets\raw\roboflow_school_fuhih\test\images\CarLongPlateGen702_jpg.rf.e696f96527351e2c41371e3b2a3f136a.jpg,warning,small_box,0,box area 0.4565% of the image is below the 0.50% threshold; plates this small are hard to learn
D:\DATN\datasets\raw\roboflow_school_fuhih\test\images\CarLongPlateGen705_jpg.rf.76ba2297f8f10ba6a87f57d490290219.jpg,warning,small_box,0,box area 0.4801% of the image is below the 0.50% threshold; plates this small are hard to learn
D:\DATN\datasets\raw\roboflow_school_fuhih\test\images\CarLongPlateGen731_jpg.rf.7d6543365378391d273b1c83554027e2.jpg,warning,small_box,0,box area 0.4043% of the image is below the 0.50% threshold; plates this small are hard to learn
D:\DATN\datasets\raw\roboflow_school_fuhih\test\images\CarLongPlateGen776_jpg.rf.498cd9fa0c2ce8f71100715391754612.jpg,warning,small_box,0,box area 0.3357% of the image is below the 0.50% threshold; plates this small are hard to learn
D:\DATN\datasets\raw\roboflow_school_fuhih\test\images\CarLongPlateGen78_jpg.rf.225a55b942244ad29bc83eefce2d3e90.jpg,warning,small_box,0,box area 0.3798% of the image is below the 0.50% threshold; plates this small are hard to learn
D:\DATN\datasets\raw\roboflow_school_fuhih\test\images\CarLongPlateGen795_jpg.rf.0ec9bae9645adfc4c1b768c65f5aa650.jpg,warning,small_box,0,box area 0.3704% of the image is below the 0.50% threshold; plates this small are hard to learn
D:\DATN\datasets\raw\roboflow_school_fuhih\test\images\CarLongPlateGen815_jpg.rf.a61f4bf532d05489cc7ab2dc00ba6c48.jpg,warning,small_box,0,box area 0.3995% of the image is below the 0.50% threshold; plates this small are hard to learn
D:\DATN\datasets\raw\roboflow_school_fuhih\test\images\CarLongPlateGen821_jpg.rf.9160c350ffbf6d3e1b9ed9bdc592b109.jpg,warning,small_box,0,box area 0.4545% of the image is below the 0.50% threshold; plates this small are hard to learn
D:\DATN\datasets\raw\roboflow_school_fuhih\test\images\CarLongPlateGen824_jpg.rf.c35a5b26c36612c62b48262b4c29bb36.jpg,warning,small_box,0,box area 0.3889% of the image is below the 0.50% threshold; plates this small are hard to learn
D:\DATN\datasets\raw\roboflow_school_fuhih\test\images\CarLongPlateGen827_jpg.rf.08ce5f7545db4560c64e948c30913ef1.jpg,warning,small_box,0,box area 0.2845% of the image is below the 0.50% threshold; plates this small are hard to learn
D:\DATN\datasets\raw\roboflow_school_fuhih\test\images\CarLongPlateGen862_jpg.rf.022806b223b45eb23ad533ff39e75909.jpg,warning,small_box,0,box area 0.3889% of the image is below the 0.50% threshold; plates this small are hard to learn
D:\DATN\datasets\raw\roboflow_school_fuhih\test\images\CarLongPlateGen870_jpg.rf.cc5372d1a875160885b2f41398f902a0.jpg,warning,small_box,0,box area 0.4364% of the image is below the 0.50% threshold; plates this small are hard to learn
D:\DATN\datasets\raw\roboflow_school_fuhih\test\images\CarLongPlateGen907_jpg.rf.fde93320262fd2c34ed7dad0f78fad3b.jpg,warning,small_box,0,box area 0.3845% of the image is below the 0.50% threshold; plates this small are hard to learn
D:\DATN\datasets\raw\roboflow_school_fuhih\test\images\CarLongPlateGen927_jpg.rf.420ff3aaa68bf8f14af1734233b00272.jpg,warning,small_box,0,box area 0.3889% of the image is below the 0.50% threshold; plates this small are hard to learn
D:\DATN\datasets\raw\roboflow_school_fuhih\test\images\CarLongPlateGen938_jpg.rf.609152fd4e6774d983fd25daf63ad4a0.jpg,warning,small_box,0,box area 0.4263% of the image is below the 0.50% threshold; plates this small are hard to learn
D:\DATN\datasets\raw\roboflow_school_fuhih\test\images\CarLongPlateGen952_jpg.rf.1c89c5f5fadef115f013e6359eb1e5d2.jpg,warning,small_box,0,box area 0.3953% of the image is below the 0.50% threshold; plates this small are hard to learn
D:\DATN\datasets\raw\roboflow_school_fuhih\test\images\CarLongPlateGen954_jpg.rf.b2a0739d599dbe7c0e713b214de3f5e6.jpg,warning,small_box,0,box area 0.4285% of the image is below the 0.50% threshold; plates this small are hard to learn
D:\DATN\datasets\raw\roboflow_school_fuhih\test\images\CarLongPlateGen966_jpg.rf.85fde7acd343bddf6805921d2876f6a8.jpg,warning,small_box,0,box area 0.3154% of the image is below the 0.50% threshold; plates this small are hard to learn
D:\DATN\datasets\raw\roboflow_school_fuhih\test\images\CarLongPlateGen980_jpg.rf.697b8ef14d827c5a6012d4bfd1c31168.jpg,warning,small_box,0,box area 0.4883% of the image is below the 0.50% threshold; plates this small are hard to learn
D:\DATN\datasets\raw\roboflow_school_fuhih\test\images\CarLongPlateGen986_jpg.rf.e0dac8dd3a5e467bb6c01c376139a1c3.jpg,warning,small_box,0,box area 0.3726% of the image is below the 0.50% threshold; plates this small are hard to learn
D:\DATN\datasets\raw\roboflow_school_fuhih\test\images\CarLongPlateGen987_jpg.rf.cbce6699cddc4fda2c03787c50d1221b.jpg,warning,small_box,0,box area 0.3995% of the image is below the 0.50% threshold; plates this small are hard to learn
D:\DATN\datasets\raw\roboflow_school_fuhih\test\images\cropquandoi17_jpg.rf.a29f68c63f101256d42dd533f2c51fff.jpg,warning,small_box,0,box area 0.2175% of the image is below the 0.50% threshold; plates this small are hard to learn
D:\DATN\datasets\raw\roboflow_school_fuhih\test\images\cropquandoi37_jpg.rf.5401abcba3bfbd079242530936bb6955.jpg,warning,small_box,0,box area 0.3119% of the image is below the 0.50% threshold; plates this small are hard to learn
D:\DATN\datasets\raw\roboflow_school_fuhih\test\images\cropquandoi38_jpg.rf.5d610323001067907dbffccdc0dbf42d.jpg,warning,small_box,0,box area 0.1522% of the image is below the 0.50% threshold; plates this small are hard to learn
D:\DATN\datasets\raw\roboflow_school_fuhih\test\images\cropquandoi88_jpg.rf.ee597724baa6f3f829c0360af8253d04.jpg,warning,small_box,0,box area 0.2572% of the image is below the 0.50% threshold; plates this small are hard to learn
D:\DATN\datasets\raw\roboflow_school_fuhih\test\images\quandoi107_jpg.rf.44d479c4825289f12d1a9aab8487ab41.jpg,warning,small_box,0,box area 0.3076% of the image is below the 0.50% threshold; plates this small are hard to learn
D:\DATN\datasets\raw\roboflow_school_fuhih\test\images\quandoi107_jpg.rf.44d479c4825289f12d1a9aab8487ab41.jpg,warning,small_box,1,box area 0.0667% of the image is below the 0.50% threshold; plates this small are hard to learn
D:\DATN\datasets\raw\roboflow_school_fuhih\test\images\quandoi16_jpg.rf.de42625e2698648cd5c1fced03394dcb.jpg,warning,small_box,0,box area 0.2205% of the image is below the 0.50% threshold; plates this small are hard to learn
D:\DATN\datasets\raw\roboflow_school_fuhih\test\images\quandoi48_jpg.rf.04c22270e646ea1be3b8ed3460ad7984.jpg,warning,small_box,0,box area 0.3096% of the image is below the 0.50% threshold; plates this small are hard to learn
D:\DATN\datasets\raw\roboflow_school_fuhih\test\images\quandoi68_jpg.rf.101e391074446b0f32eae12c9c33ea45.jpg,warning,small_box,0,box area 0.2256% of the image is below the 0.50% threshold; plates this small are hard to learn
D:\DATN\datasets\raw\roboflow_school_fuhih\test\images\quandoi72_jpg.rf.d8671c04a5d253f2ea0f0670c7c0094b.jpg,warning,small_box,0,box area 0.4087% of the image is below the 0.50% threshold; plates this small are hard to learn
D:\DATN\datasets\raw\roboflow_school_fuhih\test\images\quandoi82_jpg.rf.bcea74b03550096c18702b7b9977b2d8.jpg,warning,small_box,0,box area 0.2914% of the image is below the 0.50% threshold; plates this small are hard to learn
D:\DATN\datasets\raw\roboflow_school_fuhih\test\images\rotatequandoi106_jpg.rf.f2997143f723a1d3b49c8aab4c1c9794.jpg,warning,small_box,0,box area 0.4832% of the image is below the 0.50% threshold; plates this small are hard to learn
D:\DATN\datasets\raw\roboflow_school_fuhih\test\images\rotatequandoi109_jpg.rf.0ba26bfc5e67c5ec90b99ea145b7264f.jpg,warning,small_box,0,box area 0.1936% of the image is below the 0.50% threshold; plates this small are hard to learn
D:\DATN\datasets\raw\roboflow_school_fuhih\test\images\rotatequandoi3_jpg.rf.72b01558184b891030c8ba257e29437f.jpg,warning,small_box,0,box area 0.2195% of the image is below the 0.50% threshold; plates this small are hard to learn
D:\DATN\datasets\raw\roboflow_school_fuhih\test\images\rotatequandoi3_jpg.rf.72b01558184b891030c8ba257e29437f.jpg,warning,small_box,1,box area 0.1572% of the image is below the 0.50% threshold; plates this small are hard to learn
D:\DATN\datasets\raw\roboflow_school_fuhih\test\images\rotatequandoi3_jpg.rf.72b01558184b891030c8ba257e29437f.jpg,warning,small_box,2,box area 0.1234% of the image is below the 0.50% threshold; plates this small are hard to learn
D:\DATN\datasets\raw\roboflow_school_fuhih\test\images\rotatequandoi3_jpg.rf.72b01558184b891030c8ba257e29437f.jpg,warning,small_box,3,box area 0.0508% of the image is below the 0.50% threshold; plates this small are hard to learn
D:\DATN\datasets\raw\roboflow_school_fuhih\test\images\rotatequandoi4_jpg.rf.697e76f110a633ba74184823a7c7227c.jpg,warning,small_box,0,box area 0.2867% of the image is below the 0.50% threshold; plates this small are hard to learn
D:\DATN\datasets\raw\roboflow_school_fuhih\test\images\rotatequandoi4_jpg.rf.697e76f110a633ba74184823a7c7227c.jpg,warning,small_box,1,box area 0.0423% of the image is below the 0.50% threshold; plates this small are hard to learn
D:\DATN\datasets\raw\roboflow_school_fuhih\test\images\rotatequandoi5_jpg.rf.55b86397f3cfbe3d59cd8fc9bd235bac.jpg,warning,small_box,0,box area 0.2017% of the image is below the 0.50% threshold; plates this small are hard to learn
D:\DATN\datasets\raw\roboflow_school_fuhih\test\images\rotatequandoi61_jpg.rf.6924aa2e7fa329070f1be54353bd0962.jpg,warning,small_box,0,box area 0.2227% of the image is below the 0.50% threshold; plates this small are hard to learn
D:\DATN\datasets\raw\roboflow_school_fuhih\test\images\rotatequandoi63_jpg.rf.f348c06b40bab8b2169e11da73452670.jpg,warning,small_box,0,box area 0.1289% of the image is below the 0.50% threshold; plates this small are hard to learn
D:\DATN\datasets\raw\roboflow_school_fuhih\test\images\rotatequandoi63_jpg.rf.f348c06b40bab8b2169e11da73452670.jpg,warning,small_box,1,box area 0.4189% of the image is below the 0.50% threshold; plates this small are hard to learn
D:\DATN\datasets\raw\roboflow_school_fuhih\test\images\rotatequandoi97_jpg.rf.9be02c7004552ae52be2739a4482f31f.jpg,warning,small_box,0,box area 0.3867% of the image is below the 0.50% threshold; plates this small are hard to learn
D:\DATN\datasets\raw\roboflow_school_fuhih\train\images\boderngoaigiao0_jpg.rf.33825ce4bab77ff15fcad28d6fc0425b.jpg,warning,small_box,0,box area 0.3052% of the image is below the 0.50% threshold; plates this small are hard to learn
D:\DATN\datasets\raw\roboflow_school_fuhih\train\images\boderngoaigiao10_jpg.rf.cffdb9c165c8d5968be6f6d541037585.jpg,warning,small_box,0,box area 0.1181% of the image is below the 0.50% threshold; plates this small are hard to learn
D:\DATN\datasets\raw\roboflow_school_fuhih\train\images\boderngoaigiao10_jpg.rf.cffdb9c165c8d5968be6f6d541037585.jpg,warning,small_box,1,box area 0.0363% of the image is below the 0.50% threshold; plates this small are hard to learn
D:\DATN\datasets\raw\roboflow_school_fuhih\train\images\boderngoaigiao12_jpg.rf.a9c9c71a1b40b6416b1448ad297f7201.jpg,warning,small_box,1,box area 0.0830% of the image is below the 0.50% threshold; plates this small are hard to learn
D:\DATN\datasets\raw\roboflow_school_fuhih\train\images\boderngoaigiao14_jpg.rf.038e441a75de6516027b2be47c2de0de.jpg,warning,small_box,0,box area 0.2897% of the image is below the 0.50% threshold; plates this small are hard to learn
D:\DATN\datasets\raw\roboflow_school_fuhih\train\images\boderngoaigiao15_jpg.rf.7595dbbb3762bb1e12a22c1ea265c4cb.jpg,warning,small_box,0,box area 0.2386% of the image is below the 0.50% threshold; plates this small are hard to learn
D:\DATN\datasets\raw\roboflow_school_fuhih\train\images\boderngoaigiao5_jpg.rf.37410fe581459ed72a68c0bc2becbde4.jpg,warning,small_box,0,box area 0.4285% of the image is below the 0.50% threshold; plates this small are hard to learn
D:\DATN\datasets\raw\roboflow_school_fuhih\train\images\boderngoaigiao7_jpg.rf.82a882e83986d2a39e2921b6c0d6c436.jpg,warning,small_box,0,box area 0.1929% of the image is below the 0.50% threshold; plates this small are hard to learn
D:\DATN\datasets\raw\roboflow_school_fuhih\train\images\boderngoaigiao7_jpg.rf.82a882e83986d2a39e2921b6c0d6c436.jpg,warning,small_box,1,box area 0.0961% of the image is below the 0.50% threshold; plates this small are hard to learn
D:\DATN\datasets\raw\roboflow_school_fuhih\train\images\boderngoaigiao8_jpg.rf.cc8b634c3fb49b4d2869472c30e27f82.jpg,warning,small_box,0,box area 0.3303% of the image is below the 0.50% threshold; plates this small are hard to learn
D:\DATN\datasets\raw\roboflow_school_fuhih\train\images\boderngoaigiao9_jpg.rf.35d0286eba8091a23eb77c80e06c11c2.jpg,warning,small_box,0,box area 0.3431% of the image is below the 0.50% threshold; plates this small are hard to learn
D:\DATN\datasets\raw\roboflow_school_fuhih\train\images\boderquandoi0_jpg.rf.d858d2b8f0060f54ed50341b08e329ec.jpg,warning,small_box,0,box area 0.1538% of the image is below the 0.50% threshold; plates this small are hard to learn
D:\DATN\datasets\raw\roboflow_school_fuhih\train\images\boderquandoi101_jpg.rf.7ad4729fe438750dcc5f51efc5047bff.jpg,warning,small_box,0,box area 0.1055% of the image is below the 0.50% threshold; plates this small are hard to learn
D:\DATN\datasets\raw\roboflow_school_fuhih\train\images\boderquandoi101_jpg.rf.7ad4729fe438750dcc5f51efc5047bff.jpg,warning,small_box,1,box area 0.0282% of the image is below the 0.50% threshold; plates this small are hard to learn
D:\DATN\datasets\raw\roboflow_school_fuhih\train\images\boderquandoi102_jpg.rf.1f8337091bdb9cff2683de116fdefd60.jpg,warning,small_box,0,box area 0.1309% of the image is below the 0.50% threshold; plates this small are hard to learn
D:\DATN\datasets\raw\roboflow_school_fuhih\train\images\boderquandoi103_jpg.rf.4f47a9dd438242d6b5ba0607ae480e3c.jpg,warning,small_box,0,box area 0.1719% of the image is below the 0.50% threshold; plates this small are hard to learn
D:\DATN\datasets\raw\roboflow_school_fuhih\train\images\boderquandoi104_jpg.rf.c6f6e9654be7e838436a890ac5bcc4f5.jpg,warning,small_box,0,box area 0.1914% of the image is below the 0.50% threshold; plates this small are hard to learn
D:\DATN\datasets\raw\roboflow_school_fuhih\train\images\boderquandoi105_jpg.rf.c9725e7074d33763c9b1124d0cd43fe5.jpg,warning,small_box,0,box area 0.0676% of the image is below the 0.50% threshold; plates this small are hard to learn
D:\DATN\datasets\raw\roboflow_school_fuhih\train\images\boderquandoi106_jpg.rf.1ad61eba3e0c1c2708778c98511a3648.jpg,warning,small_box,0,box area 0.1038% of the image is below the 0.50% threshold; plates this small are hard to learn
D:\DATN\datasets\raw\roboflow_school_fuhih\train\images\boderquandoi107_jpg.rf.db6b589077c4eb8b592cd7d25852e6f0.jpg,warning,small_box,0,box area 0.1201% of the image is below the 0.50% threshold; plates this small are hard to learn
D:\DATN\datasets\raw\roboflow_school_fuhih\train\images\boderquandoi108_jpg.rf.071cd35a408bad816c2d56a984a06c78.jpg,warning,small_box,0,box area 0.1685% of the image is below the 0.50% threshold; plates this small are hard to learn
D:\DATN\datasets\raw\roboflow_school_fuhih\train\images\boderquandoi109_jpg.rf.dab730e21a43e339f93586ba32b04ea7.jpg,warning,small_box,0,box area 0.0619% of the image is below the 0.50% threshold; plates this small are hard to learn
D:\DATN\datasets\raw\roboflow_school_fuhih\train\images\boderquandoi10_jpg.rf.226ef15c3eb71cf3ae0f51a929a0cfb4.jpg,warning,small_box,0,box area 0.1074% of the image is below the 0.50% threshold; plates this small are hard to learn
D:\DATN\datasets\raw\roboflow_school_fuhih\train\images\boderquandoi110_jpg.rf.c56f639566fff98884330483893ea91b.jpg,warning,small_box,0,box area 0.1948% of the image is below the 0.50% threshold; plates this small are hard to learn
D:\DATN\datasets\raw\roboflow_school_fuhih\train\images\boderquandoi13_jpg.rf.9dc7a9cbb1b099f7967992142945dccb.jpg,warning,small_box,0,box area 0.2142% of the image is below the 0.50% threshold; plates this small are hard to learn
D:\DATN\datasets\raw\roboflow_school_fuhih\train\images\boderquandoi14_jpg.rf.e31a47a054a16f1177ce51e2392f4a74.jpg,warning,small_box,0,box area 0.3611% of the image is below the 0.50% threshold; plates this small are hard to learn
D:\DATN\datasets\raw\roboflow_school_fuhih\train\images\boderquandoi17_jpg.rf.64aa6f80f05004a8fab776744b9f3ec6.jpg,warning,small_box,0,box area 0.0631% of the image is below the 0.50% threshold; plates this small are hard to learn
D:\DATN\datasets\raw\roboflow_school_fuhih\train\images\boderquandoi18_jpg.rf.9829811724f94f6ca97a33083ea1f179.jpg,warning,small_box,0,box area 0.2444% of the image is below the 0.50% threshold; plates this small are hard to learn
D:\DATN\datasets\raw\roboflow_school_fuhih\train\images\boderquandoi19_jpg.rf.08e31fecfeabd39152993297c6e977ae.jpg,warning,small_box,0,box area 0.1079% of the image is below the 0.50% threshold; plates this small are hard to learn
D:\DATN\datasets\raw\roboflow_school_fuhih\train\images\boderquandoi1_jpg.rf.0c8ed84a39449d7b8b360e4e0ae30789.jpg,warning,small_box,0,box area 0.0545% of the image is below the 0.50% threshold; plates this small are hard to learn
D:\DATN\datasets\raw\roboflow_school_fuhih\train\images\boderquandoi20_jpg.rf.7ef1e7efc54f451475b5351710a1f285.jpg,warning,small_box,0,box area 0.0743% of the image is below the 0.50% threshold; plates this small are hard to learn
D:\DATN\datasets\raw\roboflow_school_fuhih\train\images\boderquandoi22_jpg.rf.030ef58c53f37ee54382180e9c6ca67b.jpg,warning,small_box,0,box area 0.4067% of the image is below the 0.50% threshold; plates this small are hard to learn
D:\DATN\datasets\raw\roboflow_school_fuhih\train\images\boderquandoi24_jpg.rf.d15af24c2ecbc66f3b914ab012f3c224.jpg,warning,small_box,0,box area 0.2563% of the image is below the 0.50% threshold; plates this small are hard to learn
D:\DATN\datasets\raw\roboflow_school_fuhih\train\images\boderquandoi25_jpg.rf.ab4c648d1a2cdd637159cc39aed5b4ed.jpg,warning,small_box,0,box area 0.2454% of the image is below the 0.50% threshold; plates this small are hard to learn
D:\DATN\datasets\raw\roboflow_school_fuhih\train\images\boderquandoi25_jpg.rf.ab4c648d1a2cdd637159cc39aed5b4ed.jpg,warning,small_box,1,box area 0.0948% of the image is below the 0.50% threshold; plates this small are hard to learn
D:\DATN\datasets\raw\roboflow_school_fuhih\train\images\boderquandoi26_jpg.rf.8cf8bd0485563549cb06cb2fa4313567.jpg,warning,small_box,0,box area 0.2520% of the image is below the 0.50% threshold; plates this small are hard to learn
D:\DATN\datasets\raw\roboflow_school_fuhih\train\images\boderquandoi27_jpg.rf.dda669695f061173c4a84cab0c53cd39.jpg,warning,small_box,0,box area 0.1496% of the image is below the 0.50% threshold; plates this small are hard to learn
D:\DATN\datasets\raw\roboflow_school_fuhih\train\images\boderquandoi28_jpg.rf.a4fea5b7f56f9324e12c85d01e78bb16.jpg,warning,small_box,0,box area 0.2388% of the image is below the 0.50% threshold; plates this small are hard to learn
D:\DATN\datasets\raw\roboflow_school_fuhih\train\images\boderquandoi2_jpg.rf.97357befb6c4b9038bccbff1ff75ebf2.jpg,warning,small_box,0,box area 0.0718% of the image is below the 0.50% threshold; plates this small are hard to learn
D:\DATN\datasets\raw\roboflow_school_fuhih\train\images\boderquandoi30_jpg.rf.a6215c7f28f5f4af8c006865d00ec744.jpg,warning,small_box,0,box area 0.1752% of the image is below the 0.50% threshold; plates this small are hard to learn
D:\DATN\datasets\raw\roboflow_school_fuhih\train\images\boderquandoi32_jpg.rf.54530c0112200130876a4965b8abecbd.jpg,warning,small_box,0,box area 0.2390% of the image is below the 0.50% threshold; plates this small are hard to learn
D:\DATN\datasets\raw\roboflow_school_fuhih\train\images\boderquandoi34_jpg.rf.9b04127f55d37cb4628f1c3c88278ae4.jpg,warning,small_box,0,box area 0.0667% of the image is below the 0.50% threshold; plates this small are hard to learn
D:\DATN\datasets\raw\roboflow_school_fuhih\train\images\boderquandoi35_jpg.rf.0a6ee0cd2f73e66ddd174ae22f1ec837.jpg,warning,small_box,0,box area 0.0927% of the image is below the 0.50% threshold; plates this small are hard to learn
D:\DATN\datasets\raw\roboflow_school_fuhih\train\images\boderquandoi36_jpg.rf.8ccf777cb3f29f63d062494b840c1a92.jpg,warning,small_box,0,box area 0.1868% of the image is below the 0.50% threshold; plates this small are hard to learn
D:\DATN\datasets\raw\roboflow_school_fuhih\train\images\boderquandoi37_jpg.rf.8c79c7ad4735e51c1eb1517eb72dd539.jpg,warning,small_box,0,box area 0.0508% of the image is below the 0.50% threshold; plates this small are hard to learn
D:\DATN\datasets\raw\roboflow_school_fuhih\train\images\boderquandoi40_jpg.rf.f73be6636586c461ed9c682e4cabeee6.jpg,warning,small_box,0,box area 0.1365% of the image is below the 0.50% threshold; plates this small are hard to learn
D:\DATN\datasets\raw\roboflow_school_fuhih\train\images\boderquandoi40_jpg.rf.f73be6636586c461ed9c682e4cabeee6.jpg,warning,small_box,1,box area 0.0787% of the image is below the 0.50% threshold; plates this small are hard to learn
D:\DATN\datasets\raw\roboflow_school_fuhih\train\images\boderquandoi41_jpg.rf.b78554107c8fb27d8f7e6d715871d99c.jpg,warning,small_box,0,box area 0.1318% of the image is below the 0.50% threshold; plates this small are hard to learn
D:\DATN\datasets\raw\roboflow_school_fuhih\train\images\boderquandoi44_jpg.rf.3d37f0feca09b4c227398668c321ee2e.jpg,warning,small_box,0,box area 0.1196% of the image is below the 0.50% threshold; plates this small are hard to learn
D:\DATN\datasets\raw\roboflow_school_fuhih\train\images\boderquandoi44_jpg.rf.3d37f0feca09b4c227398668c321ee2e.jpg,warning,small_box,1,box area 0.2213% of the image is below the 0.50% threshold; plates this small are hard to learn
D:\DATN\datasets\raw\roboflow_school_fuhih\train\images\boderquandoi46_jpg.rf.cedaeb81bffaadd6fe3af6574e10dda5.jpg,warning,small_box,0,box area 0.1558% of the image is below the 0.50% threshold; plates this small are hard to learn
D:\DATN\datasets\raw\roboflow_school_fuhih\train\images\boderquandoi46_jpg.rf.cedaeb81bffaadd6fe3af6574e10dda5.jpg,warning,small_box,1,box area 0.0797% of the image is below the 0.50% threshold; plates this small are hard to learn
D:\DATN\datasets\raw\roboflow_school_fuhih\train\images\boderquandoi48_jpg.rf.450e3e662c554c09195d7b9b0a72211d.jpg,warning,small_box,0,box area 0.1282% of the image is below the 0.50% threshold; plates this small are hard to learn
D:\DATN\datasets\raw\roboflow_school_fuhih\train\images\boderquandoi51_jpg.rf.a7db321b3e18b022c5af03bfeb3917b2.jpg,warning,small_box,0,box area 0.2905% of the image is below the 0.50% threshold; plates this small are hard to learn
D:\DATN\datasets\raw\roboflow_school_fuhih\train\images\boderquandoi53_jpg.rf.a56d3193e2d5ab7b58b33bc634099b98.jpg,warning,small_box,0,box area 0.3809% of the image is below the 0.50% threshold; plates this small are hard to learn
D:\DATN\datasets\raw\roboflow_school_fuhih\train\images\boderquandoi57_jpg.rf.4e5e4e2842874232ff5712fd4443f466.jpg,warning,small_box,0,box area 0.1343% of the image is below the 0.50% threshold; plates this small are hard to learn
D:\DATN\datasets\raw\roboflow_school_fuhih\train\images\boderquandoi58_jpg.rf.3eef4483eb77faff46bb109adfd1a5be.jpg,warning,small_box,0,box area 0.1525% of the image is below the 0.50% threshold; plates this small are hard to learn
D:\DATN\datasets\raw\roboflow_school_fuhih\train\images\boderquandoi59_jpg.rf.f3fabcba473680079ba815ca337f0d61.jpg,warning,small_box,0,box area 0.1930% of the image is below the 0.50% threshold; plates this small are hard to learn
D:\DATN\datasets\raw\roboflow_school_fuhih\train\images\boderquandoi59_jpg.rf.f3fabcba473680079ba815ca337f0d61.jpg,warning,small_box,1,box area 0.0342% of the image is below the 0.50% threshold; plates this small are hard to learn
D:\DATN\datasets\raw\roboflow_school_fuhih\train\images\boderquandoi59_jpg.rf.f3fabcba473680079ba815ca337f0d61.jpg,warning,small_box,2,box area 0.1068% of the image is below the 0.50% threshold; plates this small are hard to learn
D:\DATN\datasets\raw\roboflow_school_fuhih\train\images\boderquandoi60_jpg.rf.614c50b14654d3656b5546c7a6c387ac.jpg,warning,small_box,0,box area 0.1802% of the image is below the 0.50% threshold; plates this small are hard to learn
D:\DATN\datasets\raw\roboflow_school_fuhih\train\images\boderquandoi62_jpg.rf.ff2748c13380f6adafc15762e11a3a5b.jpg,warning,small_box,0,box area 0.3650% of the image is below the 0.50% threshold; plates this small are hard to learn
D:\DATN\datasets\raw\roboflow_school_fuhih\train\images\boderquandoi63_jpg.rf.386645411d838b46c60730c55c689b6f.jpg,warning,small_box,0,box area 0.1151% of the image is below the 0.50% threshold; plates this small are hard to learn
D:\DATN\datasets\raw\roboflow_school_fuhih\train\images\boderquandoi64_jpg.rf.e8c0e0c71cd73abe421c198593e92db6.jpg,warning,small_box,0,box area 0.2344% of the image is below the 0.50% threshold; plates this small are hard to learn
D:\DATN\datasets\raw\roboflow_school_fuhih\train\images\boderquandoi67_jpg.rf.f96f55a9a8f5c46a97cb30137d5d7e1a.jpg,warning,small_box,0,box area 0.1890% of the image is below the 0.50% threshold; plates this small are hard to learn
D:\DATN\datasets\raw\roboflow_school_fuhih\train\images\boderquandoi68_jpg.rf.e6172f8b16dda4fc9a2b09ab969c45e3.jpg,warning,small_box,0,box area 0.0761% of the image is below the 0.50% threshold; plates this small are hard to learn
D:\DATN\datasets\raw\roboflow_school_fuhih\train\images\boderquandoi69_jpg.rf.531262f68dcf3cfa8bb4192d9aaffef2.jpg,warning,small_box,0,box area 0.2197% of the image is below the 0.50% threshold; plates this small are hard to learn
D:\DATN\datasets\raw\roboflow_school_fuhih\train\images\boderquandoi70_jpg.rf.eb999cafd6930ff41744008c5f6978fb.jpg,warning,small_box,0,box area 0.1239% of the image is below the 0.50% threshold; plates this small are hard to learn
D:\DATN\datasets\raw\roboflow_school_fuhih\train\images\boderquandoi72_jpg.rf.daa6ab6d701fa75301b8d0e2f707bf05.jpg,warning,small_box,0,box area 0.1799% of the image is below the 0.50% threshold; plates this small are hard to learn
D:\DATN\datasets\raw\roboflow_school_fuhih\train\images\boderquandoi73_jpg.rf.ff7e2f84d104e7e878fb3dea26f7d1a0.jpg,warning,small_box,0,box area 0.1746% of the image is below the 0.50% threshold; plates this small are hard to learn
D:\DATN\datasets\raw\roboflow_school_fuhih\train\images\boderquandoi77_jpg.rf.d0ca51caf567de744cf966d2d98d8fbd.jpg,warning,small_box,0,box area 0.1666% of the image is below the 0.50% threshold; plates this small are hard to learn
D:\DATN\datasets\raw\roboflow_school_fuhih\train\images\boderquandoi7_jpg.rf.9fd9bf78676e7de48659a7714e3bb075.jpg,warning,small_box,0,box area 0.1229% of the image is below the 0.50% threshold; plates this small are hard to learn
D:\DATN\datasets\raw\roboflow_school_fuhih\train\images\boderquandoi80_jpg.rf.5f150ecf08381cf5eefd9994a7025096.jpg,warning,small_box,0,box area 0.1294% of the image is below the 0.50% threshold; plates this small are hard to learn
D:\DATN\datasets\raw\roboflow_school_fuhih\train\images\boderquandoi82_jpg.rf.6b6800930aca666e63ba28d7091e15cc.jpg,warning,small_box,0,box area 0.1000% of the image is below the 0.50% threshold; plates this small are hard to learn
D:\DATN\datasets\raw\roboflow_school_fuhih\train\images\boderquandoi84_jpg.rf.564d0b9a2aaece1034b24015fa3eb2ac.jpg,warning,small_box,0,box area 0.1813% of the image is below the 0.50% threshold; plates this small are hard to learn
D:\DATN\datasets\raw\roboflow_school_fuhih\train\images\boderquandoi85_jpg.rf.bc9adf625179f6d9151d2f0e606b3fce.jpg,warning,small_box,0,box area 0.1050% of the image is below the 0.50% threshold; plates this small are hard to learn
D:\DATN\datasets\raw\roboflow_school_fuhih\train\images\boderquandoi86_jpg.rf.ef0e2720b4bf579b39862be78160372c.jpg,warning,small_box,0,box area 0.0836% of the image is below the 0.50% threshold; plates this small are hard to learn
D:\DATN\datasets\raw\roboflow_school_fuhih\train\images\boderquandoi86_jpg.rf.ef0e2720b4bf579b39862be78160372c.jpg,warning,small_box,1,box area 0.0743% of the image is below the 0.50% threshold; plates this small are hard to learn
D:\DATN\datasets\raw\roboflow_school_fuhih\train\images\boderquandoi86_jpg.rf.ef0e2720b4bf579b39862be78160372c.jpg,warning,small_box,2,box area 0.0598% of the image is below the 0.50% threshold; plates this small are hard to learn
D:\DATN\datasets\raw\roboflow_school_fuhih\train\images\boderquandoi87_jpg.rf.81838165cf20fe9eaf99f7fc1c794085.jpg,warning,small_box,0,box area 0.1392% of the image is below the 0.50% threshold; plates this small are hard to learn
D:\DATN\datasets\raw\roboflow_school_fuhih\train\images\boderquandoi88_jpg.rf.294c0188cf1b0c33b984b992263cde9c.jpg,warning,small_box,0,box area 0.1266% of the image is below the 0.50% threshold; plates this small are hard to learn
D:\DATN\datasets\raw\roboflow_school_fuhih\train\images\boderquandoi89_jpg.rf.b334dae5ece41137b5eede0f642f3823.jpg,warning,small_box,0,box area 0.3653% of the image is below the 0.50% threshold; plates this small are hard to learn
D:\DATN\datasets\raw\roboflow_school_fuhih\train\images\boderquandoi8_jpg.rf.c4b5e12f3de604b05f4ade042ffc5483.jpg,warning,small_box,0,box area 0.0353% of the image is below the 0.50% threshold; plates this small are hard to learn
D:\DATN\datasets\raw\roboflow_school_fuhih\train\images\boderquandoi90_jpg.rf.a9fa4ec68b8274cd3d31187f7c75923a.jpg,warning,small_box,0,box area 0.0593% of the image is below the 0.50% threshold; plates this small are hard to learn
D:\DATN\datasets\raw\roboflow_school_fuhih\train\images\boderquandoi91_jpg.rf.9f595e224a6ae3b50065bf56562ce73a.jpg,warning,small_box,0,box area 0.0778% of the image is below the 0.50% threshold; plates this small are hard to learn
D:\DATN\datasets\raw\roboflow_school_fuhih\train\images\boderquandoi92_jpg.rf.0c258965cb5047b47ab5739c4a0ee39c.jpg,warning,small_box,0,box area 0.0659% of the image is below the 0.50% threshold; plates this small are hard to learn
D:\DATN\datasets\raw\roboflow_school_fuhih\train\images\boderquandoi93_jpg.rf.55945a55660318e61446ea46b6d6b1cf.jpg,warning,small_box,0,box area 0.1377% of the image is below the 0.50% threshold; plates this small are hard to learn
D:\DATN\datasets\raw\roboflow_school_fuhih\train\images\boderquandoi94_jpg.rf.0c7842f02b397ec9a242b772be2736b5.jpg,warning,small_box,0,box area 0.0664% of the image is below the 0.50% threshold; plates this small are hard to learn
D:\DATN\datasets\raw\roboflow_school_fuhih\train\images\boderquandoi95_jpg.rf.1b1885f03523024056aac6ca84336a1e.jpg,warning,small_box,0,box area 0.1289% of the image is below the 0.50% threshold; plates this small are hard to learn
D:\DATN\datasets\raw\roboflow_school_fuhih\train\images\boderquandoi96_jpg.rf.9fecbc19a24452e542c004bfa765d07b.jpg,warning,small_box,0,box area 0.1368% of the image is below the 0.50% threshold; plates this small are hard to learn
D:\DATN\datasets\raw\roboflow_school_fuhih\train\images\boderquandoi96_jpg.rf.9fecbc19a24452e542c004bfa765d07b.jpg,warning,small_box,1,box area 0.0363% of the image is below the 0.50% threshold; plates this small are hard to learn
D:\DATN\datasets\raw\roboflow_school_fuhih\train\images\boderquandoi97_jpg.rf.2ee04f366f3f3c6f8aa90c33d41d7471.jpg,warning,small_box,0,box area 0.1370% of the image is below the 0.50% threshold; plates this small are hard to learn
D:\DATN\datasets\raw\roboflow_school_fuhih\train\images\boderquandoi99_jpg.rf.944b875a6f0346922026429a7805615c.jpg,warning,small_box,0,box area 0.1108% of the image is below the 0.50% threshold; plates this small are hard to learn
D:\DATN\datasets\raw\roboflow_school_fuhih\train\images\brightnessngoaigiao10_jpg.rf.58724643ed6a24fdd23243578593b294.jpg,warning,small_box,1,box area 0.2089% of the image is below the 0.50% threshold; plates this small are hard to learn
D:\DATN\datasets\raw\roboflow_school_fuhih\train\images\brightnessngoaigiao10_jpg.rf.58724643ed6a24fdd23243578593b294.jpg,warning,small_box,2,box area 0.2126% of the image is below the 0.50% threshold; plates this small are hard to learn
D:\DATN\datasets\raw\roboflow_school_fuhih\train\images\brightnessngoaigiao10_jpg.rf.58724643ed6a24fdd23243578593b294.jpg,warning,small_box,3,box area 0.1251% of the image is below the 0.50% threshold; plates this small are hard to learn
D:\DATN\datasets\raw\roboflow_school_fuhih\train\images\brightnessngoaigiao10_jpg.rf.58724643ed6a24fdd23243578593b294.jpg,warning,small_box,4,box area 0.0407% of the image is below the 0.50% threshold; plates this small are hard to learn
D:\DATN\datasets\raw\roboflow_school_fuhih\train\images\brightnessngoaigiao12_jpg.rf.dfd14d49bf6225ff6c238341f8eb7db9.jpg,warning,small_box,1,box area 0.1650% of the image is below the 0.50% threshold; plates this small are hard to learn
D:\DATN\datasets\raw\roboflow_school_fuhih\train\images\brightnessngoaigiao7_jpg.rf.4f81c2292955620aff044004c5a8b336.jpg,warning,small_box,0,box area 0.4724% of the image is below the 0.50% threshold; plates this small are hard to learn
D:\DATN\datasets\raw\roboflow_school_fuhih\train\images\brightnessngoaigiao7_jpg.rf.4f81c2292955620aff044004c5a8b336.jpg,warning,small_box,1,box area 0.3032% of the image is below the 0.50% threshold; plates this small are hard to learn
D:\DATN\datasets\raw\roboflow_school_fuhih\train\images\brightnessquandoi102_jpg.rf.6446db5dfaf47864a28baede7f20297c.jpg,warning,small_box,0,box area 0.3625% of the image is below the 0.50% threshold; plates this small are hard to learn
D:\DATN\datasets\raw\roboflow_school_fuhih\train\images\brightnessquandoi102_jpg.rf.6446db5dfaf47864a28baede7f20297c.jpg,warning,small_box,1,box area 0.0786% of the image is below the 0.50% threshold; plates this small are hard to learn
D:\DATN\datasets\raw\roboflow_school_fuhih\train\images\brightnessquandoi103_jpg.rf.6a04e4bcedd433ab44315a2f959ff37c.jpg,warning,small_box,0,box area 0.3594% of the image is below the 0.50% threshold; plates this small are hard to learn
D:\DATN\datasets\raw\roboflow_school_fuhih\train\images\brightnessquandoi105_jpg.rf.bf99cdf7b3f27b30a8a60b5d8ee17409.jpg,warning,small_box,0,box area 0.1587% of the image is below the 0.50% threshold; plates this small are hard to learn
D:\DATN\datasets\raw\roboflow_school_fuhih\train\images\brightnessquandoi106_jpg.rf.4539e090a30b67a75320c01c4b4cbdf0.jpg,warning,small_box,0,box area 0.3061% of the image is below the 0.50% threshold; plates this small are hard to learn
D:\DATN\datasets\raw\roboflow_school_fuhih\train\images\brightnessquandoi107_jpg.rf.c51e0ab4ac197b4261ff97737f4f5b36.jpg,warning,small_box,0,box area 0.2377% of the image is below the 0.50% threshold; plates this small are hard to learn
D:\DATN\datasets\raw\roboflow_school_fuhih\train\images\brightnessquandoi107_jpg.rf.c51e0ab4ac197b4261ff97737f4f5b36.jpg,warning,small_box,1,box area 0.0879% of the image is below the 0.50% threshold; plates this small are hard to learn
D:\DATN\datasets\raw\roboflow_school_fuhih\train\images\brightnessquandoi108_jpg.rf.57c8fe87dc091f5449f09c3ba8542474.jpg,warning,small_box,0,box area 0.2761% of the image is below the 0.50% threshold; plates this small are hard to learn
D:\DATN\datasets\raw\roboflow_school_fuhih\train\images\brightnessquandoi109_jpg.rf.cec57ea15006ac2c694d3590022d636e.jpg,warning,small_box,0,box area 0.1641% of the image is below the 0.50% threshold; plates this small are hard to learn
D:\DATN\datasets\raw\roboflow_school_fuhih\train\images\brightnessquandoi10_jpg.rf.4d0bca67e9de0033d886a726c00e4bc8.jpg,warning,small_box,0,box area 0.3514% of the image is below the 0.50% threshold; plates this small are hard to learn
D:\DATN\datasets\raw\roboflow_school_fuhih\train\images\brightnessquandoi11_jpg.rf.967048dcb487755e4455c5ae40f97a13.jpg,warning,small_box,0,box area 0.4548% of the image is below the 0.50% threshold; plates this small are hard to learn
D:\DATN\datasets\raw\roboflow_school_fuhih\train\images\brightnessquandoi15_jpg.rf.f41a98bc896c18772d5c67ec914dd9ec.jpg,warning,small_box,0,box area 0.3730% of the image is below the 0.50% threshold; plates this small are hard to learn
D:\DATN\datasets\raw\roboflow_school_fuhih\train\images\brightnessquandoi19_jpg.rf.315ce2a5c3e5f1ba75ae9ef13e2b16ba.jpg,warning,small_box,0,box area 0.4253% of the image is below the 0.50% threshold; plates this small are hard to learn
D:\DATN\datasets\raw\roboflow_school_fuhih\train\images\brightnessquandoi1_jpg.rf.f1671208d9a31d6b3d74628730bab42a.jpg,warning,small_box,0,box area 0.3711% of the image is below the 0.50% threshold; plates this small are hard to learn
D:\DATN\datasets\raw\roboflow_school_fuhih\train\images\brightnessquandoi20_jpg.rf.355372b5a75c216e8cba1fc0c5c75ffc.jpg,warning,small_box,0,box area 0.4042% of the image is below the 0.50% threshold; plates this small are hard to learn
D:\DATN\datasets\raw\roboflow_school_fuhih\train\images\brightnessquandoi2_jpg.rf.fc586abf8062ae9a127af357a883657b.jpg,warning,small_box,0,box area 0.2478% of the image is below the 0.50% threshold; plates this small are hard to learn
D:\DATN\datasets\raw\roboflow_school_fuhih\train\images\brightnessquandoi34_jpg.rf.e4f418714070c42df26308f894828652.jpg,warning,small_box,0,box area 0.2739% of the image is below the 0.50% threshold; plates this small are hard to learn
D:\DATN\datasets\raw\roboflow_school_fuhih\train\images\brightnessquandoi37_jpg.rf.f5bfa6e7b2a901a3bf0b883a04dc6098.jpg,warning,small_box,0,box area 0.2117% of the image is below the 0.50% threshold; plates this small are hard to learn
D:\DATN\datasets\raw\roboflow_school_fuhih\train\images\brightnessquandoi38_jpg.rf.b74a5551d786cd4acab03766c6366c5e.jpg,warning,small_box,0,box area 0.2655% of the image is below the 0.50% threshold; plates this small are hard to learn
D:\DATN\datasets\raw\roboflow_school_fuhih\train\images\brightnessquandoi39_jpg.rf.52a7fd785ee98a1ab388ab12483beb1a.jpg,warning,small_box,1,box area 0.2256% of the image is below the 0.50% threshold; plates this small are hard to learn
D:\DATN\datasets\raw\roboflow_school_fuhih\train\images\brightnessquandoi3_jpg.rf.348ad2cb7d82a9fdc63d7c1d7b8d7ca5.jpg,warning,small_box,0,box area 0.1270% of the image is below the 0.50% threshold; plates this small are hard to learn
D:\DATN\datasets\raw\roboflow_school_fuhih\train\images\brightnessquandoi3_jpg.rf.348ad2cb7d82a9fdc63d7c1d7b8d7ca5.jpg,warning,small_box,1,box area 0.1242% of the image is below the 0.50% threshold; plates this small are hard to learn
D:\DATN\datasets\raw\roboflow_school_fuhih\train\images\brightnessquandoi3_jpg.rf.348ad2cb7d82a9fdc63d7c1d7b8d7ca5.jpg,warning,small_box,2,box area 0.0598% of the image is below the 0.50% threshold; plates this small are hard to learn
D:\DATN\datasets\raw\roboflow_school_fuhih\train\images\brightnessquandoi3_jpg.rf.348ad2cb7d82a9fdc63d7c1d7b8d7ca5.jpg,warning,small_box,3,box area 0.0602% of the image is below the 0.50% threshold; plates this small are hard to learn
D:\DATN\datasets\raw\roboflow_school_fuhih\train\images\brightnessquandoi40_jpg.rf.4830b587d1405d9a3c1dd3ea0df66eb0.jpg,warning,small_box,0,box area 0.3320% of the image is below the 0.50% threshold; plates this small are hard to learn
D:\DATN\datasets\raw\roboflow_school_fuhih\train\images\brightnessquandoi40_jpg.rf.4830b587d1405d9a3c1dd3ea0df66eb0.jpg,warning,small_box,1,box area 0.1656% of the image is below the 0.50% threshold; plates this small are hard to learn
D:\DATN\datasets\raw\roboflow_school_fuhih\train\images\brightnessquandoi43_jpg.rf.848e7e7257ab9c52068543cd0438dd85.jpg,warning,small_box,1,box area 0.2461% of the image is below the 0.50% threshold; plates this small are hard to learn
D:\DATN\datasets\raw\roboflow_school_fuhih\train\images\brightnessquandoi46_jpg.rf.ec303cc1f19b18c4d2e10ed65a18f957.jpg,warning,small_box,1,box area 0.2384% of the image is below the 0.50% threshold; plates this small are hard to learn
D:\DATN\datasets\raw\roboflow_school_fuhih\train\images\brightnessquandoi47_jpg.rf.f11c2dc79df6d5bb5db08225c2c87695.jpg,warning,small_box,0,box area 0.4483% of the image is below the 0.50% threshold; plates this small are hard to learn
D:\DATN\datasets\raw\roboflow_school_fuhih\train\images\brightnessquandoi49_jpg.rf.7005a5528da0480a9e0d5728194040f2.jpg,warning,small_box,0,box area 0.3961% of the image is below the 0.50% threshold; plates this small are hard to learn
D:\DATN\datasets\raw\roboflow_school_fuhih\train\images\brightnessquandoi4_jpg.rf.5e37dbec8be937803c93cf9880c71566.jpg,warning,small_box,0,box area 0.2428% of the image is below the 0.50% threshold; plates this small are hard to learn
D:\DATN\datasets\raw\roboflow_school_fuhih\train\images\brightnessquandoi4_jpg.rf.5e37dbec8be937803c93cf9880c71566.jpg,warning,small_box,1,box area 0.0443% of the image is below the 0.50% threshold; plates this small are hard to learn
D:\DATN\datasets\raw\roboflow_school_fuhih\train\images\brightnessquandoi54_jpg.rf.c996ece0671feea93642bd7aae83f8f0.jpg,warning,small_box,0,box area 0.3021% of the image is below the 0.50% threshold; plates this small are hard to learn
D:\DATN\datasets\raw\roboflow_school_fuhih\train\images\brightnessquandoi57_jpg.rf.ff783f7fe57a526934f14a051cf7cbd0.jpg,warning,small_box,0,box area 0.2670% of the image is below the 0.50% threshold; plates this small are hard to learn
D:\DATN\datasets\raw\roboflow_school_fuhih\train\images\brightnessquandoi59_jpg.rf.c7336839a78749b1a193f991500e2f44.jpg,warning,small_box,0,box area 0.3438% of the image is below the 0.50% threshold; plates this small are hard to learn
D:\DATN\datasets\raw\roboflow_school_fuhih\train\images\brightnessquandoi59_jpg.rf.c7336839a78749b1a193f991500e2f44.jpg,warning,small_box,1,box area 0.0806% of the image is below the 0.50% threshold; plates this small are hard to learn
D:\DATN\datasets\raw\roboflow_school_fuhih\train\images\brightnessquandoi59_jpg.rf.c7336839a78749b1a193f991500e2f44.jpg,warning,small_box,2,box area 0.3652% of the image is below the 0.50% threshold; plates this small are hard to learn
D:\DATN\datasets\raw\roboflow_school_fuhih\train\images\brightnessquandoi61_jpg.rf.3836f2d8e223c20c9da9359c610232ac.jpg,warning,small_box,0,box area 0.2420% of the image is below the 0.50% threshold; plates this small are hard to learn
D:\DATN\datasets\raw\roboflow_school_fuhih\train\images\brightnessquandoi63_jpg.rf.74dd4b83d837e4f5c17a814ce403ea88.jpg,warning,small_box,0,box area 0.1245% of the image is below the 0.50% threshold; plates this small are hard to learn
D:\DATN\datasets\raw\roboflow_school_fuhih\train\images\brightnessquandoi65_jpg.rf.3b5baa4fcd15a472564e3ab8d0ea1352.jpg,warning,small_box,0,box area 0.3312% of the image is below the 0.50% threshold; plates this small are hard to learn
D:\DATN\datasets\raw\roboflow_school_fuhih\train\images\brightnessquandoi65_jpg.rf.3b5baa4fcd15a472564e3ab8d0ea1352.jpg,warning,small_box,1,box area 0.1619% of the image is below the 0.50% threshold; plates this small are hard to learn
D:\DATN\datasets\raw\roboflow_school_fuhih\train\images\brightnessquandoi68_jpg.rf.5d580bb23d3d5a904c2ce92f25d70189.jpg,warning,small_box,0,box area 0.2225% of the image is below the 0.50% threshold; plates this small are hard to learn
D:\DATN\datasets\raw\roboflow_school_fuhih\train\images\brightnessquandoi6_jpg.rf.f806e00788200108e631725b52a80031.jpg,warning,small_box,0,box area 0.1765% of the image is below the 0.50% threshold; plates this small are hard to learn
D:\DATN\datasets\raw\roboflow_school_fuhih\train\images\brightnessquandoi70_jpg.rf.a91144e171645dcce71689210c7cf12b.jpg,warning,small_box,0,box area 0.2252% of the image is below the 0.50% threshold; plates this small are hard to learn
D:\DATN\datasets\raw\roboflow_school_fuhih\train\images\brightnessquandoi79_jpg.rf.34d654f6945b7276588d95855e58a071.jpg,warning,small_box,0,box area 0.2734% of the image is below the 0.50% threshold; plates this small are hard to learn
D:\DATN\datasets\raw\roboflow_school_fuhih\train\images\brightnessquandoi80_jpg.rf.fc69c3a2f4d73faefd92109f15580b49.jpg,warning,small_box,0,box area 0.3965% of the image is below the 0.50% threshold; plates this small are hard to learn
D:\DATN\datasets\raw\roboflow_school_fuhih\train\images\brightnessquandoi81_jpg.rf.76ea4db60e7cf2cf78c83c58b0e277ad.jpg,warning,small_box,0,box area 0.1787% of the image is below the 0.50% threshold; plates this small are hard to learn
D:\DATN\datasets\raw\roboflow_school_fuhih\train\images\brightnessquandoi81_jpg.rf.76ea4db60e7cf2cf78c83c58b0e277ad.jpg,warning,small_box,1,box area 0.2460% of the image is below the 0.50% threshold; plates this small are hard to learn
D:\DATN\datasets\raw\roboflow_school_fuhih\train\images\brightnessquandoi81_jpg.rf.76ea4db60e7cf2cf78c83c58b0e277ad.jpg,warning,small_box,2,box area 0.1373% of the image is below the 0.50% threshold; plates this small are hard to learn
D:\DATN\datasets\raw\roboflow_school_fuhih\train\images\brightnessquandoi83_jpg.rf.5c0a2b60c52d280fbcbf3a6c967f2f11.jpg,warning,small_box,0,box area 0.2190% of the image is below the 0.50% threshold; plates this small are hard to learn
D:\DATN\datasets\raw\roboflow_school_fuhih\train\images\brightnessquandoi83_jpg.rf.5c0a2b60c52d280fbcbf3a6c967f2f11.jpg,warning,small_box,1,box area 0.1582% of the image is below the 0.50% threshold; plates this small are hard to learn
D:\DATN\datasets\raw\roboflow_school_fuhih\train\images\brightnessquandoi87_jpg.rf.857b504982f162e6e04eb6732f8aa7ab.jpg,warning,small_box,0,box area 0.4395% of the image is below the 0.50% threshold; plates this small are hard to learn
D:\DATN\datasets\raw\roboflow_school_fuhih\train\images\brightnessquandoi88_jpg.rf.783c40ee9ade07302924045d1e04933d.jpg,warning,small_box,0,box area 0.3156% of the image is below the 0.50% threshold; plates this small are hard to learn
D:\DATN\datasets\raw\roboflow_school_fuhih\train\images\brightnessquandoi8_jpg.rf.53290a13c712bc4eebcce2ece5321c61.jpg,warning,small_box,0,box area 0.1805% of the image is below the 0.50% threshold; plates this small are hard to learn
D:\DATN\datasets\raw\roboflow_school_fuhih\train\images\brightnessquandoi91_jpg.rf.71da175c0b2a80398216fb34189f1dcb.jpg,warning,small_box,0,box area 0.1974% of the image is below the 0.50% threshold; plates this small are hard to learn
D:\DATN\datasets\raw\roboflow_school_fuhih\train\images\brightnessquandoi91_jpg.rf.71da175c0b2a80398216fb34189f1dcb.jpg,warning,small_box,1,box area 0.0714% of the image is below the 0.50% threshold; plates this small are hard to learn
D:\DATN\datasets\raw\roboflow_school_fuhih\train\images\brightnessquandoi91_jpg.rf.71da175c0b2a80398216fb34189f1dcb.jpg,warning,small_box,2,box area 0.0403% of the image is below the 0.50% threshold; plates this small are hard to learn
D:\DATN\datasets\raw\roboflow_school_fuhih\train\images\brightnessquandoi91_jpg.rf.71da175c0b2a80398216fb34189f1dcb.jpg,warning,small_box,3,box area 0.0590% of the image is below the 0.50% threshold; plates this small are hard to learn
D:\DATN\datasets\raw\roboflow_school_fuhih\train\images\brightnessquandoi91_jpg.rf.71da175c0b2a80398216fb34189f1dcb.jpg,warning,small_box,4,box area 0.0430% of the image is below the 0.50% threshold; plates this small are hard to learn
D:\DATN\datasets\raw\roboflow_school_fuhih\train\images\brightnessquandoi93_jpg.rf.a907cc63a13eeb71088b535368819e1e.jpg,warning,small_box,0,box area 0.1392% of the image is below the 0.50% threshold; plates this small are hard to learn
D:\DATN\datasets\raw\roboflow_school_fuhih\train\images\brightnessquandoi93_jpg.rf.a907cc63a13eeb71088b535368819e1e.jpg,warning,small_box,1,box area 0.0662% of the image is below the 0.50% threshold; plates this small are hard to learn
D:\DATN\datasets\raw\roboflow_school_fuhih\train\images\brightnessquandoi93_jpg.rf.a907cc63a13eeb71088b535368819e1e.jpg,warning,small_box,2,box area 0.0580% of the image is below the 0.50% threshold; plates this small are hard to learn
D:\DATN\datasets\raw\roboflow_school_fuhih\train\images\brightnessquandoi93_jpg.rf.a907cc63a13eeb71088b535368819e1e.jpg,warning,small_box,3,box area 0.0461% of the image is below the 0.50% threshold; plates this small are hard to learn
D:\DATN\datasets\raw\roboflow_school_fuhih\train\images\brightnessquandoi93_jpg.rf.a907cc63a13eeb71088b535368819e1e.jpg,warning,small_box,4,box area 0.0984% of the image is below the 0.50% threshold; plates this small are hard to learn
D:\DATN\datasets\raw\roboflow_school_fuhih\train\images\brightnessquandoi93_jpg.rf.a907cc63a13eeb71088b535368819e1e.jpg,warning,small_box,5,box area 0.0851% of the image is below the 0.50% threshold; plates this small are hard to learn
D:\DATN\datasets\raw\roboflow_school_fuhih\train\images\brightnessquandoi94_jpg.rf.ac5acae9bf7525d73fc5dc68e461b2f2.jpg,warning,small_box,0,box area 0.2372% of the image is below the 0.50% threshold; plates this small are hard to learn
D:\DATN\datasets\raw\roboflow_school_fuhih\train\images\brightnessquandoi94_jpg.rf.ac5acae9bf7525d73fc5dc68e461b2f2.jpg,warning,small_box,1,box area 0.0396% of the image is below the 0.50% threshold; plates this small are hard to learn
D:\DATN\datasets\raw\roboflow_school_fuhih\train\images\brightnessquandoi95_jpg.rf.522c18d4daa78b6fd6cd9623e85d333d.jpg,warning,small_box,0,box area 0.4248% of the image is below the 0.50% threshold; plates this small are hard to learn
D:\DATN\datasets\raw\roboflow_school_fuhih\train\images\brightnessquandoi96_jpg.rf.1fdd124fc70e8b516828a0c40ce558f0.jpg,warning,small_box,0,box area 0.3040% of the image is below the 0.50% threshold; plates this small are hard to learn
D:\DATN\datasets\raw\roboflow_school_fuhih\train\images\brightnessquandoi96_jpg.rf.1fdd124fc70e8b516828a0c40ce558f0.jpg,warning,small_box,1,box area 0.0793% of the image is below the 0.50% threshold; plates this small are hard to learn
D:\DATN\datasets\raw\roboflow_school_fuhih\train\images\brightnessquandoi97_jpg.rf.4cf93b320a3a07389e5f10385f6a7ce5.jpg,warning,small_box,0,box area 0.2034% of the image is below the 0.50% threshold; plates this small are hard to learn
D:\DATN\datasets\raw\roboflow_school_fuhih\train\images\brightnessquandoi98_jpg.rf.c8fb9f04f03e339cf309df58f60cda6e.jpg,warning,small_box,0,box area 0.2802% of the image is below the 0.50% threshold; plates this small are hard to learn
D:\DATN\datasets\raw\roboflow_school_fuhih\train\images\brightnessquandoi99_jpg.rf.b7256ab76fc4aa5f7cf1d557cfbf7d6d.jpg,warning,small_box,0,box area 0.2871% of the image is below the 0.50% threshold; plates this small are hard to learn
D:\DATN\datasets\raw\roboflow_school_fuhih\train\images\CarLongPlateGen0_jpg.rf.30b25d14fe9798993b0a16099639b648.jpg,warning,small_box,0,box area 0.3650% of the image is below the 0.50% threshold; plates this small are hard to learn
D:\DATN\datasets\raw\roboflow_school_fuhih\train\images\CarLongPlateGen100_jpg.rf.655b09c794ce90677dc90dd347c22a3d.jpg,warning,small_box,0,box area 0.2319% of the image is below the 0.50% threshold; plates this small are hard to learn
D:\DATN\datasets\raw\roboflow_school_fuhih\train\images\CarLongPlateGen101_jpg.rf.bf3628f7b78465852f211b17c20b2876.jpg,warning,small_box,0,box area 0.4897% of the image is below the 0.50% threshold; plates this small are hard to learn
D:\DATN\datasets\raw\roboflow_school_fuhih\train\images\CarLongPlateGen102_jpg.rf.9d36b6529abcae3b66c4e4291515e63a.jpg,warning,small_box,0,box area 0.4153% of the image is below the 0.50% threshold; plates this small are hard to learn
D:\DATN\datasets\raw\roboflow_school_fuhih\train\images\CarLongPlateGen103_jpg.rf.7c25cf79f5d1ec5a3cbdd4eb3d1dfe94.jpg,warning,small_box,0,box area 0.2808% of the image is below the 0.50% threshold; plates this small are hard to learn
D:\DATN\datasets\raw\roboflow_school_fuhih\train\images\CarLongPlateGen108_jpg.rf.f26a81fe377b3f8269845f1bf45f1049.jpg,warning,small_box,0,box area 0.4263% of the image is below the 0.50% threshold; plates this small are hard to learn
D:\DATN\datasets\raw\roboflow_school_fuhih\train\images\CarLongPlateGen10_jpg.rf.8a6426f15aedb68934c03ea8d7dfa2e5.jpg,warning,small_box,0,box area 0.3549% of the image is below the 0.50% threshold; plates this small are hard to learn
D:\DATN\datasets\raw\roboflow_school_fuhih\train\images\CarLongPlateGen110_jpg.rf.d995977f178c518c90901d9f20b92f05.jpg,warning,small_box,0,box area 0.3549% of the image is below the 0.50% threshold; plates this small are hard to learn
D:\DATN\datasets\raw\roboflow_school_fuhih\train\images\CarLongPlateGen111_jpg.rf.4c9415425415e36142468293ff0eda21.jpg,warning,small_box,0,box area 0.2076% of the image is below the 0.50% threshold; plates this small are hard to learn
D:\DATN\datasets\raw\roboflow_school_fuhih\train\images\CarLongPlateGen112_jpg.rf.5673822ac1db8ff630228623af30a923.jpg,warning,small_box,0,box area 0.4969% of the image is below the 0.50% threshold; plates this small are hard to learn
D:\DATN\datasets\raw\roboflow_school_fuhih\train\images\CarLongPlateGen113_jpg.rf.c3c7e252187a1473786e3909c1195a82.jpg,warning,small_box,0,box area 0.2640% of the image is below the 0.50% threshold; plates this small are hard to learn
D:\DATN\datasets\raw\roboflow_school_fuhih\train\images\CarLongPlateGen116_jpg.rf.ad83179699ff2cbb5b96f70a723e690c.jpg,warning,small_box,0,box area 0.3995% of the image is below the 0.50% threshold; plates this small are hard to learn
D:\DATN\datasets\raw\roboflow_school_fuhih\train\images\CarLongPlateGen120_jpg.rf.4fa5c17f9f7273c3199dcee66743e33d.jpg,warning,small_box,0,box area 0.2808% of the image is below the 0.50% threshold; plates this small are hard to learn
D:\DATN\datasets\raw\roboflow_school_fuhih\train\images\CarLongPlateGen121_jpg.rf.cb12d84860b1db12dce3b2c725b41771.jpg,warning,small_box,0,box area 0.2505% of the image is below the 0.50% threshold; plates this small are hard to learn
D:\DATN\datasets\raw\roboflow_school_fuhih\train\images\CarLongPlateGen123_jpg.rf.228ce48edebdd62d2f928967a3413be1.jpg,warning,small_box,0,box area 0.3113% of the image is below the 0.50% threshold; plates this small are hard to learn
D:\DATN\datasets\raw\roboflow_school_fuhih\train\images\CarLongPlateGen127_jpg.rf.b4887059754a6cf24bf069b181ac5fc2.jpg,warning,small_box,0,box area 0.3953% of the image is below the 0.50% threshold; plates this small are hard to learn
D:\DATN\datasets\raw\roboflow_school_fuhih\train\images\CarLongPlateGen128_jpg.rf.2136e93211489eee5f41ec8d7fa646bb.jpg,warning,small_box,0,box area 0.4999% of the image is below the 0.50% threshold; plates this small are hard to learn
D:\DATN\datasets\raw\roboflow_school_fuhih\train\images\CarLongPlateGen129_jpg.rf.ce0da51aed7f37da2126c99b04878114.jpg,warning,small_box,0,box area 0.3455% of the image is below the 0.50% threshold; plates this small are hard to learn
D:\DATN\datasets\raw\roboflow_school_fuhih\train\images\CarLongPlateGen130_jpg.rf.8f55063c082d3a7009c87a28908072ee.jpg,warning,small_box,0,box area 0.4576% of the image is below the 0.50% threshold; plates this small are hard to learn
D:\DATN\datasets\raw\roboflow_school_fuhih\train\images\CarLongPlateGen132_jpg.rf.2dc18a98d1f836f4dae888e08daff72c.jpg,warning,small_box,0,box area 0.3113% of the image is below the 0.50% threshold; plates this small are hard to learn
D:\DATN\datasets\raw\roboflow_school_fuhih\train\images\CarLongPlateGen135_jpg.rf.0e85428d8380bcb18b0486b108a17405.jpg,warning,small_box,0,box area 0.3425% of the image is below the 0.50% threshold; plates this small are hard to learn
D:\DATN\datasets\raw\roboflow_school_fuhih\train\images\CarLongPlateGen136_jpg.rf.169062caef5db37031217ec1c4751dc0.jpg,warning,small_box,0,box area 0.4233% of the image is below the 0.50% threshold; plates this small are hard to learn
D:\DATN\datasets\raw\roboflow_school_fuhih\train\images\CarLongPlateGen138_jpg.rf.fdcfdb631f575c0928231f0e13969ed5.jpg,warning,small_box,0,box area 0.4999% of the image is below the 0.50% threshold; plates this small are hard to learn
D:\DATN\datasets\raw\roboflow_school_fuhih\train\images\CarLongPlateGen139_jpg.rf.aea87b83280c7c3abf0f99bc6aa9d8a3.jpg,warning,small_box,0,box area 0.3953% of the image is below the 0.50% threshold; plates this small are hard to learn
D:\DATN\datasets\raw\roboflow_school_fuhih\train\images\CarLongPlateGen140_jpg.rf.28b242c23e1dc83f7898a32de8886600.jpg,warning,small_box,0,box area 0.4233% of the image is below the 0.50% threshold; plates this small are hard to learn
D:\DATN\datasets\raw\roboflow_school_fuhih\train\images\CarLongPlateGen141_jpg.rf.9c3c4edf7f9bcca76ae5dcfdca6851e1.jpg,warning,small_box,0,box area 0.4275% of the image is below the 0.50% threshold; plates this small are hard to learn
D:\DATN\datasets\raw\roboflow_school_fuhih\train\images\CarLongPlateGen143_jpg.rf.4218f70d57780ffb92b158466c371c07.jpg,warning,small_box,0,box area 0.3015% of the image is below the 0.50% threshold; plates this small are hard to learn
D:\DATN\datasets\raw\roboflow_school_fuhih\train\images\CarLongPlateGen144_jpg.rf.beb7cf67fd58eb86ec2d38203161adef.jpg,warning,small_box,0,box area 0.3995% of the image is below the 0.50% threshold; plates this small are hard to learn
D:\DATN\datasets\raw\roboflow_school_fuhih\train\images\CarLongPlateGen145_jpg.rf.598c39bd9355f97c528afaf4cceea597.jpg,warning,small_box,0,box area 0.3566% of the image is below the 0.50% threshold; plates this small are hard to learn
D:\DATN\datasets\raw\roboflow_school_fuhih\train\images\CarLongPlateGen146_jpg.rf.7f090a0c6893b1517417309298756552.jpg,warning,small_box,0,box area 0.4393% of the image is below the 0.50% threshold; plates this small are hard to learn
D:\DATN\datasets\raw\roboflow_school_fuhih\train\images\CarLongPlateGen147_jpg.rf.83dde03a492a3d86e2d9991ce59631a6.jpg,warning,small_box,0,box area 0.4499% of the image is below the 0.50% threshold; plates this small are hard to learn
D:\DATN\datasets\raw\roboflow_school_fuhih\train\images\CarLongPlateGen151_jpg.rf.50d8db273c0ae51266194fbc0fdbd0da.jpg,warning,small_box,0,box area 0.3798% of the image is below the 0.50% threshold; plates this small are hard to learn
D:\DATN\datasets\raw\roboflow_school_fuhih\train\images\CarLongPlateGen152_jpg.rf.d8c82009ffa3482301eaba3a46b058b3.jpg,warning,small_box,0,box area 0.3116% of the image is below the 0.50% threshold; plates this small are hard to learn
D:\DATN\datasets\raw\roboflow_school_fuhih\train\images\CarLongPlateGen154_jpg.rf.abb6ce1e391f2e0b05c33afed54dd23c.jpg,warning,small_box,0,box area 0.3300% of the image is below the 0.50% threshold; plates this small are hard to learn
D:\DATN\datasets\raw\roboflow_school_fuhih\train\images\CarLongPlateGen155_jpg.rf.a5ef788c012c671bf0be24e9092aefb7.jpg,warning,small_box,0,box area 0.3455% of the image is below the 0.50% threshold; plates this small are hard to learn
D:\DATN\datasets\raw\roboflow_school_fuhih\train\images\CarLongPlateGen157_jpg.rf.21770f561ee06a25a5ce352835864c8a.jpg,warning,small_box,0,box area 0.4036% of the image is below the 0.50% threshold; plates this small are hard to learn
D:\DATN\datasets\raw\roboflow_school_fuhih\train\images\CarLongPlateGen158_jpg.rf.a104db82f160b1858f6f9132059607ba.jpg,warning,small_box,0,box area 0.2899% of the image is below the 0.50% threshold; plates this small are hard to learn
D:\DATN\datasets\raw\roboflow_school_fuhih\train\images\CarLongPlateGen159_jpg.rf.42f7c545152c498e119be12c12fa6b58.jpg,warning,small_box,0,box area 0.2899% of the image is below the 0.50% threshold; plates this small are hard to learn
D:\DATN\datasets\raw\roboflow_school_fuhih\train\images\CarLongPlateGen15_jpg.rf.72eccafdf4e7a318a82d9930d8386f81.jpg,warning,small_box,0,box area 0.4999% of the image is below the 0.50% threshold; plates this small are hard to learn
D:\DATN\datasets\raw\roboflow_school_fuhih\train\images\CarLongPlateGen160_jpg.rf.fa0709072a2a505cf19ee5bbb1ca89cb.jpg,warning,small_box,0,box area 0.4140% of the image is below the 0.50% threshold; plates this small are hard to learn
D:\DATN\datasets\raw\roboflow_school_fuhih\train\images\CarLongPlateGen161_jpg.rf.c2af7582be64c68b56d5c26061d08d81.jpg,warning,small_box,0,box area 0.3734% of the image is below the 0.50% threshold; plates this small are hard to learn
D:\DATN\datasets\raw\roboflow_school_fuhih\train\images\CarLongPlateGen163_jpg.rf.0afa14b6ac65d0f007f0d80da06315d2.jpg,warning,small_box,0,box area 0.4834% of the image is below the 0.50% threshold; plates this small are hard to learn
D:\DATN\datasets\raw\roboflow_school_fuhih\train\images\CarLongPlateGen16_jpg.rf.3c82fca30ebd3f8cd9a4149aae141d4a.jpg,warning,small_box,0,box area 0.3642% of the image is below the 0.50% threshold; plates this small are hard to learn
D:\DATN\datasets\raw\roboflow_school_fuhih\train\images\CarLongPlateGen171_jpg.rf.6030a96d7e0c5222ee5d9a6f4fa35a83.jpg,warning,small_box,0,box area 0.4885% of the image is below the 0.50% threshold; plates this small are hard to learn
D:\DATN\datasets\raw\roboflow_school_fuhih\train\images\CarLongPlateGen173_jpg.rf.bd29bcc47590a6612cc18a5c61dad124.jpg,warning,small_box,0,box area 0.3204% of the image is below the 0.50% threshold; plates this small are hard to learn
D:\DATN\datasets\raw\roboflow_school_fuhih\train\images\CarLongPlateGen176_jpg.rf.54cdc8f081ac8e5ea4ea7f83e5a7afef.jpg,warning,small_box,0,box area 0.4681% of the image is below the 0.50% threshold; plates this small are hard to learn
D:\DATN\datasets\raw\roboflow_school_fuhih\train\images\CarLongPlateGen177_jpg.rf.956a50395e975e16f3ebbc23eb105558.jpg,warning,small_box,0,box area 0.4789% of the image is below the 0.50% threshold; plates this small are hard to learn
D:\DATN\datasets\raw\roboflow_school_fuhih\train\images\CarLongPlateGen178_jpg.rf.667446f07c7a726a3e49dfe8c454aea4.jpg,warning,small_box,0,box area 0.3201% of the image is below the 0.50% threshold; plates this small are hard to learn
D:\DATN\datasets\raw\roboflow_school_fuhih\train\images\CarLongPlateGen180_jpg.rf.91aae47e55fcacc4814e865472e6199d.jpg,warning,small_box,0,box area 0.4789% of the image is below the 0.50% threshold; plates this small are hard to learn
D:\DATN\datasets\raw\roboflow_school_fuhih\train\images\CarLongPlateGen182_jpg.rf.0ee045647602efa9c8ec8a42e8192470.jpg,warning,small_box,0,box area 0.4633% of the image is below the 0.50% threshold; plates this small are hard to learn
D:\DATN\datasets\raw\roboflow_school_fuhih\train\images\CarLongPlateGen183_jpg.rf.ec1075700176e4186b201f6a17e64f03.jpg,warning,small_box,0,box area 0.3889% of the image is below the 0.50% threshold; plates this small are hard to learn
D:\DATN\datasets\raw\roboflow_school_fuhih\train\images\CarLongPlateGen184_jpg.rf.2c32c3abe410f2e438b914561ab06542.jpg,warning,small_box,0,box area 0.3201% of the image is below the 0.50% threshold; plates this small are hard to learn
D:\DATN\datasets\raw\roboflow_school_fuhih\train\images\CarLongPlateGen185_jpg.rf.a3c94b598aceb5d1068bdd6780c8f83a.jpg,warning,small_box,0,box area 0.3704% of the image is below the 0.50% threshold; plates this small are hard to learn
D:\DATN\datasets\raw\roboflow_school_fuhih\train\images\CarLongPlateGen187_jpg.rf.d02464465422a117d758a6e8b2f767e4.jpg,warning,small_box,0,box area 0.3154% of the image is below the 0.50% threshold; plates this small are hard to learn
D:\DATN\datasets\raw\roboflow_school_fuhih\train\images\CarLongPlateGen188_jpg.rf.2fd65a09f6ba10fe812ee529ea202823.jpg,warning,small_box,0,box area 0.2717% of the image is below the 0.50% threshold; plates this small are hard to learn
D:\DATN\datasets\raw\roboflow_school_fuhih\train\images\CarLongPlateGen18_jpg.rf.f6770df5678610586a33743dfcc9714f.jpg,warning,small_box,0,box area 0.3953% of the image is below the 0.50% threshold; plates this small are hard to learn
D:\DATN\datasets\raw\roboflow_school_fuhih\train\images\CarLongPlateGen190_jpg.rf.38e2be4613300237e40b00891b3d6ffd.jpg,warning,small_box,0,box area 0.2563% of the image is below the 0.50% threshold; plates this small are hard to learn
D:\DATN\datasets\raw\roboflow_school_fuhih\train\images\CarLongPlateGen192_jpg.rf.1041e7b1d3b822ddb1a125e16e0a32d6.jpg,warning,small_box,0,box area 0.3625% of the image is below the 0.50% threshold; plates this small are hard to learn
D:\DATN\datasets\raw\roboflow_school_fuhih\train\images\CarLongPlateGen193_jpg.rf.9084dffb62e9360f469d85575441dceb.jpg,warning,small_box,0,box area 0.2957% of the image is below the 0.50% threshold; plates this small are hard to learn
D:\DATN\datasets\raw\roboflow_school_fuhih\train\images\CarLongPlateGen195_jpg.rf.d15b001a969157546db0d616b714ee08.jpg,warning,small_box,0,box area 0.3650% of the image is below the 0.50% threshold; plates this small are hard to learn
D:\DATN\datasets\raw\roboflow_school_fuhih\train\images\CarLongPlateGen197_jpg.rf.479a715101531f6c1ec8aea73306c9bd.jpg,warning,small_box,0,box area 0.2892% of the image is below the 0.50% threshold; plates this small are hard to learn
D:\DATN\datasets\raw\roboflow_school_fuhih\train\images\CarLongPlateGen198_jpg.rf.bddd37e0b7ee35e532520a5b28e16cc3.jpg,warning,small_box,0,box area 0.4095% of the image is below the 0.50% threshold; plates this small are hard to learn
D:\DATN\datasets\raw\roboflow_school_fuhih\train\images\CarLongPlateGen199_jpg.rf.d5056b35f43684e35aa63e813d9c754c.jpg,warning,small_box,0,box area 0.4681% of the image is below the 0.50% threshold; plates this small are hard to learn
D:\DATN\datasets\raw\roboflow_school_fuhih\train\images\CarLongPlateGen1_jpg.rf.6bee30ac2a9b1af2301d075d8d78b1e5.jpg,warning,small_box,0,box area 0.2769% of the image is below the 0.50% threshold; plates this small are hard to learn
D:\DATN\datasets\raw\roboflow_school_fuhih\train\images\CarLongPlateGen202_jpg.rf.e95a3fd7cabfc60662a96ca78affc2cb.jpg,warning,small_box,0,box area 0.4233% of the image is below the 0.50% threshold; plates this small are hard to learn
D:\DATN\datasets\raw\roboflow_school_fuhih\train\images\CarLongPlateGen204_jpg.rf.200361f8b810d6654b8d3d069e2680ee.jpg,warning,small_box,0,box area 0.4856% of the image is below the 0.50% threshold; plates this small are hard to learn
D:\DATN\datasets\raw\roboflow_school_fuhih\train\images\CarLongPlateGen205_jpg.rf.d2fe060060144126a57de851f1ab32ec.jpg,warning,small_box,0,box area 0.4408% of the image is below the 0.50% threshold; plates this small are hard to learn
D:\DATN\datasets\raw\roboflow_school_fuhih\train\images\CarLongPlateGen206_jpg.rf.2260d235e6b693c798e7b67b84c8c4be.jpg,warning,small_box,0,box area 0.3798% of the image is below the 0.50% threshold; plates this small are hard to learn
D:\DATN\datasets\raw\roboflow_school_fuhih\train\images\CarLongPlateGen208_jpg.rf.f14dd3747ff55abade0a5eb75c7df99b.jpg,warning,small_box,0,box area 0.3486% of the image is below the 0.50% threshold; plates this small are hard to learn
D:\DATN\datasets\raw\roboflow_school_fuhih\train\images\CarLongPlateGen210_jpg.rf.a9ec5f50070fa04750ca498a80fb99e8.jpg,warning,small_box,0,box area 0.3995% of the image is below the 0.50% threshold; plates this small are hard to learn
D:\DATN\datasets\raw\roboflow_school_fuhih\train\images\CarLongPlateGen211_jpg.rf.523ce95fd26dce253a3ec2f3b8a1fbe5.jpg,warning,small_box,0,box area 0.4025% of the image is below the 0.50% threshold; plates this small are hard to learn
D:\DATN\datasets\raw\roboflow_school_fuhih\train\images\CarLongPlateGen212_jpg.rf.e844a5d1bace97a4366654f6fa5544b2.jpg,warning,small_box,0,box area 0.3116% of the image is below the 0.50% threshold; plates this small are hard to learn
D:\DATN\datasets\raw\roboflow_school_fuhih\train\images\CarLongPlateGen213_jpg.rf.1c87fef23b107856f766d878b90509f6.jpg,warning,small_box,0,box area 0.3558% of the image is below the 0.50% threshold; plates this small are hard to learn
D:\DATN\datasets\raw\roboflow_school_fuhih\train\images\CarLongPlateGen214_jpg.rf.a50275bd27d3707c361eeb00174ce08e.jpg,warning,small_box,0,box area 0.3959% of the image is below the 0.50% threshold; plates this small are hard to learn
D:\DATN\datasets\raw\roboflow_school_fuhih\train\images\CarLongPlateGen217_jpg.rf.69c50847d26a3a6ef49ba3ff6f87e1ed.jpg,warning,small_box,0,box area 0.3726% of the image is below the 0.50% threshold; plates this small are hard to learn
D:\DATN\datasets\raw\roboflow_school_fuhih\train\images\CarLongPlateGen21_jpg.rf.ae31ce576d4e1bb776639002fb3a0193.jpg,warning,small_box,0,box area 0.4364% of the image is below the 0.50% threshold; plates this small are hard to learn
D:\DATN\datasets\raw\roboflow_school_fuhih\train\images\CarLongPlateGen220_jpg.rf.a3559a69e6e733609c994abc975fba65.jpg,warning,small_box,0,box area 0.3051% of the image is below the 0.50% threshold; plates this small are hard to learn
D:\DATN\datasets\raw\roboflow_school_fuhih\train\images\CarLongPlateGen226_jpg.rf.427ff67dabc4db5d4e82de8127bfba8b.jpg,warning,small_box,0,box area 0.3015% of the image is below the 0.50% threshold; plates this small are hard to learn
D:\DATN\datasets\raw\roboflow_school_fuhih\train\images\CarLongPlateGen227_jpg.rf.c2e6fa2c60f94c234d1a11a1c51d3e49.jpg,warning,small_box,0,box area 0.3204% of the image is below the 0.50% threshold; plates this small are hard to learn
D:\DATN\datasets\raw\roboflow_school_fuhih\train\images\CarLongPlateGen229_jpg.rf.53213d0dedcb27051bdb878a75baa7ef.jpg,warning,small_box,0,box area 0.4140% of the image is below the 0.50% threshold; plates this small are hard to learn
D:\DATN\datasets\raw\roboflow_school_fuhih\train\images\CarLongPlateGen232_jpg.rf.70bd1a6519ed556314f8ee5c1e7959e6.jpg,warning,small_box,0,box area 0.4969% of the image is below the 0.50% threshold; plates this small are hard to learn
D:\DATN\datasets\raw\roboflow_school_fuhih\train\images\CarLongPlateGen234_jpg.rf.3b60c102f256645a0c488dcc9b65c5a5.jpg,warning,small_box,0,box area 0.3625% of the image is below the 0.50% threshold; plates this small are hard to learn
D:\DATN\datasets\raw\roboflow_school_fuhih\train\images\CarLongPlateGen236_jpg.rf.c63d5cecde5626b27d617cdef2bee7c4.jpg,warning,small_box,0,box area 0.2864% of the image is below the 0.50% threshold; plates this small are hard to learn
D:\DATN\datasets\raw\roboflow_school_fuhih\train\images\CarLongPlateGen238_jpg.rf.706acfa5e6d4a4dd7c14a1c20d2aa46a.jpg,warning,small_box,0,box area 0.3510% of the image is below the 0.50% threshold; plates this small are hard to learn
D:\DATN\datasets\raw\roboflow_school_fuhih\train\images\CarLongPlateGen239_jpg.rf.4f04df39ace9af1eecff569a2e53eaf3.jpg,warning,small_box,0,box area 0.3300% of the image is below the 0.50% threshold; plates this small are hard to learn
D:\DATN\datasets\raw\roboflow_school_fuhih\train\images\CarLongPlateGen23_jpg.rf.f5591785b44fa2c7b98b479484ddb8b4.jpg,warning,small_box,0,box area 0.3206% of the image is below the 0.50% threshold; plates this small are hard to learn
D:\DATN\datasets\raw\roboflow_school_fuhih\train\images\CarLongPlateGen243_jpg.rf.8a63b4d933accca1631241b445b88ef8.jpg,warning,small_box,0,box area 0.3362% of the image is below the 0.50% threshold; plates this small are hard to learn
D:\DATN\datasets\raw\roboflow_school_fuhih\train\images\CarLongPlateGen249_jpg.rf.302f09a5fe753e1f2647503d3af37f3c.jpg,warning,small_box,0,box area 0.2512% of the image is below the 0.50% threshold; plates this small are hard to learn
D:\DATN\datasets\raw\roboflow_school_fuhih\train\images\CarLongPlateGen24_jpg.rf.41e68a874b4895d6584f6851b0abfb64.jpg,warning,small_box,0,box area 0.4213% of the image is below the 0.50% threshold; plates this small are hard to learn
D:\DATN\datasets\raw\roboflow_school_fuhih\train\images\CarLongPlateGen250_jpg.rf.2aa1687f05f6806561d645b3fef6e213.jpg,warning,small_box,0,box area 0.3953% of the image is below the 0.50% threshold; plates this small are hard to learn
D:\DATN\datasets\raw\roboflow_school_fuhih\train\images\CarLongPlateGen253_jpg.rf.969c138184f8a2c38654aa5c63d8942b.jpg,warning,small_box,0,box area 0.3959% of the image is below the 0.50% threshold; plates this small are hard to learn
D:\DATN\datasets\raw\roboflow_school_fuhih\train\images\CarLongPlateGen255_jpg.rf.5b3ad39634c89cd09ec634fca6e09cdb.jpg,warning,small_box,0,box area 0.2976% of the image is below the 0.50% threshold; plates this small are hard to learn
D:\DATN\datasets\raw\roboflow_school_fuhih\train\images\CarLongPlateGen258_jpg.rf.88bf9d878148b0687635a8d7ae2cd970.jpg,warning,small_box,0,box area 0.2273% of the image is below the 0.50% threshold; plates this small are hard to learn
D:\DATN\datasets\raw\roboflow_school_fuhih\train\images\CarLongPlateGen258_jpg.rf.8d82cb72b61f75e4201fc191947fb05c.jpg,warning,small_box,0,box area 0.2273% of the image is below the 0.50% threshold; plates this small are hard to learn
D:\DATN\datasets\raw\roboflow_school_fuhih\train\images\CarLongPlateGen260_jpg.rf.10c9daa76ef0f13284b9149cacc9c022.jpg,warning,small_box,0,box area 0.2505% of the image is below the 0.50% threshold; plates this small are hard to learn
D:\DATN\datasets\raw\roboflow_school_fuhih\train\images\CarLongPlateGen260_jpg.rf.2b93b64037cb8a9759418a60657153e2.jpg,warning,small_box,0,box area 0.2505% of the image is below the 0.50% threshold; plates this small are hard to learn
D:\DATN\datasets\raw\roboflow_school_fuhih\train\images\CarLongPlateGen262_jpg.rf.b1da65cc47d5bbf66115d576ce2ef08b.jpg,warning,small_box,0,box area 0.3256% of the image is below the 0.50% threshold; plates this small are hard to learn
D:\DATN\datasets\raw\roboflow_school_fuhih\train\images\CarLongPlateGen263_jpg.rf.484358845458ef19d2a18e213242a61d.jpg,warning,small_box,0,box area 0.2708% of the image is below the 0.50% threshold; plates this small are hard to learn
D:\DATN\datasets\raw\roboflow_school_fuhih\train\images\CarLongPlateGen263_jpg.rf.eaa87898dbb0a221ff57e69e55b919e8.jpg,warning,small_box,0,box area 0.2708% of the image is below the 0.50% threshold; plates this small are hard to learn
D:\DATN\datasets\raw\roboflow_school_fuhih\train\images\CarLongPlateGen268_jpg.rf.495051f15b93e190c869d6bc8ac81960.jpg,warning,small_box,0,box area 0.2512% of the image is below the 0.50% threshold; plates this small are hard to learn
D:\DATN\datasets\raw\roboflow_school_fuhih\train\images\CarLongPlateGen268_jpg.rf.bb36f3fdb347a537b5747a4171663dee.jpg,warning,small_box,0,box area 0.2512% of the image is below the 0.50% threshold; plates this small are hard to learn
D:\DATN\datasets\raw\roboflow_school_fuhih\train\images\CarLongPlateGen26_jpg.rf.07e02490aaf597bee55c7e292469f747.jpg,warning,small_box,0,box area 0.3704% of the image is below the 0.50% threshold; plates this small are hard to learn
D:\DATN\datasets\raw\roboflow_school_fuhih\train\images\CarLongPlateGen26_jpg.rf.8e6b9a350e0167edcf933bf7355844ee.jpg,warning,small_box,0,box area 0.3704% of the image is below the 0.50% threshold; plates this small are hard to learn
D:\DATN\datasets\raw\roboflow_school_fuhih\train\images\CarLongPlateGen270_jpg.rf.1ae9e2ab8b55d1c41c951bf21789523b.jpg,warning,small_box,0,box area 0.4901% of the image is below the 0.50% threshold; plates this small are hard to learn
D:\DATN\datasets\raw\roboflow_school_fuhih\train\images\CarLongPlateGen274_jpg.rf.5e5e0fbd04effd1f384cc6533844f37e.jpg,warning,small_box,0,box area 0.3953% of the image is below the 0.50% threshold; plates this small are hard to learn
D:\DATN\datasets\raw\roboflow_school_fuhih\train\images\CarLongPlateGen276_jpg.rf.d8de7f9d11239208f4c63cf7cffb3c43.jpg,warning,small_box,0,box area 0.3206% of the image is below the 0.50% threshold; plates this small are hard to learn
D:\DATN\datasets\raw\roboflow_school_fuhih\train\images\CarLongPlateGen278_jpg.rf.62caf3d4bd56b0dd8c47b78af28eddf2.jpg,warning,small_box,0,box area 0.3116% of the image is below the 0.50% threshold; plates this small are hard to learn
D:\DATN\datasets\raw\roboflow_school_fuhih\train\images\CarLongPlateGen27_jpg.rf.462bee5f894d76afca78e8b3f3933227.jpg,warning,small_box,0,box area 0.3650% of the image is below the 0.50% threshold; plates this small are hard to learn
D:\DATN\datasets\raw\roboflow_school_fuhih\train\images\CarLongPlateGen280_jpg.rf.9f7ad092998a8fc23c5f435c3a6d76b6.jpg,warning,small_box,0,box area 0.3116% of the image is below the 0.50% threshold; plates this small are hard to learn
D:\DATN\datasets\raw\roboflow_school_fuhih\train\images\CarLongPlateGen283_jpg.rf.0b7ce754bd499f56b85e496cbfeed850.jpg,warning,small_box,0,box area 0.4897% of the image is below the 0.50% threshold; plates this small are hard to learn
D:\DATN\datasets\raw\roboflow_school_fuhih\train\images\CarLongPlateGen288_jpg.rf.8eea96ed0a7d1bb668a539856e9d776b.jpg,warning,small_box,0,box area 0.2864% of the image is below the 0.50% threshold; plates this small are hard to learn
D:\DATN\datasets\raw\roboflow_school_fuhih\train\images\CarLongPlateGen28_jpg.rf.03645b1c89a22b683949597440bab66a.jpg,warning,small_box,0,box area 0.3421% of the image is below the 0.50% threshold; plates this small are hard to learn
D:\DATN\datasets\raw\roboflow_school_fuhih\train\images\CarLongPlateGen290_jpg.rf.d1e15f84a26ce853e4ecdf9bc61cbc88.jpg,warning,small_box,0,box area 0.3625% of the image is below the 0.50% threshold; plates this small are hard to learn
D:\DATN\datasets\raw\roboflow_school_fuhih\train\images\CarLongPlateGen292_jpg.rf.83ac93247c83675ffc8cab4bf2d2889a.jpg,warning,small_box,0,box area 0.3285% of the image is below the 0.50% threshold; plates this small are hard to learn
D:\DATN\datasets\raw\roboflow_school_fuhih\train\images\CarLongPlateGen293_jpg.rf.e8eaffa7089ebf1b84c1503ca460abfa.jpg,warning,small_box,0,box area 0.4733% of the image is below the 0.50% threshold; plates this small are hard to learn
D:\DATN\datasets\raw\roboflow_school_fuhih\train\images\CarLongPlateGen295_jpg.rf.56c6ad6af3d3c92f36f7cb8c72a8101f.jpg,warning,small_box,0,box area 0.4408% of the image is below the 0.50% threshold; plates this small are hard to learn
D:\DATN\datasets\raw\roboflow_school_fuhih\train\images\CarLongPlateGen297_jpg.rf.aaa2810464b7f8ab0c5e5f7b7d7ed139.jpg,warning,small_box,0,box area 0.3425% of the image is below the 0.50% threshold; plates this small are hard to learn
D:\DATN\datasets\raw\roboflow_school_fuhih\train\images\CarLongPlateGen298_jpg.rf.aae5a1052788db4d17cb196d9eee705c.jpg,warning,small_box,0,box area 0.4565% of the image is below the 0.50% threshold; plates this small are hard to learn
D:\DATN\datasets\raw\roboflow_school_fuhih\train\images\CarLongPlateGen29_jpg.rf.e576f1b3bc1638ff836647fa40fd42e8.jpg,warning,small_box,0,box area 0.4099% of the image is below the 0.50% threshold; plates this small are hard to learn
D:\DATN\datasets\raw\roboflow_school_fuhih\train\images\CarLongPlateGen2_jpg.rf.a393472a17b35c7c45e34241c8bb0846.jpg,warning,small_box,0,box area 0.4285% of the image is below the 0.50% threshold; plates this small are hard to learn
D:\DATN\datasets\raw\roboflow_school_fuhih\train\images\CarLongPlateGen303_jpg.rf.39cff066584ef1276b0ca71f32610bfe.jpg,warning,small_box,0,box area 0.3953% of the image is below the 0.50% threshold; plates this small are hard to learn
D:\DATN\datasets\raw\roboflow_school_fuhih\train\images\CarLongPlateGen305_jpg.rf.c09f4b76921b9dd3822ce3f936b55b60.jpg,warning,small_box,0,box area 0.3116% of the image is below the 0.50% threshold; plates this small are hard to learn
D:\DATN\datasets\raw\roboflow_school_fuhih\train\images\CarLongPlateGen306_jpg.rf.1a5c805e316001821d372abb3bcf0d2b.jpg,warning,small_box,0,box area 0.4969% of the image is below the 0.50% threshold; plates this small are hard to learn
D:\DATN\datasets\raw\roboflow_school_fuhih\train\images\CarLongPlateGen307_jpg.rf.34e3f070a08e76f6ff43fe6c96d43fb2.jpg,warning,small_box,0,box area 0.4043% of the image is below the 0.50% threshold; plates this small are hard to learn
D:\DATN\datasets\raw\roboflow_school_fuhih\train\images\CarLongPlateGen313_jpg.rf.591827b8aabb6eb5b253e7541b432409.jpg,warning,small_box,0,box area 0.4043% of the image is below the 0.50% threshold; plates this small are hard to learn
D:\DATN\datasets\raw\roboflow_school_fuhih\train\images\CarLongPlateGen318_jpg.rf.54b24aed2016ff9aeff3436bde0027a8.jpg,warning,small_box,0,box area 0.4384% of the image is below the 0.50% threshold; plates this small are hard to learn
D:\DATN\datasets\raw\roboflow_school_fuhih\train\images\CarLongPlateGen319_jpg.rf.c87055be181993640890d3ae3d4ce28a.jpg,warning,small_box,0,box area 0.3032% of the image is below the 0.50% threshold; plates this small are hard to learn
D:\DATN\datasets\raw\roboflow_school_fuhih\train\images\CarLongPlateGen31_jpg.rf.1028cfd0f06a410817b9ce812ae4a834.jpg,warning,small_box,0,box area 0.4268% of the image is below the 0.50% threshold; plates this small are hard to learn
D:\DATN\datasets\raw\roboflow_school_fuhih\train\images\CarLongPlateGen328_jpg.rf.6f38d5d0fbe16011d42f43fef0c8a758.jpg,warning,small_box,0,box area 0.4825% of the image is below the 0.50% threshold; plates this small are hard to learn
D:\DATN\datasets\raw\roboflow_school_fuhih\train\images\CarLongPlateGen329_jpg.rf.a2bf1c7d89f386812bd0edc169124a8a.jpg,warning,small_box,0,box area 0.4393% of the image is below the 0.50% threshold; plates this small are hard to learn
D:\DATN\datasets\raw\roboflow_school_fuhih\train\images\CarLongPlateGen32_jpg.rf.59fbc338e8ea5b74d73d3d077f06805f.jpg,warning,small_box,0,box area 0.4691% of the image is below the 0.50% threshold; plates this small are hard to learn
D:\DATN\datasets\raw\roboflow_school_fuhih\train\images\CarLongPlateGen336_jpg.rf.b7625377777dba989cf5416ebc17906b.jpg,warning,small_box,0,box area 0.4691% of the image is below the 0.50% threshold; plates this small are hard to learn
D:\DATN\datasets\raw\roboflow_school_fuhih\train\images\CarLongPlateGen342_jpg.rf.5af1eb3b63197534eae84886662d4516.jpg,warning,small_box,0,box area 0.4213% of the image is below the 0.50% threshold; plates this small are hard to learn
D:\DATN\datasets\raw\roboflow_school_fuhih\train\images\CarLongPlateGen343_jpg.rf.ccd8788e3511abc63977008f665ab98d.jpg,warning,small_box,0,box area 0.3455% of the image is below the 0.50% threshold; plates this small are hard to learn
D:\DATN\datasets\raw\roboflow_school_fuhih\train\images\CarLongPlateGen345_jpg.rf.e7913a0a46689e334daa2bd5e0201ee3.jpg,warning,small_box,0,box area 0.4789% of the image is below the 0.50% threshold; plates this small are hard to learn
D:\DATN\datasets\raw\roboflow_school_fuhih\train\images\CarLongPlateGen346_jpg.rf.c7c1b59e85bf9fd5e4dc25f2b11a6991.jpg,warning,small_box,0,box area 0.3889% of the image is below the 0.50% threshold; plates this small are hard to learn
D:\DATN\datasets\raw\roboflow_school_fuhih\train\images\CarLongPlateGen347_jpg.rf.cda80ab4e632f4809291cabfb247e4de.jpg,warning,small_box,0,box area 0.4140% of the image is below the 0.50% threshold; plates this small are hard to learn
D:\DATN\datasets\raw\roboflow_school_fuhih\train\images\CarLongPlateGen349_jpg.rf.75fed6a48b913377b8ff2edd605429bf.jpg,warning,small_box,0,box area 0.3625% of the image is below the 0.50% threshold; plates this small are hard to learn
D:\DATN\datasets\raw\roboflow_school_fuhih\train\images\CarLongPlateGen350_jpg.rf.4e4a4cb4c7537d2ed80244cc3c6abd1d.jpg,warning,small_box,0,box area 0.4263% of the image is below the 0.50% threshold; plates this small are hard to learn
D:\DATN\datasets\raw\roboflow_school_fuhih\train\images\CarLongPlateGen351_jpg.rf.4a94734a2ffe90ac6f01546a2bc707f7.jpg,warning,small_box,0,box area 0.3510% of the image is below the 0.50% threshold; plates this small are hard to learn
D:\DATN\datasets\raw\roboflow_school_fuhih\train\images\CarLongPlateGen353_jpg.rf.42d733aff902dec00a268c663955d8c5.jpg,warning,small_box,0,box area 0.4393% of the image is below the 0.50% threshold; plates this small are hard to learn
D:\DATN\datasets\raw\roboflow_school_fuhih\train\images\CarLongPlateGen354_jpg.rf.1ba3d108afd79a677aaa300048d35dbb.jpg,warning,small_box,0,box area 0.4731% of the image is below the 0.50% threshold; plates this small are hard to learn
D:\DATN\datasets\raw\roboflow_school_fuhih\train\images\CarLongPlateGen356_jpg.rf.4af0e96156062b7054088e9c2ed53cbb.jpg,warning,small_box,0,box area 0.3458% of the image is below the 0.50% threshold; plates this small are hard to learn
D:\DATN\datasets\raw\roboflow_school_fuhih\train\images\CarLongPlateGen360_jpg.rf.4cff64cf7503f5f6e23be1d2da7a0313.jpg,warning,small_box,0,box area 0.3817% of the image is below the 0.50% threshold; plates this small are hard to learn
D:\DATN\datasets\raw\roboflow_school_fuhih\train\images\CarLongPlateGen361_jpg.rf.21fedf2c0bc11f2fbdab7ccd311d1b13.jpg,warning,small_box,0,box area 0.4364% of the image is below the 0.50% threshold; plates this small are hard to learn
D:\DATN\datasets\raw\roboflow_school_fuhih\train\images\CarLongPlateGen362_jpg.rf.7c6904392dca8d150e5c21cbd02fd44c.jpg,warning,small_box,0,box area 0.4465% of the image is below the 0.50% threshold; plates this small are hard to learn
D:\DATN\datasets\raw\roboflow_school_fuhih\train\images\CarLongPlateGen364_jpg.rf.56b89ebb38996380bef66e81815473db.jpg,warning,small_box,0,box area 0.3549% of the image is below the 0.50% threshold; plates this small are hard to learn
D:\DATN\datasets\raw\roboflow_school_fuhih\train\images\CarLongPlateGen365_jpg.rf.5891c2354ed64183270a8d56601f7dea.jpg,warning,small_box,0,box area 0.4999% of the image is below the 0.50% threshold; plates this small are hard to learn
D:\DATN\datasets\raw\roboflow_school_fuhih\train\images\CarLongPlateGen369_jpg.rf.9b23ba7a735b91f97d54b22dbf8c1a99.jpg,warning,small_box,0,box area 0.4296% of the image is below the 0.50% threshold; plates this small are hard to learn
D:\DATN\datasets\raw\roboflow_school_fuhih\train\images\CarLongPlateGen370_jpg.rf.05461d0d67296c164b323d6429c00635.jpg,warning,small_box,0,box area 0.4573% of the image is below the 0.50% threshold; plates this small are hard to learn
D:\DATN\datasets\raw\roboflow_school_fuhih\train\images\CarLongPlateGen371_jpg.rf.a4b9a98e457363ab8bfb68e521d0a9f8.jpg,warning,small_box,0,box area 0.4834% of the image is below the 0.50% threshold; plates this small are hard to learn
D:\DATN\datasets\raw\roboflow_school_fuhih\train\images\CarLongPlateGen372_jpg.rf.679cd9cdccee69ebca2456b4a45978c2.jpg,warning,small_box,0,box area 0.4465% of the image is below the 0.50% threshold; plates this small are hard to learn
D:\DATN\datasets\raw\roboflow_school_fuhih\train\images\CarLongPlateGen373_jpg.rf.6a690af23bdbbf791b04fecbf9c43c46.jpg,warning,small_box,0,box area 0.2769% of the image is below the 0.50% threshold; plates this small are hard to learn
D:\DATN\datasets\raw\roboflow_school_fuhih\train\images\CarLongPlateGen374_jpg.rf.e174e8ec1a3e93d2dde833ed9b12aac6.jpg,warning,small_box,0,box area 0.3827% of the image is below the 0.50% threshold; plates this small are hard to learn
D:\DATN\datasets\raw\roboflow_school_fuhih\train\images\CarLongPlateGen376_jpg.rf.8adc689d7ef61205dbedf2ee3f780431.jpg,warning,small_box,0,box area 0.3625% of the image is below the 0.50% threshold; plates this small are hard to learn
D:\DATN\datasets\raw\roboflow_school_fuhih\train\images\CarLongPlateGen378_jpg.rf.621a0296eebc0669c10dcceff232ac4e.jpg,warning,small_box,0,box area 0.3341% of the image is below the 0.50% threshold; plates this small are hard to learn
D:\DATN\datasets\raw\roboflow_school_fuhih\train\images\CarLongPlateGen379_jpg.rf.c02b3f7d91f68c3d18a05b8d24bb9055.jpg,warning,small_box,0,box area 0.4482% of the image is below the 0.50% threshold; plates this small are hard to learn
D:\DATN\datasets\raw\roboflow_school_fuhih\train\images\CarLongPlateGen381_jpg.rf.80539faecad271597946ade6c25432d6.jpg,warning,small_box,0,box area 0.3313% of the image is below the 0.50% threshold; plates this small are hard to learn
D:\DATN\datasets\raw\roboflow_school_fuhih\train\images\CarLongPlateGen386_jpg.rf.f6563a22c9640fe836bbc52380c5089a.jpg,warning,small_box,0,box area 0.3113% of the image is below the 0.50% threshold; plates this small are hard to learn
D:\DATN\datasets\raw\roboflow_school_fuhih\train\images\CarLongPlateGen387_jpg.rf.7a3c772545c5cfcff4c5e87e9468d9fd.jpg,warning,small_box,0,box area 0.4393% of the image is below the 0.50% threshold; plates this small are hard to learn
D:\DATN\datasets\raw\roboflow_school_fuhih\train\images\CarLongPlateGen388_jpg.rf.9a6c2b989002db76b5eea7f66ce1268d.jpg,warning,small_box,0,box area 0.4482% of the image is below the 0.50% threshold; plates this small are hard to learn
D:\DATN\datasets\raw\roboflow_school_fuhih\train\images\CarLongPlateGen391_jpg.rf.1275f5795dfcdc08836d1726c977bb32.jpg,warning,small_box,0,box area 0.3896% of the image is below the 0.50% threshold; plates this small are hard to learn
D:\DATN\datasets\raw\roboflow_school_fuhih\train\images\CarLongPlateGen393_jpg.rf.89f15a7e39fac504f37292ac47f89a94.jpg,warning,small_box,0,box area 0.4897% of the image is below the 0.50% threshold; plates this small are hard to learn
D:\DATN\datasets\raw\roboflow_school_fuhih\train\images\CarLongPlateGen395_jpg.rf.5f106654f4ff3fc1aeb8a03f0bd5e8e9.jpg,warning,small_box,0,box area 0.3300% of the image is below the 0.50% threshold; plates this small are hard to learn
D:\DATN\datasets\raw\roboflow_school_fuhih\train\images\CarLongPlateGen398_jpg.rf.e9735c8de42a5c10a1d291c23e297009.jpg,warning,small_box,0,box area 0.3641% of the image is below the 0.50% threshold; plates this small are hard to learn
D:\DATN\datasets\raw\roboflow_school_fuhih\train\images\CarLongPlateGen3_jpg.rf.7235fa82f7f0e4f8e0650edc54c9e195.jpg,warning,small_box,0,box area 0.3928% of the image is below the 0.50% threshold; plates this small are hard to learn
D:\DATN\datasets\raw\roboflow_school_fuhih\train\images\CarLongPlateGen401_jpg.rf.20d07ef5ef389b7b364ee53cae3a1298.jpg,warning,small_box,0,box area 0.4213% of the image is below the 0.50% threshold; plates this small are hard to learn
D:\DATN\datasets\raw\roboflow_school_fuhih\train\images\CarLongPlateGen402_jpg.rf.b7f8b8cc33d53a506a119d7fc979a461.jpg,warning,small_box,0,box area 0.4153% of the image is below the 0.50% threshold; plates this small are hard to learn
D:\DATN\datasets\raw\roboflow_school_fuhih\train\images\CarLongPlateGen404_jpg.rf.b566c08d5d1f40fca61acf8ca81b1d46.jpg,warning,small_box,0,box area 0.3201% of the image is below the 0.50% threshold; plates this small are hard to learn
D:\DATN\datasets\raw\roboflow_school_fuhih\train\images\CarLongPlateGen405_jpg.rf.2b9a7730dfdbb3a5713f137226307daf.jpg,warning,small_box,0,box area 0.3549% of the image is below the 0.50% threshold; plates this small are hard to learn
D:\DATN\datasets\raw\roboflow_school_fuhih\train\images\CarLongPlateGen406_jpg.rf.9d1d30020b324afbd89998ccbeaf33b4.jpg,warning,small_box,0,box area 0.3032% of the image is below the 0.50% threshold; plates this small are hard to learn
D:\DATN\datasets\raw\roboflow_school_fuhih\train\images\CarLongPlateGen407_jpg.rf.97ee68d083849c775d8226086196dbf9.jpg,warning,small_box,0,box area 0.4465% of the image is below the 0.50% threshold; plates this small are hard to learn
D:\DATN\datasets\raw\roboflow_school_fuhih\train\images\CarLongPlateGen409_jpg.rf.0c78f2e54bc5be430b47ea182090cd40.jpg,warning,small_box,0,box area 0.4807% of the image is below the 0.50% threshold; plates this small are hard to learn
D:\DATN\datasets\raw\roboflow_school_fuhih\train\images\CarLongPlateGen412_jpg.rf.05efdc716b51a9dd0a5bcf0c210ba86e.jpg,warning,small_box,0,box area 0.3285% of the image is below the 0.50% threshold; plates this small are hard to learn
D:\DATN\datasets\raw\roboflow_school_fuhih\train\images\CarLongPlateGen413_jpg.rf.5e4459d93582be5086ff378e2cb05b2f.jpg,warning,small_box,0,box area 0.4565% of the image is below the 0.50% threshold; plates this small are hard to learn
D:\DATN\datasets\raw\roboflow_school_fuhih\train\images\CarLongPlateGen414_jpg.rf.62ed21f91ec4588dd8716cb5a39c7965.jpg,warning,small_box,0,box area 0.4887% of the image is below the 0.50% threshold; plates this small are hard to learn
D:\DATN\datasets\raw\roboflow_school_fuhih\train\images\CarLongPlateGen416_jpg.rf.007ecb4dbee541970627929377ed01c8.jpg,warning,small_box,0,box area 0.4834% of the image is below the 0.50% threshold; plates this small are hard to learn
D:\DATN\datasets\raw\roboflow_school_fuhih\train\images\CarLongPlateGen419_jpg.rf.06e68fc136f453debb229482b6108b66.jpg,warning,small_box,0,box area 0.3409% of the image is below the 0.50% threshold; plates this small are hard to learn
D:\DATN\datasets\raw\roboflow_school_fuhih\train\images\CarLongPlateGen41_jpg.rf.88f9b40a9dba3f78387ceb85ec3b2210.jpg,warning,small_box,0,box area 0.4263% of the image is below the 0.50% threshold; plates this small are hard to learn
D:\DATN\datasets\raw\roboflow_school_fuhih\train\images\CarLongPlateGen421_jpg.rf.6621d4e1d935e1785c89ada5d4dde640.jpg,warning,small_box,0,box area 0.2273% of the image is below the 0.50% threshold; plates this small are hard to learn
D:\DATN\datasets\raw\roboflow_school_fuhih\train\images\CarLongPlateGen422_jpg.rf.55fcebd02fb01b73ae6add4645b8d9d8.jpg,warning,small_box,0,box area 0.4196% of the image is below the 0.50% threshold; plates this small are hard to learn
D:\DATN\datasets\raw\roboflow_school_fuhih\train\images\CarLongPlateGen427_jpg.rf.70bed4e94df6f99519d4e42ce26e4b9f.jpg,warning,small_box,0,box area 0.4633% of the image is below the 0.50% threshold; plates this small are hard to learn
D:\DATN\datasets\raw\roboflow_school_fuhih\train\images\CarLongPlateGen429_jpg.rf.ed4e98605b8905501e55e3f663efec5d.jpg,warning,small_box,0,box area 0.4465% of the image is below the 0.50% threshold; plates this small are hard to learn
D:\DATN\datasets\raw\roboflow_school_fuhih\train\images\CarLongPlateGen432_jpg.rf.90f2e610643c6305243acb0500bd5b5d.jpg,warning,small_box,0,box area 0.4999% of the image is below the 0.50% threshold; plates this small are hard to learn
D:\DATN\datasets\raw\roboflow_school_fuhih\train\images\CarLongPlateGen436_jpg.rf.9ad69c349673c80c058d19de6e7cd4c1.jpg,warning,small_box,0,box area 0.4364% of the image is below the 0.50% threshold; plates this small are hard to learn
D:\DATN\datasets\raw\roboflow_school_fuhih\train\images\CarLongPlateGen437_jpg.rf.9e7252b02596ab4a14c583555e50b470.jpg,warning,small_box,0,box area 0.3333% of the image is below the 0.50% threshold; plates this small are hard to learn
D:\DATN\datasets\raw\roboflow_school_fuhih\train\images\CarLongPlateGen447_jpg.rf.2f6dd528962b3fb06d5251d496623a34.jpg,warning,small_box,0,box area 0.4393% of the image is below the 0.50% threshold; plates this small are hard to learn
D:\DATN\datasets\raw\roboflow_school_fuhih\train\images\CarLongPlateGen448_jpg.rf.1c786f23bae8a9e620f1dcb9e2027ea9.jpg,warning,small_box,0,box area 0.2358% of the image is below the 0.50% threshold; plates this small are hard to learn
D:\DATN\datasets\raw\roboflow_school_fuhih\train\images\CarLongPlateGen454_jpg.rf.67ce2c81a2d972bbcee69a6c3bbc001b.jpg,warning,small_box,0,box area 0.4268% of the image is below the 0.50% threshold; plates this small are hard to learn
D:\DATN\datasets\raw\roboflow_school_fuhih\train\images\CarLongPlateGen456_jpg.rf.b15e6fd43fda1182ec3a0d73423121e5.jpg,warning,small_box,0,box area 0.4196% of the image is below the 0.50% threshold; plates this small are hard to learn
D:\DATN\datasets\raw\roboflow_school_fuhih\train\images\CarLongPlateGen461_jpg.rf.991bf76f387d06c47e396419655351d5.jpg,warning,small_box,0,box area 0.3818% of the image is below the 0.50% threshold; plates this small are hard to learn
D:\DATN\datasets\raw\roboflow_school_fuhih\train\images\CarLongPlateGen467_jpg.rf.fc29ddea54c8c03d82c4aba3091366dc.jpg,warning,small_box,0,box area 0.2563% of the image is below the 0.50% threshold; plates this small are hard to learn
D:\DATN\datasets\raw\roboflow_school_fuhih\train\images\CarLongPlateGen471_jpg.rf.781c5a63d8dd324f32b486be7de07e0a.jpg,warning,small_box,0,box area 0.3206% of the image is below the 0.50% threshold; plates this small are hard to learn
D:\DATN\datasets\raw\roboflow_school_fuhih\train\images\CarLongPlateGen473_jpg.rf.ee94f444c24772b6e7576db093469f8f.jpg,warning,small_box,0,box area 0.4789% of the image is below the 0.50% threshold; plates this small are hard to learn
D:\DATN\datasets\raw\roboflow_school_fuhih\train\images\CarLongPlateGen475_jpg.rf.d3ae7143969142a25e7ea73e1cdb636b.jpg,warning,small_box,0,box area 0.2640% of the image is below the 0.50% threshold; plates this small are hard to learn
D:\DATN\datasets\raw\roboflow_school_fuhih\train\images\CarLongPlateGen476_jpg.rf.fce951e077fe04f75720eaed22f67221.jpg,warning,small_box,0,box area 0.4140% of the image is below the 0.50% threshold; plates this small are hard to learn
D:\DATN\datasets\raw\roboflow_school_fuhih\train\images\CarLongPlateGen477_jpg.rf.69f15e2f9f53c42dfd3ce0997937b4a9.jpg,warning,small_box,0,box area 0.4733% of the image is below the 0.50% threshold; plates this small are hard to learn
D:\DATN\datasets\raw\roboflow_school_fuhih\train\images\CarLongPlateGen479_jpg.rf.239cdfee02c410ca3ac3cd1d80e54a6b.jpg,warning,small_box,0,box area 0.4789% of the image is below the 0.50% threshold; plates this small are hard to learn
D:\DATN\datasets\raw\roboflow_school_fuhih\train\images\CarLongPlateGen481_jpg.rf.e85339a980f738deb4ae767a9922a0ac.jpg,warning,small_box,0,box area 0.4099% of the image is below the 0.50% threshold; plates this small are hard to learn
D:\DATN\datasets\raw\roboflow_school_fuhih\train\images\CarLongPlateGen482_jpg.rf.9fc8dceef255b446f5adbb852e644a6c.jpg,warning,small_box,0,box area 0.3341% of the image is below the 0.50% threshold; plates this small are hard to learn
D:\DATN\datasets\raw\roboflow_school_fuhih\train\images\CarLongPlateGen484_jpg.rf.6d10ed482ea1489151889a6fabfbebfd.jpg,warning,small_box,0,box area 0.4501% of the image is below the 0.50% threshold; plates this small are hard to learn
D:\DATN\datasets\raw\roboflow_school_fuhih\train\images\CarLongPlateGen486_jpg.rf.7cc458b518b998212f09e24eb9d17148.jpg,warning,small_box,0,box area 0.3995% of the image is below the 0.50% threshold; plates this small are hard to learn
D:\DATN\datasets\raw\roboflow_school_fuhih\train\images\CarLongPlateGen489_jpg.rf.77a625cd72d23b4e6f99edbccfe9044a.jpg,warning,small_box,0,box area 0.4105% of the image is below the 0.50% threshold; plates this small are hard to learn
D:\DATN\datasets\raw\roboflow_school_fuhih\train\images\CarLongPlateGen490_jpg.rf.ec2c11ebbebe5e173bc982db956cb4a5.jpg,warning,small_box,0,box area 0.2830% of the image is below the 0.50% threshold; plates this small are hard to learn
D:\DATN\datasets\raw\roboflow_school_fuhih\train\images\CarLongPlateGen493_jpg.rf.d0396912a964380abd181df88d8f9430.jpg,warning,small_box,0,box area 0.4526% of the image is below the 0.50% threshold; plates this small are hard to learn
D:\DATN\datasets\raw\roboflow_school_fuhih\train\images\CarLongPlateGen497_jpg.rf.1e6a1212b68a91345c51245693d4c578.jpg,warning,small_box,0,box area 0.4296% of the image is below the 0.50% threshold; plates this small are hard to learn
D:\DATN\datasets\raw\roboflow_school_fuhih\train\images\CarLongPlateGen503_jpg.rf.15adc9a032b923390a1811a9a5b19ca6.jpg,warning,small_box,0,box area 0.3997% of the image is below the 0.50% threshold; plates this small are hard to learn
D:\DATN\datasets\raw\roboflow_school_fuhih\train\images\CarLongPlateGen504_jpg.rf.eade89129a36dfef8f49d671a2e874af.jpg,warning,small_box,0,box area 0.3818% of the image is below the 0.50% threshold; plates this small are hard to learn
D:\DATN\datasets\raw\roboflow_school_fuhih\train\images\CarLongPlateGen507_jpg.rf.b8b28354ba67387f6c1c5cd1a2efc60f.jpg,warning,small_box,0,box area 0.4105% of the image is below the 0.50% threshold; plates this small are hard to learn
D:\DATN\datasets\raw\roboflow_school_fuhih\train\images\CarLongPlateGen509_jpg.rf.eeb539ffd349771f5620c5348046e969.jpg,warning,small_box,0,box area 0.2644% of the image is below the 0.50% threshold; plates this small are hard to learn
D:\DATN\datasets\raw\roboflow_school_fuhih\train\images\CarLongPlateGen50_jpg.rf.b35fe4d8c3d10ab427a19dcc789a7b84.jpg,warning,small_box,0,box area 0.4633% of the image is below the 0.50% threshold; plates this small are hard to learn
D:\DATN\datasets\raw\roboflow_school_fuhih\train\images\CarLongPlateGen511_jpg.rf.0dacce9dc9bf994b0d7f7446097491ce.jpg,warning,small_box,0,box area 0.4364% of the image is below the 0.50% threshold; plates this small are hard to learn
D:\DATN\datasets\raw\roboflow_school_fuhih\train\images\CarLongPlateGen514_jpg.rf.661b42bb268ef923aaed9ab19e637867.jpg,warning,small_box,0,box area 0.4389% of the image is below the 0.50% threshold; plates this small are hard to learn
D:\DATN\datasets\raw\roboflow_school_fuhih\train\images\CarLongPlateGen515_jpg.rf.78764b53b7b6cebe152b7ff71c94a92c.jpg,warning,small_box,0,box area 0.4047% of the image is below the 0.50% threshold; plates this small are hard to learn
D:\DATN\datasets\raw\roboflow_school_fuhih\train\images\CarLongPlateGen516_jpg.rf.366c9fc9dbe7acbc224e2bba1cf0707d.jpg,warning,small_box,0,box area 0.4980% of the image is below the 0.50% threshold; plates this small are hard to learn
D:\DATN\datasets\raw\roboflow_school_fuhih\train\images\CarLongPlateGen518_jpg.rf.28a2f0c12e5ad6538f5acf5ab24f2343.jpg,warning,small_box,0,box area 0.2574% of the image is below the 0.50% threshold; plates this small are hard to learn
D:\DATN\datasets\raw\roboflow_school_fuhih\train\images\CarLongPlateGen51_jpg.rf.4412992f3ceb7924ca8232d587721aff.jpg,warning,small_box,0,box area 0.3896% of the image is below the 0.50% threshold; plates this small are hard to learn
D:\DATN\datasets\raw\roboflow_school_fuhih\train\images\CarLongPlateGen521_jpg.rf.4ea41850c58a4d20d8cd44d567e473be.jpg,warning,small_box,0,box area 0.4105% of the image is below the 0.50% threshold; plates this small are hard to learn
D:\DATN\datasets\raw\roboflow_school_fuhih\train\images\CarLongPlateGen522_jpg.rf.494139b0c7d1ebc2e30302514d21d962.jpg,warning,small_box,0,box area 0.2922% of the image is below the 0.50% threshold; plates this small are hard to learn
D:\DATN\datasets\raw\roboflow_school_fuhih\train\images\CarLongPlateGen523_jpg.rf.6ccaa6c12b8801ae6b2790c7e7f5770c.jpg,warning,small_box,0,box area 0.1886% of the image is below the 0.50% threshold; plates this small are hard to learn
D:\DATN\datasets\raw\roboflow_school_fuhih\train\images\CarLongPlateGen524_jpg.rf.039bcd4754dea94d3211cfe52bc7f973.jpg,warning,small_box,0,box area 0.3341% of the image is below the 0.50% threshold; plates this small are hard to learn
D:\DATN\datasets\raw\roboflow_school_fuhih\train\images\CarLongPlateGen52_jpg.rf.8e9ef28fefeebd0c69d1928a10e03526.jpg,warning,small_box,0,box area 0.4196% of the image is below the 0.50% threshold; plates this small are hard to learn
D:\DATN\datasets\raw\roboflow_school_fuhih\train\images\CarLongPlateGen532_jpg.rf.08a7f5de7be0eb19b33ef8b1fec9a273.jpg,warning,small_box,0,box area 0.4393% of the image is below the 0.50% threshold; plates this small are hard to learn
D:\DATN\datasets\raw\roboflow_school_fuhih\train\images\CarLongPlateGen536_jpg.rf.71ec1d23257ee9f230634ef22ed42020.jpg,warning,small_box,0,box area 0.3798% of the image is below the 0.50% threshold; plates this small are hard to learn
D:\DATN\datasets\raw\roboflow_school_fuhih\train\images\CarLongPlateGen537_jpg.rf.12eee8c7a45ffb846e28b663c69153b7.jpg,warning,small_box,0,box area 0.4047% of the image is below the 0.50% threshold; plates this small are hard to learn
D:\DATN\datasets\raw\roboflow_school_fuhih\train\images\CarLongPlateGen539_jpg.rf.b087a79e03d21106b361df33688564ae.jpg,warning,small_box,0,box area 0.4746% of the image is below the 0.50% threshold; plates this small are hard to learn
D:\DATN\datasets\raw\roboflow_school_fuhih\train\images\CarLongPlateGen541_jpg.rf.4e9f3d7264191982cf33ee576a095115.jpg,warning,small_box,0,box area 0.3032% of the image is below the 0.50% threshold; plates this small are hard to learn
D:\DATN\datasets\raw\roboflow_school_fuhih\train\images\CarLongPlateGen542_jpg.rf.b1e4d793767cf4e81bb8dd7149dc2015.jpg,warning,small_box,0,box area 0.3889% of the image is below the 0.50% threshold; plates this small are hard to learn
D:\DATN\datasets\raw\roboflow_school_fuhih\train\images\CarLongPlateGen543_jpg.rf.a2730c301f4a14e34adba9c9e69c43fc.jpg,warning,small_box,0,box area 0.4095% of the image is below the 0.50% threshold; plates this small are hard to learn
D:\DATN\datasets\raw\roboflow_school_fuhih\train\images\CarLongPlateGen545_jpg.rf.7025739d5633b56d4f331a90473c906e.jpg,warning,small_box,0,box area 0.3566% of the image is below the 0.50% threshold; plates this small are hard to learn
D:\DATN\datasets\raw\roboflow_school_fuhih\train\images\CarLongPlateGen546_jpg.rf.45a6b9f315888909c85e634787a5fe7d.jpg,warning,small_box,0,box area 0.2708% of the image is below the 0.50% threshold; plates this small are hard to learn
D:\DATN\datasets\raw\roboflow_school_fuhih\train\images\CarLongPlateGen547_jpg.rf.181466389b6091e0500475a062fde720.jpg,warning,small_box,0,box area 0.3997% of the image is below the 0.50% threshold; plates this small are hard to learn
D:\DATN\datasets\raw\roboflow_school_fuhih\train\images\CarLongPlateGen548_jpg.rf.b46afba350b9331aec65da0ee0386fa0.jpg,warning,small_box,0,box area 0.2999% of the image is below the 0.50% threshold; plates this small are hard to learn
D:\DATN\datasets\raw\roboflow_school_fuhih\train\images\CarLongPlateGen549_jpg.rf.2c68742d8b15d9bbc3811aa029e14311.jpg,warning,small_box,0,box area 0.3258% of the image is below the 0.50% threshold; plates this small are hard to learn
D:\DATN\datasets\raw\roboflow_school_fuhih\train\images\CarLongPlateGen550_jpg.rf.7a4933e40d6f1a4f4a247f73b4a677ef.jpg,warning,small_box,0,box area 0.4633% of the image is below the 0.50% threshold; plates this small are hard to learn
D:\DATN\datasets\raw\roboflow_school_fuhih\train\images\CarLongPlateGen551_jpg.rf.c419d2187bd587d24f1df0cf611687b0.jpg,warning,small_box,0,box area 0.3549% of the image is below the 0.50% threshold; plates this small are hard to learn
D:\DATN\datasets\raw\roboflow_school_fuhih\train\images\CarLongPlateGen552_jpg.rf.d40a838c957ffa93e53ff83af1e2c77b.jpg,warning,small_box,0,box area 0.3827% of the image is below the 0.50% threshold; plates this small are hard to learn
D:\DATN\datasets\raw\roboflow_school_fuhih\train\images\CarLongPlateGen554_jpg.rf.9eb4760bd789a44cc736e9a356caf971.jpg,warning,small_box,0,box area 0.3820% of the image is below the 0.50% threshold; plates this small are hard to learn
D:\DATN\datasets\raw\roboflow_school_fuhih\train\images\CarLongPlateGen555_jpg.rf.1a8813627aedf547dc6d29c17429e3f5.jpg,warning,small_box,0,box area 0.3798% of the image is below the 0.50% threshold; plates this small are hard to learn
D:\DATN\datasets\raw\roboflow_school_fuhih\train\images\CarLongPlateGen556_jpg.rf.240b83c0dae54936bff924e1c39e9328.jpg,warning,small_box,0,box area 0.4969% of the image is below the 0.50% threshold; plates this small are hard to learn
D:\DATN\datasets\raw\roboflow_school_fuhih\train\images\CarLongPlateGen557_jpg.rf.fb33daff61816e5d62fcf06d7706f2fd.jpg,warning,small_box,0,box area 0.3953% of the image is below the 0.50% threshold; plates this small are hard to learn
D:\DATN\datasets\raw\roboflow_school_fuhih\train\images\CarLongPlateGen559_jpg.rf.aaef1c09f6992d87d669c5d352dbe642.jpg,warning,small_box,0,box area 0.4638% of the image is below the 0.50% threshold; plates this small are hard to learn
D:\DATN\datasets\raw\roboflow_school_fuhih\train\images\CarLongPlateGen55_jpg.rf.f43a56738542d100006810d0d94ba095.jpg,warning,small_box,0,box area 0.2864% of the image is below the 0.50% threshold; plates this small are hard to learn
D:\DATN\datasets\raw\roboflow_school_fuhih\train\images\CarLongPlateGen563_jpg.rf.76c62b81354607d79e9fb15bd0b2185b.jpg,warning,small_box,0,box area 0.3549% of the image is below the 0.50% threshold; plates this small are hard to learn
D:\DATN\datasets\raw\roboflow_school_fuhih\train\images\CarLongPlateGen565_jpg.rf.45415f595db007f018badc88ac414d1e.jpg,warning,small_box,0,box area 0.3425% of the image is below the 0.50% threshold; plates this small are hard to learn
D:\DATN\datasets\raw\roboflow_school_fuhih\train\images\CarLongPlateGen566_jpg.rf.71880cd3b989bb0343a0a176efebddfc.jpg,warning,small_box,0,box area 0.4733% of the image is below the 0.50% threshold; plates this small are hard to learn
D:\DATN\datasets\raw\roboflow_school_fuhih\train\images\CarLongPlateGen568_jpg.rf.63b45db20855a4e8e4636b73f8729af7.jpg,warning,small_box,0,box area 0.4140% of the image is below the 0.50% threshold; plates this small are hard to learn
D:\DATN\datasets\raw\roboflow_school_fuhih\train\images\CarLongPlateGen56_jpg.rf.3a1b8d7ff9b0e27d3bc9d92164f4679f.jpg,warning,small_box,0,box area 0.3549% of the image is below the 0.50% threshold; plates this small are hard to learn
D:\DATN\datasets\raw\roboflow_school_fuhih\train\images\CarLongPlateGen571_jpg.rf.4e1260bb7381ba38d6adcf13ca688805.jpg,warning,small_box,0,box area 0.3818% of the image is below the 0.50% threshold; plates this small are hard to learn
D:\DATN\datasets\raw\roboflow_school_fuhih\train\images\CarLongPlateGen572_jpg.rf.1fc40cb5161a94feed6e4b963b7efd1e.jpg,warning,small_box,0,box area 0.4076% of the image is below the 0.50% threshold; plates this small are hard to learn
D:\DATN\datasets\raw\roboflow_school_fuhih\train\images\CarLongPlateGen574_jpg.rf.5c52491550b8c1cc6765fb4d880205cd.jpg,warning,small_box,0,box area 0.4969% of the image is below the 0.50% threshold; plates this small are hard to learn
D:\DATN\datasets\raw\roboflow_school_fuhih\train\images\CarLongPlateGen575_jpg.rf.31f1482626d0f198597c72249999fded.jpg,warning,small_box,0,box area 0.2137% of the image is below the 0.50% threshold; plates this small are hard to learn
D:\DATN\datasets\raw\roboflow_school_fuhih\train\images\CarLongPlateGen578_jpg.rf.ab5b3b4b14af85ec1329e63d0a9cfb76.jpg,warning,small_box,0,box area 0.4969% of the image is below the 0.50% threshold; plates this small are hard to learn
D:\DATN\datasets\raw\roboflow_school_fuhih\train\images\CarLongPlateGen57_jpg.rf.2c0cfbaca44beeb35795697b9fc57dff.jpg,warning,small_box,0,box area 0.4887% of the image is below the 0.50% threshold; plates this small are hard to learn
D:\DATN\datasets\raw\roboflow_school_fuhih\train\images\CarLongPlateGen581_jpg.rf.c3d5db33c3cabc59989d6e8044b73d76.jpg,warning,small_box,0,box area 0.4731% of the image is below the 0.50% threshold; plates this small are hard to learn
D:\DATN\datasets\raw\roboflow_school_fuhih\train\images\CarLongPlateGen588_jpg.rf.4ee9803355717d71cd5324964453b9ef.jpg,warning,small_box,0,box area 0.3959% of the image is below the 0.50% threshold; plates this small are hard to learn
D:\DATN\datasets\raw\roboflow_school_fuhih\train\images\CarLongPlateGen589_jpg.rf.9cfbde03e93913e4731964632214b2a1.jpg,warning,small_box,0,box area 0.4633% of the image is below the 0.50% threshold; plates this small are hard to learn
D:\DATN\datasets\raw\roboflow_school_fuhih\train\images\CarLongPlateGen58_jpg.rf.dc1acc4b55b72305544a3496bbe63026.jpg,warning,small_box,0,box area 0.3827% of the image is below the 0.50% threshold; plates this small are hard to learn
D:\DATN\datasets\raw\roboflow_school_fuhih\train\images\CarLongPlateGen590_jpg.rf.d823b8deeddcd58e47f47603e0839806.jpg,warning,small_box,0,box area 0.3953% of the image is below the 0.50% threshold; plates this small are hard to learn
D:\DATN\datasets\raw\roboflow_school_fuhih\train\images\CarLongPlateGen591_jpg.rf.d28992dc8c2b3aeec92d355925004414.jpg,warning,small_box,0,box area 0.4501% of the image is below the 0.50% threshold; plates this small are hard to learn
D:\DATN\datasets\raw\roboflow_school_fuhih\train\images\CarLongPlateGen593_jpg.rf.074a384b129e8e0d8ca75ca05ade5fd8.jpg,warning,small_box,0,box area 0.3928% of the image is below the 0.50% threshold; plates this small are hard to learn
D:\DATN\datasets\raw\roboflow_school_fuhih\train\images\CarLongPlateGen596_jpg.rf.602cacc6c1f96d61bca0799017a97f12.jpg,warning,small_box,0,box area 0.3953% of the image is below the 0.50% threshold; plates this small are hard to learn
D:\DATN\datasets\raw\roboflow_school_fuhih\train\images\CarLongPlateGen597_jpg.rf.3334e1313829283a57925f3380516535.jpg,warning,small_box,0,box area 0.4901% of the image is below the 0.50% threshold; plates this small are hard to learn
D:\DATN\datasets\raw\roboflow_school_fuhih\train\images\CarLongPlateGen598_jpg.rf.55e7fc8ee39fd7179c453006d1e79b75.jpg,warning,small_box,0,box area 0.3333% of the image is below the 0.50% threshold; plates this small are hard to learn
D:\DATN\datasets\raw\roboflow_school_fuhih\train\images\CarLongPlateGen59_jpg.rf.c4206c804675b41e0778e2413a545abe.jpg,warning,small_box,0,box area 0.2574% of the image is below the 0.50% threshold; plates this small are hard to learn
D:\DATN\datasets\raw\roboflow_school_fuhih\train\images\CarLongPlateGen601_jpg.rf.3150c98a380ce4d183bbee076d631489.jpg,warning,small_box,0,box area 0.4233% of the image is below the 0.50% threshold; plates this small are hard to learn
D:\DATN\datasets\raw\roboflow_school_fuhih\train\images\CarLongPlateGen604_jpg.rf.1edbf5c7f9581d650ac3f68f27ff560f.jpg,warning,small_box,0,box area 0.1438% of the image is below the 0.50% threshold; plates this small are hard to learn
D:\DATN\datasets\raw\roboflow_school_fuhih\train\images\CarLongPlateGen609_jpg.rf.a15a56c947114d4048bef04a2305393d.jpg,warning,small_box,0,box area 0.4789% of the image is below the 0.50% threshold; plates this small are hard to learn
D:\DATN\datasets\raw\roboflow_school_fuhih\train\images\CarLongPlateGen60_jpg.rf.868132aff85216f6d38093f090b16b77.jpg,warning,small_box,0,box area 0.3201% of the image is below the 0.50% threshold; plates this small are hard to learn
D:\DATN\datasets\raw\roboflow_school_fuhih\train\images\CarLongPlateGen613_jpg.rf.fb0a7eb456427e15b36e6219f60d19bd.jpg,warning,small_box,0,box area 0.4285% of the image is below the 0.50% threshold; plates this small are hard to learn
D:\DATN\datasets\raw\roboflow_school_fuhih\train\images\CarLongPlateGen616_jpg.rf.ff80978e7c39e9e5111d4af2e6b6c709.jpg,warning,small_box,0,box area 0.3642% of the image is below the 0.50% threshold; plates this small are hard to learn
D:\DATN\datasets\raw\roboflow_school_fuhih\train\images\CarLongPlateGen617_jpg.rf.bde2c1bfc82022eb38fc70ef4768af9a.jpg,warning,small_box,0,box area 0.4263% of the image is below the 0.50% threshold; plates this small are hard to learn
D:\DATN\datasets\raw\roboflow_school_fuhih\train\images\CarLongPlateGen618_jpg.rf.d5b7e5234c98cf4652d2bb74c14e465f.jpg,warning,small_box,0,box area 0.4969% of the image is below the 0.50% threshold; plates this small are hard to learn
D:\DATN\datasets\raw\roboflow_school_fuhih\train\images\CarLongPlateGen61_jpg.rf.b8ed3659362c4cb147b0efb6c54cff2b.jpg,warning,small_box,0,box area 0.2864% of the image is below the 0.50% threshold; plates this small are hard to learn
D:\DATN\datasets\raw\roboflow_school_fuhih\train\images\CarLongPlateGen620_jpg.rf.a3d01ad4b6559d211325c1b0b577f62e.jpg,warning,small_box,0,box area 0.4999% of the image is below the 0.50% threshold; plates this small are hard to learn
D:\DATN\datasets\raw\roboflow_school_fuhih\train\images\CarLongPlateGen628_jpg.rf.bebaedb0ecab72d9ec52c5ec2c59da99.jpg,warning,small_box,0,box area 0.3818% of the image is below the 0.50% threshold; plates this small are hard to learn
D:\DATN\datasets\raw\roboflow_school_fuhih\train\images\CarLongPlateGen629_jpg.rf.cc92acd6c00659c427bed8b578c8288b.jpg,warning,small_box,0,box area 0.4733% of the image is below the 0.50% threshold; plates this small are hard to learn
D:\DATN\datasets\raw\roboflow_school_fuhih\train\images\CarLongPlateGen62_jpg.rf.508eb91cdd1a869545d5f20b6a73d14a.jpg,warning,small_box,0,box area 0.4196% of the image is below the 0.50% threshold; plates this small are hard to learn
D:\DATN\datasets\raw\roboflow_school_fuhih\train\images\CarLongPlateGen630_jpg.rf.2160729a89af7108d5ad537df888f100.jpg,warning,small_box,0,box area 0.4285% of the image is below the 0.50% threshold; plates this small are hard to learn
D:\DATN\datasets\raw\roboflow_school_fuhih\train\images\CarLongPlateGen631_jpg.rf.3db0ffd228f57b251f48b7e5c2832088.jpg,warning,small_box,0,box area 0.4633% of the image is below the 0.50% threshold; plates this small are hard to learn
D:\DATN\datasets\raw\roboflow_school_fuhih\train\images\CarLongPlateGen632_jpg.rf.a8d5ebba852b8e827d9f0e87ee3a4afd.jpg,warning,small_box,0,box area 0.4499% of the image is below the 0.50% threshold; plates this small are hard to learn
D:\DATN\datasets\raw\roboflow_school_fuhih\train\images\CarLongPlateGen633_jpg.rf.d699533c6820c3816452f2ee75891539.jpg,warning,small_box,0,box area 0.4733% of the image is below the 0.50% threshold; plates this small are hard to learn
D:\DATN\datasets\raw\roboflow_school_fuhih\train\images\CarLongPlateGen634_jpg.rf.7aa64f781bcb0ab5223948e346008027.jpg,warning,small_box,0,box area 0.2922% of the image is below the 0.50% threshold; plates this small are hard to learn
D:\DATN\datasets\raw\roboflow_school_fuhih\train\images\CarLongPlateGen637_jpg.rf.578f099d2f9891292ac8667daf501ac2.jpg,warning,small_box,0,box area 0.3300% of the image is below the 0.50% threshold; plates this small are hard to learn
D:\DATN\datasets\raw\roboflow_school_fuhih\train\images\CarLongPlateGen639_jpg.rf.49189b676a16f521d8572c9f276a1079.jpg,warning,small_box,0,box area 0.4691% of the image is below the 0.50% threshold; plates this small are hard to learn
D:\DATN\datasets\raw\roboflow_school_fuhih\train\images\CarLongPlateGen63_jpg.rf.d35b8a8805c6ddf67fb067761c1de8b4.jpg,warning,small_box,0,box area 0.2698% of the image is below the 0.50% threshold; plates this small are hard to learn
D:\DATN\datasets\raw\roboflow_school_fuhih\train\images\CarLongPlateGen641_jpg.rf.e366e36f27258497219333b66324d044.jpg,warning,small_box,0,box area 0.3425% of the image is below the 0.50% threshold; plates this small are hard to learn
D:\DATN\datasets\raw\roboflow_school_fuhih\train\images\CarLongPlateGen651_jpg.rf.534063955bbc947e7eb35759e003a28c.jpg,warning,small_box,0,box area 0.4573% of the image is below the 0.50% threshold; plates this small are hard to learn
D:\DATN\datasets\raw\roboflow_school_fuhih\train\images\CarLongPlateGen653_jpg.rf.d6054de785ee58643a8260a084826266.jpg,warning,small_box,0,box area 0.4789% of the image is below the 0.50% threshold; plates this small are hard to learn
D:\DATN\datasets\raw\roboflow_school_fuhih\train\images\CarLongPlateGen654_jpg.rf.fbff8adb94d42168f8b7278179a03b55.jpg,warning,small_box,0,box area 0.3051% of the image is below the 0.50% threshold; plates this small are hard to learn
D:\DATN\datasets\raw\roboflow_school_fuhih\train\images\CarLongPlateGen656_jpg.rf.041980393d2233006cc92f230cc389c5.jpg,warning,small_box,0,box area 0.4499% of the image is below the 0.50% threshold; plates this small are hard to learn
D:\DATN\datasets\raw\roboflow_school_fuhih\train\images\CarLongPlateGen657_jpg.rf.fbaa203faffd60bc7516decfcf2dd9e1.jpg,warning,small_box,0,box area 0.4393% of the image is below the 0.50% threshold; plates this small are hard to learn
D:\DATN\datasets\raw\roboflow_school_fuhih\train\images\CarLongPlateGen660_jpg.rf.bd2609aed5b34d76a3e98730ae9bf14b.jpg,warning,small_box,0,box area 0.4285% of the image is below the 0.50% threshold; plates this small are hard to learn
D:\DATN\datasets\raw\roboflow_school_fuhih\train\images\CarLongPlateGen662_jpg.rf.f3f3b5b2511b63325fa2476d6b6e6017.jpg,warning,small_box,0,box area 0.3734% of the image is below the 0.50% threshold; plates this small are hard to learn
D:\DATN\datasets\raw\roboflow_school_fuhih\train\images\CarLongPlateGen663_jpg.rf.a7007984801d31adc95782d451d14a01.jpg,warning,small_box,0,box area 0.4999% of the image is below the 0.50% threshold; plates this small are hard to learn
D:\DATN\datasets\raw\roboflow_school_fuhih\train\images\CarLongPlateGen664_jpg.rf.c336d89c9698aeae274def114aa192c0.jpg,warning,small_box,0,box area 0.4576% of the image is below the 0.50% threshold; plates this small are hard to learn
D:\DATN\datasets\raw\roboflow_school_fuhih\train\images\CarLongPlateGen667_jpg.rf.a62e5ede898d156ac6807a8cd59d9af6.jpg,warning,small_box,0,box area 0.4482% of the image is below the 0.50% threshold; plates this small are hard to learn
D:\DATN\datasets\raw\roboflow_school_fuhih\train\images\CarLongPlateGen66_jpg.rf.b0c189161477323e452442d3b74b105e.jpg,warning,small_box,0,box area 0.2583% of the image is below the 0.50% threshold; plates this small are hard to learn
D:\DATN\datasets\raw\roboflow_school_fuhih\train\images\CarLongPlateGen671_jpg.rf.6b138d73683a16b6c7cf57fab1b06124.jpg,warning,small_box,0,box area 0.4691% of the image is below the 0.50% threshold; plates this small are hard to learn
D:\DATN\datasets\raw\roboflow_school_fuhih\train\images\CarLongPlateGen675_jpg.rf.a89b53528e3dfa716fafd72e437903ca.jpg,warning,small_box,0,box area 0.3875% of the image is below the 0.50% threshold; plates this small are hard to learn
D:\DATN\datasets\raw\roboflow_school_fuhih\train\images\CarLongPlateGen676_jpg.rf.d34ea6d2cc3ebf6d2d1f27bba56e1b8f.jpg,warning,small_box,0,box area 0.4043% of the image is below the 0.50% threshold; plates this small are hard to learn
D:\DATN\datasets\raw\roboflow_school_fuhih\train\images\CarLongPlateGen677_jpg.rf.000518a9b23f10827ec2f6cbfeebac49.jpg,warning,small_box,0,box area 0.3362% of the image is below the 0.50% threshold; plates this small are hard to learn
D:\DATN\datasets\raw\roboflow_school_fuhih\train\images\CarLongPlateGen67_jpg.rf.6a0ae24b16c1a85772ee1c05e43eb290.jpg,warning,small_box,0,box area 0.4384% of the image is below the 0.50% threshold; plates this small are hard to learn
D:\DATN\datasets\raw\roboflow_school_fuhih\train\images\CarLongPlateGen680_jpg.rf.6f12eb88b6042a46dae702e7de5e9336.jpg,warning,small_box,0,box area 0.4364% of the image is below the 0.50% threshold; plates this small are hard to learn
D:\DATN\datasets\raw\roboflow_school_fuhih\train\images\CarLongPlateGen682_jpg.rf.27acb162aa558bc58ac9d091dc426136.jpg,warning,small_box,0,box area 0.3704% of the image is below the 0.50% threshold; plates this small are hard to learn
D:\DATN\datasets\raw\roboflow_school_fuhih\train\images\CarLongPlateGen683_jpg.rf.af7405c0b1552e8e7a5df43ae1e162aa.jpg,warning,small_box,0,box area 0.3601% of the image is below the 0.50% threshold; plates this small are hard to learn
D:\DATN\datasets\raw\roboflow_school_fuhih\train\images\CarLongPlateGen684_jpg.rf.5a714006f0fa675a4735b99acf9e4769.jpg,warning,small_box,0,box area 0.4901% of the image is below the 0.50% threshold; plates this small are hard to learn
D:\DATN\datasets\raw\roboflow_school_fuhih\train\images\CarLongPlateGen686_jpg.rf.14079ad3aeed1f8f855154b5aab81709.jpg,warning,small_box,0,box area 0.4573% of the image is below the 0.50% threshold; plates this small are hard to learn
D:\DATN\datasets\raw\roboflow_school_fuhih\train\images\CarLongPlateGen687_jpg.rf.261d149f30159c0fae3e4165189aefd0.jpg,warning,small_box,0,box area 0.4285% of the image is below the 0.50% threshold; plates this small are hard to learn
D:\DATN\datasets\raw\roboflow_school_fuhih\train\images\CarLongPlateGen688_jpg.rf.fad5c3cfd10c4bcfdfe8a7ddd446d201.jpg,warning,small_box,0,box area 0.4897% of the image is below the 0.50% threshold; plates this small are hard to learn
D:\DATN\datasets\raw\roboflow_school_fuhih\train\images\CarLongPlateGen692_jpg.rf.69a7ad614fc92f34513b0ac89140d24f.jpg,warning,small_box,0,box area 0.4393% of the image is below the 0.50% threshold; plates this small are hard to learn
D:\DATN\datasets\raw\roboflow_school_fuhih\train\images\CarLongPlateGen696_jpg.rf.f375a3fc19516e31c278b9cd99f5fd1c.jpg,warning,small_box,0,box area 0.3116% of the image is below the 0.50% threshold; plates this small are hard to learn
D:\DATN\datasets\raw\roboflow_school_fuhih\train\images\CarLongPlateGen698_jpg.rf.2aee81cc23b6a0c3578665552bc70cd9.jpg,warning,small_box,0,box area 0.4047% of the image is below the 0.50% threshold; plates this small are hard to learn
D:\DATN\datasets\raw\roboflow_school_fuhih\train\images\CarLongPlateGen699_jpg.rf.6fa491865fec9844bf8ed0b250820bde.jpg,warning,small_box,0,box area 0.3127% of the image is below the 0.50% threshold; plates this small are hard to learn
D:\DATN\datasets\raw\roboflow_school_fuhih\train\images\CarLongPlateGen6_jpg.rf.ce15bd546ebb90ae00650f3b20e34144.jpg,warning,small_box,0,box area 0.2976% of the image is below the 0.50% threshold; plates this small are hard to learn
D:\DATN\datasets\raw\roboflow_school_fuhih\train\images\CarLongPlateGen700_jpg.rf.9806c50f2781f0a2046982ea3384efd4.jpg,warning,small_box,0,box area 0.2574% of the image is below the 0.50% threshold; plates this small are hard to learn
D:\DATN\datasets\raw\roboflow_school_fuhih\train\images\CarLongPlateGen704_jpg.rf.83d045b7c7111c4e8a3c9e6fe2b757f8.jpg,warning,small_box,0,box area 0.3601% of the image is below the 0.50% threshold; plates this small are hard to learn
D:\DATN\datasets\raw\roboflow_school_fuhih\train\images\CarLongPlateGen706_jpg.rf.a4ba32e10e8b007d5d3c0c10b70d192e.jpg,warning,small_box,0,box area 0.4856% of the image is below the 0.50% threshold; plates this small are hard to learn
D:\DATN\datasets\raw\roboflow_school_fuhih\train\images\CarLongPlateGen709_jpg.rf.f0ee6b178971c3ef9d53852f1e1f019a.jpg,warning,small_box,0,box area 0.3891% of the image is below the 0.50% threshold; plates this small are hard to learn
D:\DATN\datasets\raw\roboflow_school_fuhih\train\images\CarLongPlateGen712_jpg.rf.79edaf859c4a8241c2b7b854d3b1e891.jpg,warning,small_box,0,box area 0.3341% of the image is below the 0.50% threshold; plates this small are hard to learn
D:\DATN\datasets\raw\roboflow_school_fuhih\train\images\CarLongPlateGen714_jpg.rf.5821905c5142f5cc4844ee482fb7641f.jpg,warning,small_box,0,box area 0.4263% of the image is below the 0.50% threshold; plates this small are hard to learn
D:\DATN\datasets\raw\roboflow_school_fuhih\train\images\CarLongPlateGen715_jpg.rf.f08371900334c243e17dd8d9040e9dac.jpg,warning,small_box,0,box area 0.3595% of the image is below the 0.50% threshold; plates this small are hard to learn
D:\DATN\datasets\raw\roboflow_school_fuhih\train\images\CarLongPlateGen716_jpg.rf.18369543373a57066e99c18437b34921.jpg,warning,small_box,0,box area 0.4681% of the image is below the 0.50% threshold; plates this small are hard to learn
D:\DATN\datasets\raw\roboflow_school_fuhih\train\images\CarLongPlateGen717_jpg.rf.07d0b3fac01d627d4476aa6e804e74ae.jpg,warning,small_box,0,box area 0.3092% of the image is below the 0.50% threshold; plates this small are hard to learn
D:\DATN\datasets\raw\roboflow_school_fuhih\train\images\CarLongPlateGen718_jpg.rf.6f29af2318fd0b13699ea6feec75ae1e.jpg,warning,small_box,0,box area 0.4268% of the image is below the 0.50% threshold; plates this small are hard to learn
D:\DATN\datasets\raw\roboflow_school_fuhih\train\images\CarLongPlateGen719_jpg.rf.fd5b84c9927e0f550bce30447c6a23bf.jpg,warning,small_box,0,box area 0.4901% of the image is below the 0.50% threshold; plates this small are hard to learn
D:\DATN\datasets\raw\roboflow_school_fuhih\train\images\CarLongPlateGen71_jpg.rf.a99c0a7843d69c7857aeb37a613f164a.jpg,warning,small_box,0,box area 0.4296% of the image is below the 0.50% threshold; plates this small are hard to learn
D:\DATN\datasets\raw\roboflow_school_fuhih\train\images\CarLongPlateGen721_jpg.rf.2b82d29d2714badae0815e7384a7694a.jpg,warning,small_box,0,box area 0.3827% of the image is below the 0.50% threshold; plates this small are hard to learn
D:\DATN\datasets\raw\roboflow_school_fuhih\train\images\CarLongPlateGen723_jpg.rf.fbcc188eee7b2c8470305fa7d2a7efcd.jpg,warning,small_box,0,box area 0.3928% of the image is below the 0.50% threshold; plates this small are hard to learn
D:\DATN\datasets\raw\roboflow_school_fuhih\train\images\CarLongPlateGen724_jpg.rf.44948711612edf592776b0eb45f02685.jpg,warning,small_box,0,box area 0.3953% of the image is below the 0.50% threshold; plates this small are hard to learn
D:\DATN\datasets\raw\roboflow_school_fuhih\train\images\CarLongPlateGen726_jpg.rf.b2fe220251a089f1370e91286ab5e1ff.jpg,warning,small_box,0,box area 0.3798% of the image is below the 0.50% threshold; plates this small are hard to learn
D:\DATN\datasets\raw\roboflow_school_fuhih\train\images\CarLongPlateGen728_jpg.rf.bff00a393bb69c961dfaa35a75dd55f6.jpg,warning,small_box,0,box area 0.3953% of the image is below the 0.50% threshold; plates this small are hard to learn
D:\DATN\datasets\raw\roboflow_school_fuhih\train\images\CarLongPlateGen729_jpg.rf.38954136842c5cc2f5a61627b290c0a4.jpg,warning,small_box,0,box area 0.3995% of the image is below the 0.50% threshold; plates this small are hard to learn
D:\DATN\datasets\raw\roboflow_school_fuhih\train\images\CarLongPlateGen72_jpg.rf.07b8d53bd6369e918340c969bd33002f.jpg,warning,small_box,0,box area 0.3285% of the image is below the 0.50% threshold; plates this small are hard to learn
D:\DATN\datasets\raw\roboflow_school_fuhih\train\images\CarLongPlateGen730_jpg.rf.7cbcdd1062b223342d627491c5395498.jpg,warning,small_box,0,box area 0.4897% of the image is below the 0.50% threshold; plates this small are hard to learn
D:\DATN\datasets\raw\roboflow_school_fuhih\train\images\CarLongPlateGen736_jpg.rf.4bdcb4ffdd3d86660337c1cfddda5b44.jpg,warning,small_box,0,box area 0.4789% of the image is below the 0.50% threshold; plates this small are hard to learn
D:\DATN\datasets\raw\roboflow_school_fuhih\train\images\CarLongPlateGen739_jpg.rf.d88784e1fc2d42cb5517cfc50041aebc.jpg,warning,small_box,0,box area 0.3455% of the image is below the 0.50% threshold; plates this small are hard to learn
D:\DATN\datasets\raw\roboflow_school_fuhih\train\images\CarLongPlateGen73_jpg.rf.7bc5e41250fe0090e44dac14f1d4a913.jpg,warning,small_box,0,box area 0.2770% of the image is below the 0.50% threshold; plates this small are hard to learn
D:\DATN\datasets\raw\roboflow_school_fuhih\train\images\CarLongPlateGen740_jpg.rf.eef406ea2e4da6c0d884bb026aa2a518.jpg,warning,small_box,0,box area 0.3341% of the image is below the 0.50% threshold; plates this small are hard to learn
D:\DATN\datasets\raw\roboflow_school_fuhih\train\images\CarLongPlateGen741_jpg.rf.99111513c5704feb44dea97242493a8c.jpg,warning,small_box,0,box area 0.4105% of the image is below the 0.50% threshold; plates this small are hard to learn
D:\DATN\datasets\raw\roboflow_school_fuhih\train\images\CarLongPlateGen743_jpg.rf.ed1e1e0e838fb40caf6975173002227f.jpg,warning,small_box,0,box area 0.4364% of the image is below the 0.50% threshold; plates this small are hard to learn
D:\DATN\datasets\raw\roboflow_school_fuhih\train\images\CarLongPlateGen744_jpg.rf.b1164aff5795a96ce6ae6107519a3414.jpg,warning,small_box,0,box area 0.4140% of the image is below the 0.50% threshold; plates this small are hard to learn
D:\DATN\datasets\raw\roboflow_school_fuhih\train\images\CarLongPlateGen745_jpg.rf.90682e19bb03d03ea9bc0e759bb23ccd.jpg,warning,small_box,0,box area 0.2389% of the image is below the 0.50% threshold; plates this small are hard to learn
D:\DATN\datasets\raw\roboflow_school_fuhih\train\images\CarLongPlateGen748_jpg.rf.82fe28d56bd983160ad19d7e8833e089.jpg,warning,small_box,0,box area 0.3973% of the image is below the 0.50% threshold; plates this small are hard to learn
D:\DATN\datasets\raw\roboflow_school_fuhih\train\images\CarLongPlateGen749_jpg.rf.d5a72d0a66c0d9c3510a6635b6364e26.jpg,warning,small_box,0,box area 0.4102% of the image is below the 0.50% threshold; plates this small are hard to learn
D:\DATN\datasets\raw\roboflow_school_fuhih\train\images\CarLongPlateGen750_jpg.rf.71e86bbeb9c78c21717e6feb9fdd0235.jpg,warning,small_box,0,box area 0.3734% of the image is below the 0.50% threshold; plates this small are hard to learn
D:\DATN\datasets\raw\roboflow_school_fuhih\train\images\CarLongPlateGen751_jpg.rf.c210d0bcd5c3f325170336db15cb338a.jpg,warning,small_box,0,box area 0.4633% of the image is below the 0.50% threshold; plates this small are hard to learn
D:\DATN\datasets\raw\roboflow_school_fuhih\train\images\CarLongPlateGen753_jpg.rf.fd539edf6cef733845bf071a09134e7b.jpg,warning,small_box,0,box area 0.4691% of the image is below the 0.50% threshold; plates this small are hard to learn
D:\DATN\datasets\raw\roboflow_school_fuhih\train\images\CarLongPlateGen755_jpg.rf.9c452b7a20fcf029ff14c4ffe2ddd2a3.jpg,warning,small_box,0,box area 0.3704% of the image is below the 0.50% threshold; plates this small are hard to learn
D:\DATN\datasets\raw\roboflow_school_fuhih\train\images\CarLongPlateGen758_jpg.rf.26f686340fbffd9d3b73336e080154bd.jpg,warning,small_box,0,box area 0.2032% of the image is below the 0.50% threshold; plates this small are hard to learn
D:\DATN\datasets\raw\roboflow_school_fuhih\train\images\CarLongPlateGen760_jpg.rf.ce8ea460e99468283d7d82cd4b52de33.jpg,warning,small_box,0,box area 0.4105% of the image is below the 0.50% threshold; plates this small are hard to learn
D:\DATN\datasets\raw\roboflow_school_fuhih\train\images\CarLongPlateGen761_jpg.rf.8c5642b74386678ab48365e8d493e6c7.jpg,warning,small_box,0,box area 0.2574% of the image is below the 0.50% threshold; plates this small are hard to learn
D:\DATN\datasets\raw\roboflow_school_fuhih\train\images\CarLongPlateGen767_jpg.rf.b30e57e410b8780e6d9f0df68ab5e64a.jpg,warning,small_box,0,box area 0.3743% of the image is below the 0.50% threshold; plates this small are hard to learn
D:\DATN\datasets\raw\roboflow_school_fuhih\train\images\CarLongPlateGen768_jpg.rf.d62d115e5611e8df681b5dd834f632d2.jpg,warning,small_box,0,box area 0.4213% of the image is below the 0.50% threshold; plates this small are hard to learn
D:\DATN\datasets\raw\roboflow_school_fuhih\train\images\CarLongPlateGen769_jpg.rf.da0dd0707dd08a3226ffec4baedf803d.jpg,warning,small_box,0,box area 0.4565% of the image is below the 0.50% threshold; plates this small are hard to learn
D:\DATN\datasets\raw\roboflow_school_fuhih\train\images\CarLongPlateGen76_jpg.rf.5fdca5a3313fded609bb54237ff4f3aa.jpg,warning,small_box,0,box area 0.2976% of the image is below the 0.50% threshold; plates this small are hard to learn
D:\DATN\datasets\raw\roboflow_school_fuhih\train\images\CarLongPlateGen771_jpg.rf.27d66ec471cd13190ec174d106a153e0.jpg,warning,small_box,0,box area 0.3201% of the image is below the 0.50% threshold; plates this small are hard to learn
D:\DATN\datasets\raw\roboflow_school_fuhih\train\images\CarLongPlateGen772_jpg.rf.1e425eb77e542cbee6288f15e6626568.jpg,warning,small_box,0,box area 0.4465% of the image is below the 0.50% threshold; plates this small are hard to learn
D:\DATN\datasets\raw\roboflow_school_fuhih\train\images\CarLongPlateGen774_jpg.rf.f91a9464f236f74ec8820581221a96f2.jpg,warning,small_box,0,box area 0.3127% of the image is below the 0.50% threshold; plates this small are hard to learn
D:\DATN\datasets\raw\roboflow_school_fuhih\train\images\CarLongPlateGen784_jpg.rf.e05639440b97aab63d39172621720d74.jpg,warning,small_box,0,box area 0.3510% of the image is below the 0.50% threshold; plates this small are hard to learn
D:\DATN\datasets\raw\roboflow_school_fuhih\train\images\CarLongPlateGen785_jpg.rf.19f0ae51105ab4f05ab042016d8ab859.jpg,warning,small_box,0,box area 0.4834% of the image is below the 0.50% threshold; plates this small are hard to learn
D:\DATN\datasets\raw\roboflow_school_fuhih\train\images\CarLongPlateGen787_jpg.rf.fcfd9406188dfb08e6d4bf072f14d437.jpg,warning,small_box,0,box area 0.3704% of the image is below the 0.50% threshold; plates this small are hard to learn
D:\DATN\datasets\raw\roboflow_school_fuhih\train\images\CarLongPlateGen791_jpg.rf.346163e17e6378a95083a5e7d7edc09c.jpg,warning,small_box,0,box area 0.2583% of the image is below the 0.50% threshold; plates this small are hard to learn
D:\DATN\datasets\raw\roboflow_school_fuhih\train\images\CarLongPlateGen796_jpg.rf.bc9be0531a3e546e103b9bbf787c5bca.jpg,warning,small_box,0,box area 0.3051% of the image is below the 0.50% threshold; plates this small are hard to learn
D:\DATN\datasets\raw\roboflow_school_fuhih\train\images\CarLongPlateGen798_jpg.rf.2e42238614decbc0c69ac609dc2cdb39.jpg,warning,small_box,0,box area 0.4389% of the image is below the 0.50% threshold; plates this small are hard to learn
D:\DATN\datasets\raw\roboflow_school_fuhih\train\images\CarLongPlateGen79_jpg.rf.0666774ab43dbd10dec0a8712b5573e4.jpg,warning,small_box,0,box area 0.2957% of the image is below the 0.50% threshold; plates this small are hard to learn
D:\DATN\datasets\raw\roboflow_school_fuhih\train\images\CarLongPlateGen800_jpg.rf.e3438c5da615a72cd947120eb4e38526.jpg,warning,small_box,0,box area 0.4807% of the image is below the 0.50% threshold; plates this small are hard to learn
D:\DATN\datasets\raw\roboflow_school_fuhih\train\images\CarLongPlateGen801_jpg.rf.1a83e33c1ce395c32fb7a0d05189600e.jpg,warning,small_box,0,box area 0.4573% of the image is below the 0.50% threshold; plates this small are hard to learn
D:\DATN\datasets\raw\roboflow_school_fuhih\train\images\CarLongPlateGen805_jpg.rf.be6c01df59cab9e1a78bee9d822d177c.jpg,warning,small_box,0,box area 0.4733% of the image is below the 0.50% threshold; plates this small are hard to learn
D:\DATN\datasets\raw\roboflow_school_fuhih\train\images\CarLongPlateGen806_jpg.rf.e2161a431bd821784d481a6da051ad30.jpg,warning,small_box,0,box area 0.3798% of the image is below the 0.50% threshold; plates this small are hard to learn
D:\DATN\datasets\raw\roboflow_school_fuhih\train\images\CarLongPlateGen808_jpg.rf.638b3a541db722f655522d4bb682cba9.jpg,warning,small_box,0,box area 0.3455% of the image is below the 0.50% threshold; plates this small are hard to learn
D:\DATN\datasets\raw\roboflow_school_fuhih\train\images\CarLongPlateGen80_jpg.rf.20ef7adb3b9f6102772b5038652642d6.jpg,warning,small_box,0,box area 0.3704% of the image is below the 0.50% threshold; plates this small are hard to learn
D:\DATN\datasets\raw\roboflow_school_fuhih\train\images\CarLongPlateGen810_jpg.rf.f63197da831dd7ff83c0f34f2500cd0e.jpg,warning,small_box,0,box area 0.3566% of the image is below the 0.50% threshold; plates this small are hard to learn
D:\DATN\datasets\raw\roboflow_school_fuhih\train\images\CarLongPlateGen812_jpg.rf.1b3b2567582a7d005dcd7881b3245353.jpg,warning,small_box,0,box area 0.4263% of the image is below the 0.50% threshold; plates this small are hard to learn
D:\DATN\datasets\raw\roboflow_school_fuhih\train\images\CarLongPlateGen816_jpg.rf.a888176afaa417cf538dffe21dbe3fbd.jpg,warning,small_box,0,box area 0.4047% of the image is below the 0.50% threshold; plates this small are hard to learn
D:\DATN\datasets\raw\roboflow_school_fuhih\train\images\CarLongPlateGen818_jpg.rf.6df1526971bda9f6bb37a289367d16d2.jpg,warning,small_box,0,box area 0.3798% of the image is below the 0.50% threshold; plates this small are hard to learn
D:\DATN\datasets\raw\roboflow_school_fuhih\train\images\CarLongPlateGen81_jpg.rf.15c716b6db04ad2367412979397a4aa5.jpg,warning,small_box,0,box area 0.2203% of the image is below the 0.50% threshold; plates this small are hard to learn
D:\DATN\datasets\raw\roboflow_school_fuhih\train\images\CarLongPlateGen820_jpg.rf.c24db513e43404d383a56f07a27924ca.jpg,warning,small_box,0,box area 0.4153% of the image is below the 0.50% threshold; plates this small are hard to learn
D:\DATN\datasets\raw\roboflow_school_fuhih\train\images\CarLongPlateGen822_jpg.rf.28c5f433d0baf6182d7bd55d81d69724.jpg,warning,small_box,0,box area 0.3928% of the image is below the 0.50% threshold; plates this small are hard to learn
D:\DATN\datasets\raw\roboflow_school_fuhih\train\images\CarLongPlateGen825_jpg.rf.1ae96a5f230458eb909b21d612be5112.jpg,warning,small_box,0,box area 0.4263% of the image is below the 0.50% threshold; plates this small are hard to learn
D:\DATN\datasets\raw\roboflow_school_fuhih\train\images\CarLongPlateGen829_jpg.rf.9aeb61f8c8f98f8f021e447990db38dd.jpg,warning,small_box,0,box area 0.3891% of the image is below the 0.50% threshold; plates this small are hard to learn
D:\DATN\datasets\raw\roboflow_school_fuhih\train\images\CarLongPlateGen82_jpg.rf.80eb2840f91b75e427f0759d1f6be7e6.jpg,warning,small_box,0,box area 0.2769% of the image is below the 0.50% threshold; plates this small are hard to learn
D:\DATN\datasets\raw\roboflow_school_fuhih\train\images\CarLongPlateGen830_jpg.rf.ee858c87c8190fb9a28a498440362226.jpg,warning,small_box,0,box area 0.3995% of the image is below the 0.50% threshold; plates this small are hard to learn
D:\DATN\datasets\raw\roboflow_school_fuhih\train\images\CarLongPlateGen833_jpg.rf.46c9aab18d7cd1b4fb8e2d37afdfda3a.jpg,warning,small_box,0,box area 0.3566% of the image is below the 0.50% threshold; plates this small are hard to learn
D:\DATN\datasets\raw\roboflow_school_fuhih\train\images\CarLongPlateGen834_jpg.rf.b6622bd95ca8650909105a6f56fbbea0.jpg,warning,small_box,0,box area 0.4140% of the image is below the 0.50% threshold; plates this small are hard to learn
D:\DATN\datasets\raw\roboflow_school_fuhih\train\images\CarLongPlateGen835_jpg.rf.eec2b3f50d64351119c361025554503b.jpg,warning,small_box,0,box area 0.3256% of the image is below the 0.50% threshold; plates this small are hard to learn
D:\DATN\datasets\raw\roboflow_school_fuhih\train\images\CarLongPlateGen837_jpg.rf.e68a23e92452d80f73bd902d07720ad5.jpg,warning,small_box,0,box area 0.3642% of the image is below the 0.50% threshold; plates this small are hard to learn
D:\DATN\datasets\raw\roboflow_school_fuhih\train\images\CarLongPlateGen839_jpg.rf.83d16c703a01cf7d7a3ef729a56bf304.jpg,warning,small_box,0,box area 0.4364% of the image is below the 0.50% threshold; plates this small are hard to learn
D:\DATN\datasets\raw\roboflow_school_fuhih\train\images\CarLongPlateGen83_jpg.rf.eee06e044fd4a617e53ca93f4fe53c01.jpg,warning,small_box,0,box area 0.4047% of the image is below the 0.50% threshold; plates this small are hard to learn
D:\DATN\datasets\raw\roboflow_school_fuhih\train\images\CarLongPlateGen840_jpg.rf.490dec26b2b073508385739cb23f3e49.jpg,warning,small_box,0,box area 0.4633% of the image is below the 0.50% threshold; plates this small are hard to learn
D:\DATN\datasets\raw\roboflow_school_fuhih\train\images\CarLongPlateGen841_jpg.rf.accfcdf75d237a48ef080dae8d38e3b5.jpg,warning,small_box,0,box area 0.2512% of the image is below the 0.50% threshold; plates this small are hard to learn
D:\DATN\datasets\raw\roboflow_school_fuhih\train\images\CarLongPlateGen843_jpg.rf.694c6516950eed47ce597ec790aa7f30.jpg,warning,small_box,0,box area 0.2583% of the image is below the 0.50% threshold; plates this small are hard to learn
D:\DATN\datasets\raw\roboflow_school_fuhih\train\images\CarLongPlateGen845_jpg.rf.a32a841060b2ec608996b90df82ee690.jpg,warning,small_box,0,box area 0.2667% of the image is below the 0.50% threshold; plates this small are hard to learn
D:\DATN\datasets\raw\roboflow_school_fuhih\train\images\CarLongPlateGen846_jpg.rf.9881316bae17262d4d4f7adc44f30c2e.jpg,warning,small_box,0,box area 0.3127% of the image is below the 0.50% threshold; plates this small are hard to learn
D:\DATN\datasets\raw\roboflow_school_fuhih\train\images\CarLongPlateGen848_jpg.rf.a26157e456f62201fa1d8ec2564ec173.jpg,warning,small_box,0,box area 0.2499% of the image is below the 0.50% threshold; plates this small are hard to learn
D:\DATN\datasets\raw\roboflow_school_fuhih\train\images\CarLongPlateGen84_jpg.rf.4e20e8316b7cdef9f4793e7ffd095971.jpg,warning,small_box,0,box area 0.2512% of the image is below the 0.50% threshold; plates this small are hard to learn
D:\DATN\datasets\raw\roboflow_school_fuhih\train\images\CarLongPlateGen851_jpg.rf.cc681730d56cc5299adc0175e27e5b57.jpg,warning,small_box,0,box area 0.3642% of the image is below the 0.50% threshold; plates this small are hard to learn
D:\DATN\datasets\raw\roboflow_school_fuhih\train\images\CarLongPlateGen852_jpg.rf.620a8d283c7200400f8c7d641cedc506.jpg,warning,small_box,0,box area 0.4948% of the image is below the 0.50% threshold; plates this small are hard to learn
D:\DATN\datasets\raw\roboflow_school_fuhih\train\images\CarLongPlateGen853_jpg.rf.0690a9ceee14998d9876943584275716.jpg,warning,small_box,0,box area 0.2976% of the image is below the 0.50% threshold; plates this small are hard to learn
D:\DATN\datasets\raw\roboflow_school_fuhih\train\images\CarLongPlateGen855_jpg.rf.2b97c7e7bc8e35d3a3d9d9ac5df20836.jpg,warning,small_box,0,box area 0.3709% of the image is below the 0.50% threshold; plates this small are hard to learn
D:\DATN\datasets\raw\roboflow_school_fuhih\train\images\CarLongPlateGen85_jpg.rf.3fe1d2fbbd2f839d9eea2a58da9791a2.jpg,warning,small_box,0,box area 0.4576% of the image is below the 0.50% threshold; plates this small are hard to learn
D:\DATN\datasets\raw\roboflow_school_fuhih\train\images\CarLongPlateGen864_jpg.rf.443701ec6cb97375bc0a1a7da80bf61e.jpg,warning,small_box,0,box area 0.4633% of the image is below the 0.50% threshold; plates this small are hard to learn
D:\DATN\datasets\raw\roboflow_school_fuhih\train\images\CarLongPlateGen866_jpg.rf.25f29f5d3a57dfda09591d449e76184f.jpg,warning,small_box,0,box area 0.3201% of the image is below the 0.50% threshold; plates this small are hard to learn
D:\DATN\datasets\raw\roboflow_school_fuhih\train\images\CarLongPlateGen867_jpg.rf.fc13183fc9d4045caeb60dd9a4d350c5.jpg,warning,small_box,0,box area 0.2864% of the image is below the 0.50% threshold; plates this small are hard to learn
D:\DATN\datasets\raw\roboflow_school_fuhih\train\images\CarLongPlateGen869_jpg.rf.8c85f4f25481a7b23d7cb4e8081df7a0.jpg,warning,small_box,0,box area 0.3085% of the image is below the 0.50% threshold; plates this small are hard to learn
D:\DATN\datasets\raw\roboflow_school_fuhih\train\images\CarLongPlateGen86_jpg.rf.b4a28aa45c3a854f04f1289914b9f97d.jpg,warning,small_box,0,box area 0.2505% of the image is below the 0.50% threshold; plates this small are hard to learn
D:\DATN\datasets\raw\roboflow_school_fuhih\train\images\CarLongPlateGen871_jpg.rf.1764d3c0c72f6263867a7f578eec5d34.jpg,warning,small_box,0,box area 0.2921% of the image is below the 0.50% threshold; plates this small are hard to learn
D:\DATN\datasets\raw\roboflow_school_fuhih\train\images\CarLongPlateGen872_jpg.rf.08bd60b474aa13a5421cf063408a27c8.jpg,warning,small_box,0,box area 0.4263% of the image is below the 0.50% threshold; plates this small are hard to learn
D:\DATN\datasets\raw\roboflow_school_fuhih\train\images\CarLongPlateGen875_jpg.rf.29b99eb99da325f4ad3ab501d5639de1.jpg,warning,small_box,0,box area 0.2845% of the image is below the 0.50% threshold; plates this small are hard to learn
D:\DATN\datasets\raw\roboflow_school_fuhih\train\images\CarLongPlateGen876_jpg.rf.326627f96edd7be45d83cb5fd1356e21.jpg,warning,small_box,0,box area 0.4969% of the image is below the 0.50% threshold; plates this small are hard to learn
D:\DATN\datasets\raw\roboflow_school_fuhih\train\images\CarLongPlateGen877_jpg.rf.94986ee3c67f5897649d996cf93d0b56.jpg,warning,small_box,0,box area 0.4095% of the image is below the 0.50% threshold; plates this small are hard to learn
D:\DATN\datasets\raw\roboflow_school_fuhih\train\images\CarLongPlateGen878_jpg.rf.f7d06afd23bab24c45051de79aa48414.jpg,warning,small_box,0,box area 0.3817% of the image is below the 0.50% threshold; plates this small are hard to learn
D:\DATN\datasets\raw\roboflow_school_fuhih\train\images\CarLongPlateGen879_jpg.rf.e4d88bec96b160f0060111f266df8f25.jpg,warning,small_box,0,box area 0.4352% of the image is below the 0.50% threshold; plates this small are hard to learn
D:\DATN\datasets\raw\roboflow_school_fuhih\train\images\CarLongPlateGen882_jpg.rf.862789436d05ee0127bf83f8ac8a8289.jpg,warning,small_box,0,box area 0.4285% of the image is below the 0.50% threshold; plates this small are hard to learn
D:\DATN\datasets\raw\roboflow_school_fuhih\train\images\CarLongPlateGen883_jpg.rf.c74840262254b2d3abce9a8bae49eb99.jpg,warning,small_box,0,box area 0.4389% of the image is below the 0.50% threshold; plates this small are hard to learn
D:\DATN\datasets\raw\roboflow_school_fuhih\train\images\CarLongPlateGen884_jpg.rf.b922e4b82dc180b786d4d4e4a3d98494.jpg,warning,small_box,0,box area 0.2892% of the image is below the 0.50% threshold; plates this small are hard to learn
D:\DATN\datasets\raw\roboflow_school_fuhih\train\images\CarLongPlateGen885_jpg.rf.add965255cc955f4e59096b0c874c0f3.jpg,warning,small_box,0,box area 0.3204% of the image is below the 0.50% threshold; plates this small are hard to learn
D:\DATN\datasets\raw\roboflow_school_fuhih\train\images\CarLongPlateGen888_jpg.rf.3241dff9a1206bd501cd643bb49aa109.jpg,warning,small_box,0,box area 0.2751% of the image is below the 0.50% threshold; plates this small are hard to learn
D:\DATN\datasets\raw\roboflow_school_fuhih\train\images\CarLongPlateGen889_jpg.rf.dd79f635a015aa01cde21d5b73aa1bdf.jpg,warning,small_box,0,box area 0.3704% of the image is below the 0.50% threshold; plates this small are hard to learn
D:\DATN\datasets\raw\roboflow_school_fuhih\train\images\CarLongPlateGen88_jpg.rf.e71ce01cdbfba7399b6260d2a40375d0.jpg,warning,small_box,0,box area 0.3458% of the image is below the 0.50% threshold; plates this small are hard to learn
D:\DATN\datasets\raw\roboflow_school_fuhih\train\images\CarLongPlateGen890_jpg.rf.f7b8c42b0ef1d6b5b840b7b1619dc6c2.jpg,warning,small_box,0,box area 0.3051% of the image is below the 0.50% threshold; plates this small are hard to learn
D:\DATN\datasets\raw\roboflow_school_fuhih\train\images\CarLongPlateGen891_jpg.rf.39081013d6dba527e62f7e6a177e7bb1.jpg,warning,small_box,0,box area 0.4230% of the image is below the 0.50% threshold; plates this small are hard to learn
D:\DATN\datasets\raw\roboflow_school_fuhih\train\images\CarLongPlateGen893_jpg.rf.e9dd596ebefcf27d6a11cda47f9a8b33.jpg,warning,small_box,0,box area 0.4140% of the image is below the 0.50% threshold; plates this small are hard to learn
D:\DATN\datasets\raw\roboflow_school_fuhih\train\images\CarLongPlateGen894_jpg.rf.315c6dbb058d2fe4ff62f136dfc67b79.jpg,warning,small_box,0,box area 0.3455% of the image is below the 0.50% threshold; plates this small are hard to learn
D:\DATN\datasets\raw\roboflow_school_fuhih\train\images\CarLongPlateGen895_jpg.rf.7651a986817601c5ef3252e8517162ab.jpg,warning,small_box,0,box area 0.3425% of the image is below the 0.50% threshold; plates this small are hard to learn
D:\DATN\datasets\raw\roboflow_school_fuhih\train\images\CarLongPlateGen896_jpg.rf.e03e3abb998d068720a597ff22e0c8f8.jpg,warning,small_box,0,box area 0.2751% of the image is below the 0.50% threshold; plates this small are hard to learn
D:\DATN\datasets\raw\roboflow_school_fuhih\train\images\CarLongPlateGen898_jpg.rf.e759e62747534a39ee5fe9e0988b996b.jpg,warning,small_box,0,box area 0.2230% of the image is below the 0.50% threshold; plates this small are hard to learn
D:\DATN\datasets\raw\roboflow_school_fuhih\train\images\CarLongPlateGen8_jpg.rf.db5b8c2d29c44af2e1c473ba0bc6b183.jpg,warning,small_box,0,box area 0.2435% of the image is below the 0.50% threshold; plates this small are hard to learn
D:\DATN\datasets\raw\roboflow_school_fuhih\train\images\CarLongPlateGen900_jpg.rf.6a05d0b3841f7530334f34dc217b9dc7.jpg,warning,small_box,0,box area 0.4196% of the image is below the 0.50% threshold; plates this small are hard to learn
D:\DATN\datasets\raw\roboflow_school_fuhih\train\images\CarLongPlateGen901_jpg.rf.3ddcc3fdc4855f8e346647e1012afc5a.jpg,warning,small_box,0,box area 0.4565% of the image is below the 0.50% threshold; plates this small are hard to learn
D:\DATN\datasets\raw\roboflow_school_fuhih\train\images\CarLongPlateGen902_jpg.rf.cd5c39f09ac8aeb3c1ee97390d43a58d.jpg,warning,small_box,0,box area 0.3817% of the image is below the 0.50% threshold; plates this small are hard to learn
D:\DATN\datasets\raw\roboflow_school_fuhih\train\images\CarLongPlateGen904_jpg.rf.4f21fb53f8b55d395d0a420ebe70c99f.jpg,warning,small_box,0,box area 0.3154% of the image is below the 0.50% threshold; plates this small are hard to learn
D:\DATN\datasets\raw\roboflow_school_fuhih\train\images\CarLongPlateGen908_jpg.rf.16c52119672ba0190593ce50ed20bc66.jpg,warning,small_box,0,box area 0.4825% of the image is below the 0.50% threshold; plates this small are hard to learn
D:\DATN\datasets\raw\roboflow_school_fuhih\train\images\CarLongPlateGen909_jpg.rf.7f0bc2a37ab8f77678e4e577bc898c9d.jpg,warning,small_box,0,box area 0.3704% of the image is below the 0.50% threshold; plates this small are hard to learn
D:\DATN\datasets\raw\roboflow_school_fuhih\train\images\CarLongPlateGen912_jpg.rf.b4ae36f093d45acce03d7148ab5ef817.jpg,warning,small_box,0,box area 0.1948% of the image is below the 0.50% threshold; plates this small are hard to learn
D:\DATN\datasets\raw\roboflow_school_fuhih\train\images\CarLongPlateGen918_jpg.rf.eccf2e4ec9731ff09cee14e0b7ad1e46.jpg,warning,small_box,0,box area 0.2512% of the image is below the 0.50% threshold; plates this small are hard to learn
D:\DATN\datasets\raw\roboflow_school_fuhih\train\images\CarLongPlateGen91_jpg.rf.093a147db2a9e01fab57c971c1f035e7.jpg,warning,small_box,0,box area 0.2443% of the image is below the 0.50% threshold; plates this small are hard to learn
D:\DATN\datasets\raw\roboflow_school_fuhih\train\images\CarLongPlateGen920_jpg.rf.675d448027566b8ada2885a245e4b3dd.jpg,warning,small_box,0,box area 0.2505% of the image is below the 0.50% threshold; plates this small are hard to learn
D:\DATN\datasets\raw\roboflow_school_fuhih\train\images\CarLongPlateGen923_jpg.rf.26f1a886408d161b8f3244d9f7ce208f.jpg,warning,small_box,0,box area 0.3206% of the image is below the 0.50% threshold; plates this small are hard to learn
D:\DATN\datasets\raw\roboflow_school_fuhih\train\images\CarLongPlateGen925_jpg.rf.e2d72feca5f54ec27b25a522075d4f34.jpg,warning,small_box,0,box area 0.3827% of the image is below the 0.50% threshold; plates this small are hard to learn
D:\DATN\datasets\raw\roboflow_school_fuhih\train\images\CarLongPlateGen926_jpg.rf.6f72c56e25419d996be6c9a3d35deada.jpg,warning,small_box,0,box area 0.2358% of the image is below the 0.50% threshold; plates this small are hard to learn
D:\DATN\datasets\raw\roboflow_school_fuhih\train\images\CarLongPlateGen929_jpg.rf.901e355527370965b25e44e0678334fa.jpg,warning,small_box,0,box area 0.3051% of the image is below the 0.50% threshold; plates this small are hard to learn
D:\DATN\datasets\raw\roboflow_school_fuhih\train\images\CarLongPlateGen931_jpg.rf.cbf6bd38985e91f0ff2b8fac64e2add8.jpg,warning,small_box,0,box area 0.4296% of the image is below the 0.50% threshold; plates this small are hard to learn
D:\DATN\datasets\raw\roboflow_school_fuhih\train\images\CarLongPlateGen933_jpg.rf.db4bfd418ccc1655c1dbe0ee373bdbbd.jpg,warning,small_box,0,box area 0.4105% of the image is below the 0.50% threshold; plates this small are hard to learn
D:\DATN\datasets\raw\roboflow_school_fuhih\train\images\CarLongPlateGen934_jpg.rf.e9b1ed406012e47e57ff6d19031211f3.jpg,warning,small_box,0,box area 0.4296% of the image is below the 0.50% threshold; plates this small are hard to learn
D:\DATN\datasets\raw\roboflow_school_fuhih\train\images\CarLongPlateGen935_jpg.rf.69cd2e6bc46006e3f12f042dca758b28.jpg,warning,small_box,0,box area 0.4969% of the image is below the 0.50% threshold; plates this small are hard to learn
D:\DATN\datasets\raw\roboflow_school_fuhih\train\images\CarLongPlateGen936_jpg.rf.4f59292161d5d3ed4ec13a1dd3abd7f6.jpg,warning,small_box,0,box area 0.3549% of the image is below the 0.50% threshold; plates this small are hard to learn
D:\DATN\datasets\raw\roboflow_school_fuhih\train\images\CarLongPlateGen939_jpg.rf.50f81d1f365fdeea0ea977e7aa806baf.jpg,warning,small_box,0,box area 0.3204% of the image is below the 0.50% threshold; plates this small are hard to learn
D:\DATN\datasets\raw\roboflow_school_fuhih\train\images\CarLongPlateGen93_jpg.rf.d5c448ffeb52252ac0380f88bf9004ad.jpg,warning,small_box,0,box area 0.4573% of the image is below the 0.50% threshold; plates this small are hard to learn
D:\DATN\datasets\raw\roboflow_school_fuhih\train\images\CarLongPlateGen942_jpg.rf.6f5b40c7ea8524d679f639370485d230.jpg,warning,small_box,0,box area 0.4633% of the image is below the 0.50% threshold; plates this small are hard to learn
D:\DATN\datasets\raw\roboflow_school_fuhih\train\images\CarLongPlateGen944_jpg.rf.5bf6bde4f046391e2a9452912f7c53e5.jpg,warning,small_box,0,box area 0.4638% of the image is below the 0.50% threshold; plates this small are hard to learn
D:\DATN\datasets\raw\roboflow_school_fuhih\train\images\CarLongPlateGen947_jpg.rf.4ff090c42eabe2612a3dffd92453a065.jpg,warning,small_box,0,box area 0.4878% of the image is below the 0.50% threshold; plates this small are hard to learn
D:\DATN\datasets\raw\roboflow_school_fuhih\train\images\CarLongPlateGen948_jpg.rf.cff71b6e0b83806d4952986e621a5e48.jpg,warning,small_box,0,box area 0.3206% of the image is below the 0.50% threshold; plates this small are hard to learn
D:\DATN\datasets\raw\roboflow_school_fuhih\train\images\CarLongPlateGen951_jpg.rf.5b600cc022ba0e3ee16be6c105ccda6b.jpg,warning,small_box,0,box area 0.4389% of the image is below the 0.50% threshold; plates this small are hard to learn
D:\DATN\datasets\raw\roboflow_school_fuhih\train\images\CarLongPlateGen953_jpg.rf.2f6153381e61bca5d60014549ced38c0.jpg,warning,small_box,0,box area 0.3362% of the image is below the 0.50% threshold; plates this small are hard to learn
D:\DATN\datasets\raw\roboflow_school_fuhih\train\images\CarLongPlateGen956_jpg.rf.081c1137d9e12366404f85481894c1c0.jpg,warning,small_box,0,box area 0.4545% of the image is below the 0.50% threshold; plates this small are hard to learn
D:\DATN\datasets\raw\roboflow_school_fuhih\train\images\CarLongPlateGen957_jpg.rf.219b077bc193ce0185c2089b91e86334.jpg,warning,small_box,0,box area 0.4545% of the image is below the 0.50% threshold; plates this small are hard to learn
D:\DATN\datasets\raw\roboflow_school_fuhih\train\images\CarLongPlateGen959_jpg.rf.29277b03781e44d5d31b4404ae895506.jpg,warning,small_box,0,box area 0.3455% of the image is below the 0.50% threshold; plates this small are hard to learn
D:\DATN\datasets\raw\roboflow_school_fuhih\train\images\CarLongPlateGen960_jpg.rf.5c0c2ece2c6467504487fa27653d9d24.jpg,warning,small_box,0,box area 0.2845% of the image is below the 0.50% threshold; plates this small are hard to learn
D:\DATN\datasets\raw\roboflow_school_fuhih\train\images\CarLongPlateGen961_jpg.rf.99a31a532b68eccbe759507bb69130f7.jpg,warning,small_box,0,box area 0.3455% of the image is below the 0.50% threshold; plates this small are hard to learn
D:\DATN\datasets\raw\roboflow_school_fuhih\train\images\CarLongPlateGen963_jpg.rf.7c12d7218882bbc79641574fbf920dca.jpg,warning,small_box,0,box area 0.3362% of the image is below the 0.50% threshold; plates this small are hard to learn
D:\DATN\datasets\raw\roboflow_school_fuhih\train\images\CarLongPlateGen964_jpg.rf.df9ffb306695be825659de0a30174913.jpg,warning,small_box,0,box area 0.3691% of the image is below the 0.50% threshold; plates this small are hard to learn
D:\DATN\datasets\raw\roboflow_school_fuhih\train\images\CarLongPlateGen965_jpg.rf.ef410ddbfe487154bb5b913c85f8af34.jpg,warning,small_box,0,box area 0.2389% of the image is below the 0.50% threshold; plates this small are hard to learn
D:\DATN\datasets\raw\roboflow_school_fuhih\train\images\CarLongPlateGen967_jpg.rf.946a3204463406c003cfcf15256beea7.jpg,warning,small_box,0,box area 0.4681% of the image is below the 0.50% threshold; plates this small are hard to learn
D:\DATN\datasets\raw\roboflow_school_fuhih\train\images\CarLongPlateGen969_jpg.rf.6cd4e347884ab9478aa0b739c8d6cc02.jpg,warning,small_box,0,box area 0.4482% of the image is below the 0.50% threshold; plates this small are hard to learn
D:\DATN\datasets\raw\roboflow_school_fuhih\train\images\CarLongPlateGen96_jpg.rf.aa63e2d4a9fd865b6e324a3a7af3e8ac.jpg,warning,small_box,0,box area 0.1593% of the image is below the 0.50% threshold; plates this small are hard to learn
D:\DATN\datasets\raw\roboflow_school_fuhih\train\images\CarLongPlateGen975_jpg.rf.31d33ed22c18ae3a4dec86c191f7e383.jpg,warning,small_box,0,box area 0.3928% of the image is below the 0.50% threshold; plates this small are hard to learn
D:\DATN\datasets\raw\roboflow_school_fuhih\train\images\CarLongPlateGen978_jpg.rf.b784783861902d402b836be27214d762.jpg,warning,small_box,0,box area 0.3566% of the image is below the 0.50% threshold; plates this small are hard to learn
D:\DATN\datasets\raw\roboflow_school_fuhih\train\images\CarLongPlateGen979_jpg.rf.bd21928d03f77d62e278d8a62d6f2fb1.jpg,warning,small_box,0,box area 0.4789% of the image is below the 0.50% threshold; plates this small are hard to learn
D:\DATN\datasets\raw\roboflow_school_fuhih\train\images\CarLongPlateGen97_jpg.rf.b116f9c7fad1ada66e0d59d832efbfcd.jpg,warning,small_box,0,box area 0.4465% of the image is below the 0.50% threshold; plates this small are hard to learn
D:\DATN\datasets\raw\roboflow_school_fuhih\train\images\CarLongPlateGen981_jpg.rf.d2b5f76fe52b3e3ae999ed5ab0c8aeed.jpg,warning,small_box,0,box area 0.3458% of the image is below the 0.50% threshold; plates this small are hard to learn
D:\DATN\datasets\raw\roboflow_school_fuhih\train\images\CarLongPlateGen983_jpg.rf.ea3c52e2e695cf496d7c251b1eee24b2.jpg,warning,small_box,0,box area 0.4384% of the image is below the 0.50% threshold; plates this small are hard to learn
D:\DATN\datasets\raw\roboflow_school_fuhih\train\images\CarLongPlateGen984_jpg.rf.87d50091c845f83f60986baf1721db0e.jpg,warning,small_box,0,box area 0.4043% of the image is below the 0.50% threshold; plates this small are hard to learn
D:\DATN\datasets\raw\roboflow_school_fuhih\train\images\CarLongPlateGen985_jpg.rf.d8f7281ad06c14649efad72dd549c96d.jpg,warning,small_box,0,box area 0.4095% of the image is below the 0.50% threshold; plates this small are hard to learn
D:\DATN\datasets\raw\roboflow_school_fuhih\train\images\CarLongPlateGen989_jpg.rf.080597aeed291077efca710501219f37.jpg,warning,small_box,0,box area 0.4969% of the image is below the 0.50% threshold; plates this small are hard to learn
D:\DATN\datasets\raw\roboflow_school_fuhih\train\images\CarLongPlateGen98_jpg.rf.51d5589b88f42f69c5888f1231817081.jpg,warning,small_box,0,box area 0.2512% of the image is below the 0.50% threshold; plates this small are hard to learn
D:\DATN\datasets\raw\roboflow_school_fuhih\train\images\CarLongPlateGen990_jpg.rf.6f7ea60bf746c634ec824b3b2d06ee59.jpg,warning,small_box,0,box area 0.4364% of the image is below the 0.50% threshold; plates this small are hard to learn
D:\DATN\datasets\raw\roboflow_school_fuhih\train\images\CarLongPlateGen994_jpg.rf.7754ca3da5fd67a9e324fec98ad0ab7e.jpg,warning,small_box,0,box area 0.3270% of the image is below the 0.50% threshold; plates this small are hard to learn
D:\DATN\datasets\raw\roboflow_school_fuhih\train\images\CarLongPlateGen995_jpg.rf.4f50ed86e77f35941098b95455514b36.jpg,warning,small_box,0,box area 0.3455% of the image is below the 0.50% threshold; plates this small are hard to learn
D:\DATN\datasets\raw\roboflow_school_fuhih\train\images\CarLongPlateGen998_jpg.rf.4f676adfd28f24730a38e198eb790d57.jpg,warning,small_box,0,box area 0.3625% of the image is below the 0.50% threshold; plates this small are hard to learn
D:\DATN\datasets\raw\roboflow_school_fuhih\train\images\CarLongPlateGen999_jpg.rf.70a5429f0604d15bf742e5a50cecf514.jpg,warning,small_box,0,box area 0.4733% of the image is below the 0.50% threshold; plates this small are hard to learn
D:\DATN\datasets\raw\roboflow_school_fuhih\train\images\CarLongPlateGen99_jpg.rf.9d1f2545d58f9eaa552cea75f615b8da.jpg,warning,small_box,0,box area 0.4939% of the image is below the 0.50% threshold; plates this small are hard to learn
D:\DATN\datasets\raw\roboflow_school_fuhih\train\images\CarLongPlateGen9_jpg.rf.75c9a5b85fe8758a53a3576e14ae7696.jpg,warning,small_box,0,box area 0.4233% of the image is below the 0.50% threshold; plates this small are hard to learn
D:\DATN\datasets\raw\roboflow_school_fuhih\train\images\cropngoaigiao11_jpg.rf.ea0e781688b37adc7974ad392b444f4b.jpg,warning,small_box,0,box area 0.1740% of the image is below the 0.50% threshold; plates this small are hard to learn
D:\DATN\datasets\raw\roboflow_school_fuhih\train\images\cropngoaigiao12_jpg.rf.62715f39b64dff5a4e1aa4a446aac699.jpg,warning,small_box,1,box area 0.3094% of the image is below the 0.50% threshold; plates this small are hard to learn
D:\DATN\datasets\raw\roboflow_school_fuhih\train\images\cropquandoi101_jpg.rf.0cdf4b3f67117000b25549fa7e36bf27.jpg,warning,small_box,0,box area 0.2021% of the image is below the 0.50% threshold; plates this small are hard to learn
D:\DATN\datasets\raw\roboflow_school_fuhih\train\images\cropquandoi101_jpg.rf.0cdf4b3f67117000b25549fa7e36bf27.jpg,warning,small_box,1,box area 0.1611% of the image is below the 0.50% threshold; plates this small are hard to learn
D:\DATN\datasets\raw\roboflow_school_fuhih\train\images\cropquandoi101_jpg.rf.0cdf4b3f67117000b25549fa7e36bf27.jpg,warning,small_box,2,box area 0.0955% of the image is below the 0.50% threshold; plates this small are hard to learn
D:\DATN\datasets\raw\roboflow_school_fuhih\train\images\cropquandoi105_jpg.rf.b16f9ec68c7d5993d0e980ba1a6c6a58.jpg,warning,small_box,0,box area 0.1797% of the image is below the 0.50% threshold; plates this small are hard to learn
D:\DATN\datasets\raw\roboflow_school_fuhih\train\images\cropquandoi108_jpg.rf.7391c11b5e9ed6ed8334b121a6bd10b5.jpg,warning,small_box,0,box area 0.3189% of the image is below the 0.50% threshold; plates this small are hard to learn
D:\DATN\datasets\raw\roboflow_school_fuhih\train\images\cropquandoi108_jpg.rf.7391c11b5e9ed6ed8334b121a6bd10b5.jpg,warning,small_box,1,box area 0.0492% of the image is below the 0.50% threshold; plates this small are hard to learn
D:\DATN\datasets\raw\roboflow_school_fuhih\train\images\cropquandoi109_jpg.rf.adf810c28227f9cb06452ef072569c9f.jpg,warning,small_box,0,box area 0.1868% of the image is below the 0.50% threshold; plates this small are hard to learn
D:\DATN\datasets\raw\roboflow_school_fuhih\train\images\cropquandoi15_jpg.rf.24e401289c9bca8136666e2502b224ea.jpg,warning,small_box,0,box area 0.2515% of the image is below the 0.50% threshold; plates this small are hard to learn
D:\DATN\datasets\raw\roboflow_school_fuhih\train\images\cropquandoi16_jpg.rf.f78344a3bfb5b0ae22b018fb83536978.jpg,warning,small_box,0,box area 0.3364% of the image is below the 0.50% threshold; plates this small are hard to learn
D:\DATN\datasets\raw\roboflow_school_fuhih\train\images\cropquandoi1_jpg.rf.66f681bc6a178717310b76ac46fc5a97.jpg,warning,small_box,0,box area 0.4736% of the image is below the 0.50% threshold; plates this small are hard to learn
D:\DATN\datasets\raw\roboflow_school_fuhih\train\images\cropquandoi25_jpg.rf.13c0eef5e619f6415901bf6721aa5a2e.jpg,warning,small_box,1,box area 0.3164% of the image is below the 0.50% threshold; plates this small are hard to learn
D:\DATN\datasets\raw\roboflow_school_fuhih\train\images\cropquandoi34_jpg.rf.5da2d5f9b7b83203613f906c63b93e41.jpg,warning,small_box,0,box area 0.3832% of the image is below the 0.50% threshold; plates this small are hard to learn
D:\DATN\datasets\raw\roboflow_school_fuhih\train\images\cropquandoi36_jpg.rf.f67fcdb6a39fcbbe75c8f58ec7eacf77.jpg,warning,small_box,0,box area 0.4324% of the image is below the 0.50% threshold; plates this small are hard to learn
D:\DATN\datasets\raw\roboflow_school_fuhih\train\images\cropquandoi39_jpg.rf.45715fe67f33b23692f8aa1a24566d2d.jpg,warning,small_box,1,box area 0.1456% of the image is below the 0.50% threshold; plates this small are hard to learn
D:\DATN\datasets\raw\roboflow_school_fuhih\train\images\cropquandoi3_jpg.rf.8862e63d0062039ed8bf1de06176e7a2.jpg,warning,small_box,0,box area 0.2064% of the image is below the 0.50% threshold; plates this small are hard to learn
D:\DATN\datasets\raw\roboflow_school_fuhih\train\images\cropquandoi3_jpg.rf.8862e63d0062039ed8bf1de06176e7a2.jpg,warning,small_box,1,box area 0.1004% of the image is below the 0.50% threshold; plates this small are hard to learn
D:\DATN\datasets\raw\roboflow_school_fuhih\train\images\cropquandoi3_jpg.rf.8862e63d0062039ed8bf1de06176e7a2.jpg,warning,small_box,2,box area 0.0789% of the image is below the 0.50% threshold; plates this small are hard to learn
D:\DATN\datasets\raw\roboflow_school_fuhih\train\images\cropquandoi48_jpg.rf.36cde65383d1d6e160de3295977cf744.jpg,warning,small_box,0,box area 0.4436% of the image is below the 0.50% threshold; plates this small are hard to learn
D:\DATN\datasets\raw\roboflow_school_fuhih\train\images\cropquandoi4_jpg.rf.fa33bbcf056da3d3b8770d7f37829dd4.jpg,warning,small_box,0,box area 0.3223% of the image is below the 0.50% threshold; plates this small are hard to learn
D:\DATN\datasets\raw\roboflow_school_fuhih\train\images\cropquandoi4_jpg.rf.fa33bbcf056da3d3b8770d7f37829dd4.jpg,warning,small_box,1,box area 0.0926% of the image is below the 0.50% threshold; plates this small are hard to learn
D:\DATN\datasets\raw\roboflow_school_fuhih\train\images\cropquandoi59_jpg.rf.46c1e2fd64d8b5879fe7781e33d46f21.jpg,warning,small_box,0,box area 0.3351% of the image is below the 0.50% threshold; plates this small are hard to learn
D:\DATN\datasets\raw\roboflow_school_fuhih\train\images\cropquandoi59_jpg.rf.46c1e2fd64d8b5879fe7781e33d46f21.jpg,warning,small_box,2,box area 0.0742% of the image is below the 0.50% threshold; plates this small are hard to learn
D:\DATN\datasets\raw\roboflow_school_fuhih\train\images\cropquandoi59_jpg.rf.46c1e2fd64d8b5879fe7781e33d46f21.jpg,warning,small_box,3,box area 0.0906% of the image is below the 0.50% threshold; plates this small are hard to learn
D:\DATN\datasets\raw\roboflow_school_fuhih\train\images\cropquandoi5_jpg.rf.8438d9d1c99c2795fbafca820aef9bd3.jpg,warning,small_box,0,box area 0.2611% of the image is below the 0.50% threshold; plates this small are hard to learn
D:\DATN\datasets\raw\roboflow_school_fuhih\train\images\cropquandoi61_jpg.rf.9bdf1a1cc4e8ad471d6dc6ca3ed1875d.jpg,warning,small_box,0,box area 0.2739% of the image is below the 0.50% threshold; plates this small are hard to learn
D:\DATN\datasets\raw\roboflow_school_fuhih\train\images\cropquandoi63_jpg.rf.727444ba598c81ba2de476a5610cc799.jpg,warning,small_box,0,box area 0.1588% of the image is below the 0.50% threshold; plates this small are hard to learn
D:\DATN\datasets\raw\roboflow_school_fuhih\train\images\cropquandoi65_jpg.rf.cc09094825456514d0ac2bfbf32559bc.jpg,warning,small_box,0,box area 0.3312% of the image is below the 0.50% threshold; plates this small are hard to learn
D:\DATN\datasets\raw\roboflow_school_fuhih\train\images\cropquandoi65_jpg.rf.cc09094825456514d0ac2bfbf32559bc.jpg,warning,small_box,1,box area 0.1758% of the image is below the 0.50% threshold; plates this small are hard to learn
D:\DATN\datasets\raw\roboflow_school_fuhih\train\images\cropquandoi65_jpg.rf.cc09094825456514d0ac2bfbf32559bc.jpg,warning,small_box,2,box area 0.1840% of the image is below the 0.50% threshold; plates this small are hard to learn
D:\DATN\datasets\raw\roboflow_school_fuhih\train\images\cropquandoi6_jpg.rf.ec8391e75a7c51b0f43aadb484199fba.jpg,warning,small_box,0,box area 0.1930% of the image is below the 0.50% threshold; plates this small are hard to learn
D:\DATN\datasets\raw\roboflow_school_fuhih\train\images\cropquandoi73_jpg.rf.06a16d59a4eb30d150b5e30bb1fbc830.jpg,warning,small_box,0,box area 0.4431% of the image is below the 0.50% threshold; plates this small are hard to learn
D:\DATN\datasets\raw\roboflow_school_fuhih\train\images\cropquandoi81_jpg.rf.0b28b7876112bf67ca4d4a7ffec9a377.jpg,warning,small_box,0,box area 0.2443% of the image is below the 0.50% threshold; plates this small are hard to learn
D:\DATN\datasets\raw\roboflow_school_fuhih\train\images\cropquandoi81_jpg.rf.0b28b7876112bf67ca4d4a7ffec9a377.jpg,warning,small_box,1,box area 0.0726% of the image is below the 0.50% threshold; plates this small are hard to learn
D:\DATN\datasets\raw\roboflow_school_fuhih\train\images\cropquandoi81_jpg.rf.0b28b7876112bf67ca4d4a7ffec9a377.jpg,warning,small_box,2,box area 0.3174% of the image is below the 0.50% threshold; plates this small are hard to learn
D:\DATN\datasets\raw\roboflow_school_fuhih\train\images\cropquandoi81_jpg.rf.0b28b7876112bf67ca4d4a7ffec9a377.jpg,warning,small_box,3,box area 0.1809% of the image is below the 0.50% threshold; plates this small are hard to learn
D:\DATN\datasets\raw\roboflow_school_fuhih\train\images\cropquandoi83_jpg.rf.4da8c251c5b61080716a7351ceb7610f.jpg,warning,small_box,0,box area 0.2939% of the image is below the 0.50% threshold; plates this small are hard to learn
D:\DATN\datasets\raw\roboflow_school_fuhih\train\images\cropquandoi83_jpg.rf.4da8c251c5b61080716a7351ceb7610f.jpg,warning,small_box,1,box area 0.1934% of the image is below the 0.50% threshold; plates this small are hard to learn
D:\DATN\datasets\raw\roboflow_school_fuhih\train\images\cropquandoi85_jpg.rf.262bc3369a8d9dce5cfc4e4a93580ff0.jpg,warning,small_box,0,box area 0.3823% of the image is below the 0.50% threshold; plates this small are hard to learn
D:\DATN\datasets\raw\roboflow_school_fuhih\train\images\cropquandoi86_jpg.rf.6ed1994deabce98cb026ad4396ee1065.jpg,warning,small_box,0,box area 0.1523% of the image is below the 0.50% threshold; plates this small are hard to learn
D:\DATN\datasets\raw\roboflow_school_fuhih\train\images\cropquandoi86_jpg.rf.6ed1994deabce98cb026ad4396ee1065.jpg,warning,small_box,1,box area 0.0795% of the image is below the 0.50% threshold; plates this small are hard to learn
D:\DATN\datasets\raw\roboflow_school_fuhih\train\images\cropquandoi86_jpg.rf.6ed1994deabce98cb026ad4396ee1065.jpg,warning,small_box,2,box area 0.0610% of the image is below the 0.50% threshold; plates this small are hard to learn
D:\DATN\datasets\raw\roboflow_school_fuhih\train\images\cropquandoi8_jpg.rf.17f640ebf07340968473284668c154ce.jpg,warning,small_box,0,box area 0.2290% of the image is below the 0.50% threshold; plates this small are hard to learn
D:\DATN\datasets\raw\roboflow_school_fuhih\train\images\cropquandoi90_jpg.rf.feb051624f39614003d042bfc0546b31.jpg,warning,small_box,0,box area 0.2677% of the image is below the 0.50% threshold; plates this small are hard to learn
D:\DATN\datasets\raw\roboflow_school_fuhih\train\images\cropquandoi91_jpg.rf.0df6f052bb3b1348a12937934b8eccf0.jpg,warning,small_box,0,box area 0.2802% of the image is below the 0.50% threshold; plates this small are hard to learn
D:\DATN\datasets\raw\roboflow_school_fuhih\train\images\cropquandoi91_jpg.rf.0df6f052bb3b1348a12937934b8eccf0.jpg,warning,small_box,1,box area 0.1089% of the image is below the 0.50% threshold; plates this small are hard to learn
D:\DATN\datasets\raw\roboflow_school_fuhih\train\images\cropquandoi91_jpg.rf.0df6f052bb3b1348a12937934b8eccf0.jpg,warning,small_box,2,box area 0.1650% of the image is below the 0.50% threshold; plates this small are hard to learn
D:\DATN\datasets\raw\roboflow_school_fuhih\train\images\cropquandoi93_jpg.rf.f85e61778e611839dde9b55ceafc0793.jpg,warning,small_box,0,box area 0.1902% of the image is below the 0.50% threshold; plates this small are hard to learn
D:\DATN\datasets\raw\roboflow_school_fuhih\train\images\cropquandoi93_jpg.rf.f85e61778e611839dde9b55ceafc0793.jpg,warning,small_box,1,box area 0.1392% of the image is below the 0.50% threshold; plates this small are hard to learn
D:\DATN\datasets\raw\roboflow_school_fuhih\train\images\cropquandoi93_jpg.rf.f85e61778e611839dde9b55ceafc0793.jpg,warning,small_box,2,box area 0.0908% of the image is below the 0.50% threshold; plates this small are hard to learn
D:\DATN\datasets\raw\roboflow_school_fuhih\train\images\cropquandoi93_jpg.rf.f85e61778e611839dde9b55ceafc0793.jpg,warning,small_box,3,box area 0.0526% of the image is below the 0.50% threshold; plates this small are hard to learn
D:\DATN\datasets\raw\roboflow_school_fuhih\train\images\cropquandoi93_jpg.rf.f85e61778e611839dde9b55ceafc0793.jpg,warning,small_box,4,box area 0.0851% of the image is below the 0.50% threshold; plates this small are hard to learn
D:\DATN\datasets\raw\roboflow_school_fuhih\train\images\cropquandoi96_jpg.rf.c9be8824d89d51bb267759f4dd11e1c8.jpg,warning,small_box,0,box area 0.2330% of the image is below the 0.50% threshold; plates this small are hard to learn
D:\DATN\datasets\raw\roboflow_school_fuhih\train\images\cropquandoi97_jpg.rf.19fa8274b2adcde977678247a02f0dd6.jpg,warning,small_box,0,box area 0.3053% of the image is below the 0.50% threshold; plates this small are hard to learn
D:\DATN\datasets\raw\roboflow_school_fuhih\train\images\cropquandoi98_jpg.rf.ba4fd595777aed79b4460e2ad4a994f1.jpg,warning,small_box,0,box area 0.3540% of the image is below the 0.50% threshold; plates this small are hard to learn
D:\DATN\datasets\raw\roboflow_school_fuhih\train\images\ngoaigiao11_jpg.rf.bb298449fdeeda8925e968a4206a4320.jpg,warning,small_box,1,box area 0.4742% of the image is below the 0.50% threshold; plates this small are hard to learn
D:\DATN\datasets\raw\roboflow_school_fuhih\train\images\ngoaigiao12_jpg.rf.a21199ef32bca8059ee31b0ae4d125f8.jpg,warning,small_box,1,box area 0.1226% of the image is below the 0.50% threshold; plates this small are hard to learn
D:\DATN\datasets\raw\roboflow_school_fuhih\train\images\quandoi102_jpg.rf.700d3291a04aa6accfd9afa154b6f3f3.jpg,warning,small_box,0,box area 0.2670% of the image is below the 0.50% threshold; plates this small are hard to learn
D:\DATN\datasets\raw\roboflow_school_fuhih\train\images\quandoi102_jpg.rf.700d3291a04aa6accfd9afa154b6f3f3.jpg,warning,small_box,1,box area 0.0619% of the image is below the 0.50% threshold; plates this small are hard to learn
D:\DATN\datasets\raw\roboflow_school_fuhih\train\images\quandoi103_jpg.rf.1acb64bd9d0fb335a0e25be4985bb194.jpg,warning,small_box,0,box area 0.3313% of the image is below the 0.50% threshold; plates this small are hard to learn
D:\DATN\datasets\raw\roboflow_school_fuhih\train\images\quandoi105_jpg.rf.55dea878af538baa1787b54b87b639bc.jpg,warning,small_box,0,box area 0.1740% of the image is below the 0.50% threshold; plates this small are hard to learn
D:\DATN\datasets\raw\roboflow_school_fuhih\train\images\quandoi106_jpg.rf.b6cba88b913236843eea9c2c2b34b19b.jpg,warning,small_box,0,box area 0.3746% of the image is below the 0.50% threshold; plates this small are hard to learn
D:\DATN\datasets\raw\roboflow_school_fuhih\train\images\quandoi108_jpg.rf.688835ae5716c0ddc78e293a7f776c64.jpg,warning,small_box,0,box area 0.2246% of the image is below the 0.50% threshold; plates this small are hard to learn
D:\DATN\datasets\raw\roboflow_school_fuhih\train\images\quandoi108_jpg.rf.688835ae5716c0ddc78e293a7f776c64.jpg,warning,small_box,1,box area 0.0645% of the image is below the 0.50% threshold; plates this small are hard to learn
D:\DATN\datasets\raw\roboflow_school_fuhih\train\images\quandoi109_jpg.rf.04b07c11ee48497b7af8f64ebaf0dbd3.jpg,warning,small_box,0,box area 0.1287% of the image is below the 0.50% threshold; plates this small are hard to learn
D:\DATN\datasets\raw\roboflow_school_fuhih\train\images\quandoi110_jpg.rf.b09f4f11e5a8f90d6ef44284ecb96956.jpg,warning,small_box,0,box area 0.2472% of the image is below the 0.50% threshold; plates this small are hard to learn
D:\DATN\datasets\raw\roboflow_school_fuhih\train\images\quandoi11_jpg.rf.fc64acc95ef7e85d0f996384906597ad.jpg,warning,small_box,0,box area 0.4175% of the image is below the 0.50% threshold; plates this small are hard to learn
D:\DATN\datasets\raw\roboflow_school_fuhih\train\images\quandoi13_jpg.rf.e6b3514f115aa8d15b3bba5dba39b952.jpg,warning,small_box,0,box area 0.4915% of the image is below the 0.50% threshold; plates this small are hard to learn
D:\DATN\datasets\raw\roboflow_school_fuhih\train\images\quandoi15_jpg.rf.44c9ef93783b90bb503c231a07a5567f.jpg,warning,small_box,0,box area 0.2435% of the image is below the 0.50% threshold; plates this small are hard to learn
D:\DATN\datasets\raw\roboflow_school_fuhih\train\images\quandoi17_jpg.rf.f86c35873ad1358ccd4600f7131dc171.jpg,warning,small_box,0,box area 0.2438% of the image is below the 0.50% threshold; plates this small are hard to learn
D:\DATN\datasets\raw\roboflow_school_fuhih\train\images\quandoi19_jpg.rf.410dfd9d0b9149d494e45232573c196a.jpg,warning,small_box,0,box area 0.4457% of the image is below the 0.50% threshold; plates this small are hard to learn
D:\DATN\datasets\raw\roboflow_school_fuhih\train\images\quandoi1_jpg.rf.da7f7408735d1e17e68a830670fb63b0.jpg,warning,small_box,0,box area 0.2335% of the image is below the 0.50% threshold; plates this small are hard to learn
D:\DATN\datasets\raw\roboflow_school_fuhih\train\images\quandoi20_jpg.rf.639c6d55bb044666ec046e93e8f9221b.jpg,warning,small_box,0,box area 0.2200% of the image is below the 0.50% threshold; plates this small are hard to learn
D:\DATN\datasets\raw\roboflow_school_fuhih\train\images\quandoi2_jpg.rf.503a26f00b943c064c54a2e15828451e.jpg,warning,small_box,0,box area 0.2222% of the image is below the 0.50% threshold; plates this small are hard to learn
D:\DATN\datasets\raw\roboflow_school_fuhih\train\images\quandoi31_jpg.rf.8bb2b613567152a828baa4636f90daaa.jpg,warning,small_box,0,box area 0.3625% of the image is below the 0.50% threshold; plates this small are hard to learn
D:\DATN\datasets\raw\roboflow_school_fuhih\train\images\quandoi34_jpg.rf.771be78286eb8e9bd156828972163f7e.jpg,warning,small_box,0,box area 0.1816% of the image is below the 0.50% threshold; plates this small are hard to learn
D:\DATN\datasets\raw\roboflow_school_fuhih\train\images\quandoi35_jpg.rf.b0dbc0b2baf922b5510efdf0891f6128.jpg,warning,small_box,0,box area 0.3909% of the image is below the 0.50% threshold; plates this small are hard to learn
D:\DATN\datasets\raw\roboflow_school_fuhih\train\images\quandoi38_jpg.rf.77e0c9d48de025d6229acaabcad7b897.jpg,warning,small_box,0,box area 0.2484% of the image is below the 0.50% threshold; plates this small are hard to learn
D:\DATN\datasets\raw\roboflow_school_fuhih\train\images\quandoi39_jpg.rf.51228a26e025bf4af454b5c88d0cfc66.jpg,warning,small_box,1,box area 0.2043% of the image is below the 0.50% threshold; plates this small are hard to learn
D:\DATN\datasets\raw\roboflow_school_fuhih\train\images\quandoi3_jpg.rf.e61ecc6cec78c74fdfcfae7933f1382d.jpg,warning,small_box,0,box area 0.1191% of the image is below the 0.50% threshold; plates this small are hard to learn
D:\DATN\datasets\raw\roboflow_school_fuhih\train\images\quandoi3_jpg.rf.e61ecc6cec78c74fdfcfae7933f1382d.jpg,warning,small_box,1,box area 0.0824% of the image is below the 0.50% threshold; plates this small are hard to learn
D:\DATN\datasets\raw\roboflow_school_fuhih\train\images\quandoi3_jpg.rf.e61ecc6cec78c74fdfcfae7933f1382d.jpg,warning,small_box,2,box area 0.0555% of the image is below the 0.50% threshold; plates this small are hard to learn
D:\DATN\datasets\raw\roboflow_school_fuhih\train\images\quandoi3_jpg.rf.e61ecc6cec78c74fdfcfae7933f1382d.jpg,warning,small_box,3,box area 0.0586% of the image is below the 0.50% threshold; plates this small are hard to learn
D:\DATN\datasets\raw\roboflow_school_fuhih\train\images\quandoi40_jpg.rf.aee64ae070c33babbd1b83a915856ad2.jpg,warning,small_box,0,box area 0.3119% of the image is below the 0.50% threshold; plates this small are hard to learn
D:\DATN\datasets\raw\roboflow_school_fuhih\train\images\quandoi40_jpg.rf.aee64ae070c33babbd1b83a915856ad2.jpg,warning,small_box,1,box area 0.1523% of the image is below the 0.50% threshold; plates this small are hard to learn
D:\DATN\datasets\raw\roboflow_school_fuhih\train\images\quandoi42_jpg.rf.2767bfea87fd712335e8d150c094518c.jpg,warning,small_box,0,box area 0.3457% of the image is below the 0.50% threshold; plates this small are hard to learn
D:\DATN\datasets\raw\roboflow_school_fuhih\train\images\quandoi43_jpg.rf.85e4e4192c9be8504c6c1b7301f2df43.jpg,warning,small_box,1,box area 0.3032% of the image is below the 0.50% threshold; plates this small are hard to learn
D:\DATN\datasets\raw\roboflow_school_fuhih\train\images\quandoi44_jpg.rf.7a79edc298fd0c1e4a08b218536ca131.jpg,warning,small_box,1,box area 0.4999% of the image is below the 0.50% threshold; plates this small are hard to learn
D:\DATN\datasets\raw\roboflow_school_fuhih\train\images\quandoi46_jpg.rf.074592285fd78c06c549d920ba50bbce.jpg,warning,small_box,1,box area 0.2135% of the image is below the 0.50% threshold; plates this small are hard to learn
D:\DATN\datasets\raw\roboflow_school_fuhih\train\images\quandoi49_jpg.rf.9eb373732d6cd109a0d2543584688d61.jpg,warning,small_box,0,box area 0.3088% of the image is below the 0.50% threshold; plates this small are hard to learn
D:\DATN\datasets\raw\roboflow_school_fuhih\train\images\quandoi4_jpg.rf.d4248c87cbdb0405f40246345fad606c.jpg,warning,small_box,0,box area 0.1827% of the image is below the 0.50% threshold; plates this small are hard to learn
D:\DATN\datasets\raw\roboflow_school_fuhih\train\images\quandoi4_jpg.rf.d4248c87cbdb0405f40246345fad606c.jpg,warning,small_box,1,box area 0.0530% of the image is below the 0.50% threshold; plates this small are hard to learn
D:\DATN\datasets\raw\roboflow_school_fuhih\train\images\quandoi57_jpg.rf.e72c347752ed94cfa92d48dd700a4594.jpg,warning,small_box,0,box area 0.2095% of the image is below the 0.50% threshold; plates this small are hard to learn
D:\DATN\datasets\raw\roboflow_school_fuhih\train\images\quandoi5_jpg.rf.0060a54e33d2da91acc8448235ae67fb.jpg,warning,small_box,0,box area 0.0906% of the image is below the 0.50% threshold; plates this small are hard to learn
D:\DATN\datasets\raw\roboflow_school_fuhih\train\images\quandoi61_jpg.rf.337e95e0f239bbccef2d42cfef50ffa2.jpg,warning,small_box,0,box area 0.1514% of the image is below the 0.50% threshold; plates this small are hard to learn
D:\DATN\datasets\raw\roboflow_school_fuhih\train\images\quandoi65_jpg.rf.0e7810f500bf3b97853cd6e022fb1b8d.jpg,warning,small_box,0,box area 0.3809% of the image is below the 0.50% threshold; plates this small are hard to learn
D:\DATN\datasets\raw\roboflow_school_fuhih\train\images\quandoi65_jpg.rf.0e7810f500bf3b97853cd6e022fb1b8d.jpg,warning,small_box,1,box area 0.1483% of the image is below the 0.50% threshold; plates this small are hard to learn
D:\DATN\datasets\raw\roboflow_school_fuhih\train\images\quandoi65_jpg.rf.0e7810f500bf3b97853cd6e022fb1b8d.jpg,warning,small_box,2,box area 0.1025% of the image is below the 0.50% threshold; plates this small are hard to learn
D:\DATN\datasets\raw\roboflow_school_fuhih\train\images\quandoi6_jpg.rf.9bdbb0aeeb6358b8c1b45334e306dd45.jpg,warning,small_box,0,box area 0.1090% of the image is below the 0.50% threshold; plates this small are hard to learn
D:\DATN\datasets\raw\roboflow_school_fuhih\train\images\quandoi70_jpg.rf.7b48bece565085cb670883b2d339a552.jpg,warning,small_box,0,box area 0.3299% of the image is below the 0.50% threshold; plates this small are hard to learn
D:\DATN\datasets\raw\roboflow_school_fuhih\train\images\quandoi73_jpg.rf.8ce2e503561eb44817c0c094222db94c.jpg,warning,small_box,0,box area 0.4422% of the image is below the 0.50% threshold; plates this small are hard to learn
D:\DATN\datasets\raw\roboflow_school_fuhih\train\images\quandoi79_jpg.rf.1dc1b543e589c73c948c90999de83eaf.jpg,warning,small_box,0,box area 0.3589% of the image is below the 0.50% threshold; plates this small are hard to learn
D:\DATN\datasets\raw\roboflow_school_fuhih\train\images\quandoi7_jpg.rf.49fbcaa179a448d8a9a8be1243825e0f.jpg,warning,small_box,0,box area 0.4117% of the image is below the 0.50% threshold; plates this small are hard to learn
D:\DATN\datasets\raw\roboflow_school_fuhih\train\images\quandoi80_jpg.rf.1e6e56332f3df1ecbb3277ccffce5da9.jpg,warning,small_box,0,box area 0.4606% of the image is below the 0.50% threshold; plates this small are hard to learn
D:\DATN\datasets\raw\roboflow_school_fuhih\train\images\quandoi81_jpg.rf.653d7f428b37db0e3f7200c763f3c2f9.jpg,warning,small_box,0,box area 0.1648% of the image is below the 0.50% threshold; plates this small are hard to learn
D:\DATN\datasets\raw\roboflow_school_fuhih\train\images\quandoi81_jpg.rf.653d7f428b37db0e3f7200c763f3c2f9.jpg,warning,small_box,1,box area 0.0623% of the image is below the 0.50% threshold; plates this small are hard to learn
D:\DATN\datasets\raw\roboflow_school_fuhih\train\images\quandoi81_jpg.rf.653d7f428b37db0e3f7200c763f3c2f9.jpg,warning,small_box,2,box area 0.2317% of the image is below the 0.50% threshold; plates this small are hard to learn
D:\DATN\datasets\raw\roboflow_school_fuhih\train\images\quandoi81_jpg.rf.653d7f428b37db0e3f7200c763f3c2f9.jpg,warning,small_box,3,box area 0.1648% of the image is below the 0.50% threshold; plates this small are hard to learn
D:\DATN\datasets\raw\roboflow_school_fuhih\train\images\quandoi83_jpg.rf.6a00d0a3566953d0c52692dad0645513.jpg,warning,small_box,0,box area 0.2148% of the image is below the 0.50% threshold; plates this small are hard to learn
D:\DATN\datasets\raw\roboflow_school_fuhih\train\images\quandoi83_jpg.rf.6a00d0a3566953d0c52692dad0645513.jpg,warning,small_box,1,box area 0.1249% of the image is below the 0.50% threshold; plates this small are hard to learn
D:\DATN\datasets\raw\roboflow_school_fuhih\train\images\quandoi85_jpg.rf.5e00fd34d63057653c9c24a34ec78f60.jpg,warning,small_box,0,box area 0.2896% of the image is below the 0.50% threshold; plates this small are hard to learn
D:\DATN\datasets\raw\roboflow_school_fuhih\train\images\quandoi85_jpg.rf.5e00fd34d63057653c9c24a34ec78f60.jpg,warning,small_box,1,box area 0.1377% of the image is below the 0.50% threshold; plates this small are hard to learn
D:\DATN\datasets\raw\roboflow_school_fuhih\train\images\quandoi86_jpg.rf.bfb136e0eae8ddd3f6fa6918f1acdd9d.jpg,warning,small_box,0,box area 0.2261% of the image is below the 0.50% threshold; plates this small are hard to learn
D:\DATN\datasets\raw\roboflow_school_fuhih\train\images\quandoi86_jpg.rf.bfb136e0eae8ddd3f6fa6918f1acdd9d.jpg,warning,small_box,1,box area 0.0858% of the image is below the 0.50% threshold; plates this small are hard to learn
D:\DATN\datasets\raw\roboflow_school_fuhih\train\images\quandoi86_jpg.rf.bfb136e0eae8ddd3f6fa6918f1acdd9d.jpg,warning,small_box,2,box area 0.0859% of the image is below the 0.50% threshold; plates this small are hard to learn
D:\DATN\datasets\raw\roboflow_school_fuhih\train\images\quandoi87_jpg.rf.db336b69c36b769f562803c7091eb72a.jpg,warning,small_box,0,box area 0.3549% of the image is below the 0.50% threshold; plates this small are hard to learn
D:\DATN\datasets\raw\roboflow_school_fuhih\train\images\quandoi87_jpg.rf.db336b69c36b769f562803c7091eb72a.jpg,warning,small_box,1,box area 0.0659% of the image is below the 0.50% threshold; plates this small are hard to learn
D:\DATN\datasets\raw\roboflow_school_fuhih\train\images\quandoi8_jpg.rf.7e7c8e5015b27e388234e0ffcb766843.jpg,warning,small_box,0,box area 0.0938% of the image is below the 0.50% threshold; plates this small are hard to learn
D:\DATN\datasets\raw\roboflow_school_fuhih\train\images\quandoi90_jpg.rf.255a515dd94fdac6f2b60129e44f45d2.jpg,warning,small_box,0,box area 0.1318% of the image is below the 0.50% threshold; plates this small are hard to learn
D:\DATN\datasets\raw\roboflow_school_fuhih\train\images\quandoi90_jpg.rf.255a515dd94fdac6f2b60129e44f45d2.jpg,warning,small_box,1,box area 0.2051% of the image is below the 0.50% threshold; plates this small are hard to learn
D:\DATN\datasets\raw\roboflow_school_fuhih\train\images\quandoi91_jpg.rf.797ee4e229953ea1941953438ab3fec6.jpg,warning,small_box,0,box area 0.2170% of the image is below the 0.50% threshold; plates this small are hard to learn
D:\DATN\datasets\raw\roboflow_school_fuhih\train\images\quandoi91_jpg.rf.797ee4e229953ea1941953438ab3fec6.jpg,warning,small_box,1,box area 0.0938% of the image is below the 0.50% threshold; plates this small are hard to learn
D:\DATN\datasets\raw\roboflow_school_fuhih\train\images\quandoi91_jpg.rf.797ee4e229953ea1941953438ab3fec6.jpg,warning,small_box,2,box area 0.0591% of the image is below the 0.50% threshold; plates this small are hard to learn
D:\DATN\datasets\raw\roboflow_school_fuhih\train\images\quandoi91_jpg.rf.797ee4e229953ea1941953438ab3fec6.jpg,warning,small_box,3,box area 0.0586% of the image is below the 0.50% threshold; plates this small are hard to learn
D:\DATN\datasets\raw\roboflow_school_fuhih\train\images\quandoi91_jpg.rf.797ee4e229953ea1941953438ab3fec6.jpg,warning,small_box,4,box area 0.0703% of the image is below the 0.50% threshold; plates this small are hard to learn
D:\DATN\datasets\raw\roboflow_school_fuhih\train\images\quandoi91_jpg.rf.797ee4e229953ea1941953438ab3fec6.jpg,warning,small_box,5,box area 0.0282% of the image is below the 0.50% threshold; plates this small are hard to learn
D:\DATN\datasets\raw\roboflow_school_fuhih\train\images\quandoi91_jpg.rf.797ee4e229953ea1941953438ab3fec6.jpg,warning,small_box,6,box area 0.0282% of the image is below the 0.50% threshold; plates this small are hard to learn
D:\DATN\datasets\raw\roboflow_school_fuhih\train\images\quandoi93_jpg.rf.c9f182accfc6897448a96c08c9599444.jpg,warning,small_box,0,box area 0.1752% of the image is below the 0.50% threshold; plates this small are hard to learn
D:\DATN\datasets\raw\roboflow_school_fuhih\train\images\quandoi93_jpg.rf.c9f182accfc6897448a96c08c9599444.jpg,warning,small_box,1,box area 0.0676% of the image is below the 0.50% threshold; plates this small are hard to learn
D:\DATN\datasets\raw\roboflow_school_fuhih\train\images\quandoi93_jpg.rf.c9f182accfc6897448a96c08c9599444.jpg,warning,small_box,2,box area 0.0624% of the image is below the 0.50% threshold; plates this small are hard to learn
D:\DATN\datasets\raw\roboflow_school_fuhih\train\images\quandoi93_jpg.rf.c9f182accfc6897448a96c08c9599444.jpg,warning,small_box,3,box area 0.0435% of the image is below the 0.50% threshold; plates this small are hard to learn
D:\DATN\datasets\raw\roboflow_school_fuhih\train\images\quandoi93_jpg.rf.c9f182accfc6897448a96c08c9599444.jpg,warning,small_box,4,box area 0.0534% of the image is below the 0.50% threshold; plates this small are hard to learn
D:\DATN\datasets\raw\roboflow_school_fuhih\train\images\quandoi93_jpg.rf.c9f182accfc6897448a96c08c9599444.jpg,warning,small_box,5,box area 0.0776% of the image is below the 0.50% threshold; plates this small are hard to learn
D:\DATN\datasets\raw\roboflow_school_fuhih\train\images\quandoi93_jpg.rf.c9f182accfc6897448a96c08c9599444.jpg,warning,small_box,6,box area 0.1090% of the image is below the 0.50% threshold; plates this small are hard to learn
D:\DATN\datasets\raw\roboflow_school_fuhih\train\images\quandoi94_jpg.rf.dd8811990d954bd23865ac6555b9890e.jpg,warning,small_box,0,box area 0.2422% of the image is below the 0.50% threshold; plates this small are hard to learn
D:\DATN\datasets\raw\roboflow_school_fuhih\train\images\quandoi94_jpg.rf.dd8811990d954bd23865ac6555b9890e.jpg,warning,small_box,1,box area 0.0425% of the image is below the 0.50% threshold; plates this small are hard to learn
D:\DATN\datasets\raw\roboflow_school_fuhih\train\images\quandoi95_jpg.rf.43f9f02c6c6dc8d6e04c6e50add9cdfc.jpg,warning,small_box,0,box area 0.4744% of the image is below the 0.50% threshold; plates this small are hard to learn
D:\DATN\datasets\raw\roboflow_school_fuhih\train\images\quandoi95_jpg.rf.43f9f02c6c6dc8d6e04c6e50add9cdfc.jpg,warning,small_box,1,box area 0.1094% of the image is below the 0.50% threshold; plates this small are hard to learn
D:\DATN\datasets\raw\roboflow_school_fuhih\train\images\quandoi96_jpg.rf.c34e957092c3cfd7f6bbc71004f1f83f.jpg,warning,small_box,0,box area 0.2106% of the image is below the 0.50% threshold; plates this small are hard to learn
D:\DATN\datasets\raw\roboflow_school_fuhih\train\images\quandoi96_jpg.rf.c34e957092c3cfd7f6bbc71004f1f83f.jpg,warning,small_box,1,box area 0.1067% of the image is below the 0.50% threshold; plates this small are hard to learn
D:\DATN\datasets\raw\roboflow_school_fuhih\train\images\quandoi97_jpg.rf.8811f3e4de89e3df14759f66b7edafff.jpg,warning,small_box,0,box area 0.2406% of the image is below the 0.50% threshold; plates this small are hard to learn
D:\DATN\datasets\raw\roboflow_school_fuhih\train\images\quandoi98_jpg.rf.b2c5870a87293a921d073dc3c814e10f.jpg,warning,small_box,0,box area 0.2390% of the image is below the 0.50% threshold; plates this small are hard to learn
D:\DATN\datasets\raw\roboflow_school_fuhih\train\images\rotatengoaigiao10_jpg.rf.5d98afe9cc170b30796e7aa694e46cc7.jpg,warning,small_box,1,box area 0.2373% of the image is below the 0.50% threshold; plates this small are hard to learn
D:\DATN\datasets\raw\roboflow_school_fuhih\train\images\rotatengoaigiao10_jpg.rf.5d98afe9cc170b30796e7aa694e46cc7.jpg,warning,small_box,2,box area 0.1780% of the image is below the 0.50% threshold; plates this small are hard to learn
D:\DATN\datasets\raw\roboflow_school_fuhih\train\images\rotatengoaigiao10_jpg.rf.5d98afe9cc170b30796e7aa694e46cc7.jpg,warning,small_box,3,box area 0.1770% of the image is below the 0.50% threshold; plates this small are hard to learn
D:\DATN\datasets\raw\roboflow_school_fuhih\train\images\rotatengoaigiao12_jpg.rf.bb588db363203474e9978dc025018384.jpg,warning,small_box,0,box area 0.3445% of the image is below the 0.50% threshold; plates this small are hard to learn
D:\DATN\datasets\raw\roboflow_school_fuhih\train\images\rotatequandoi102_jpg.rf.b1fed170cb52b7ff0fea36f15b84c0d3.jpg,warning,small_box,0,box area 0.3384% of the image is below the 0.50% threshold; plates this small are hard to learn
D:\DATN\datasets\raw\roboflow_school_fuhih\train\images\rotatequandoi102_jpg.rf.b1fed170cb52b7ff0fea36f15b84c0d3.jpg,warning,small_box,1,box area 0.0866% of the image is below the 0.50% threshold; plates this small are hard to learn
D:\DATN\datasets\raw\roboflow_school_fuhih\train\images\rotatequandoi103_jpg.rf.36b9779a31b60ddc8763aa89324a4c63.jpg,warning,small_box,0,box area 0.4127% of the image is below the 0.50% threshold; plates this small are hard to learn
D:\DATN\datasets\raw\roboflow_school_fuhih\train\images\rotatequandoi105_jpg.rf.7fbd657b2adebdc0fa565df7fd9b1ffe.jpg,warning,small_box,0,box area 0.2397% of the image is below the 0.50% threshold; plates this small are hard to learn
D:\DATN\datasets\raw\roboflow_school_fuhih\train\images\rotatequandoi108_jpg.rf.269b9a9b3928b788fc7ed68bf5e1efbd.jpg,warning,small_box,0,box area 0.4559% of the image is below the 0.50% threshold; plates this small are hard to learn
D:\DATN\datasets\raw\roboflow_school_fuhih\train\images\rotatequandoi10_jpg.rf.8311811c51b4734f57c69fa200b73536.jpg,warning,small_box,0,box area 0.4855% of the image is below the 0.50% threshold; plates this small are hard to learn
D:\DATN\datasets\raw\roboflow_school_fuhih\train\images\rotatequandoi110_jpg.rf.aba9e8bcf3aa0faa994febbe326428f0.jpg,warning,small_box,0,box area 0.3754% of the image is below the 0.50% threshold; plates this small are hard to learn
D:\DATN\datasets\raw\roboflow_school_fuhih\train\images\rotatequandoi16_jpg.rf.9db9eb2b6bd04badc9ac0ae8d0146230.jpg,warning,small_box,0,box area 0.4291% of the image is below the 0.50% threshold; plates this small are hard to learn
D:\DATN\datasets\raw\roboflow_school_fuhih\train\images\rotatequandoi1_jpg.rf.3872dd0fa1ab6dafe2cc3b1627ae0180.jpg,warning,small_box,0,box area 0.4103% of the image is below the 0.50% threshold; plates this small are hard to learn
D:\DATN\datasets\raw\roboflow_school_fuhih\train\images\rotatequandoi20_jpg.rf.eb886845e08f191b269666f8d66f629f.jpg,warning,small_box,0,box area 0.2813% of the image is below the 0.50% threshold; plates this small are hard to learn
D:\DATN\datasets\raw\roboflow_school_fuhih\train\images\rotatequandoi25_jpg.rf.22a48a361af22f70a244bc0eeb0e3b61.jpg,warning,small_box,1,box area 0.2952% of the image is below the 0.50% threshold; plates this small are hard to learn
D:\DATN\datasets\raw\roboflow_school_fuhih\train\images\rotatequandoi2_jpg.rf.d798ad89188ba87d304ab094c3a9e1f0.jpg,warning,small_box,0,box area 0.4028% of the image is below the 0.50% threshold; plates this small are hard to learn
D:\DATN\datasets\raw\roboflow_school_fuhih\train\images\rotatequandoi37_jpg.rf.10a2766f36de900301098d99d9fe3f58.jpg,warning,small_box,0,box area 0.2117% of the image is below the 0.50% threshold; plates this small are hard to learn
D:\DATN\datasets\raw\roboflow_school_fuhih\train\images\rotatequandoi39_jpg.rf.659097269a5c9c0432c642c2a03eb1ba.jpg,warning,small_box,1,box area 0.3464% of the image is below the 0.50% threshold; plates this small are hard to learn
D:\DATN\datasets\raw\roboflow_school_fuhih\train\images\rotatequandoi40_jpg.rf.6a45e8f07664008fb1789d466b3ee97c.jpg,warning,small_box,0,box area 0.3076% of the image is below the 0.50% threshold; plates this small are hard to learn
D:\DATN\datasets\raw\roboflow_school_fuhih\train\images\rotatequandoi40_jpg.rf.6a45e8f07664008fb1789d466b3ee97c.jpg,warning,small_box,1,box area 0.1747% of the image is below the 0.50% threshold; plates this small are hard to learn
D:\DATN\datasets\raw\roboflow_school_fuhih\train\images\rotatequandoi43_jpg.rf.85adc4ef403d76adccd54c8ef567310e.jpg,warning,small_box,1,box area 0.3730% of the image is below the 0.50% threshold; plates this small are hard to learn
D:\DATN\datasets\raw\roboflow_school_fuhih\train\images\rotatequandoi46_jpg.rf.7a57a2b41e3522d8bce248d46a97720f.jpg,warning,small_box,1,box area 0.2064% of the image is below the 0.50% threshold; plates this small are hard to learn
D:\DATN\datasets\raw\roboflow_school_fuhih\train\images\rotatequandoi48_jpg.rf.fe35471fa5248d150b7c7efc5c98667a.jpg,warning,small_box,0,box area 0.3021% of the image is below the 0.50% threshold; plates this small are hard to learn
D:\DATN\datasets\raw\roboflow_school_fuhih\train\images\rotatequandoi49_jpg.rf.13a04d35e6a310dd396a27a47c5ccf62.jpg,warning,small_box,0,box area 0.4321% of the image is below the 0.50% threshold; plates this small are hard to learn
D:\DATN\datasets\raw\roboflow_school_fuhih\train\images\rotatequandoi54_jpg.rf.dfdd29c47cd212335158d60bd69b1d6b.jpg,warning,small_box,0,box area 0.3749% of the image is below the 0.50% threshold; plates this small are hard to learn
D:\DATN\datasets\raw\roboflow_school_fuhih\train\images\rotatequandoi57_jpg.rf.00ef99e71c952a394b344274d6b9ca6c.jpg,warning,small_box,0,box area 0.3205% of the image is below the 0.50% threshold; plates this small are hard to learn
D:\DATN\datasets\raw\roboflow_school_fuhih\train\images\rotatequandoi59_jpg.rf.24779ab67d496324c66aaf109d5dec56.jpg,warning,small_box,1,box area 0.2969% of the image is below the 0.50% threshold; plates this small are hard to learn
D:\DATN\datasets\raw\roboflow_school_fuhih\train\images\rotatequandoi59_jpg.rf.24779ab67d496324c66aaf109d5dec56.jpg,warning,small_box,2,box area 0.1129% of the image is below the 0.50% threshold; plates this small are hard to learn
D:\DATN\datasets\raw\roboflow_school_fuhih\train\images\rotatequandoi65_jpg.rf.a44efc6a87f46356bf99b608aebc7a6f.jpg,warning,small_box,0,box area 0.4020% of the image is below the 0.50% threshold; plates this small are hard to learn
D:\DATN\datasets\raw\roboflow_school_fuhih\train\images\rotatequandoi65_jpg.rf.a44efc6a87f46356bf99b608aebc7a6f.jpg,warning,small_box,1,box area 0.2495% of the image is below the 0.50% threshold; plates this small are hard to learn
D:\DATN\datasets\raw\roboflow_school_fuhih\train\images\rotatequandoi6_jpg.rf.e197205c334a2ebbaca4616d764c42f4.jpg,warning,small_box,0,box area 0.1463% of the image is below the 0.50% threshold; plates this small are hard to learn
D:\DATN\datasets\raw\roboflow_school_fuhih\train\images\rotatequandoi70_jpg.rf.344921d25e8cc1a18080fd6f985ee8f0.jpg,warning,small_box,0,box area 0.3555% of the image is below the 0.50% threshold; plates this small are hard to learn
D:\DATN\datasets\raw\roboflow_school_fuhih\train\images\rotatequandoi74_jpg.rf.b072568ca1f56c1ab7276d1a5d00b546.jpg,warning,small_box,1,box area 0.3145% of the image is below the 0.50% threshold; plates this small are hard to learn
D:\DATN\datasets\raw\roboflow_school_fuhih\train\images\rotatequandoi79_jpg.rf.36f9584880c534f2a0f7e1e78bf79c08.jpg,warning,small_box,0,box area 0.4834% of the image is below the 0.50% threshold; plates this small are hard to learn
D:\DATN\datasets\raw\roboflow_school_fuhih\train\images\rotatequandoi79_jpg.rf.36f9584880c534f2a0f7e1e78bf79c08.jpg,warning,small_box,1,box area 0.2094% of the image is below the 0.50% threshold; plates this small are hard to learn
D:\DATN\datasets\raw\roboflow_school_fuhih\train\images\rotatequandoi82_jpg.rf.2739c1575314ab14a0973b897858d495.jpg,warning,small_box,0,box area 0.3003% of the image is below the 0.50% threshold; plates this small are hard to learn
D:\DATN\datasets\raw\roboflow_school_fuhih\train\images\rotatequandoi83_jpg.rf.d761b754e09bec768df774231ecd171a.jpg,warning,small_box,0,box area 0.1714% of the image is below the 0.50% threshold; plates this small are hard to learn
D:\DATN\datasets\raw\roboflow_school_fuhih\train\images\rotatequandoi83_jpg.rf.d761b754e09bec768df774231ecd171a.jpg,warning,small_box,1,box area 0.1680% of the image is below the 0.50% threshold; plates this small are hard to learn
D:\DATN\datasets\raw\roboflow_school_fuhih\train\images\rotatequandoi85_jpg.rf.e4c737589c834a44f5412a1cd16d3f50.jpg,warning,small_box,0,box area 0.3292% of the image is below the 0.50% threshold; plates this small are hard to learn
D:\DATN\datasets\raw\roboflow_school_fuhih\train\images\rotatequandoi90_jpg.rf.6d892b372b8b8f57ad0bbecf2fd98e69.jpg,warning,small_box,0,box area 0.2124% of the image is below the 0.50% threshold; plates this small are hard to learn
D:\DATN\datasets\raw\roboflow_school_fuhih\train\images\rotatequandoi91_jpg.rf.8827142b5d72c0f5166ec99b0a40ecff.jpg,warning,small_box,0,box area 0.2781% of the image is below the 0.50% threshold; plates this small are hard to learn
D:\DATN\datasets\raw\roboflow_school_fuhih\train\images\rotatequandoi91_jpg.rf.8827142b5d72c0f5166ec99b0a40ecff.jpg,warning,small_box,1,box area 0.0951% of the image is below the 0.50% threshold; plates this small are hard to learn
D:\DATN\datasets\raw\roboflow_school_fuhih\train\images\rotatequandoi91_jpg.rf.8827142b5d72c0f5166ec99b0a40ecff.jpg,warning,small_box,2,box area 0.1992% of the image is below the 0.50% threshold; plates this small are hard to learn
D:\DATN\datasets\raw\roboflow_school_fuhih\train\images\rotatequandoi91_jpg.rf.8827142b5d72c0f5166ec99b0a40ecff.jpg,warning,small_box,3,box area 0.1758% of the image is below the 0.50% threshold; plates this small are hard to learn
D:\DATN\datasets\raw\roboflow_school_fuhih\train\images\rotatequandoi92_jpg.rf.47f3ccc280fd8d12bc6efee4f1daf2e1.jpg,warning,small_box,0,box area 0.2725% of the image is below the 0.50% threshold; plates this small are hard to learn
D:\DATN\datasets\raw\roboflow_school_fuhih\train\images\rotatequandoi94_jpg.rf.a68d98458342582ee93eae97b2663f7d.jpg,warning,small_box,0,box area 0.3867% of the image is below the 0.50% threshold; plates this small are hard to learn
D:\DATN\datasets\raw\roboflow_school_fuhih\train\images\rotatequandoi94_jpg.rf.a68d98458342582ee93eae97b2663f7d.jpg,warning,small_box,1,box area 0.0977% of the image is below the 0.50% threshold; plates this small are hard to learn
D:\DATN\datasets\raw\roboflow_school_fuhih\train\images\rotatequandoi94_jpg.rf.a68d98458342582ee93eae97b2663f7d.jpg,warning,small_box,2,box area 0.0781% of the image is below the 0.50% threshold; plates this small are hard to learn
D:\DATN\datasets\raw\roboflow_school_fuhih\train\images\rotatequandoi96_jpg.rf.4e2651d6eb9b4a8101740163c5736ade.jpg,warning,small_box,0,box area 0.2856% of the image is below the 0.50% threshold; plates this small are hard to learn
D:\DATN\datasets\raw\roboflow_school_fuhih\train\images\rotatequandoi99_jpg.rf.b09a6c28af2a02c8d7477c0db26de2fa.jpg,warning,small_box,0,box area 0.3145% of the image is below the 0.50% threshold; plates this small are hard to learn
D:\DATN\datasets\raw\roboflow_school_fuhih\train\images\xemay2398_jpg.rf.077169e48fa3b8fb89e9f76a56560b31.jpg,warning,small_box,0,box area 0.4307% of the image is below the 0.50% threshold; plates this small are hard to learn
D:\DATN\datasets\raw\roboflow_school_fuhih\valid\images\boderquandoi11_jpg.rf.f32c18284349a10e40c16a32aa9ae65e.jpg,warning,small_box,0,box area 0.1318% of the image is below the 0.50% threshold; plates this small are hard to learn
D:\DATN\datasets\raw\roboflow_school_fuhih\valid\images\boderquandoi21_jpg.rf.5a560929408ade0e2a34319e84466eca.jpg,warning,small_box,0,box area 0.4471% of the image is below the 0.50% threshold; plates this small are hard to learn
D:\DATN\datasets\raw\roboflow_school_fuhih\valid\images\boderquandoi33_jpg.rf.fbbedff16486ac9c0f35424a7eca49d9.jpg,warning,small_box,0,box area 0.3076% of the image is below the 0.50% threshold; plates this small are hard to learn
D:\DATN\datasets\raw\roboflow_school_fuhih\valid\images\boderquandoi38_jpg.rf.0680481940c564462028d5f8a4fad88a.jpg,warning,small_box,0,box area 0.1875% of the image is below the 0.50% threshold; plates this small are hard to learn
D:\DATN\datasets\raw\roboflow_school_fuhih\valid\images\boderquandoi39_jpg.rf.fbc04848780b79e1806d49bc275c0326.jpg,warning,small_box,0,box area 0.1794% of the image is below the 0.50% threshold; plates this small are hard to learn
D:\DATN\datasets\raw\roboflow_school_fuhih\valid\images\boderquandoi39_jpg.rf.fbc04848780b79e1806d49bc275c0326.jpg,warning,small_box,1,box area 0.0761% of the image is below the 0.50% threshold; plates this small are hard to learn
D:\DATN\datasets\raw\roboflow_school_fuhih\valid\images\boderquandoi42_jpg.rf.7d83036254e456c06f617418de43f55f.jpg,warning,small_box,0,box area 0.1714% of the image is below the 0.50% threshold; plates this small are hard to learn
D:\DATN\datasets\raw\roboflow_school_fuhih\valid\images\boderquandoi43_jpg.rf.e2eee1d6f004ce850a4f806c82de4ce0.jpg,warning,small_box,0,box area 0.0791% of the image is below the 0.50% threshold; plates this small are hard to learn
D:\DATN\datasets\raw\roboflow_school_fuhih\valid\images\boderquandoi43_jpg.rf.e2eee1d6f004ce850a4f806c82de4ce0.jpg,warning,small_box,1,box area 0.1577% of the image is below the 0.50% threshold; plates this small are hard to learn
D:\DATN\datasets\raw\roboflow_school_fuhih\valid\images\boderquandoi45_jpg.rf.d381c429b3e849d6e754784a39bc3f22.jpg,warning,small_box,0,box area 0.3223% of the image is below the 0.50% threshold; plates this small are hard to learn
D:\DATN\datasets\raw\roboflow_school_fuhih\valid\images\boderquandoi47_jpg.rf.15bdbf4ec86f044c24da72392858e04d.jpg,warning,small_box,0,box area 0.1355% of the image is below the 0.50% threshold; plates this small are hard to learn
D:\DATN\datasets\raw\roboflow_school_fuhih\valid\images\boderquandoi49_jpg.rf.2e84ae0a435b6792338daa4cfbf2d0e4.jpg,warning,small_box,0,box area 0.1245% of the image is below the 0.50% threshold; plates this small are hard to learn
D:\DATN\datasets\raw\roboflow_school_fuhih\valid\images\boderquandoi50_jpg.rf.0f9833def5c2427455995f8dcd011458.jpg,warning,small_box,0,box area 0.2900% of the image is below the 0.50% threshold; plates this small are hard to learn
D:\DATN\datasets\raw\roboflow_school_fuhih\valid\images\boderquandoi54_jpg.rf.30bb537735efb7c6cee46f83bff7f9b9.jpg,warning,small_box,0,box area 0.0876% of the image is below the 0.50% threshold; plates this small are hard to learn
D:\DATN\datasets\raw\roboflow_school_fuhih\valid\images\boderquandoi55_jpg.rf.3fd50fd17097dcadcaa0a8b86821402d.jpg,warning,small_box,0,box area 0.2521% of the image is below the 0.50% threshold; plates this small are hard to learn
D:\DATN\datasets\raw\roboflow_school_fuhih\valid\images\boderquandoi5_jpg.rf.beaeeae80a59721538fb0878c9f44c49.jpg,warning,small_box,0,box area 0.0702% of the image is below the 0.50% threshold; plates this small are hard to learn
D:\DATN\datasets\raw\roboflow_school_fuhih\valid\images\boderquandoi61_jpg.rf.adf7a36f1690feec71e1be304c6e2af0.jpg,warning,small_box,0,box area 0.0830% of the image is below the 0.50% threshold; plates this small are hard to learn
D:\DATN\datasets\raw\roboflow_school_fuhih\valid\images\boderquandoi65_jpg.rf.747bcf38190966d3cb30bdb943652975.jpg,warning,small_box,0,box area 0.1016% of the image is below the 0.50% threshold; plates this small are hard to learn
D:\DATN\datasets\raw\roboflow_school_fuhih\valid\images\boderquandoi66_jpg.rf.dd7638f60c5c411980cbb19bf36cb575.jpg,warning,small_box,0,box area 0.2833% of the image is below the 0.50% threshold; plates this small are hard to learn
D:\DATN\datasets\raw\roboflow_school_fuhih\valid\images\boderquandoi6_jpg.rf.c62cb9ba737b01f7f767c56469890379.jpg,warning,small_box,0,box area 0.0806% of the image is below the 0.50% threshold; plates this small are hard to learn
D:\DATN\datasets\raw\roboflow_school_fuhih\valid\images\boderquandoi75_jpg.rf.ccdf2c92ff5b7ccc418bac4ee3cea288.jpg,warning,small_box,0,box area 0.2719% of the image is below the 0.50% threshold; plates this small are hard to learn
D:\DATN\datasets\raw\roboflow_school_fuhih\valid\images\boderquandoi81_jpg.rf.8f9814523f69ba1c713e36a830dde9f6.jpg,warning,small_box,0,box area 0.0580% of the image is below the 0.50% threshold; plates this small are hard to learn
D:\DATN\datasets\raw\roboflow_school_fuhih\valid\images\boderquandoi81_jpg.rf.8f9814523f69ba1c713e36a830dde9f6.jpg,warning,small_box,1,box area 0.0789% of the image is below the 0.50% threshold; plates this small are hard to learn
D:\DATN\datasets\raw\roboflow_school_fuhih\valid\images\boderquandoi81_jpg.rf.8f9814523f69ba1c713e36a830dde9f6.jpg,warning,small_box,2,box area 0.0605% of the image is below the 0.50% threshold; plates this small are hard to learn
D:\DATN\datasets\raw\roboflow_school_fuhih\valid\images\boderquandoi83_jpg.rf.70a5428be1a0aa868a994b978020dc1f.jpg,warning,small_box,0,box area 0.0824% of the image is below the 0.50% threshold; plates this small are hard to learn
D:\DATN\datasets\raw\roboflow_school_fuhih\valid\images\boderquandoi83_jpg.rf.70a5428be1a0aa868a994b978020dc1f.jpg,warning,small_box,1,box area 0.0946% of the image is below the 0.50% threshold; plates this small are hard to learn
D:\DATN\datasets\raw\roboflow_school_fuhih\valid\images\brightnessquandoi110_jpg.rf.c33c7b663176c3c6bbf1711915b2f4dd.jpg,warning,small_box,0,box area 0.3263% of the image is below the 0.50% threshold; plates this small are hard to learn
D:\DATN\datasets\raw\roboflow_school_fuhih\valid\images\brightnessquandoi13_jpg.rf.cc731239814bbe274cab3dffbcdf001f.jpg,warning,small_box,0,box area 0.4579% of the image is below the 0.50% threshold; plates this small are hard to learn
D:\DATN\datasets\raw\roboflow_school_fuhih\valid\images\brightnessquandoi17_jpg.rf.cafea81fb2245c2dfca13c794835abcf.jpg,warning,small_box,0,box area 0.2879% of the image is below the 0.50% threshold; plates this small are hard to learn
D:\DATN\datasets\raw\roboflow_school_fuhih\valid\images\brightnessquandoi25_jpg.rf.1c4d8eda6c110f68fa792a2779244588.jpg,warning,small_box,1,box area 0.1758% of the image is below the 0.50% threshold; plates this small are hard to learn
D:\DATN\datasets\raw\roboflow_school_fuhih\valid\images\brightnessquandoi42_jpg.rf.20ca269ddd04f29d9a48a39506f13fa5.jpg,warning,small_box,0,box area 0.4594% of the image is below the 0.50% threshold; plates this small are hard to learn
D:\DATN\datasets\raw\roboflow_school_fuhih\valid\images\brightnessquandoi48_jpg.rf.702cb2ae45b6ce98c3fb574d5faffdf9.jpg,warning,small_box,0,box area 0.3616% of the image is below the 0.50% threshold; plates this small are hard to learn
D:\DATN\datasets\raw\roboflow_school_fuhih\valid\images\brightnessquandoi5_jpg.rf.e8d585731bcd8cf6696709b7cae20a07.jpg,warning,small_box,0,box area 0.1666% of the image is below the 0.50% threshold; plates this small are hard to learn
D:\DATN\datasets\raw\roboflow_school_fuhih\valid\images\brightnessquandoi73_jpg.rf.742834c4b3c6130194e5d5ed55fd8bd3.jpg,warning,small_box,0,box area 0.3323% of the image is below the 0.50% threshold; plates this small are hard to learn
D:\DATN\datasets\raw\roboflow_school_fuhih\valid\images\brightnessquandoi75_jpg.rf.15f17ab279c0502ba003ab7394508c61.jpg,warning,small_box,0,box area 0.4180% of the image is below the 0.50% threshold; plates this small are hard to learn
D:\DATN\datasets\raw\roboflow_school_fuhih\valid\images\brightnessquandoi82_jpg.rf.15d9cf3b5c73855138ec5f44c992fc74.jpg,warning,small_box,0,box area 0.3025% of the image is below the 0.50% threshold; plates this small are hard to learn
D:\DATN\datasets\raw\roboflow_school_fuhih\valid\images\brightnessquandoi85_jpg.rf.4805b54286152435e193065e4cc34e07.jpg,warning,small_box,0,box area 0.2777% of the image is below the 0.50% threshold; plates this small are hard to learn
D:\DATN\datasets\raw\roboflow_school_fuhih\valid\images\brightnessquandoi86_jpg.rf.35a1bd0d68219542f30fcad060a0bad8.jpg,warning,small_box,0,box area 0.1841% of the image is below the 0.50% threshold; plates this small are hard to learn
D:\DATN\datasets\raw\roboflow_school_fuhih\valid\images\brightnessquandoi86_jpg.rf.35a1bd0d68219542f30fcad060a0bad8.jpg,warning,small_box,1,box area 0.0919% of the image is below the 0.50% threshold; plates this small are hard to learn
D:\DATN\datasets\raw\roboflow_school_fuhih\valid\images\brightnessquandoi86_jpg.rf.35a1bd0d68219542f30fcad060a0bad8.jpg,warning,small_box,2,box area 0.1123% of the image is below the 0.50% threshold; plates this small are hard to learn
D:\DATN\datasets\raw\roboflow_school_fuhih\valid\images\CarLongPlateGen118_jpg.rf.76dfbb562ffe3f303c1e199d78d15393.jpg,warning,small_box,0,box area 0.3409% of the image is below the 0.50% threshold; plates this small are hard to learn
D:\DATN\datasets\raw\roboflow_school_fuhih\valid\images\CarLongPlateGen124_jpg.rf.359f327e39e7547bfadab87f1780c6d8.jpg,warning,small_box,0,box area 0.4233% of the image is below the 0.50% threshold; plates this small are hard to learn
D:\DATN\datasets\raw\roboflow_school_fuhih\valid\images\CarLongPlateGen133_jpg.rf.ae9a2765580f6be7d8809b7a67c7eb2b.jpg,warning,small_box,0,box area 0.2319% of the image is below the 0.50% threshold; plates this small are hard to learn
D:\DATN\datasets\raw\roboflow_school_fuhih\valid\images\CarLongPlateGen148_jpg.rf.baab9d1d21d2a061055e869e00d14961.jpg,warning,small_box,0,box area 0.4465% of the image is below the 0.50% threshold; plates this small are hard to learn
D:\DATN\datasets\raw\roboflow_school_fuhih\valid\images\CarLongPlateGen14_jpg.rf.0db3e5cab31a8ec801387bbf237cd5c0.jpg,warning,small_box,0,box area 0.2922% of the image is below the 0.50% threshold; plates this small are hard to learn
D:\DATN\datasets\raw\roboflow_school_fuhih\valid\images\CarLongPlateGen166_jpg.rf.52f1b4a065ab5aa45aa7d21e1b524217.jpg,warning,small_box,0,box area 0.2667% of the image is below the 0.50% threshold; plates this small are hard to learn
D:\DATN\datasets\raw\roboflow_school_fuhih\valid\images\CarLongPlateGen181_jpg.rf.1baa61a747826d481b763ee22f7529c1.jpg,warning,small_box,0,box area 0.4573% of the image is below the 0.50% threshold; plates this small are hard to learn
D:\DATN\datasets\raw\roboflow_school_fuhih\valid\images\CarLongPlateGen186_jpg.rf.f6d2208517e8fe4968241e3ec963b338.jpg,warning,small_box,0,box area 0.4393% of the image is below the 0.50% threshold; plates this small are hard to learn
D:\DATN\datasets\raw\roboflow_school_fuhih\valid\images\CarLongPlateGen196_jpg.rf.89da6499f05bc4d0d0cb3a79339882ce.jpg,warning,small_box,0,box area 0.3362% of the image is below the 0.50% threshold; plates this small are hard to learn
D:\DATN\datasets\raw\roboflow_school_fuhih\valid\images\CarLongPlateGen201_jpg.rf.96c559fc1ced86b6ddb8fa483a7db7af.jpg,warning,small_box,0,box area 0.4389% of the image is below the 0.50% threshold; plates this small are hard to learn
D:\DATN\datasets\raw\roboflow_school_fuhih\valid\images\CarLongPlateGen215_jpg.rf.4021fb79ad0196a6496fe18a3150778e.jpg,warning,small_box,0,box area 0.3642% of the image is below the 0.50% threshold; plates this small are hard to learn
D:\DATN\datasets\raw\roboflow_school_fuhih\valid\images\CarLongPlateGen216_jpg.rf.6bbac9eb6cd1ce09483ed7afda12b70f.jpg,warning,small_box,0,box area 0.4969% of the image is below the 0.50% threshold; plates this small are hard to learn
D:\DATN\datasets\raw\roboflow_school_fuhih\valid\images\CarLongPlateGen223_jpg.rf.5071656e582d8aa8c029a6d070a71497.jpg,warning,small_box,0,box area 0.3997% of the image is below the 0.50% threshold; plates this small are hard to learn
D:\DATN\datasets\raw\roboflow_school_fuhih\valid\images\CarLongPlateGen225_jpg.rf.82230ab411d5f602d0bc3b69bb33525a.jpg,warning,small_box,0,box area 0.3818% of the image is below the 0.50% threshold; plates this small are hard to learn
D:\DATN\datasets\raw\roboflow_school_fuhih\valid\images\CarLongPlateGen233_jpg.rf.249d4a5f7b7373f1c0a70d8fd4e9c5a8.jpg,warning,small_box,0,box area 0.4573% of the image is below the 0.50% threshold; plates this small are hard to learn
D:\DATN\datasets\raw\roboflow_school_fuhih\valid\images\CarLongPlateGen241_jpg.rf.9bfd5490ec52d1b8a7b53accd888359f.jpg,warning,small_box,0,box area 0.4576% of the image is below the 0.50% threshold; plates this small are hard to learn
D:\DATN\datasets\raw\roboflow_school_fuhih\valid\images\CarLongPlateGen256_jpg.rf.0c323b7934fb70a3f784844f5cb9b9c8.jpg,warning,small_box,0,box area 0.2512% of the image is below the 0.50% threshold; plates this small are hard to learn
D:\DATN\datasets\raw\roboflow_school_fuhih\valid\images\CarLongPlateGen25_jpg.rf.cc798caec8689f9118b82cc1e9d413a0.jpg,warning,small_box,0,box area 0.4140% of the image is below the 0.50% threshold; plates this small are hard to learn
D:\DATN\datasets\raw\roboflow_school_fuhih\valid\images\CarLongPlateGen265_jpg.rf.709f8b59e4ed1d90cdae8e876a95750c.jpg,warning,small_box,0,box area 0.2281% of the image is below the 0.50% threshold; plates this small are hard to learn
D:\DATN\datasets\raw\roboflow_school_fuhih\valid\images\CarLongPlateGen265_jpg.rf.892bb66c9c60499e478745015c5bd500.jpg,warning,small_box,0,box area 0.2281% of the image is below the 0.50% threshold; plates this small are hard to learn
D:\DATN\datasets\raw\roboflow_school_fuhih\valid\images\CarLongPlateGen266_jpg.rf.bd1b56a169b62ee386e3bba8e9e91752.jpg,warning,small_box,0,box area 0.4296% of the image is below the 0.50% threshold; plates this small are hard to learn
D:\DATN\datasets\raw\roboflow_school_fuhih\valid\images\CarLongPlateGen266_jpg.rf.da1157989b7c1646f6b96daf4f40da27.jpg,warning,small_box,0,box area 0.4296% of the image is below the 0.50% threshold; plates this small are hard to learn
D:\DATN\datasets\raw\roboflow_school_fuhih\valid\images\CarLongPlateGen273_jpg.rf.0229836abe6fa52024bc8b89c9802c70.jpg,warning,small_box,0,box area 0.2458% of the image is below the 0.50% threshold; plates this small are hard to learn
D:\DATN\datasets\raw\roboflow_school_fuhih\valid\images\CarLongPlateGen284_jpg.rf.c67d6dd40e32e5c7efbca1b983b2772b.jpg,warning,small_box,0,box area 0.4999% of the image is below the 0.50% threshold; plates this small are hard to learn
D:\DATN\datasets\raw\roboflow_school_fuhih\valid\images\CarLongPlateGen287_jpg.rf.d5ab7a62d48067a0022f55032bcd75ea.jpg,warning,small_box,0,box area 0.4178% of the image is below the 0.50% threshold; plates this small are hard to learn
D:\DATN\datasets\raw\roboflow_school_fuhih\valid\images\CarLongPlateGen291_jpg.rf.087f074ea73271e400d906f89fa8f220.jpg,warning,small_box,0,box area 0.4897% of the image is below the 0.50% threshold; plates this small are hard to learn
D:\DATN\datasets\raw\roboflow_school_fuhih\valid\images\CarLongPlateGen294_jpg.rf.46a51d72b72c667f52a866030854e22b.jpg,warning,small_box,0,box area 0.3817% of the image is below the 0.50% threshold; plates this small are hard to learn
D:\DATN\datasets\raw\roboflow_school_fuhih\valid\images\CarLongPlateGen299_jpg.rf.da3f34a17dad79192d7a31ff1f65f7b0.jpg,warning,small_box,0,box area 0.3704% of the image is below the 0.50% threshold; plates this small are hard to learn
D:\DATN\datasets\raw\roboflow_school_fuhih\valid\images\CarLongPlateGen300_jpg.rf.4310288dc6074fc8f715edaffb2ab85e.jpg,warning,small_box,0,box area 0.4102% of the image is below the 0.50% threshold; plates this small are hard to learn
D:\DATN\datasets\raw\roboflow_school_fuhih\valid\images\CarLongPlateGen310_jpg.rf.ba1e4a4bab71d287252230fa16ce1942.jpg,warning,small_box,0,box area 0.3206% of the image is below the 0.50% threshold; plates this small are hard to learn
D:\DATN\datasets\raw\roboflow_school_fuhih\valid\images\CarLongPlateGen315_jpg.rf.2c79f2415abb250e2c545ff9456da061.jpg,warning,small_box,0,box area 0.2499% of the image is below the 0.50% threshold; plates this small are hard to learn
D:\DATN\datasets\raw\roboflow_school_fuhih\valid\images\CarLongPlateGen317_jpg.rf.40696765b020cde44cfa2098df4dfe9e.jpg,warning,small_box,0,box area 0.3529% of the image is below the 0.50% threshold; plates this small are hard to learn
D:\DATN\datasets\raw\roboflow_school_fuhih\valid\images\CarLongPlateGen339_jpg.rf.5309742d9843b41b97497504b8f260a5.jpg,warning,small_box,0,box area 0.4296% of the image is below the 0.50% threshold; plates this small are hard to learn
D:\DATN\datasets\raw\roboflow_school_fuhih\valid\images\CarLongPlateGen340_jpg.rf.20677697c533d53d054b2f760242bdea.jpg,warning,small_box,0,box area 0.4501% of the image is below the 0.50% threshold; plates this small are hard to learn
D:\DATN\datasets\raw\roboflow_school_fuhih\valid\images\CarLongPlateGen341_jpg.rf.6df69ae5f89eea1c2cde60c0794ffc24.jpg,warning,small_box,0,box area 0.3928% of the image is below the 0.50% threshold; plates this small are hard to learn
D:\DATN\datasets\raw\roboflow_school_fuhih\valid\images\CarLongPlateGen363_jpg.rf.63434bd64021b37e305b130329399e4e.jpg,warning,small_box,0,box area 0.4883% of the image is below the 0.50% threshold; plates this small are hard to learn
D:\DATN\datasets\raw\roboflow_school_fuhih\valid\images\CarLongPlateGen377_jpg.rf.796876c70de3da81cede3ff4bf7a5ee1.jpg,warning,small_box,0,box area 0.4043% of the image is below the 0.50% threshold; plates this small are hard to learn
D:\DATN\datasets\raw\roboflow_school_fuhih\valid\images\CarLongPlateGen37_jpg.rf.33ce67da89a80e1c1177e4fba92f0818.jpg,warning,small_box,0,box area 0.3300% of the image is below the 0.50% threshold; plates this small are hard to learn
D:\DATN\datasets\raw\roboflow_school_fuhih\valid\images\CarLongPlateGen399_jpg.rf.98f4a5218f63c68a78fa25e51efa2aad.jpg,warning,small_box,0,box area 0.2505% of the image is below the 0.50% threshold; plates this small are hard to learn
D:\DATN\datasets\raw\roboflow_school_fuhih\valid\images\CarLongPlateGen39_jpg.rf.e251ed7a333b47af5a3c60964a2a4481.jpg,warning,small_box,0,box area 0.4691% of the image is below the 0.50% threshold; plates this small are hard to learn
D:\DATN\datasets\raw\roboflow_school_fuhih\valid\images\CarLongPlateGen400_jpg.rf.437a50662bbdb6ece6eec6e0d940622d.jpg,warning,small_box,0,box area 0.3953% of the image is below the 0.50% threshold; plates this small are hard to learn
D:\DATN\datasets\raw\roboflow_school_fuhih\valid\images\CarLongPlateGen439_jpg.rf.713a6105dae5f4414d83808b7910ebc2.jpg,warning,small_box,0,box area 0.4196% of the image is below the 0.50% threshold; plates this small are hard to learn
D:\DATN\datasets\raw\roboflow_school_fuhih\valid\images\CarLongPlateGen450_jpg.rf.8e3bb28a3ef0b2674e22f70b46baf510.jpg,warning,small_box,0,box area 0.3734% of the image is below the 0.50% threshold; plates this small are hard to learn
D:\DATN\datasets\raw\roboflow_school_fuhih\valid\images\CarLongPlateGen452_jpg.rf.3b4b5b1fa668a184c920f432815980c8.jpg,warning,small_box,0,box area 0.3333% of the image is below the 0.50% threshold; plates this small are hard to learn
D:\DATN\datasets\raw\roboflow_school_fuhih\valid\images\CarLongPlateGen469_jpg.rf.c0777547e04800ca3ac1d57a75db8b48.jpg,warning,small_box,0,box area 0.2064% of the image is below the 0.50% threshold; plates this small are hard to learn
D:\DATN\datasets\raw\roboflow_school_fuhih\valid\images\CarLongPlateGen472_jpg.rf.aab32cef5ea390244ed37010709b685f.jpg,warning,small_box,0,box area 0.4389% of the image is below the 0.50% threshold; plates this small are hard to learn
D:\DATN\datasets\raw\roboflow_school_fuhih\valid\images\CarLongPlateGen480_jpg.rf.29366d105f791e7c57f9239c841270cf.jpg,warning,small_box,0,box area 0.3206% of the image is below the 0.50% threshold; plates this small are hard to learn
D:\DATN\datasets\raw\roboflow_school_fuhih\valid\images\CarLongPlateGen487_jpg.rf.24f60843fba61ad2a806243537219ab4.jpg,warning,small_box,0,box area 0.4099% of the image is below the 0.50% threshold; plates this small are hard to learn
D:\DATN\datasets\raw\roboflow_school_fuhih\valid\images\CarLongPlateGen492_jpg.rf.9028466e67ac5f16001fbdd54849eb62.jpg,warning,small_box,0,box area 0.3995% of the image is below the 0.50% threshold; plates this small are hard to learn
D:\DATN\datasets\raw\roboflow_school_fuhih\valid\images\CarLongPlateGen496_jpg.rf.aef66157673bb375b6feb370e058d536.jpg,warning,small_box,0,box area 0.3113% of the image is below the 0.50% threshold; plates this small are hard to learn
D:\DATN\datasets\raw\roboflow_school_fuhih\valid\images\CarLongPlateGen505_jpg.rf.c60e6505e51f80d7188c9186631ad9ff.jpg,warning,small_box,0,box area 0.3300% of the image is below the 0.50% threshold; plates this small are hard to learn
D:\DATN\datasets\raw\roboflow_school_fuhih\valid\images\CarLongPlateGen517_jpg.rf.eec4898f439753c0ec27f18722642740.jpg,warning,small_box,0,box area 0.4099% of the image is below the 0.50% threshold; plates this small are hard to learn
D:\DATN\datasets\raw\roboflow_school_fuhih\valid\images\CarLongPlateGen53_jpg.rf.598fd9805ab6e6d122bd6b19b7dad634.jpg,warning,small_box,0,box area 0.2845% of the image is below the 0.50% threshold; plates this small are hard to learn
D:\DATN\datasets\raw\roboflow_school_fuhih\valid\images\CarLongPlateGen540_jpg.rf.42251d48444db24b9ba694a095cf85f1.jpg,warning,small_box,0,box area 0.3201% of the image is below the 0.50% threshold; plates this small are hard to learn
D:\DATN\datasets\raw\roboflow_school_fuhih\valid\images\CarLongPlateGen544_jpg.rf.7be5d1cc373d727864cfe7ee90359154.jpg,warning,small_box,0,box area 0.4501% of the image is below the 0.50% threshold; plates this small are hard to learn
D:\DATN\datasets\raw\roboflow_school_fuhih\valid\images\CarLongPlateGen54_jpg.rf.96397f6f96354cdb3c0f7179b4ca9274.jpg,warning,small_box,0,box area 0.4565% of the image is below the 0.50% threshold; plates this small are hard to learn
D:\DATN\datasets\raw\roboflow_school_fuhih\valid\images\CarLongPlateGen553_jpg.rf.1fd98a11a7f5fa9be3808613143a8a71.jpg,warning,small_box,0,box area 0.4105% of the image is below the 0.50% threshold; plates this small are hard to learn
D:\DATN\datasets\raw\roboflow_school_fuhih\valid\images\CarLongPlateGen564_jpg.rf.16d22218a8389749d042417a287904d3.jpg,warning,small_box,0,box area 0.3425% of the image is below the 0.50% threshold; plates this small are hard to learn
D:\DATN\datasets\raw\roboflow_school_fuhih\valid\images\CarLongPlateGen573_jpg.rf.ffe7316e5cd9c5256a741d2b983dcfad.jpg,warning,small_box,0,box area 0.3510% of the image is below the 0.50% threshold; plates this small are hard to learn
D:\DATN\datasets\raw\roboflow_school_fuhih\valid\images\CarLongPlateGen580_jpg.rf.77ba831ae1086fbb643ef241b7f66c60.jpg,warning,small_box,0,box area 0.4501% of the image is below the 0.50% threshold; plates this small are hard to learn
D:\DATN\datasets\raw\roboflow_school_fuhih\valid\images\CarLongPlateGen587_jpg.rf.734029dc2aae717771477bbe50f2f358.jpg,warning,small_box,0,box area 0.4196% of the image is below the 0.50% threshold; plates this small are hard to learn
D:\DATN\datasets\raw\roboflow_school_fuhih\valid\images\CarLongPlateGen5_jpg.rf.02495cf77b53d6489289a04d6b06f2de.jpg,warning,small_box,0,box area 0.3995% of the image is below the 0.50% threshold; plates this small are hard to learn
D:\DATN\datasets\raw\roboflow_school_fuhih\valid\images\CarLongPlateGen600_jpg.rf.7cebeab38fbe93d7b1e35fa4d7c73348.jpg,warning,small_box,0,box area 0.3486% of the image is below the 0.50% threshold; plates this small are hard to learn
D:\DATN\datasets\raw\roboflow_school_fuhih\valid\images\CarLongPlateGen603_jpg.rf.ad4d301fbb37d2ae0de2bf7616901a0c.jpg,warning,small_box,0,box area 0.4573% of the image is below the 0.50% threshold; plates this small are hard to learn
D:\DATN\datasets\raw\roboflow_school_fuhih\valid\images\CarLongPlateGen615_jpg.rf.b35cae53e9ee6416f0c00884858596bd.jpg,warning,small_box,0,box area 0.4733% of the image is below the 0.50% threshold; plates this small are hard to learn
D:\DATN\datasets\raw\roboflow_school_fuhih\valid\images\CarLongPlateGen642_jpg.rf.05211c7e025e8c76764df11cb81fe90e.jpg,warning,small_box,0,box area 0.4352% of the image is below the 0.50% threshold; plates this small are hard to learn
D:\DATN\datasets\raw\roboflow_school_fuhih\valid\images\CarLongPlateGen645_jpg.rf.651914cf53568cd4c09c712e6d178d56.jpg,warning,small_box,0,box area 0.4213% of the image is below the 0.50% threshold; plates this small are hard to learn
D:\DATN\datasets\raw\roboflow_school_fuhih\valid\images\CarLongPlateGen64_jpg.rf.076442259f0f29c9c598a15053245e86.jpg,warning,small_box,0,box area 0.2563% of the image is below the 0.50% threshold; plates this small are hard to learn
D:\DATN\datasets\raw\roboflow_school_fuhih\valid\images\CarLongPlateGen652_jpg.rf.ff3343db784466258dbd29595c6e8e9d.jpg,warning,small_box,0,box area 0.4789% of the image is below the 0.50% threshold; plates this small are hard to learn
D:\DATN\datasets\raw\roboflow_school_fuhih\valid\images\CarLongPlateGen659_jpg.rf.bda69c25aac0918fc18c60ead9455da2.jpg,warning,small_box,0,box area 0.3333% of the image is below the 0.50% threshold; plates this small are hard to learn
D:\DATN\datasets\raw\roboflow_school_fuhih\valid\images\CarLongPlateGen672_jpg.rf.0b573bd894049c91537433c597cf4eab.jpg,warning,small_box,0,box area 0.4213% of the image is below the 0.50% threshold; plates this small are hard to learn
D:\DATN\datasets\raw\roboflow_school_fuhih\valid\images\CarLongPlateGen689_jpg.rf.09d24bc0d13e43f1c83d33d4eb8af308.jpg,warning,small_box,0,box area 0.3959% of the image is below the 0.50% threshold; plates this small are hard to learn
D:\DATN\datasets\raw\roboflow_school_fuhih\valid\images\CarLongPlateGen68_jpg.rf.a5506b2e7e61790c3bf6a559d5ae877d.jpg,warning,small_box,0,box area 0.3891% of the image is below the 0.50% threshold; plates this small are hard to learn
D:\DATN\datasets\raw\roboflow_school_fuhih\valid\images\CarLongPlateGen690_jpg.rf.9b60c13283a52f9872aa00cc5ab0d0c5.jpg,warning,small_box,0,box area 0.4196% of the image is below the 0.50% threshold; plates this small are hard to learn
D:\DATN\datasets\raw\roboflow_school_fuhih\valid\images\CarLongPlateGen697_jpg.rf.58782804cdc3a292e7cb34768df75e12.jpg,warning,small_box,0,box area 0.4883% of the image is below the 0.50% threshold; plates this small are hard to learn
D:\DATN\datasets\raw\roboflow_school_fuhih\valid\images\CarLongPlateGen69_jpg.rf.9aa235de79f6f6fa5df017431101c6b9.jpg,warning,small_box,0,box area 0.2714% of the image is below the 0.50% threshold; plates this small are hard to learn
D:\DATN\datasets\raw\roboflow_school_fuhih\valid\images\CarLongPlateGen70_jpg.rf.10e4a53343f5fa732d675aa9eec5e390.jpg,warning,small_box,0,box area 0.4731% of the image is below the 0.50% threshold; plates this small are hard to learn
D:\DATN\datasets\raw\roboflow_school_fuhih\valid\images\CarLongPlateGen710_jpg.rf.511be116e7e8dccae48953759b13a20e.jpg,warning,small_box,0,box area 0.3995% of the image is below the 0.50% threshold; plates this small are hard to learn
D:\DATN\datasets\raw\roboflow_school_fuhih\valid\images\CarLongPlateGen713_jpg.rf.1304fd7ac826b2a75038babe27b490ba.jpg,warning,small_box,0,box area 0.3510% of the image is below the 0.50% threshold; plates this small are hard to learn
D:\DATN\datasets\raw\roboflow_school_fuhih\valid\images\CarLongPlateGen725_jpg.rf.ca961e418484c998255eac2b9abc7e83.jpg,warning,small_box,0,box area 0.3997% of the image is below the 0.50% threshold; plates this small are hard to learn
D:\DATN\datasets\raw\roboflow_school_fuhih\valid\images\CarLongPlateGen727_jpg.rf.26bec5df90c40f964228eba90eba17b3.jpg,warning,small_box,0,box area 0.3201% of the image is below the 0.50% threshold; plates this small are hard to learn
D:\DATN\datasets\raw\roboflow_school_fuhih\valid\images\CarLongPlateGen734_jpg.rf.bdeeca17d26644f042f10c05f97010fd.jpg,warning,small_box,0,box area 0.4196% of the image is below the 0.50% threshold; plates this small are hard to learn
D:\DATN\datasets\raw\roboflow_school_fuhih\valid\images\CarLongPlateGen735_jpg.rf.0839550c0c4ee5cc84c9be4c114c4f19.jpg,warning,small_box,0,box area 0.4834% of the image is below the 0.50% threshold; plates this small are hard to learn
D:\DATN\datasets\raw\roboflow_school_fuhih\valid\images\CarLongPlateGen747_jpg.rf.415c706438f4ca34d7f2104752b973ad.jpg,warning,small_box,0,box area 0.3341% of the image is below the 0.50% threshold; plates this small are hard to learn
D:\DATN\datasets\raw\roboflow_school_fuhih\valid\images\CarLongPlateGen756_jpg.rf.2fff74f65edd8c1822f9983a4d84c5b5.jpg,warning,small_box,0,box area 0.3549% of the image is below the 0.50% threshold; plates this small are hard to learn
D:\DATN\datasets\raw\roboflow_school_fuhih\valid\images\CarLongPlateGen757_jpg.rf.6640aad0fee934a6eb9682da25b14753.jpg,warning,small_box,0,box area 0.4233% of the image is below the 0.50% threshold; plates this small are hard to learn
D:\DATN\datasets\raw\roboflow_school_fuhih\valid\images\CarLongPlateGen75_jpg.rf.75ddf1f1e21f4b5399163fc914b28527.jpg,warning,small_box,0,box area 0.3113% of the image is below the 0.50% threshold; plates this small are hard to learn
D:\DATN\datasets\raw\roboflow_school_fuhih\valid\images\CarLongPlateGen778_jpg.rf.b9ef174b904f7c59ccb80974e179d9de.jpg,warning,small_box,0,box area 0.4681% of the image is below the 0.50% threshold; plates this small are hard to learn
D:\DATN\datasets\raw\roboflow_school_fuhih\valid\images\CarLongPlateGen77_jpg.rf.1f431f03fb6ea22a485d6963a80d1f94.jpg,warning,small_box,0,box area 0.4196% of the image is below the 0.50% threshold; plates this small are hard to learn
D:\DATN\datasets\raw\roboflow_school_fuhih\valid\images\CarLongPlateGen782_jpg.rf.65ed6d0147c89041586b1a730e2f4181.jpg,warning,small_box,0,box area 0.3486% of the image is below the 0.50% threshold; plates this small are hard to learn
D:\DATN\datasets\raw\roboflow_school_fuhih\valid\images\CarLongPlateGen786_jpg.rf.5b06a9a08166fb0bf29e37bdbd4ead6f.jpg,warning,small_box,0,box area 0.3642% of the image is below the 0.50% threshold; plates this small are hard to learn
D:\DATN\datasets\raw\roboflow_school_fuhih\valid\images\CarLongPlateGen794_jpg.rf.e33842e71c12b2d86b7cb09d38106f24.jpg,warning,small_box,0,box area 0.3201% of the image is below the 0.50% threshold; plates this small are hard to learn
D:\DATN\datasets\raw\roboflow_school_fuhih\valid\images\CarLongPlateGen803_jpg.rf.5982d7c75e438e5510ce8440890468ab.jpg,warning,small_box,0,box area 0.2957% of the image is below the 0.50% threshold; plates this small are hard to learn
D:\DATN\datasets\raw\roboflow_school_fuhih\valid\images\CarLongPlateGen817_jpg.rf.aac3e412ad532e2fdf86019d0736c684.jpg,warning,small_box,0,box area 0.4499% of the image is below the 0.50% threshold; plates this small are hard to learn
D:\DATN\datasets\raw\roboflow_school_fuhih\valid\images\CarLongPlateGen831_jpg.rf.3b4c909fd30f75e9dd63e8ce37069585.jpg,warning,small_box,0,box area 0.3845% of the image is below the 0.50% threshold; plates this small are hard to learn
D:\DATN\datasets\raw\roboflow_school_fuhih\valid\images\CarLongPlateGen850_jpg.rf.3f113953ab4b23f0e82ebe7b86ee26ed.jpg,warning,small_box,0,box area 0.3827% of the image is below the 0.50% threshold; plates this small are hard to learn
D:\DATN\datasets\raw\roboflow_school_fuhih\valid\images\CarLongPlateGen860_jpg.rf.8558564f2b7eda4b4fd104294f9848e9.jpg,warning,small_box,0,box area 0.3625% of the image is below the 0.50% threshold; plates this small are hard to learn
D:\DATN\datasets\raw\roboflow_school_fuhih\valid\images\CarLongPlateGen87_jpg.rf.d609fc4428db48998c9568330df09867.jpg,warning,small_box,0,box area 0.4633% of the image is below the 0.50% threshold; plates this small are hard to learn
D:\DATN\datasets\raw\roboflow_school_fuhih\valid\images\CarLongPlateGen880_jpg.rf.00399cf6ab228c8b45b896722eb9a4a2.jpg,warning,small_box,0,box area 0.3549% of the image is below the 0.50% threshold; plates this small are hard to learn
D:\DATN\datasets\raw\roboflow_school_fuhih\valid\images\CarLongPlateGen886_jpg.rf.97c8388e3ddb12302cb329add9c4a66f.jpg,warning,small_box,0,box area 0.2230% of the image is below the 0.50% threshold; plates this small are hard to learn
D:\DATN\datasets\raw\roboflow_school_fuhih\valid\images\CarLongPlateGen892_jpg.rf.86fd7cdd9e833ff623eba076c827276a.jpg,warning,small_box,0,box area 0.3510% of the image is below the 0.50% threshold; plates this small are hard to learn
D:\DATN\datasets\raw\roboflow_school_fuhih\valid\images\CarLongPlateGen89_jpg.rf.df1ca237e3789bfe4f70031fb3a5022e.jpg,warning,small_box,0,box area 0.4408% of the image is below the 0.50% threshold; plates this small are hard to learn
D:\DATN\datasets\raw\roboflow_school_fuhih\valid\images\CarLongPlateGen906_jpg.rf.fe4a9fd1356bba8e9e811a77cddc5439.jpg,warning,small_box,0,box area 0.3113% of the image is below the 0.50% threshold; plates this small are hard to learn
D:\DATN\datasets\raw\roboflow_school_fuhih\valid\images\CarLongPlateGen910_jpg.rf.1f01985d7539526fb5fefbfafb60cffa.jpg,warning,small_box,0,box area 0.2751% of the image is below the 0.50% threshold; plates this small are hard to learn
D:\DATN\datasets\raw\roboflow_school_fuhih\valid\images\CarLongPlateGen915_jpg.rf.07b31331279e0593f288b0a816ddb0b2.jpg,warning,small_box,0,box area 0.2921% of the image is below the 0.50% threshold; plates this small are hard to learn
D:\DATN\datasets\raw\roboflow_school_fuhih\valid\images\CarLongPlateGen921_jpg.rf.99adb678e858c0f3a0ffa932b50c3b61.jpg,warning,small_box,0,box area 0.2652% of the image is below the 0.50% threshold; plates this small are hard to learn
D:\DATN\datasets\raw\roboflow_school_fuhih\valid\images\CarLongPlateGen922_jpg.rf.944c61999d04990d37cb7499cad2c7b2.jpg,warning,small_box,0,box area 0.4969% of the image is below the 0.50% threshold; plates this small are hard to learn
D:\DATN\datasets\raw\roboflow_school_fuhih\valid\images\CarLongPlateGen930_jpg.rf.e4b4e0581693390abe515cf2666cd802.jpg,warning,small_box,0,box area 0.4731% of the image is below the 0.50% threshold; plates this small are hard to learn
D:\DATN\datasets\raw\roboflow_school_fuhih\valid\images\CarLongPlateGen937_jpg.rf.6f5ba963309c7d756b53b39fc506becc.jpg,warning,small_box,0,box area 0.4897% of the image is below the 0.50% threshold; plates this small are hard to learn
D:\DATN\datasets\raw\roboflow_school_fuhih\valid\images\CarLongPlateGen940_jpg.rf.c8b75809e0ebbbdeda3bf49912256f68.jpg,warning,small_box,0,box area 0.3726% of the image is below the 0.50% threshold; plates this small are hard to learn
D:\DATN\datasets\raw\roboflow_school_fuhih\valid\images\CarLongPlateGen941_jpg.rf.117f5af43359be1c041b304b36311ea6.jpg,warning,small_box,0,box area 0.2389% of the image is below the 0.50% threshold; plates this small are hard to learn
D:\DATN\datasets\raw\roboflow_school_fuhih\valid\images\CarLongPlateGen950_jpg.rf.554310f8ed35f86c93d1bc557ead7fb3.jpg,warning,small_box,0,box area 0.4233% of the image is below the 0.50% threshold; plates this small are hard to learn
D:\DATN\datasets\raw\roboflow_school_fuhih\valid\images\CarLongPlateGen955_jpg.rf.1009518e6c398de16c954d4ef62cf473.jpg,warning,small_box,0,box area 0.2845% of the image is below the 0.50% threshold; plates this small are hard to learn
D:\DATN\datasets\raw\roboflow_school_fuhih\valid\images\CarLongPlateGen95_jpg.rf.871b0b194a84468c461a4a3407800ecd.jpg,warning,small_box,0,box area 0.4043% of the image is below the 0.50% threshold; plates this small are hard to learn
D:\DATN\datasets\raw\roboflow_school_fuhih\valid\images\CarLongPlateGen962_jpg.rf.214b0a0b7deb0ded4ade5c5f0d8e9323.jpg,warning,small_box,0,box area 0.2563% of the image is below the 0.50% threshold; plates this small are hard to learn
D:\DATN\datasets\raw\roboflow_school_fuhih\valid\images\CarLongPlateGen968_jpg.rf.d7c0687679dcd8b7e058642fd0686cf6.jpg,warning,small_box,0,box area 0.3953% of the image is below the 0.50% threshold; plates this small are hard to learn
D:\DATN\datasets\raw\roboflow_school_fuhih\valid\images\CarLongPlateGen972_jpg.rf.8e18acd2b56ed43225c15cee0063e50a.jpg,warning,small_box,0,box area 0.4263% of the image is below the 0.50% threshold; plates this small are hard to learn
D:\DATN\datasets\raw\roboflow_school_fuhih\valid\images\CarLongPlateGen982_jpg.rf.4fbac78138a06ac755759020606c0adc.jpg,warning,small_box,0,box area 0.3204% of the image is below the 0.50% threshold; plates this small are hard to learn
D:\DATN\datasets\raw\roboflow_school_fuhih\valid\images\CarLongPlateGen991_jpg.rf.333d8229764ffc8f63b8866a7e14e609.jpg,warning,small_box,0,box area 0.2899% of the image is below the 0.50% threshold; plates this small are hard to learn
D:\DATN\datasets\raw\roboflow_school_fuhih\valid\images\CarLongPlateGen996_jpg.rf.035b7da1d4b3eda5cb393dd18fe7accf.jpg,warning,small_box,0,box area 0.4731% of the image is below the 0.50% threshold; plates this small are hard to learn
D:\DATN\datasets\raw\roboflow_school_fuhih\valid\images\cropquandoi107_jpg.rf.8a4da7d6d26a9c4578d6889d0d00ac07.jpg,warning,small_box,0,box area 0.3237% of the image is below the 0.50% threshold; plates this small are hard to learn
D:\DATN\datasets\raw\roboflow_school_fuhih\valid\images\cropquandoi107_jpg.rf.8a4da7d6d26a9c4578d6889d0d00ac07.jpg,warning,small_box,1,box area 0.0487% of the image is below the 0.50% threshold; plates this small are hard to learn
D:\DATN\datasets\raw\roboflow_school_fuhih\valid\images\cropquandoi10_jpg.rf.7725cb54e124b523a1a60b2546e28696.jpg,warning,small_box,0,box area 0.4836% of the image is below the 0.50% threshold; plates this small are hard to learn
D:\DATN\datasets\raw\roboflow_school_fuhih\valid\images\cropquandoi110_jpg.rf.c1d3dd54e1918a3c521c5ade86658284.jpg,warning,small_box,0,box area 0.1355% of the image is below the 0.50% threshold; plates this small are hard to learn
D:\DATN\datasets\raw\roboflow_school_fuhih\valid\images\cropquandoi2_jpg.rf.c8bb1c90a4101a6688b4c7e83a7fa158.jpg,warning,small_box,0,box area 0.1235% of the image is below the 0.50% threshold; plates this small are hard to learn
D:\DATN\datasets\raw\roboflow_school_fuhih\valid\images\cropquandoi40_jpg.rf.8ffd9c47cef47eee10973ee59981e3a7.jpg,warning,small_box,0,box area 0.4545% of the image is below the 0.50% threshold; plates this small are hard to learn
D:\DATN\datasets\raw\roboflow_school_fuhih\valid\images\cropquandoi40_jpg.rf.8ffd9c47cef47eee10973ee59981e3a7.jpg,warning,small_box,1,box area 0.1813% of the image is below the 0.50% threshold; plates this small are hard to learn
D:\DATN\datasets\raw\roboflow_school_fuhih\valid\images\cropquandoi43_jpg.rf.c1d5cbb2aa817dcdbba64b68a9c2b123.jpg,warning,small_box,1,box area 0.4746% of the image is below the 0.50% threshold; plates this small are hard to learn
D:\DATN\datasets\raw\roboflow_school_fuhih\valid\images\cropquandoi49_jpg.rf.616d78f7f959b37f8d6358134b980417.jpg,warning,small_box,0,box area 0.4609% of the image is below the 0.50% threshold; plates this small are hard to learn
D:\DATN\datasets\raw\roboflow_school_fuhih\valid\images\cropquandoi54_jpg.rf.2a36d6a65dfb834708c3d9edec42f77b.jpg,warning,small_box,0,box area 0.3827% of the image is below the 0.50% threshold; plates this small are hard to learn
D:\DATN\datasets\raw\roboflow_school_fuhih\valid\images\cropquandoi75_jpg.rf.00c3e9dce52c2e0603aceb3825278599.jpg,warning,small_box,0,box area 0.4805% of the image is below the 0.50% threshold; plates this small are hard to learn
D:\DATN\datasets\raw\roboflow_school_fuhih\valid\images\cropquandoi79_jpg.rf.4f2f12a551a17c2ffaac6e6d7a50bee3.jpg,warning,small_box,0,box area 0.4230% of the image is below the 0.50% threshold; plates this small are hard to learn
D:\DATN\datasets\raw\roboflow_school_fuhih\valid\images\cropquandoi79_jpg.rf.4f2f12a551a17c2ffaac6e6d7a50bee3.jpg,warning,small_box,1,box area 0.3330% of the image is below the 0.50% threshold; plates this small are hard to learn
D:\DATN\datasets\raw\roboflow_school_fuhih\valid\images\cropquandoi82_jpg.rf.42caa5831d52ed8de77cd6e2ced24012.jpg,warning,small_box,0,box area 0.3943% of the image is below the 0.50% threshold; plates this small are hard to learn
D:\DATN\datasets\raw\roboflow_school_fuhih\valid\images\cropquandoi94_jpg.rf.03103b377da4b1128c263fc7283be47c.jpg,warning,small_box,0,box area 0.2233% of the image is below the 0.50% threshold; plates this small are hard to learn
D:\DATN\datasets\raw\roboflow_school_fuhih\valid\images\cropquandoi94_jpg.rf.03103b377da4b1128c263fc7283be47c.jpg,warning,small_box,1,box area 0.0602% of the image is below the 0.50% threshold; plates this small are hard to learn
D:\DATN\datasets\raw\roboflow_school_fuhih\valid\images\quandoi101_jpg.rf.b6f93114703fa5c278ac63e459e45941.jpg,warning,small_box,0,box area 0.2050% of the image is below the 0.50% threshold; plates this small are hard to learn
D:\DATN\datasets\raw\roboflow_school_fuhih\valid\images\quandoi101_jpg.rf.b6f93114703fa5c278ac63e459e45941.jpg,warning,small_box,1,box area 0.1355% of the image is below the 0.50% threshold; plates this small are hard to learn
D:\DATN\datasets\raw\roboflow_school_fuhih\valid\images\quandoi101_jpg.rf.b6f93114703fa5c278ac63e459e45941.jpg,warning,small_box,2,box area 0.0801% of the image is below the 0.50% threshold; plates this small are hard to learn
D:\DATN\datasets\raw\roboflow_school_fuhih\valid\images\quandoi10_jpg.rf.0d6c46e23314d46c4d2147eec98f2f42.jpg,warning,small_box,0,box area 0.3305% of the image is below the 0.50% threshold; plates this small are hard to learn
D:\DATN\datasets\raw\roboflow_school_fuhih\valid\images\quandoi25_jpg.rf.18b86d98a391c4c6acb071b6e3d77c5f.jpg,warning,small_box,1,box area 0.1816% of the image is below the 0.50% threshold; plates this small are hard to learn
D:\DATN\datasets\raw\roboflow_school_fuhih\valid\images\quandoi37_jpg.rf.5f3c1d87134b3d9708dbaa2fc66c9686.jpg,warning,small_box,0,box area 0.1813% of the image is below the 0.50% threshold; plates this small are hard to learn
D:\DATN\datasets\raw\roboflow_school_fuhih\valid\images\quandoi54_jpg.rf.ab49531aa10d5cf544caa0091443aa17.jpg,warning,small_box,0,box area 0.3189% of the image is below the 0.50% threshold; plates this small are hard to learn
D:\DATN\datasets\raw\roboflow_school_fuhih\valid\images\quandoi59_jpg.rf.8320e4a05a06ee3fd04d4488e9b81345.jpg,warning,small_box,0,box area 0.1992% of the image is below the 0.50% threshold; plates this small are hard to learn
D:\DATN\datasets\raw\roboflow_school_fuhih\valid\images\quandoi59_jpg.rf.8320e4a05a06ee3fd04d4488e9b81345.jpg,warning,small_box,1,box area 0.0435% of the image is below the 0.50% threshold; plates this small are hard to learn
D:\DATN\datasets\raw\roboflow_school_fuhih\valid\images\quandoi59_jpg.rf.8320e4a05a06ee3fd04d4488e9b81345.jpg,warning,small_box,2,box area 0.3495% of the image is below the 0.50% threshold; plates this small are hard to learn
D:\DATN\datasets\raw\roboflow_school_fuhih\valid\images\quandoi59_jpg.rf.8320e4a05a06ee3fd04d4488e9b81345.jpg,warning,small_box,3,box area 0.0919% of the image is below the 0.50% threshold; plates this small are hard to learn
D:\DATN\datasets\raw\roboflow_school_fuhih\valid\images\quandoi63_jpg.rf.95a93f4b00287458df75e144bc327407.jpg,warning,small_box,0,box area 0.0994% of the image is below the 0.50% threshold; plates this small are hard to learn
D:\DATN\datasets\raw\roboflow_school_fuhih\valid\images\quandoi88_jpg.rf.e633edd131a93a6bd814eb9942c9364a.jpg,warning,small_box,0,box area 0.2833% of the image is below the 0.50% threshold; plates this small are hard to learn
D:\DATN\datasets\raw\roboflow_school_fuhih\valid\images\rotatengoaigiao7_jpg.rf.5300d7528368935e7bae55242612affe.jpg,warning,small_box,1,box area 0.4316% of the image is below the 0.50% threshold; plates this small are hard to learn
D:\DATN\datasets\raw\roboflow_school_fuhih\valid\images\rotatequandoi101_jpg.rf.4438e3664fd318cbc82d8858f1b3e976.jpg,warning,small_box,0,box area 0.3116% of the image is below the 0.50% threshold; plates this small are hard to learn
D:\DATN\datasets\raw\roboflow_school_fuhih\valid\images\rotatequandoi101_jpg.rf.4438e3664fd318cbc82d8858f1b3e976.jpg,warning,small_box,1,box area 0.1993% of the image is below the 0.50% threshold; plates this small are hard to learn
D:\DATN\datasets\raw\roboflow_school_fuhih\valid\images\rotatequandoi107_jpg.rf.4693af4ab477f5db55e03e6503583ff2.jpg,warning,small_box,0,box area 0.3047% of the image is below the 0.50% threshold; plates this small are hard to learn
D:\DATN\datasets\raw\roboflow_school_fuhih\valid\images\rotatequandoi17_jpg.rf.0d504c60c3033bd62f2be771bc9e93c3.jpg,warning,small_box,0,box area 0.4726% of the image is below the 0.50% threshold; plates this small are hard to learn
D:\DATN\datasets\raw\roboflow_school_fuhih\valid\images\rotatequandoi34_jpg.rf.10ef6f69e9c4e330be84988398588394.jpg,warning,small_box,0,box area 0.2611% of the image is below the 0.50% threshold; plates this small are hard to learn
D:\DATN\datasets\raw\roboflow_school_fuhih\valid\images\rotatequandoi35_jpg.rf.06b9eaa5b60c93b0685621e7348e5d19.jpg,warning,small_box,0,box area 0.4457% of the image is below the 0.50% threshold; plates this small are hard to learn
D:\DATN\datasets\raw\roboflow_school_fuhih\valid\images\rotatequandoi68_jpg.rf.e1d39b979cf68ef8ee7a3ac8fc1129b7.jpg,warning,small_box,0,box area 0.3955% of the image is below the 0.50% threshold; plates this small are hard to learn
D:\DATN\datasets\raw\roboflow_school_fuhih\valid\images\rotatequandoi81_jpg.rf.d066a5ac7661ca203a85f8dece1d396e.jpg,warning,small_box,0,box area 0.1904% of the image is below the 0.50% threshold; plates this small are hard to learn
D:\DATN\datasets\raw\roboflow_school_fuhih\valid\images\rotatequandoi81_jpg.rf.d066a5ac7661ca203a85f8dece1d396e.jpg,warning,small_box,1,box area 0.0983% of the image is below the 0.50% threshold; plates this small are hard to learn
D:\DATN\datasets\raw\roboflow_school_fuhih\valid\images\rotatequandoi81_jpg.rf.d066a5ac7661ca203a85f8dece1d396e.jpg,warning,small_box,2,box area 0.2451% of the image is below the 0.50% threshold; plates this small are hard to learn
D:\DATN\datasets\raw\roboflow_school_fuhih\valid\images\rotatequandoi81_jpg.rf.d066a5ac7661ca203a85f8dece1d396e.jpg,warning,small_box,3,box area 0.2063% of the image is below the 0.50% threshold; plates this small are hard to learn
D:\DATN\datasets\raw\roboflow_school_fuhih\valid\images\rotatequandoi86_jpg.rf.6211c138d2bbda0f258ef968d548444f.jpg,warning,small_box,0,box area 0.1774% of the image is below the 0.50% threshold; plates this small are hard to learn
D:\DATN\datasets\raw\roboflow_school_fuhih\valid\images\rotatequandoi86_jpg.rf.6211c138d2bbda0f258ef968d548444f.jpg,warning,small_box,1,box area 0.1108% of the image is below the 0.50% threshold; plates this small are hard to learn
D:\DATN\datasets\raw\roboflow_school_fuhih\valid\images\rotatequandoi8_jpg.rf.2ed578a16c5ab2fd6924336a54bf6523.jpg,warning,small_box,0,box area 0.1488% of the image is below the 0.50% threshold; plates this small are hard to learn
D:\DATN\datasets\raw\roboflow_school_fuhih\valid\images\rotatequandoi93_jpg.rf.0ca5b22fb4dba0ccf9bb94cdb576f934.jpg,warning,small_box,0,box area 0.2498% of the image is below the 0.50% threshold; plates this small are hard to learn
D:\DATN\datasets\raw\roboflow_school_fuhih\valid\images\rotatequandoi93_jpg.rf.0ca5b22fb4dba0ccf9bb94cdb576f934.jpg,warning,small_box,1,box area 0.0632% of the image is below the 0.50% threshold; plates this small are hard to learn
D:\DATN\datasets\raw\roboflow_school_fuhih\valid\images\rotatequandoi93_jpg.rf.0ca5b22fb4dba0ccf9bb94cdb576f934.jpg,warning,small_box,2,box area 0.1401% of the image is below the 0.50% threshold; plates this small are hard to learn
D:\DATN\datasets\raw\roboflow_school_fuhih\valid\images\rotatequandoi93_jpg.rf.0ca5b22fb4dba0ccf9bb94cdb576f934.jpg,warning,small_box,3,box area 0.0961% of the image is below the 0.50% threshold; plates this small are hard to learn
D:\DATN\datasets\raw\roboflow_school_fuhih\valid\images\rotatequandoi98_jpg.rf.15ac6252cb545756eb4549078133f8ab.jpg,warning,small_box,0,box area 0.4103% of the image is below the 0.50% threshold; plates this small are hard to learn
D:\DATN\datasets\raw\roboflow_school_fuhih\valid\images\xemay2344_jpg.rf.810fb9dfb4ff3106ed820f26f8dbfbee.jpg,warning,small_box,0,box area 0.4314% of the image is below the 0.50% threshold; plates this small are hard to learn
