image,severity,code,box_index,detail
D:\DATN\datasets\raw\roboflow_cuong_ta\train\images\boderngoaigiao10_jpg.rf.1319a04a04c23616493c40e45cdd3f06.jpg,warning,small_box,0,box area 0.1187% of the image is below the 0.50% threshold; plates this small are hard to learn
D:\DATN\datasets\raw\roboflow_cuong_ta\train\images\boderngoaigiao10_jpg.rf.1319a04a04c23616493c40e45cdd3f06.jpg,warning,small_box,1,box area 0.0356% of the image is below the 0.50% threshold; plates this small are hard to learn
D:\DATN\datasets\raw\roboflow_cuong_ta\train\images\boderngoaigiao12_jpg.rf.86b895e7a82304eb2953812fc44a4874.jpg,warning,small_box,1,box area 0.0837% of the image is below the 0.50% threshold; plates this small are hard to learn
D:\DATN\datasets\raw\roboflow_cuong_ta\train\images\boderngoaigiao14_jpg.rf.60cd297a61ea318d40436f3c8a0b67bd.jpg,warning,small_box,0,box area 0.2929% of the image is below the 0.50% threshold; plates this small are hard to learn
D:\DATN\datasets\raw\roboflow_cuong_ta\train\images\boderngoaigiao5_jpg.rf.8b8274c5185036b5b49900c8f1e37f56.jpg,warning,small_box,0,box area 0.4312% of the image is below the 0.50% threshold; plates this small are hard to learn
D:\DATN\datasets\raw\roboflow_cuong_ta\train\images\boderngoaigiao6_jpg.rf.d8f50acf46a644e9a107c27afd43770a.jpg,warning,small_box,0,box area 0.1907% of the image is below the 0.50% threshold; plates this small are hard to learn
D:\DATN\datasets\raw\roboflow_cuong_ta\train\images\boderngoaigiao7_jpg.rf.d87a91d1c92afabe729d7f55516b1892.jpg,warning,small_box,0,box area 0.1926% of the image is below the 0.50% threshold; plates this small are hard to learn
D:\DATN\datasets\raw\roboflow_cuong_ta\train\images\boderngoaigiao7_jpg.rf.d87a91d1c92afabe729d7f55516b1892.jpg,warning,small_box,1,box area 0.0957% of the image is below the 0.50% threshold; plates this small are hard to learn
D:\DATN\datasets\raw\roboflow_cuong_ta\train\images\boderngoaigiao8_jpg.rf.18b053f6ae41165a8d709684e9725690.jpg,warning,small_box,0,box area 0.3324% of the image is below the 0.50% threshold; plates this small are hard to learn
D:\DATN\datasets\raw\roboflow_cuong_ta\train\images\boderngoaigiao9_jpg.rf.e18a53b05ed1ecc918d5abb57481ec94.jpg,warning,small_box,0,box area 0.3444% of the image is below the 0.50% threshold; plates this small are hard to learn
D:\DATN\datasets\raw\roboflow_cuong_ta\train\images\boderquandoi0_jpg.rf.199465a68b3499110463da435463820b.jpg,warning,small_box,0,box area 0.1534% of the image is below the 0.50% threshold; plates this small are hard to learn
D:\DATN\datasets\raw\roboflow_cuong_ta\train\images\boderquandoi102_jpg.rf.48e28b0ac1665f7f250f52ef5101b52f.jpg,warning,small_box,0,box area 0.1317% of the image is below the 0.50% threshold; plates this small are hard to learn
D:\DATN\datasets\raw\roboflow_cuong_ta\train\images\boderquandoi103_jpg.rf.0481f9c357a4fa212730a0ee40fbc185.jpg,warning,small_box,0,box area 0.1712% of the image is below the 0.50% threshold; plates this small are hard to learn
D:\DATN\datasets\raw\roboflow_cuong_ta\train\images\boderquandoi104_jpg.rf.22743c7b62485513d9c3d1403ace50c7.jpg,warning,small_box,0,box area 0.1938% of the image is below the 0.50% threshold; plates this small are hard to learn
D:\DATN\datasets\raw\roboflow_cuong_ta\train\images\boderquandoi105_jpg.rf.a98bd321b443af4571dde5e67e7449a1.jpg,warning,small_box,0,box area 0.0682% of the image is below the 0.50% threshold; plates this small are hard to learn
D:\DATN\datasets\raw\roboflow_cuong_ta\train\images\boderquandoi106_jpg.rf.786c7657956869fa4c974567958346a1.jpg,warning,small_box,0,box area 0.1057% of the image is below the 0.50% threshold; plates this small are hard to learn
D:\DATN\datasets\raw\roboflow_cuong_ta\train\images\boderquandoi107_jpg.rf.b3f2425fd75355551cef0bb74242f669.jpg,warning,small_box,0,box area 0.1194% of the image is below the 0.50% threshold; plates this small are hard to learn
D:\DATN\datasets\raw\roboflow_cuong_ta\train\images\boderquandoi110_jpg.rf.a37fb4c671df58da2c15bf48f6bfe710.jpg,warning,small_box,0,box area 0.1960% of the image is below the 0.50% threshold; plates this small are hard to learn
D:\DATN\datasets\raw\roboflow_cuong_ta\train\images\boderquandoi12_jpg.rf.d4887c5f26afe04f2b0139cfa9a1c84b.jpg,warning,small_box,0,box area 0.2542% of the image is below the 0.50% threshold; plates this small are hard to learn
D:\DATN\datasets\raw\roboflow_cuong_ta\train\images\boderquandoi13_jpg.rf.ce6b20fcc39e408591d08d4c3c7de08c.jpg,warning,small_box,0,box area 0.2162% of the image is below the 0.50% threshold; plates this small are hard to learn
D:\DATN\datasets\raw\roboflow_cuong_ta\train\images\boderquandoi17_jpg.rf.e078ef2e92cfa96deb3d6ad6046f021b.jpg,warning,small_box,0,box area 0.0621% of the image is below the 0.50% threshold; plates this small are hard to learn
D:\DATN\datasets\raw\roboflow_cuong_ta\train\images\boderquandoi18_jpg.rf.600ba6927eb065e45392db73883a69dd.jpg,warning,small_box,0,box area 0.2452% of the image is below the 0.50% threshold; plates this small are hard to learn
D:\DATN\datasets\raw\roboflow_cuong_ta\train\images\boderquandoi19_jpg.rf.a84053644ef9c1850bdcf46c684ef028.jpg,warning,small_box,0,box area 0.1072% of the image is below the 0.50% threshold; plates this small are hard to learn
D:\DATN\datasets\raw\roboflow_cuong_ta\train\images\boderquandoi1_jpg.rf.0b8f4a0ea05017d8c79e43bbcf27d207.jpg,warning,small_box,0,box area 0.0548% of the image is below the 0.50% threshold; plates this small are hard to learn
D:\DATN\datasets\raw\roboflow_cuong_ta\train\images\boderquandoi20_jpg.rf.18e2d17b1853a0ebfc2b21aed4bcc092.jpg,warning,small_box,0,box area 0.0752% of the image is below the 0.50% threshold; plates this small are hard to learn
D:\DATN\datasets\raw\roboflow_cuong_ta\train\images\boderquandoi21_jpg.rf.f4237cc892241e51d08e1ec76a6df957.jpg,warning,small_box,0,box area 0.4463% of the image is below the 0.50% threshold; plates this small are hard to learn
D:\DATN\datasets\raw\roboflow_cuong_ta\train\images\boderquandoi22_jpg.rf.3cd3b037f095274af00cb1b3865f0f5e.jpg,warning,small_box,0,box area 0.4092% of the image is below the 0.50% threshold; plates this small are hard to learn
D:\DATN\datasets\raw\roboflow_cuong_ta\train\images\boderquandoi23_jpg.rf.030ce6049deb2c587c7d69424a9000e8.jpg,warning,small_box,0,box area 0.0955% of the image is below the 0.50% threshold; plates this small are hard to learn
D:\DATN\datasets\raw\roboflow_cuong_ta\train\images\boderquandoi24_jpg.rf.3ef480d3e7113a11b7950d13878244e3.jpg,warning,small_box,0,box area 0.2565% of the image is below the 0.50% threshold; plates this small are hard to learn
D:\DATN\datasets\raw\roboflow_cuong_ta\train\images\boderquandoi25_jpg.rf.d82971e3ae88c97d3acaf1f9cb925107.jpg,warning,small_box,0,box area 0.2447% of the image is below the 0.50% threshold; plates this small are hard to learn
D:\DATN\datasets\raw\roboflow_cuong_ta\train\images\boderquandoi25_jpg.rf.d82971e3ae88c97d3acaf1f9cb925107.jpg,warning,small_box,1,box area 0.0942% of the image is below the 0.50% threshold; plates this small are hard to learn
D:\DATN\datasets\raw\roboflow_cuong_ta\train\images\boderquandoi26_jpg.rf.0ca99063a0f059f88be00dd8f4700384.jpg,warning,small_box,0,box area 0.2499% of the image is below the 0.50% threshold; plates this small are hard to learn
D:\DATN\datasets\raw\roboflow_cuong_ta\train\images\boderquandoi27_jpg.rf.73280db5fa67ea6ff40fe1bbd95bcf7e.jpg,warning,small_box,0,box area 0.1481% of the image is below the 0.50% threshold; plates this small are hard to learn
D:\DATN\datasets\raw\roboflow_cuong_ta\train\images\boderquandoi28_jpg.rf.75c95cb852c7f044c1438fb0005ee052.jpg,warning,small_box,0,box area 0.2393% of the image is below the 0.50% threshold; plates this small are hard to learn
D:\DATN\datasets\raw\roboflow_cuong_ta\train\images\boderquandoi29_jpg.rf.4a177a8d3d20d0b02b2b2b26c20b9620.jpg,warning,small_box,0,box area 0.1113% of the image is below the 0.50% threshold; plates this small are hard to learn
D:\DATN\datasets\raw\roboflow_cuong_ta\train\images\boderquandoi30_jpg.rf.7196894b28ca72f0e06f3e6c2d720e28.jpg,warning,small_box,0,box area 0.1763% of the image is below the 0.50% threshold; plates this small are hard to learn
D:\DATN\datasets\raw\roboflow_cuong_ta\train\images\boderquandoi31_jpg.rf.340b45276beffba9e06cfcb6c93f86f2.jpg,warning,small_box,0,box area 0.2252% of the image is below the 0.50% threshold; plates this small are hard to learn
D:\DATN\datasets\raw\roboflow_cuong_ta\train\images\boderquandoi32_jpg.rf.c7d9d463365bdda962c2d0f144b4702f.jpg,warning,small_box,0,box area 0.2357% of the image is below the 0.50% threshold; plates this small are hard to learn
D:\DATN\datasets\raw\roboflow_cuong_ta\train\images\boderquandoi34_jpg.rf.f9dce02cc6b1d5a1ac811dfa69c9fe4c.jpg,warning,small_box,0,box area 0.0653% of the image is below the 0.50% threshold; plates this small are hard to learn
D:\DATN\datasets\raw\roboflow_cuong_ta\train\images\boderquandoi35_jpg.rf.cf3e89e8826da6d3bf20dd1347010d83.jpg,warning,small_box,0,box area 0.0925% of the image is below the 0.50% threshold; plates this small are hard to learn
D:\DATN\datasets\raw\roboflow_cuong_ta\train\images\boderquandoi37_jpg.rf.92f5f55b85e51d20b5584c518efe8294.jpg,warning,small_box,0,box area 0.0500% of the image is below the 0.50% threshold; plates this small are hard to learn
D:\DATN\datasets\raw\roboflow_cuong_ta\train\images\boderquandoi39_jpg.rf.62a21af614239d1a8b212f9c246a1f91.jpg,warning,small_box,0,box area 0.1787% of the image is below the 0.50% threshold; plates this small are hard to learn
D:\DATN\datasets\raw\roboflow_cuong_ta\train\images\boderquandoi39_jpg.rf.62a21af614239d1a8b212f9c246a1f91.jpg,warning,small_box,1,box area 0.0750% of the image is below the 0.50% threshold; plates this small are hard to learn
D:\DATN\datasets\raw\roboflow_cuong_ta\train\images\boderquandoi40_jpg.rf.bfaf13f2855a86d9e7eb2bcf64e02f61.jpg,warning,small_box,0,box area 0.1354% of the image is below the 0.50% threshold; plates this small are hard to learn
D:\DATN\datasets\raw\roboflow_cuong_ta\train\images\boderquandoi40_jpg.rf.bfaf13f2855a86d9e7eb2bcf64e02f61.jpg,warning,small_box,1,box area 0.0781% of the image is below the 0.50% threshold; plates this small are hard to learn
D:\DATN\datasets\raw\roboflow_cuong_ta\train\images\boderquandoi41_jpg.rf.9208940820f7592eff5833ece2073e51.jpg,warning,small_box,0,box area 0.1293% of the image is below the 0.50% threshold; plates this small are hard to learn
D:\DATN\datasets\raw\roboflow_cuong_ta\train\images\boderquandoi42_jpg.rf.a3dbd4912683bd3900e3627c12a14d31.jpg,warning,small_box,0,box area 0.1697% of the image is below the 0.50% threshold; plates this small are hard to learn
D:\DATN\datasets\raw\roboflow_cuong_ta\train\images\boderquandoi44_jpg.rf.8492008881ee088bff4404329926df8f.jpg,warning,small_box,0,box area 0.1192% of the image is below the 0.50% threshold; plates this small are hard to learn
D:\DATN\datasets\raw\roboflow_cuong_ta\train\images\boderquandoi44_jpg.rf.8492008881ee088bff4404329926df8f.jpg,warning,small_box,1,box area 0.2226% of the image is below the 0.50% threshold; plates this small are hard to learn
D:\DATN\datasets\raw\roboflow_cuong_ta\train\images\boderquandoi45_jpg.rf.ce9c0c7d3e3991aaaf79e06bf4c96e47.jpg,warning,small_box,0,box area 0.3195% of the image is below the 0.50% threshold; plates this small are hard to learn
D:\DATN\datasets\raw\roboflow_cuong_ta\train\images\boderquandoi49_jpg.rf.0303bb91ac924722183829de7801ceb5.jpg,warning,small_box,0,box area 0.1216% of the image is below the 0.50% threshold; plates this small are hard to learn
D:\DATN\datasets\raw\roboflow_cuong_ta\train\images\boderquandoi4_jpg.rf.65aea602e4c4ba7b7ce8ca16c6f29cac.jpg,warning,small_box,0,box area 0.0974% of the image is below the 0.50% threshold; plates this small are hard to learn
D:\DATN\datasets\raw\roboflow_cuong_ta\train\images\boderquandoi4_jpg.rf.65aea602e4c4ba7b7ce8ca16c6f29cac.jpg,warning,small_box,1,box area 0.0311% of the image is below the 0.50% threshold; plates this small are hard to learn
D:\DATN\datasets\raw\roboflow_cuong_ta\train\images\boderquandoi50_jpg.rf.413154d1c0e9b8277ffc0d036352b1b9.jpg,warning,small_box,0,box area 0.2893% of the image is below the 0.50% threshold; plates this small are hard to learn
D:\DATN\datasets\raw\roboflow_cuong_ta\train\images\boderquandoi53_jpg.rf.4515e6d2e145d3bcb1737f0d3590d9ad.jpg,warning,small_box,0,box area 0.3784% of the image is below the 0.50% threshold; plates this small are hard to learn
D:\DATN\datasets\raw\roboflow_cuong_ta\train\images\boderquandoi55_jpg.rf.94d8e5a8e64c90da7c6ef8974aa5a294.jpg,warning,small_box,0,box area 0.2514% of the image is below the 0.50% threshold; plates this small are hard to learn
D:\DATN\datasets\raw\roboflow_cuong_ta\train\images\boderquandoi57_jpg.rf.f3a14d5b8f2559b999ba6a4cdbeb225e.jpg,warning,small_box,0,box area 0.1360% of the image is below the 0.50% threshold; plates this small are hard to learn
D:\DATN\datasets\raw\roboflow_cuong_ta\train\images\boderquandoi58_jpg.rf.5e8d2d6ff4d214c78c0790f1f5c8c220.jpg,warning,small_box,0,box area 0.1528% of the image is below the 0.50% threshold; plates this small are hard to learn
D:\DATN\datasets\raw\roboflow_cuong_ta\train\images\boderquandoi5_jpg.rf.c60c4df9782fc38cab188c5fb997dd38.jpg,warning,small_box,0,box area 0.0704% of the image is below the 0.50% threshold; plates this small are hard to learn
D:\DATN\datasets\raw\roboflow_cuong_ta\train\images\boderquandoi60_jpg.rf.c6478657f0c73ef61fe6745e2a774c27.jpg,warning,small_box,0,box area 0.1807% of the image is below the 0.50% threshold; plates this small are hard to learn
D:\DATN\datasets\raw\roboflow_cuong_ta\train\images\boderquandoi61_jpg.rf.f76e9e431856c1002c5c905cb25408fb.jpg,warning,small_box,0,box area 0.0833% of the image is below the 0.50% threshold; plates this small are hard to learn
D:\DATN\datasets\raw\roboflow_cuong_ta\train\images\boderquandoi62_jpg.rf.79fc19f0133c26d68a6ed8d749ef58aa.jpg,warning,small_box,0,box area 0.3639% of the image is below the 0.50% threshold; plates this small are hard to learn
D:\DATN\datasets\raw\roboflow_cuong_ta\train\images\boderquandoi63_jpg.rf.20a000afae4744479c0b775b502b9eaa.jpg,warning,small_box,0,box area 0.1137% of the image is below the 0.50% threshold; plates this small are hard to learn
D:\DATN\datasets\raw\roboflow_cuong_ta\train\images\boderquandoi64_jpg.rf.d718d68c0dc53f8f0a19e03dc0541d1b.jpg,warning,small_box,0,box area 0.2349% of the image is below the 0.50% threshold; plates this small are hard to learn
D:\DATN\datasets\raw\roboflow_cuong_ta\train\images\boderquandoi65_jpg.rf.63cd09cd2540069e56d468f610692e5b.jpg,warning,small_box,0,box area 0.1020% of the image is below the 0.50% threshold; plates this small are hard to learn
D:\DATN\datasets\raw\roboflow_cuong_ta\train\images\boderquandoi66_jpg.rf.d1ad7bf78b01f07be69e56c0553b1c15.jpg,warning,small_box,0,box area 0.2819% of the image is below the 0.50% threshold; plates this small are hard to learn
D:\DATN\datasets\raw\roboflow_cuong_ta\train\images\boderquandoi67_jpg.rf.0fc32642049a8035c51d69822c033bf6.jpg,warning,small_box,0,box area 0.1875% of the image is below the 0.50% threshold; plates this small are hard to learn
D:\DATN\datasets\raw\roboflow_cuong_ta\train\images\boderquandoi68_jpg.rf.7621370c30e9ae04e0d6b6ce738d3eb7.jpg,warning,small_box,0,box area 0.0766% of the image is below the 0.50% threshold; plates this small are hard to learn
D:\DATN\datasets\raw\roboflow_cuong_ta\train\images\boderquandoi69_jpg.rf.d0332c79f299da385eb305d277ebfb2d.jpg,warning,small_box,0,box area 0.2195% of the image is below the 0.50% threshold; plates this small are hard to learn
D:\DATN\datasets\raw\roboflow_cuong_ta\train\images\boderquandoi70_jpg.rf.b6cb0b60518beeaec720051f596310c4.jpg,warning,small_box,0,box area 0.1253% of the image is below the 0.50% threshold; plates this small are hard to learn
D:\DATN\datasets\raw\roboflow_cuong_ta\train\images\boderquandoi72_jpg.rf.c11db07180741ec9baece3defec39913.jpg,warning,small_box,0,box area 0.1808% of the image is below the 0.50% threshold; plates this small are hard to learn
D:\DATN\datasets\raw\roboflow_cuong_ta\train\images\boderquandoi75_jpg.rf.01d015c39d61c5b242a6c10f87548965.jpg,warning,small_box,0,box area 0.2750% of the image is below the 0.50% threshold; plates this small are hard to learn
D:\DATN\datasets\raw\roboflow_cuong_ta\train\images\boderquandoi77_jpg.rf.f58c279e5c95cae89cdf0d578b2b6209.jpg,warning,small_box,0,box area 0.1657% of the image is below the 0.50% threshold; plates this small are hard to learn
D:\DATN\datasets\raw\roboflow_cuong_ta\train\images\boderquandoi79_jpg.rf.b0da627ccc6e525c056df728ee4c9a3e.jpg,warning,small_box,0,box area 0.1062% of the image is below the 0.50% threshold; plates this small are hard to learn
D:\DATN\datasets\raw\roboflow_cuong_ta\train\images\boderquandoi80_jpg.rf.5b469e8fd64578f3635a902a290891a4.jpg,warning,small_box,0,box area 0.1319% of the image is below the 0.50% threshold; plates this small are hard to learn
D:\DATN\datasets\raw\roboflow_cuong_ta\train\images\boderquandoi81_jpg.rf.a09e001b7cc161c7424d6068ebc4a51e.jpg,warning,small_box,0,box area 0.0585% of the image is below the 0.50% threshold; plates this small are hard to learn
D:\DATN\datasets\raw\roboflow_cuong_ta\train\images\boderquandoi81_jpg.rf.a09e001b7cc161c7424d6068ebc4a51e.jpg,warning,small_box,1,box area 0.0789% of the image is below the 0.50% threshold; plates this small are hard to learn
D:\DATN\datasets\raw\roboflow_cuong_ta\train\images\boderquandoi81_jpg.rf.a09e001b7cc161c7424d6068ebc4a51e.jpg,warning,small_box,2,box area 0.0608% of the image is below the 0.50% threshold; plates this small are hard to learn
D:\DATN\datasets\raw\roboflow_cuong_ta\train\images\boderquandoi82_jpg.rf.5b088a2db027032f1ac0c360c4402729.jpg,warning,small_box,0,box area 0.0984% of the image is below the 0.50% threshold; plates this small are hard to learn
D:\DATN\datasets\raw\roboflow_cuong_ta\train\images\boderquandoi83_jpg.rf.a55547e1b62aa3002c02b6501d804a78.jpg,warning,small_box,0,box area 0.0804% of the image is below the 0.50% threshold; plates this small are hard to learn
D:\DATN\datasets\raw\roboflow_cuong_ta\train\images\boderquandoi83_jpg.rf.a55547e1b62aa3002c02b6501d804a78.jpg,warning,small_box,1,box area 0.0950% of the image is below the 0.50% threshold; plates this small are hard to learn
D:\DATN\datasets\raw\roboflow_cuong_ta\train\images\boderquandoi85_jpg.rf.f4192d691d9e07bc4734f9b05a7adab8.jpg,warning,small_box,0,box area 0.1058% of the image is below the 0.50% threshold; plates this small are hard to learn
D:\DATN\datasets\raw\roboflow_cuong_ta\train\images\boderquandoi87_jpg.rf.aae500917885fb5e205894d1f0b3d414.jpg,warning,small_box,0,box area 0.1391% of the image is below the 0.50% threshold; plates this small are hard to learn
D:\DATN\datasets\raw\roboflow_cuong_ta\train\images\boderquandoi89_jpg.rf.8f203a96b0b692dd39b8d9b1ab8a4594.jpg,warning,small_box,0,box area 0.3658% of the image is below the 0.50% threshold; plates this small are hard to learn
D:\DATN\datasets\raw\roboflow_cuong_ta\train\images\boderquandoi8_jpg.rf.68ff571691fed408635cf54cfccf88c9.jpg,warning,small_box,0,box area 0.0349% of the image is below the 0.50% threshold; plates this small are hard to learn
D:\DATN\datasets\raw\roboflow_cuong_ta\train\images\boderquandoi90_jpg.rf.8a98a4f4d5b8a7dbc28f61a9cc16b13d.jpg,warning,small_box,0,box area 0.0593% of the image is below the 0.50% threshold; plates this small are hard to learn
D:\DATN\datasets\raw\roboflow_cuong_ta\train\images\boderquandoi91_jpg.rf.cbdc13d917458b62760dd24d0ebeb420.jpg,warning,small_box,0,box area 0.0767% of the image is below the 0.50% threshold; plates this small are hard to learn
D:\DATN\datasets\raw\roboflow_cuong_ta\train\images\boderquandoi92_jpg.rf.8feb42983911ea154d0a6afe6b60f1b5.jpg,warning,small_box,0,box area 0.0659% of the image is below the 0.50% threshold; plates this small are hard to learn
D:\DATN\datasets\raw\roboflow_cuong_ta\train\images\boderquandoi94_jpg.rf.699999b312d27c00814c39cff940982b.jpg,warning,small_box,0,box area 0.0664% of the image is below the 0.50% threshold; plates this small are hard to learn
D:\DATN\datasets\raw\roboflow_cuong_ta\train\images\boderquandoi95_jpg.rf.4e281c2dc1a0b3bf8b3172ef7938421b.jpg,warning,small_box,0,box area 0.1292% of the image is below the 0.50% threshold; plates this small are hard to learn
D:\DATN\datasets\raw\roboflow_cuong_ta\train\images\boderquandoi98_jpg.rf.4652e1be17e6dd9374fa685dc0f94e72.jpg,warning,small_box,0,box area 0.0862% of the image is below the 0.50% threshold; plates this small are hard to learn
D:\DATN\datasets\raw\roboflow_cuong_ta\train\images\boderquandoi99_jpg.rf.4ab9f0ed4095ed32a108f6c4ef8fcaa1.jpg,warning,small_box,0,box area 0.1109% of the image is below the 0.50% threshold; plates this small are hard to learn
D:\DATN\datasets\raw\roboflow_cuong_ta\train\images\brightnessngoaigiao10_jpg.rf.b7a7d716be81258b05dbf609940f47a8.jpg,warning,small_box,1,box area 0.2057% of the image is below the 0.50% threshold; plates this small are hard to learn
D:\DATN\datasets\raw\roboflow_cuong_ta\train\images\brightnessngoaigiao10_jpg.rf.b7a7d716be81258b05dbf609940f47a8.jpg,warning,small_box,2,box area 0.2136% of the image is below the 0.50% threshold; plates this small are hard to learn
D:\DATN\datasets\raw\roboflow_cuong_ta\train\images\brightnessngoaigiao10_jpg.rf.b7a7d716be81258b05dbf609940f47a8.jpg,warning,small_box,3,box area 0.1246% of the image is below the 0.50% threshold; plates this small are hard to learn
D:\DATN\datasets\raw\roboflow_cuong_ta\train\images\brightnessngoaigiao10_jpg.rf.b7a7d716be81258b05dbf609940f47a8.jpg,warning,small_box,4,box area 0.0396% of the image is below the 0.50% threshold; plates this small are hard to learn
D:\DATN\datasets\raw\roboflow_cuong_ta\train\images\brightnessngoaigiao12_jpg.rf.c5fe8cecf849f62d4921357ea9f66816.jpg,warning,small_box,1,box area 0.1634% of the image is below the 0.50% threshold; plates this small are hard to learn
D:\DATN\datasets\raw\roboflow_cuong_ta\train\images\brightnessngoaigiao7_jpg.rf.15c10755dc9d2c658cbb1e587ac4afe4.jpg,warning,small_box,0,box area 0.4694% of the image is below the 0.50% threshold; plates this small are hard to learn
D:\DATN\datasets\raw\roboflow_cuong_ta\train\images\brightnessngoaigiao7_jpg.rf.15c10755dc9d2c658cbb1e587ac4afe4.jpg,warning,small_box,1,box area 0.3016% of the image is below the 0.50% threshold; plates this small are hard to learn
D:\DATN\datasets\raw\roboflow_cuong_ta\train\images\brightnessquandoi101_jpg.rf.0f14ff40b1701bd5a51c61455f784437.jpg,warning,small_box,0,box area 0.2276% of the image is below the 0.50% threshold; plates this small are hard to learn
D:\DATN\datasets\raw\roboflow_cuong_ta\train\images\brightnessquandoi101_jpg.rf.0f14ff40b1701bd5a51c61455f784437.jpg,warning,small_box,1,box area 0.1447% of the image is below the 0.50% threshold; plates this small are hard to learn
D:\DATN\datasets\raw\roboflow_cuong_ta\train\images\brightnessquandoi101_jpg.rf.0f14ff40b1701bd5a51c61455f784437.jpg,warning,small_box,2,box area 0.0893% of the image is below the 0.50% threshold; plates this small are hard to learn
D:\DATN\datasets\raw\roboflow_cuong_ta\train\images\brightnessquandoi102_jpg.rf.c2a70b626e256aded34ad9b719b9bcb7.jpg,warning,small_box,0,box area 0.3619% of the image is below the 0.50% threshold; plates this small are hard to learn
D:\DATN\datasets\raw\roboflow_cuong_ta\train\images\brightnessquandoi102_jpg.rf.c2a70b626e256aded34ad9b719b9bcb7.jpg,warning,small_box,1,box area 0.0790% of the image is below the 0.50% threshold; plates this small are hard to learn
D:\DATN\datasets\raw\roboflow_cuong_ta\train\images\brightnessquandoi103_jpg.rf.cc5356982b0c710487ac5454d2d87333.jpg,warning,small_box,0,box area 0.3575% of the image is below the 0.50% threshold; plates this small are hard to learn
D:\DATN\datasets\raw\roboflow_cuong_ta\train\images\brightnessquandoi105_jpg.rf.d73759789d28df86727138c28ca7a7f5.jpg,warning,small_box,0,box area 0.1592% of the image is below the 0.50% threshold; plates this small are hard to learn
D:\DATN\datasets\raw\roboflow_cuong_ta\train\images\brightnessquandoi107_jpg.rf.710ab0575b7320f0f4de046d80738394.jpg,warning,small_box,0,box area 0.2387% of the image is below the 0.50% threshold; plates this small are hard to learn
D:\DATN\datasets\raw\roboflow_cuong_ta\train\images\brightnessquandoi107_jpg.rf.710ab0575b7320f0f4de046d80738394.jpg,warning,small_box,1,box area 0.0868% of the image is below the 0.50% threshold; plates this small are hard to learn
D:\DATN\datasets\raw\roboflow_cuong_ta\train\images\brightnessquandoi108_jpg.rf.dc1376e81fd569afa9a39c1c5b25811d.jpg,warning,small_box,0,box area 0.2783% of the image is below the 0.50% threshold; plates this small are hard to learn
D:\DATN\datasets\raw\roboflow_cuong_ta\train\images\brightnessquandoi109_jpg.rf.22c0ffbde0c4bdb143442f45f096dce8.jpg,warning,small_box,0,box area 0.1653% of the image is below the 0.50% threshold; plates this small are hard to learn
D:\DATN\datasets\raw\roboflow_cuong_ta\train\images\brightnessquandoi10_jpg.rf.c37a327a9fc970dc5b14e9408f0ca6c3.jpg,warning,small_box,0,box area 0.3515% of the image is below the 0.50% threshold; plates this small are hard to learn
D:\DATN\datasets\raw\roboflow_cuong_ta\train\images\brightnessquandoi110_jpg.rf.560581b6c6c44c9561fee0b8e8bdb28e.jpg,warning,small_box,0,box area 0.3276% of the image is below the 0.50% threshold; plates this small are hard to learn
D:\DATN\datasets\raw\roboflow_cuong_ta\train\images\brightnessquandoi11_jpg.rf.6f0b3b47c016eaf77fa5d2bb7baa8c46.jpg,warning,small_box,0,box area 0.4547% of the image is below the 0.50% threshold; plates this small are hard to learn
D:\DATN\datasets\raw\roboflow_cuong_ta\train\images\brightnessquandoi13_jpg.rf.d43075b9c8cc98e6a7b777ebdd3a9e46.jpg,warning,small_box,0,box area 0.4577% of the image is below the 0.50% threshold; plates this small are hard to learn
D:\DATN\datasets\raw\roboflow_cuong_ta\train\images\brightnessquandoi16_jpg.rf.a2850e84d09340120cf5e2036cf3d5cf.jpg,warning,small_box,0,box area 0.2116% of the image is below the 0.50% threshold; plates this small are hard to learn
D:\DATN\datasets\raw\roboflow_cuong_ta\train\images\brightnessquandoi17_jpg.rf.eb467b561e1f38502a4d7509452e95d1.jpg,warning,small_box,0,box area 0.2890% of the image is below the 0.50% threshold; plates this small are hard to learn
D:\DATN\datasets\raw\roboflow_cuong_ta\train\images\brightnessquandoi19_jpg.rf.65259084628689eb16045d87f578bc4f.jpg,warning,small_box,0,box area 0.4288% of the image is below the 0.50% threshold; plates this small are hard to learn
D:\DATN\datasets\raw\roboflow_cuong_ta\train\images\brightnessquandoi1_jpg.rf.e0a1fc884e459c11eb20a02eb33c2da8.jpg,warning,small_box,0,box area 0.3726% of the image is below the 0.50% threshold; plates this small are hard to learn
D:\DATN\datasets\raw\roboflow_cuong_ta\train\images\brightnessquandoi20_jpg.rf.821f178c2da8c5027239fbbb3be93da4.jpg,warning,small_box,0,box area 0.4059% of the image is below the 0.50% threshold; plates this small are hard to learn
D:\DATN\datasets\raw\roboflow_cuong_ta\train\images\brightnessquandoi25_jpg.rf.bcca83c1ceeabf41236d810cc97e3d95.jpg,warning,small_box,1,box area 0.1762% of the image is below the 0.50% threshold; plates this small are hard to learn
D:\DATN\datasets\raw\roboflow_cuong_ta\train\images\brightnessquandoi2_jpg.rf.0b5d0a2e60fa19922cc1bae5fc3b37fb.jpg,warning,small_box,0,box area 0.2488% of the image is below the 0.50% threshold; plates this small are hard to learn
D:\DATN\datasets\raw\roboflow_cuong_ta\train\images\brightnessquandoi34_jpg.rf.cc65fab41511fecfe1466570e868adda.jpg,warning,small_box,0,box area 0.2716% of the image is below the 0.50% threshold; plates this small are hard to learn
D:\DATN\datasets\raw\roboflow_cuong_ta\train\images\brightnessquandoi37_jpg.rf.82bf3c847deeb82f6781770d1e97bee7.jpg,warning,small_box,0,box area 0.2133% of the image is below the 0.50% threshold; plates this small are hard to learn
D:\DATN\datasets\raw\roboflow_cuong_ta\train\images\brightnessquandoi38_jpg.rf.b7bcd890a399b103b8c7eea9ec7910f5.jpg,warning,small_box,0,box area 0.2650% of the image is below the 0.50% threshold; plates this small are hard to learn
D:\DATN\datasets\raw\roboflow_cuong_ta\train\images\brightnessquandoi39_jpg.rf.e7c90174d05eac7009fe63c8d57d6431.jpg,warning,small_box,1,box area 0.2250% of the image is below the 0.50% threshold; plates this small are hard to learn
D:\DATN\datasets\raw\roboflow_cuong_ta\train\images\brightnessquandoi3_jpg.rf.63227bbc42c2ccbec4a71e140e216066.jpg,warning,small_box,0,box area 0.1264% of the image is below the 0.50% threshold; plates this small are hard to learn
D:\DATN\datasets\raw\roboflow_cuong_ta\train\images\brightnessquandoi3_jpg.rf.63227bbc42c2ccbec4a71e140e216066.jpg,warning,small_box,1,box area 0.1254% of the image is below the 0.50% threshold; plates this small are hard to learn
D:\DATN\datasets\raw\roboflow_cuong_ta\train\images\brightnessquandoi3_jpg.rf.63227bbc42c2ccbec4a71e140e216066.jpg,warning,small_box,2,box area 0.0590% of the image is below the 0.50% threshold; plates this small are hard to learn
D:\DATN\datasets\raw\roboflow_cuong_ta\train\images\brightnessquandoi3_jpg.rf.63227bbc42c2ccbec4a71e140e216066.jpg,warning,small_box,3,box area 0.0603% of the image is below the 0.50% threshold; plates this small are hard to learn
D:\DATN\datasets\raw\roboflow_cuong_ta\train\images\brightnessquandoi40_jpg.rf.e619da8b3d61cb00aba2b2c7f3f63311.jpg,warning,small_box,0,box area 0.3320% of the image is below the 0.50% threshold; plates this small are hard to learn
D:\DATN\datasets\raw\roboflow_cuong_ta\train\images\brightnessquandoi40_jpg.rf.e619da8b3d61cb00aba2b2c7f3f63311.jpg,warning,small_box,1,box area 0.1647% of the image is below the 0.50% threshold; plates this small are hard to learn
D:\DATN\datasets\raw\roboflow_cuong_ta\train\images\brightnessquandoi42_jpg.rf.2b45b3642d90c274cec132c4cfacb21b.jpg,warning,small_box,0,box area 0.4611% of the image is below the 0.50% threshold; plates this small are hard to learn
D:\DATN\datasets\raw\roboflow_cuong_ta\train\images\brightnessquandoi46_jpg.rf.562b10297642e397ed30487e6140314e.jpg,warning,small_box,1,box area 0.2376% of the image is below the 0.50% threshold; plates this small are hard to learn
D:\DATN\datasets\raw\roboflow_cuong_ta\train\images\brightnessquandoi47_jpg.rf.180c05b05f70aace079037d243f82094.jpg,warning,small_box,0,box area 0.4475% of the image is below the 0.50% threshold; plates this small are hard to learn
D:\DATN\datasets\raw\roboflow_cuong_ta\train\images\brightnessquandoi48_jpg.rf.330f9819bb5b0972f10abfc13296e221.jpg,warning,small_box,0,box area 0.3614% of the image is below the 0.50% threshold; plates this small are hard to learn
D:\DATN\datasets\raw\roboflow_cuong_ta\train\images\brightnessquandoi49_jpg.rf.574a8d3e7a9080b57ca45e257b1173b4.jpg,warning,small_box,0,box area 0.3968% of the image is below the 0.50% threshold; plates this small are hard to learn
D:\DATN\datasets\raw\roboflow_cuong_ta\train\images\brightnessquandoi4_jpg.rf.56cc911605f9a64b181e10246d082222.jpg,warning,small_box,0,box area 0.2414% of the image is below the 0.50% threshold; plates this small are hard to learn
D:\DATN\datasets\raw\roboflow_cuong_ta\train\images\brightnessquandoi4_jpg.rf.56cc911605f9a64b181e10246d082222.jpg,warning,small_box,1,box area 0.0455% of the image is below the 0.50% threshold; plates this small are hard to learn
D:\DATN\datasets\raw\roboflow_cuong_ta\train\images\brightnessquandoi54_jpg.rf.1e9599f170f3421766967053c04f7581.jpg,warning,small_box,0,box area 0.3019% of the image is below the 0.50% threshold; plates this small are hard to learn
D:\DATN\datasets\raw\roboflow_cuong_ta\train\images\brightnessquandoi57_jpg.rf.9f24f59c599e5a7b75a4d032014cd5a8.jpg,warning,small_box,0,box area 0.2678% of the image is below the 0.50% threshold; plates this small are hard to learn
D:\DATN\datasets\raw\roboflow_cuong_ta\train\images\brightnessquandoi59_jpg.rf.1c7005f50d477811ea98b82a66abff65.jpg,warning,small_box,0,box area 0.3426% of the image is below the 0.50% threshold; plates this small are hard to learn
D:\DATN\datasets\raw\roboflow_cuong_ta\train\images\brightnessquandoi59_jpg.rf.1c7005f50d477811ea98b82a66abff65.jpg,warning,small_box,1,box area 0.0799% of the image is below the 0.50% threshold; plates this small are hard to learn
D:\DATN\datasets\raw\roboflow_cuong_ta\train\images\brightnessquandoi59_jpg.rf.1c7005f50d477811ea98b82a66abff65.jpg,warning,small_box,2,box area 0.3640% of the image is below the 0.50% threshold; plates this small are hard to learn
D:\DATN\datasets\raw\roboflow_cuong_ta\train\images\brightnessquandoi5_jpg.rf.80e6b2a1849daaca7db59a8875328bc7.jpg,warning,small_box,0,box area 0.1687% of the image is below the 0.50% threshold; plates this small are hard to learn
D:\DATN\datasets\raw\roboflow_cuong_ta\train\images\brightnessquandoi61_jpg.rf.5d1d23575e4604f000017661d1fbdd72.jpg,warning,small_box,0,box area 0.2428% of the image is below the 0.50% threshold; plates this small are hard to learn
D:\DATN\datasets\raw\roboflow_cuong_ta\train\images\brightnessquandoi65_jpg.rf.1a8d8ad7a14649ab5946cc3c0679ed3e.jpg,warning,small_box,0,box area 0.3333% of the image is below the 0.50% threshold; plates this small are hard to learn
D:\DATN\datasets\raw\roboflow_cuong_ta\train\images\brightnessquandoi65_jpg.rf.1a8d8ad7a14649ab5946cc3c0679ed3e.jpg,warning,small_box,1,box area 0.1632% of the image is below the 0.50% threshold; plates this small are hard to learn
D:\DATN\datasets\raw\roboflow_cuong_ta\train\images\brightnessquandoi68_jpg.rf.70d1ff64be8d6e1f22222fd7711b8df1.jpg,warning,small_box,0,box area 0.2251% of the image is below the 0.50% threshold; plates this small are hard to learn
D:\DATN\datasets\raw\roboflow_cuong_ta\train\images\brightnessquandoi6_jpg.rf.b296a0815c87a14a49d7302451dd0041.jpg,warning,small_box,0,box area 0.1776% of the image is below the 0.50% threshold; plates this small are hard to learn
D:\DATN\datasets\raw\roboflow_cuong_ta\train\images\brightnessquandoi70_jpg.rf.573fb3285e8ceee30f53901bc1a09aec.jpg,warning,small_box,0,box area 0.2232% of the image is below the 0.50% threshold; plates this small are hard to learn
D:\DATN\datasets\raw\roboflow_cuong_ta\train\images\brightnessquandoi73_jpg.rf.ab1f0311dd0ae679b2bd4025fa6bb190.jpg,warning,small_box,0,box area 0.3350% of the image is below the 0.50% threshold; plates this small are hard to learn
D:\DATN\datasets\raw\roboflow_cuong_ta\train\images\brightnessquandoi80_jpg.rf.6a52c082c751abaf16917c54bab73e02.jpg,warning,small_box,0,box area 0.3977% of the image is below the 0.50% threshold; plates this small are hard to learn
D:\DATN\datasets\raw\roboflow_cuong_ta\train\images\brightnessquandoi81_jpg.rf.80a7843ec3583eea67a08b731fa98847.jpg,warning,small_box,0,box area 0.1778% of the image is below the 0.50% threshold; plates this small are hard to learn
D:\DATN\datasets\raw\roboflow_cuong_ta\train\images\brightnessquandoi81_jpg.rf.80a7843ec3583eea67a08b731fa98847.jpg,warning,small_box,1,box area 0.2485% of the image is below the 0.50% threshold; plates this small are hard to learn
D:\DATN\datasets\raw\roboflow_cuong_ta\train\images\brightnessquandoi81_jpg.rf.80a7843ec3583eea67a08b731fa98847.jpg,warning,small_box,2,box area 0.1368% of the image is below the 0.50% threshold; plates this small are hard to learn
D:\DATN\datasets\raw\roboflow_cuong_ta\train\images\brightnessquandoi82_jpg.rf.7984bf74129fc9d61a839f8e8059d074.jpg,warning,small_box,0,box area 0.3040% of the image is below the 0.50% threshold; plates this small are hard to learn
D:\DATN\datasets\raw\roboflow_cuong_ta\train\images\brightnessquandoi85_jpg.rf.776b6ba93ba0cdea3086af0c7479b6a1.jpg,warning,small_box,0,box area 0.2777% of the image is below the 0.50% threshold; plates this small are hard to learn
D:\DATN\datasets\raw\roboflow_cuong_ta\train\images\brightnessquandoi86_jpg.rf.4a89a32cbd3fd32dc4a17b4bb38d99ea.jpg,warning,small_box,0,box area 0.1861% of the image is below the 0.50% threshold; plates this small are hard to learn
D:\DATN\datasets\raw\roboflow_cuong_ta\train\images\brightnessquandoi86_jpg.rf.4a89a32cbd3fd32dc4a17b4bb38d99ea.jpg,warning,small_box,1,box area 0.0931% of the image is below the 0.50% threshold; plates this small are hard to learn
D:\DATN\datasets\raw\roboflow_cuong_ta\train\images\brightnessquandoi86_jpg.rf.4a89a32cbd3fd32dc4a17b4bb38d99ea.jpg,warning,small_box,2,box area 0.1120% of the image is below the 0.50% threshold; plates this small are hard to learn
D:\DATN\datasets\raw\roboflow_cuong_ta\train\images\brightnessquandoi87_jpg.rf.e719a50e399b13a3bd5129cc952fd82d.jpg,warning,small_box,0,box area 0.4391% of the image is below the 0.50% threshold; plates this small are hard to learn
D:\DATN\datasets\raw\roboflow_cuong_ta\train\images\brightnessquandoi8_jpg.rf.792f25af845207895608046d453fea82.jpg,warning,small_box,0,box area 0.1797% of the image is below the 0.50% threshold; plates this small are hard to learn
D:\DATN\datasets\raw\roboflow_cuong_ta\train\images\brightnessquandoi91_jpg.rf.75b90758510a23380e6757c2e432e113.jpg,warning,small_box,0,box area 0.1950% of the image is below the 0.50% threshold; plates this small are hard to learn
D:\DATN\datasets\raw\roboflow_cuong_ta\train\images\brightnessquandoi91_jpg.rf.75b90758510a23380e6757c2e432e113.jpg,warning,small_box,1,box area 0.0700% of the image is below the 0.50% threshold; plates this small are hard to learn
D:\DATN\datasets\raw\roboflow_cuong_ta\train\images\brightnessquandoi91_jpg.rf.75b90758510a23380e6757c2e432e113.jpg,warning,small_box,2,box area 0.0408% of the image is below the 0.50% threshold; plates this small are hard to learn
D:\DATN\datasets\raw\roboflow_cuong_ta\train\images\brightnessquandoi91_jpg.rf.75b90758510a23380e6757c2e432e113.jpg,warning,small_box,3,box area 0.0596% of the image is below the 0.50% threshold; plates this small are hard to learn
D:\DATN\datasets\raw\roboflow_cuong_ta\train\images\brightnessquandoi91_jpg.rf.75b90758510a23380e6757c2e432e113.jpg,warning,small_box,4,box area 0.0438% of the image is below the 0.50% threshold; plates this small are hard to learn
D:\DATN\datasets\raw\roboflow_cuong_ta\train\images\brightnessquandoi92_jpg.rf.debeb48ca42d7fe431705d8e013a977d.jpg,warning,small_box,0,box area 0.1522% of the image is below the 0.50% threshold; plates this small are hard to learn
D:\DATN\datasets\raw\roboflow_cuong_ta\train\images\brightnessquandoi92_jpg.rf.debeb48ca42d7fe431705d8e013a977d.jpg,warning,small_box,1,box area 0.2722% of the image is below the 0.50% threshold; plates this small are hard to learn
D:\DATN\datasets\raw\roboflow_cuong_ta\train\images\brightnessquandoi93_jpg.rf.948c999cf356ecf4fe264e24c9c88c4e.jpg,warning,small_box,0,box area 0.1393% of the image is below the 0.50% threshold; plates this small are hard to learn
D:\DATN\datasets\raw\roboflow_cuong_ta\train\images\brightnessquandoi93_jpg.rf.948c999cf356ecf4fe264e24c9c88c4e.jpg,warning,small_box,1,box area 0.0653% of the image is below the 0.50% threshold; plates this small are hard to learn
D:\DATN\datasets\raw\roboflow_cuong_ta\train\images\brightnessquandoi93_jpg.rf.948c999cf356ecf4fe264e24c9c88c4e.jpg,warning,small_box,2,box area 0.0584% of the image is below the 0.50% threshold; plates this small are hard to learn
D:\DATN\datasets\raw\roboflow_cuong_ta\train\images\brightnessquandoi93_jpg.rf.948c999cf356ecf4fe264e24c9c88c4e.jpg,warning,small_box,3,box area 0.0457% of the image is below the 0.50% threshold; plates this small are hard to learn
D:\DATN\datasets\raw\roboflow_cuong_ta\train\images\brightnessquandoi93_jpg.rf.948c999cf356ecf4fe264e24c9c88c4e.jpg,warning,small_box,4,box area 0.0992% of the image is below the 0.50% threshold; plates this small are hard to learn
D:\DATN\datasets\raw\roboflow_cuong_ta\train\images\brightnessquandoi93_jpg.rf.948c999cf356ecf4fe264e24c9c88c4e.jpg,warning,small_box,5,box area 0.0845% of the image is below the 0.50% threshold; plates this small are hard to learn
D:\DATN\datasets\raw\roboflow_cuong_ta\train\images\brightnessquandoi94_jpg.rf.6bf873918ffd0c8e09ba3ab54326504f.jpg,warning,small_box,0,box area 0.2360% of the image is below the 0.50% threshold; plates this small are hard to learn
D:\DATN\datasets\raw\roboflow_cuong_ta\train\images\brightnessquandoi94_jpg.rf.6bf873918ffd0c8e09ba3ab54326504f.jpg,warning,small_box,1,box area 0.0391% of the image is below the 0.50% threshold; plates this small are hard to learn
D:\DATN\datasets\raw\roboflow_cuong_ta\train\images\brightnessquandoi95_jpg.rf.65d6a6fc7377d2ac099cc08f552394f1.jpg,warning,small_box,0,box area 0.4229% of the image is below the 0.50% threshold; plates this small are hard to learn
D:\DATN\datasets\raw\roboflow_cuong_ta\train\images\brightnessquandoi96_jpg.rf.cd100f28f5900a3822eb470194fed94a.jpg,warning,small_box,0,box area 0.3049% of the image is below the 0.50% threshold; plates this small are hard to learn
D:\DATN\datasets\raw\roboflow_cuong_ta\train\images\brightnessquandoi96_jpg.rf.cd100f28f5900a3822eb470194fed94a.jpg,warning,small_box,1,box area 0.0800% of the image is below the 0.50% threshold; plates this small are hard to learn
D:\DATN\datasets\raw\roboflow_cuong_ta\train\images\brightnessquandoi97_jpg.rf.167bf6d93a36b17731b930e676535631.jpg,warning,small_box,0,box area 0.2049% of the image is below the 0.50% threshold; plates this small are hard to learn
D:\DATN\datasets\raw\roboflow_cuong_ta\train\images\brightnessquandoi98_jpg.rf.395fc03beb6018db03d28d6169e594a8.jpg,warning,small_box,0,box area 0.2833% of the image is below the 0.50% threshold; plates this small are hard to learn
D:\DATN\datasets\raw\roboflow_cuong_ta\train\images\CarLongPlateGen0_jpg.rf.4bb7c34c7a9275a8763c6c9f55718746.jpg,warning,small_box,0,box area 0.3692% of the image is below the 0.50% threshold; plates this small are hard to learn
D:\DATN\datasets\raw\roboflow_cuong_ta\train\images\CarLongPlateGen100_jpg.rf.a925c20caa11e07486e4663777a2b500.jpg,warning,small_box,0,box area 0.2328% of the image is below the 0.50% threshold; plates this small are hard to learn
D:\DATN\datasets\raw\roboflow_cuong_ta\train\images\CarLongPlateGen101_jpg.rf.7c5668003cc0341dda098daf7e984811.jpg,warning,small_box,0,box area 0.4895% of the image is below the 0.50% threshold; plates this small are hard to learn
D:\DATN\datasets\raw\roboflow_cuong_ta\train\images\CarLongPlateGen102_jpg.rf.4f51b2a224574362a97425e76e27f973.jpg,warning,small_box,0,box area 0.4195% of the image is below the 0.50% threshold; plates this small are hard to learn
D:\DATN\datasets\raw\roboflow_cuong_ta\train\images\CarLongPlateGen106_jpg.rf.7c813f7b8cad00fe7ddd5636985d9c4e.jpg,warning,small_box,0,box area 0.3105% of the image is below the 0.50% threshold; plates this small are hard to learn
D:\DATN\datasets\raw\roboflow_cuong_ta\train\images\CarLongPlateGen108_jpg.rf.b90c4952e12c78b35c6a6a652e75e2e2.jpg,warning,small_box,0,box area 0.4272% of the image is below the 0.50% threshold; plates this small are hard to learn
D:\DATN\datasets\raw\roboflow_cuong_ta\train\images\CarLongPlateGen109_jpg.rf.d0d3b57c92c8983410400efc97615f9d.jpg,warning,small_box,0,box area 0.3769% of the image is below the 0.50% threshold; plates this small are hard to learn
D:\DATN\datasets\raw\roboflow_cuong_ta\train\images\CarLongPlateGen10_jpg.rf.cf256ea98c67efa592eede5c4d437371.jpg,warning,small_box,0,box area 0.3524% of the image is below the 0.50% threshold; plates this small are hard to learn
D:\DATN\datasets\raw\roboflow_cuong_ta\train\images\CarLongPlateGen111_jpg.rf.9705b3c253b779823306ac02cb0a4d8c.jpg,warning,small_box,0,box area 0.2098% of the image is below the 0.50% threshold; plates this small are hard to learn
D:\DATN\datasets\raw\roboflow_cuong_ta\train\images\CarLongPlateGen112_jpg.rf.d8acc92310dee26513d79669985ec8db.jpg,warning,small_box,0,box area 0.4992% of the image is below the 0.50% threshold; plates this small are hard to learn
D:\DATN\datasets\raw\roboflow_cuong_ta\train\images\CarLongPlateGen113_jpg.rf.c71fad0dbfd98b148db4ed4306ebd987.jpg,warning,small_box,0,box area 0.2657% of the image is below the 0.50% threshold; plates this small are hard to learn
D:\DATN\datasets\raw\roboflow_cuong_ta\train\images\CarLongPlateGen115_jpg.rf.4443e7eb6563034d690ecc68bd85a291.jpg,warning,small_box,0,box area 0.4699% of the image is below the 0.50% threshold; plates this small are hard to learn
D:\DATN\datasets\raw\roboflow_cuong_ta\train\images\CarLongPlateGen116_jpg.rf.fbef67ee3b6aba65fac35c85c2d33683.jpg,warning,small_box,0,box area 0.4000% of the image is below the 0.50% threshold; plates this small are hard to learn
D:\DATN\datasets\raw\roboflow_cuong_ta\train\images\CarLongPlateGen120_jpg.rf.1980ca222343c488d0d4a68abedfd483.jpg,warning,small_box,0,box area 0.2846% of the image is below the 0.50% threshold; plates this small are hard to learn
D:\DATN\datasets\raw\roboflow_cuong_ta\train\images\CarLongPlateGen123_jpg.rf.597c681500bb7e0cf5892584e3b3bc1b.jpg,warning,small_box,0,box area 0.3105% of the image is below the 0.50% threshold; plates this small are hard to learn
D:\DATN\datasets\raw\roboflow_cuong_ta\train\images\CarLongPlateGen125_jpg.rf.90555a88ba52f9f10295351696486c65.jpg,warning,small_box,0,box area 0.4447% of the image is below the 0.50% threshold; plates this small are hard to learn
D:\DATN\datasets\raw\roboflow_cuong_ta\train\images\CarLongPlateGen127_jpg.rf.2394ab30cc1aba5230c4aa1b8c652af5.jpg,warning,small_box,0,box area 0.3944% of the image is below the 0.50% threshold; plates this small are hard to learn
D:\DATN\datasets\raw\roboflow_cuong_ta\train\images\CarLongPlateGen130_jpg.rf.e261e13cbea2b6b82fbf458945e7d69d.jpg,warning,small_box,0,box area 0.4615% of the image is below the 0.50% threshold; plates this small are hard to learn
D:\DATN\datasets\raw\roboflow_cuong_ta\train\images\CarLongPlateGen132_jpg.rf.5f4c22f601c55d9f2fdc6062e055d090.jpg,warning,small_box,0,box area 0.3105% of the image is below the 0.50% threshold; plates this small are hard to learn
D:\DATN\datasets\raw\roboflow_cuong_ta\train\images\CarLongPlateGen133_jpg.rf.730215c9f4ca5d9fb01e52ac97e07d0d.jpg,warning,small_box,0,box area 0.2328% of the image is below the 0.50% threshold; plates this small are hard to learn
D:\DATN\datasets\raw\roboflow_cuong_ta\train\images\CarLongPlateGen136_jpg.rf.1ae26533aa0b6e5ed4e09c076023f48b.jpg,warning,small_box,0,box area 0.4195% of the image is below the 0.50% threshold; plates this small are hard to learn
D:\DATN\datasets\raw\roboflow_cuong_ta\train\images\CarLongPlateGen13_jpg.rf.6b9a38681f1126770299c6815d5be33d.jpg,warning,small_box,0,box area 0.4999% of the image is below the 0.50% threshold; plates this small are hard to learn
D:\DATN\datasets\raw\roboflow_cuong_ta\train\images\CarLongPlateGen140_jpg.rf.c90dc237d2132b9d1052dbb22490421a.jpg,warning,small_box,0,box area 0.4195% of the image is below the 0.50% threshold; plates this small are hard to learn
D:\DATN\datasets\raw\roboflow_cuong_ta\train\images\CarLongPlateGen142_jpg.rf.4679c4b3ccf4954d874d82037b0f353c.jpg,warning,small_box,0,box area 0.4181% of the image is below the 0.50% threshold; plates this small are hard to learn
D:\DATN\datasets\raw\roboflow_cuong_ta\train\images\CarLongPlateGen144_jpg.rf.2f100e2fe178c7517d8180648bcb4339.jpg,warning,small_box,0,box area 0.4000% of the image is below the 0.50% threshold; plates this small are hard to learn
D:\DATN\datasets\raw\roboflow_cuong_ta\train\images\CarLongPlateGen145_jpg.rf.d8fcf57a713bb168af3351bd9e9e1fdd.jpg,warning,small_box,0,box area 0.3615% of the image is below the 0.50% threshold; plates this small are hard to learn
D:\DATN\datasets\raw\roboflow_cuong_ta\train\images\CarLongPlateGen146_jpg.rf.7ac1a421e2852b4c41dbd006a6bed11b.jpg,warning,small_box,0,box area 0.4405% of the image is below the 0.50% threshold; plates this small are hard to learn
D:\DATN\datasets\raw\roboflow_cuong_ta\train\images\CarLongPlateGen147_jpg.rf.6159123e765b93709860b9e589d89890.jpg,warning,small_box,0,box area 0.4510% of the image is below the 0.50% threshold; plates this small are hard to learn
D:\DATN\datasets\raw\roboflow_cuong_ta\train\images\CarLongPlateGen148_jpg.rf.de46ae8b78b7e366e2a488513cbb9a34.jpg,warning,small_box,0,box area 0.4454% of the image is below the 0.50% threshold; plates this small are hard to learn
D:\DATN\datasets\raw\roboflow_cuong_ta\train\images\CarLongPlateGen14_jpg.rf.43b2998386e46dd2256e2cc90dbc2276.jpg,warning,small_box,0,box area 0.2937% of the image is below the 0.50% threshold; plates this small are hard to learn
D:\DATN\datasets\raw\roboflow_cuong_ta\train\images\CarLongPlateGen152_jpg.rf.9f6d27368645aea2f95e55e621447fa2.jpg,warning,small_box,0,box area 0.3153% of the image is below the 0.50% threshold; plates this small are hard to learn
D:\DATN\datasets\raw\roboflow_cuong_ta\train\images\CarLongPlateGen156_jpg.rf.cc9966339cee9bb39fe63fcac326cdef.jpg,warning,small_box,0,box area 0.4363% of the image is below the 0.50% threshold; plates this small are hard to learn
D:\DATN\datasets\raw\roboflow_cuong_ta\train\images\CarLongPlateGen157_jpg.rf.2b3cefd847990199ece46cd716f13516.jpg,warning,small_box,0,box area 0.4028% of the image is below the 0.50% threshold; plates this small are hard to learn
D:\DATN\datasets\raw\roboflow_cuong_ta\train\images\CarLongPlateGen160_jpg.rf.4322574c1674d5101e8885bc146419f5.jpg,warning,small_box,0,box area 0.4111% of the image is below the 0.50% threshold; plates this small are hard to learn
D:\DATN\datasets\raw\roboflow_cuong_ta\train\images\CarLongPlateGen161_jpg.rf.7cafb559971372d43f8c26b0c07db35e.jpg,warning,small_box,0,box area 0.3769% of the image is below the 0.50% threshold; plates this small are hard to learn
D:\DATN\datasets\raw\roboflow_cuong_ta\train\images\CarLongPlateGen166_jpg.rf.bf2ec4fb693dd0aef08181a91924674a.jpg,warning,small_box,0,box area 0.2692% of the image is below the 0.50% threshold; plates this small are hard to learn
D:\DATN\datasets\raw\roboflow_cuong_ta\train\images\CarLongPlateGen16_jpg.rf.9310b2933b7c04f3d38dce01c4a107b2.jpg,warning,small_box,0,box area 0.3608% of the image is below the 0.50% threshold; plates this small are hard to learn
D:\DATN\datasets\raw\roboflow_cuong_ta\train\images\CarLongPlateGen171_jpg.rf.b098ddff5ae7a9b3cd462f28290ab35c.jpg,warning,small_box,0,box area 0.4923% of the image is below the 0.50% threshold; plates this small are hard to learn
D:\DATN\datasets\raw\roboflow_cuong_ta\train\images\CarLongPlateGen173_jpg.rf.ae9a7438c3561cf32e97ea92d5386b02.jpg,warning,small_box,0,box area 0.3216% of the image is below the 0.50% threshold; plates this small are hard to learn
D:\DATN\datasets\raw\roboflow_cuong_ta\train\images\CarLongPlateGen176_jpg.rf.c8c8cc7de43b970a54550115115e9d95.jpg,warning,small_box,0,box area 0.4699% of the image is below the 0.50% threshold; plates this small are hard to learn
D:\DATN\datasets\raw\roboflow_cuong_ta\train\images\CarLongPlateGen177_jpg.rf.43cf571181011318169feb15f11bbb1f.jpg,warning,small_box,0,box area 0.4797% of the image is below the 0.50% threshold; plates this small are hard to learn
D:\DATN\datasets\raw\roboflow_cuong_ta\train\images\CarLongPlateGen180_jpg.rf.ccba176a05514d1faf9e9bbf7c9eb61c.jpg,warning,small_box,0,box area 0.4797% of the image is below the 0.50% threshold; plates this small are hard to learn
D:\DATN\datasets\raw\roboflow_cuong_ta\train\images\CarLongPlateGen182_jpg.rf.6b7729d1654368b616e579dcd073c011.jpg,warning,small_box,0,box area 0.4636% of the image is below the 0.50% threshold; plates this small are hard to learn
D:\DATN\datasets\raw\roboflow_cuong_ta\train\images\CarLongPlateGen183_jpg.rf.6bbcfc144fa509aa565ee694a69f58a7.jpg,warning,small_box,0,box area 0.3916% of the image is below the 0.50% threshold; plates this small are hard to learn
D:\DATN\datasets\raw\roboflow_cuong_ta\train\images\CarLongPlateGen185_jpg.rf.30fc3b17bdf2c15cdd89158fa0aaec33.jpg,warning,small_box,0,box area 0.3692% of the image is below the 0.50% threshold; plates this small are hard to learn
D:\DATN\datasets\raw\roboflow_cuong_ta\train\images\CarLongPlateGen186_jpg.rf.149238a200cf2440fb0a2cdbcc965050.jpg,warning,small_box,0,box area 0.4405% of the image is below the 0.50% threshold; plates this small are hard to learn
D:\DATN\datasets\raw\roboflow_cuong_ta\train\images\CarLongPlateGen187_jpg.rf.9d69821ff6d2e4c94c4a07b8493f6ec2.jpg,warning,small_box,0,box area 0.3147% of the image is below the 0.50% threshold; plates this small are hard to learn
D:\DATN\datasets\raw\roboflow_cuong_ta\train\images\CarLongPlateGen188_jpg.rf.568136e8235ef4d7f805e6e9d34ea993.jpg,warning,small_box,0,box area 0.2727% of the image is below the 0.50% threshold; plates this small are hard to learn
D:\DATN\datasets\raw\roboflow_cuong_ta\train\images\CarLongPlateGen18_jpg.rf.a45b35f0cbccf2eb8238d5244741f3be.jpg,warning,small_box,0,box area 0.3944% of the image is below the 0.50% threshold; plates this small are hard to learn
D:\DATN\datasets\raw\roboflow_cuong_ta\train\images\CarLongPlateGen192_jpg.rf.2570f60713214e2fa67d0bc60b509c9c.jpg,warning,small_box,0,box area 0.3636% of the image is below the 0.50% threshold; plates this small are hard to learn
D:\DATN\datasets\raw\roboflow_cuong_ta\train\images\CarLongPlateGen193_jpg.rf.edf78697d461f53ae9e27c50b6535bbc.jpg,warning,small_box,0,box area 0.2937% of the image is below the 0.50% threshold; plates this small are hard to learn
D:\DATN\datasets\raw\roboflow_cuong_ta\train\images\CarLongPlateGen195_jpg.rf.33abdf38724b7db8fe015b80eea52c2b.jpg,warning,small_box,0,box area 0.3692% of the image is below the 0.50% threshold; plates this small are hard to learn
D:\DATN\datasets\raw\roboflow_cuong_ta\train\images\CarLongPlateGen198_jpg.rf.f2a9a0171d5b9d050502dc3fa3055a07.jpg,warning,small_box,0,box area 0.4090% of the image is below the 0.50% threshold; plates this small are hard to learn
D:\DATN\datasets\raw\roboflow_cuong_ta\train\images\CarLongPlateGen199_jpg.rf.30cfa05fc2ea6b79875d6aa6b7248742.jpg,warning,small_box,0,box area 0.4699% of the image is below the 0.50% threshold; plates this small are hard to learn
D:\DATN\datasets\raw\roboflow_cuong_ta\train\images\CarLongPlateGen200_jpg.rf.cc11f12a8d710145f1bdca60f408197d.jpg,warning,small_box,0,box area 0.2384% of the image is below the 0.50% threshold; plates this small are hard to learn
D:\DATN\datasets\raw\roboflow_cuong_ta\train\images\CarLongPlateGen201_jpg.rf.8a569535aadaf646e8f4727a66b0af0f.jpg,warning,small_box,0,box area 0.4363% of the image is below the 0.50% threshold; plates this small are hard to learn
D:\DATN\datasets\raw\roboflow_cuong_ta\train\images\CarLongPlateGen202_jpg.rf.853d067033222c0c072b2247f69a9ba8.jpg,warning,small_box,0,box area 0.4195% of the image is below the 0.50% threshold; plates this small are hard to learn
D:\DATN\datasets\raw\roboflow_cuong_ta\train\images\CarLongPlateGen204_jpg.rf.1009e31c3de57fba4aeee15baf330010.jpg,warning,small_box,0,box area 0.4811% of the image is below the 0.50% threshold; plates this small are hard to learn
D:\DATN\datasets\raw\roboflow_cuong_ta\train\images\CarLongPlateGen205_jpg.rf.69d60ab6899bc402e9599bb9f0e925ae.jpg,warning,small_box,0,box area 0.4461% of the image is below the 0.50% threshold; plates this small are hard to learn
D:\DATN\datasets\raw\roboflow_cuong_ta\train\images\CarLongPlateGen206_jpg.rf.84b500a31b60d6dfee1b1416154e5e69.jpg,warning,small_box,0,box area 0.3776% of the image is below the 0.50% threshold; plates this small are hard to learn
D:\DATN\datasets\raw\roboflow_cuong_ta\train\images\CarLongPlateGen208_jpg.rf.298c5b6261638cd9660958461e6019d4.jpg,warning,small_box,0,box area 0.3496% of the image is below the 0.50% threshold; plates this small are hard to learn
D:\DATN\datasets\raw\roboflow_cuong_ta\train\images\CarLongPlateGen210_jpg.rf.8749715ac68039ecf258511362ecab6f.jpg,warning,small_box,0,box area 0.4000% of the image is below the 0.50% threshold; plates this small are hard to learn
D:\DATN\datasets\raw\roboflow_cuong_ta\train\images\CarLongPlateGen211_jpg.rf.e1c4b3b34b3bd0f028344227bcf54322.jpg,warning,small_box,0,box area 0.4055% of the image is below the 0.50% threshold; plates this small are hard to learn
D:\DATN\datasets\raw\roboflow_cuong_ta\train\images\CarLongPlateGen212_jpg.rf.07c0361944364d03b3261e111c37c90f.jpg,warning,small_box,0,box area 0.3153% of the image is below the 0.50% threshold; plates this small are hard to learn
D:\DATN\datasets\raw\roboflow_cuong_ta\train\images\CarLongPlateGen213_jpg.rf.fa3cd658e29e40bef7845723c81c5930.jpg,warning,small_box,0,box area 0.3545% of the image is below the 0.50% threshold; plates this small are hard to learn
D:\DATN\datasets\raw\roboflow_cuong_ta\train\images\CarLongPlateGen214_jpg.rf.545dfdf1f5d80c3b1a3e65365f4ba513.jpg,warning,small_box,0,box area 0.4000% of the image is below the 0.50% threshold; plates this small are hard to learn
D:\DATN\datasets\raw\roboflow_cuong_ta\train\images\CarLongPlateGen215_jpg.rf.ea0022f3554d8287997aa482b6547ce0.jpg,warning,small_box,0,box area 0.3608% of the image is below the 0.50% threshold; plates this small are hard to learn
D:\DATN\datasets\raw\roboflow_cuong_ta\train\images\CarLongPlateGen216_jpg.rf.55d7a662442f21f37f739ebc6b51bdce.jpg,warning,small_box,0,box area 0.4992% of the image is below the 0.50% threshold; plates this small are hard to learn
D:\DATN\datasets\raw\roboflow_cuong_ta\train\images\CarLongPlateGen217_jpg.rf.87120a08f531b6d09807eacddd1391ed.jpg,warning,small_box,0,box area 0.3727% of the image is below the 0.50% threshold; plates this small are hard to learn
D:\DATN\datasets\raw\roboflow_cuong_ta\train\images\CarLongPlateGen220_jpg.rf.76a3d835d3fc2a400d2353b37222b80c.jpg,warning,small_box,0,box area 0.3077% of the image is below the 0.50% threshold; plates this small are hard to learn
D:\DATN\datasets\raw\roboflow_cuong_ta\train\images\CarLongPlateGen223_jpg.rf.4a62a406e6689dd81039cdfc8f7835cb.jpg,warning,small_box,0,box area 0.4014% of the image is below the 0.50% threshold; plates this small are hard to learn
D:\DATN\datasets\raw\roboflow_cuong_ta\train\images\CarLongPlateGen226_jpg.rf.744f11d797608621382ae05059603632.jpg,warning,small_box,0,box area 0.3021% of the image is below the 0.50% threshold; plates this small are hard to learn
D:\DATN\datasets\raw\roboflow_cuong_ta\train\images\CarLongPlateGen231_jpg.rf.2137412e964b85395cd24a6bf3e17dd1.jpg,warning,small_box,0,box area 0.4992% of the image is below the 0.50% threshold; plates this small are hard to learn
D:\DATN\datasets\raw\roboflow_cuong_ta\train\images\CarLongPlateGen232_jpg.rf.70114877ab5ad58b5a4f050d94238df2.jpg,warning,small_box,0,box area 0.4992% of the image is below the 0.50% threshold; plates this small are hard to learn
D:\DATN\datasets\raw\roboflow_cuong_ta\train\images\CarLongPlateGen233_jpg.rf.bdd0ffdd8bb880556e9fe35f375fe3cd.jpg,warning,small_box,0,box area 0.4601% of the image is below the 0.50% threshold; plates this small are hard to learn
D:\DATN\datasets\raw\roboflow_cuong_ta\train\images\CarLongPlateGen234_jpg.rf.dcb57108cf817c73f30f570024122b72.jpg,warning,small_box,0,box area 0.3636% of the image is below the 0.50% threshold; plates this small are hard to learn
D:\DATN\datasets\raw\roboflow_cuong_ta\train\images\CarLongPlateGen236_jpg.rf.c9c253c349a50c7ce3071a37dcf8c0c4.jpg,warning,small_box,0,box area 0.2853% of the image is below the 0.50% threshold; plates this small are hard to learn
D:\DATN\datasets\raw\roboflow_cuong_ta\train\images\CarLongPlateGen23_jpg.rf.5b23032e5dd2211f2bac1b770133798f.jpg,warning,small_box,0,box area 0.3188% of the image is below the 0.50% threshold; plates this small are hard to learn
D:\DATN\datasets\raw\roboflow_cuong_ta\train\images\CarLongPlateGen241_jpg.rf.ef0c707e736eab89c6c91f716330c295.jpg,warning,small_box,0,box area 0.4615% of the image is below the 0.50% threshold; plates this small are hard to learn
D:\DATN\datasets\raw\roboflow_cuong_ta\train\images\CarLongPlateGen246_jpg.rf.ca7588bf3db986fa04d2902c7dc2d1a1.jpg,warning,small_box,0,box area 0.2140% of the image is below the 0.50% threshold; plates this small are hard to learn
D:\DATN\datasets\raw\roboflow_cuong_ta\train\images\CarLongPlateGen249_jpg.rf.1d4d9bed4a80dd44e9ad6137b60c360f.jpg,warning,small_box,0,box area 0.2517% of the image is below the 0.50% threshold; plates this small are hard to learn
D:\DATN\datasets\raw\roboflow_cuong_ta\train\images\CarLongPlateGen250_jpg.rf.9e37086fe773fedc3f893acdca472246.jpg,warning,small_box,0,box area 0.3944% of the image is below the 0.50% threshold; plates this small are hard to learn
D:\DATN\datasets\raw\roboflow_cuong_ta\train\images\CarLongPlateGen252_jpg.rf.86594d7df5d9556f6b63a4f6a912b695.jpg,warning,small_box,0,box area 0.2769% of the image is below the 0.50% threshold; plates this small are hard to learn
D:\DATN\datasets\raw\roboflow_cuong_ta\train\images\CarLongPlateGen253_jpg.rf.5796f4c9bdd9c619b950f3bf3a0b91c9.jpg,warning,small_box,0,box area 0.4000% of the image is below the 0.50% threshold; plates this small are hard to learn
D:\DATN\datasets\raw\roboflow_cuong_ta\train\images\CarLongPlateGen258_jpg.rf.853e62f6c8eb612f0fbbc83c4d445aec.jpg,warning,small_box,0,box area 0.2265% of the image is below the 0.50% threshold; plates this small are hard to learn
D:\DATN\datasets\raw\roboflow_cuong_ta\train\images\CarLongPlateGen25_jpg.rf.dcac0e248b1b6707cefd852f845a23f0.jpg,warning,small_box,0,box area 0.4111% of the image is below the 0.50% threshold; plates this small are hard to learn
D:\DATN\datasets\raw\roboflow_cuong_ta\train\images\CarLongPlateGen260_jpg.rf.3eb0809a0296b8186aefb390a95d231b.jpg,warning,small_box,0,box area 0.2517% of the image is below the 0.50% threshold; plates this small are hard to learn
D:\DATN\datasets\raw\roboflow_cuong_ta\train\images\CarLongPlateGen266_jpg.rf.09dfa7b728f8d4bcf3aeea4dd421c4b6.jpg,warning,small_box,0,box area 0.4279% of the image is below the 0.50% threshold; plates this small are hard to learn
D:\DATN\datasets\raw\roboflow_cuong_ta\train\images\CarLongPlateGen273_jpg.rf.521fa6698caacd9ca9700e103e9231a4.jpg,warning,small_box,0,box area 0.2454% of the image is below the 0.50% threshold; plates this small are hard to learn
D:\DATN\datasets\raw\roboflow_cuong_ta\train\images\CarLongPlateGen274_jpg.rf.9c6307a22701f3e2e47750db4a4c0f63.jpg,warning,small_box,0,box area 0.3944% of the image is below the 0.50% threshold; plates this small are hard to learn
D:\DATN\datasets\raw\roboflow_cuong_ta\train\images\CarLongPlateGen276_jpg.rf.38d232dcc34cabbaaf14c4f88c51f4a6.jpg,warning,small_box,0,box area 0.3188% of the image is below the 0.50% threshold; plates this small are hard to learn
D:\DATN\datasets\raw\roboflow_cuong_ta\train\images\CarLongPlateGen278_jpg.rf.57d58b4ed3e457133c4f6bcb92bf9646.jpg,warning,small_box,0,box area 0.3153% of the image is below the 0.50% threshold; plates this small are hard to learn
D:\DATN\datasets\raw\roboflow_cuong_ta\train\images\CarLongPlateGen27_jpg.rf.7e9c71927e98658bef856ddef2ea2413.jpg,warning,small_box,0,box area 0.3692% of the image is below the 0.50% threshold; plates this small are hard to learn
D:\DATN\datasets\raw\roboflow_cuong_ta\train\images\CarLongPlateGen280_jpg.rf.930df61fc9fb4550ab10d5685a30e81a.jpg,warning,small_box,0,box area 0.3153% of the image is below the 0.50% threshold; plates this small are hard to learn
D:\DATN\datasets\raw\roboflow_cuong_ta\train\images\CarLongPlateGen285_jpg.rf.098b589c8f87331480f8b4df83bc58db.jpg,warning,small_box,0,box area 0.2517% of the image is below the 0.50% threshold; plates this small are hard to learn
D:\DATN\datasets\raw\roboflow_cuong_ta\train\images\CarLongPlateGen287_jpg.rf.29e4d9fb6cd613829325409548071f27.jpg,warning,small_box,0,box area 0.4195% of the image is below the 0.50% threshold; plates this small are hard to learn
D:\DATN\datasets\raw\roboflow_cuong_ta\train\images\CarLongPlateGen290_jpg.rf.5a6ce3b663be82cc4b402fc0c32a203d.jpg,warning,small_box,0,box area 0.3636% of the image is below the 0.50% threshold; plates this small are hard to learn
D:\DATN\datasets\raw\roboflow_cuong_ta\train\images\CarLongPlateGen291_jpg.rf.b425cfac313e31d0f4b0f0b9ee362aa9.jpg,warning,small_box,0,box area 0.4895% of the image is below the 0.50% threshold; plates this small are hard to learn
D:\DATN\datasets\raw\roboflow_cuong_ta\train\images\CarLongPlateGen293_jpg.rf.775ad777aacddb4b399f21345376cc6e.jpg,warning,small_box,0,box area 0.4727% of the image is below the 0.50% threshold; plates this small are hard to learn
D:\DATN\datasets\raw\roboflow_cuong_ta\train\images\CarLongPlateGen294_jpg.rf.b031615ac296d37609c8379e0a90fb65.jpg,warning,small_box,0,box area 0.3818% of the image is below the 0.50% threshold; plates this small are hard to learn
D:\DATN\datasets\raw\roboflow_cuong_ta\train\images\CarLongPlateGen295_jpg.rf.00106ec46ed3c88e3b2e2866b91bd114.jpg,warning,small_box,0,box area 0.4461% of the image is below the 0.50% threshold; plates this small are hard to learn
D:\DATN\datasets\raw\roboflow_cuong_ta\train\images\CarLongPlateGen298_jpg.rf.970836bf386b720f35f9a2f6678718a7.jpg,warning,small_box,0,box area 0.4545% of the image is below the 0.50% threshold; plates this small are hard to learn
D:\DATN\datasets\raw\roboflow_cuong_ta\train\images\CarLongPlateGen299_jpg.rf.29b0c552a6e698af4baccb5ecd690908.jpg,warning,small_box,0,box area 0.3692% of the image is below the 0.50% threshold; plates this small are hard to learn
D:\DATN\datasets\raw\roboflow_cuong_ta\train\images\CarLongPlateGen29_jpg.rf.54095ea841a9a79498c057b8d58534ff.jpg,warning,small_box,0,box area 0.4153% of the image is below the 0.50% threshold; plates this small are hard to learn
D:\DATN\datasets\raw\roboflow_cuong_ta\train\images\CarLongPlateGen2_jpg.rf.5ee46351f1d6df0ac0a6ff5f8c1d5a31.jpg,warning,small_box,0,box area 0.4307% of the image is below the 0.50% threshold; plates this small are hard to learn
D:\DATN\datasets\raw\roboflow_cuong_ta\train\images\CarLongPlateGen300_jpg.rf.5d2b0c806a412577b92f8b51aca287fe.jpg,warning,small_box,0,box area 0.4125% of the image is below the 0.50% threshold; plates this small are hard to learn
D:\DATN\datasets\raw\roboflow_cuong_ta\train\images\CarLongPlateGen303_jpg.rf.234dbba47d5ef6c468b3abc53f60fc42.jpg,warning,small_box,0,box area 0.3944% of the image is below the 0.50% threshold; plates this small are hard to learn
D:\DATN\datasets\raw\roboflow_cuong_ta\train\images\CarLongPlateGen305_jpg.rf.bbcd01a632b25c3a1131c0090cf6ca9f.jpg,warning,small_box,0,box area 0.3153% of the image is below the 0.50% threshold; plates this small are hard to learn
D:\DATN\datasets\raw\roboflow_cuong_ta\train\images\CarLongPlateGen306_jpg.rf.c904f2bd1eee32773469c26c33115d0c.jpg,warning,small_box,0,box area 0.4992% of the image is below the 0.50% threshold; plates this small are hard to learn
D:\DATN\datasets\raw\roboflow_cuong_ta\train\images\CarLongPlateGen30_jpg.rf.b02d99134dda618348889b7e81c1b961.jpg,warning,small_box,0,box area 0.2293% of the image is below the 0.50% threshold; plates this small are hard to learn
D:\DATN\datasets\raw\roboflow_cuong_ta\train\images\CarLongPlateGen310_jpg.rf.3fbc1c6cf0cdcbf2fce6282f47453724.jpg,warning,small_box,0,box area 0.3188% of the image is below the 0.50% threshold; plates this small are hard to learn
D:\DATN\datasets\raw\roboflow_cuong_ta\train\images\CarLongPlateGen312_jpg.rf.bfcc7df09e73fd0d2ab53233dbf8eb4f.jpg,warning,small_box,0,box area 0.3692% of the image is below the 0.50% threshold; plates this small are hard to learn
D:\DATN\datasets\raw\roboflow_cuong_ta\train\images\CarLongPlateGen313_jpg.rf.d7fd100214465b92c0a0cf2c10e7f8e9.jpg,warning,small_box,0,box area 0.4076% of the image is below the 0.50% threshold; plates this small are hard to learn
D:\DATN\datasets\raw\roboflow_cuong_ta\train\images\CarLongPlateGen315_jpg.rf.187d1e6c0b512be4f036124ca3272715.jpg,warning,small_box,0,box area 0.2538% of the image is below the 0.50% threshold; plates this small are hard to learn
D:\DATN\datasets\raw\roboflow_cuong_ta\train\images\CarLongPlateGen317_jpg.rf.adb6862f550a46c0cc7eeda53a13bedc.jpg,warning,small_box,0,box area 0.3524% of the image is below the 0.50% threshold; plates this small are hard to learn
D:\DATN\datasets\raw\roboflow_cuong_ta\train\images\CarLongPlateGen318_jpg.rf.d9e1d019c03a24414a838546bcccf401.jpg,warning,small_box,0,box area 0.4405% of the image is below the 0.50% threshold; plates this small are hard to learn
D:\DATN\datasets\raw\roboflow_cuong_ta\train\images\CarLongPlateGen319_jpg.rf.797287de12f57578a5d8186b3c298f89.jpg,warning,small_box,0,box area 0.3077% of the image is below the 0.50% threshold; plates this small are hard to learn
D:\DATN\datasets\raw\roboflow_cuong_ta\train\images\CarLongPlateGen326_jpg.rf.f9d01a4b7be4adf8939f8b0cc2e953b1.jpg,warning,small_box,0,box area 0.4615% of the image is below the 0.50% threshold; plates this small are hard to learn
D:\DATN\datasets\raw\roboflow_cuong_ta\train\images\CarLongPlateGen328_jpg.rf.7a0e8ffc0a4e50ca6c54d51936476372.jpg,warning,small_box,0,box area 0.4783% of the image is below the 0.50% threshold; plates this small are hard to learn
D:\DATN\datasets\raw\roboflow_cuong_ta\train\images\CarLongPlateGen329_jpg.rf.39e08d749a15aad50bbe616a1a21a378.jpg,warning,small_box,0,box area 0.4405% of the image is below the 0.50% threshold; plates this small are hard to learn
D:\DATN\datasets\raw\roboflow_cuong_ta\train\images\CarLongPlateGen334_jpg.rf.a23e074392cd242d255ba5ee774ce136.jpg,warning,small_box,0,box area 0.4454% of the image is below the 0.50% threshold; plates this small are hard to learn
D:\DATN\datasets\raw\roboflow_cuong_ta\train\images\CarLongPlateGen336_jpg.rf.e36549bda00d4a936e023e4c9f899c69.jpg,warning,small_box,0,box area 0.4720% of the image is below the 0.50% threshold; plates this small are hard to learn
D:\DATN\datasets\raw\roboflow_cuong_ta\train\images\CarLongPlateGen340_jpg.rf.e173d59a5a3f0d73cc7a4057ba0dce11.jpg,warning,small_box,0,box area 0.4503% of the image is below the 0.50% threshold; plates this small are hard to learn
D:\DATN\datasets\raw\roboflow_cuong_ta\train\images\CarLongPlateGen341_jpg.rf.ef76136ae64b4c842c6e925222b1147d.jpg,warning,small_box,0,box area 0.3909% of the image is below the 0.50% threshold; plates this small are hard to learn
D:\DATN\datasets\raw\roboflow_cuong_ta\train\images\CarLongPlateGen342_jpg.rf.719b35ad23b621d719d7a8746a2e2929.jpg,warning,small_box,0,box area 0.4209% of the image is below the 0.50% threshold; plates this small are hard to learn
D:\DATN\datasets\raw\roboflow_cuong_ta\train\images\CarLongPlateGen343_jpg.rf.3c994a02ce72a47e4fc396570f9adbcd.jpg,warning,small_box,0,box area 0.3440% of the image is below the 0.50% threshold; plates this small are hard to learn
D:\DATN\datasets\raw\roboflow_cuong_ta\train\images\CarLongPlateGen344_jpg.rf.72c606e36c3554b059365c4e259eaf1a.jpg,warning,small_box,0,box area 0.4405% of the image is below the 0.50% threshold; plates this small are hard to learn
D:\DATN\datasets\raw\roboflow_cuong_ta\train\images\CarLongPlateGen345_jpg.rf.4abd9fd419ab0b98fbbb8b601eca430e.jpg,warning,small_box,0,box area 0.4797% of the image is below the 0.50% threshold; plates this small are hard to learn
D:\DATN\datasets\raw\roboflow_cuong_ta\train\images\CarLongPlateGen347_jpg.rf.aa44d827341f6af4e51fa1d021cbdd42.jpg,warning,small_box,0,box area 0.4111% of the image is below the 0.50% threshold; plates this small are hard to learn
D:\DATN\datasets\raw\roboflow_cuong_ta\train\images\CarLongPlateGen349_jpg.rf.ba9f3c9770d24fde02e2370eb53baa42.jpg,warning,small_box,0,box area 0.3636% of the image is below the 0.50% threshold; plates this small are hard to learn
D:\DATN\datasets\raw\roboflow_cuong_ta\train\images\CarLongPlateGen353_jpg.rf.f8afc9fbcd28091679f0b1f58c62e57b.jpg,warning,small_box,0,box area 0.4405% of the image is below the 0.50% threshold; plates this small are hard to learn
D:\DATN\datasets\raw\roboflow_cuong_ta\train\images\CarLongPlateGen355_jpg.rf.73f108c9da3d597e5f3ce8f5540d24a4.jpg,warning,small_box,0,box area 0.4699% of the image is below the 0.50% threshold; plates this small are hard to learn
D:\DATN\datasets\raw\roboflow_cuong_ta\train\images\CarLongPlateGen359_jpg.rf.4967576eeba5816816e68ef44955b4bd.jpg,warning,small_box,0,box area 0.4363% of the image is below the 0.50% threshold; plates this small are hard to learn
D:\DATN\datasets\raw\roboflow_cuong_ta\train\images\CarLongPlateGen362_jpg.rf.d0331a665763f124cdade29ca9429cd0.jpg,warning,small_box,0,box area 0.4454% of the image is below the 0.50% threshold; plates this small are hard to learn
D:\DATN\datasets\raw\roboflow_cuong_ta\train\images\CarLongPlateGen364_jpg.rf.2b4a1891ec8a2b7ef310f2c18d488294.jpg,warning,small_box,0,box area 0.3524% of the image is below the 0.50% threshold; plates this small are hard to learn
D:\DATN\datasets\raw\roboflow_cuong_ta\train\images\CarLongPlateGen368_jpg.rf.f18e39932bcbdce4b7d04ee2a7026b88.jpg,warning,small_box,0,box area 0.4300% of the image is below the 0.50% threshold; plates this small are hard to learn
D:\DATN\datasets\raw\roboflow_cuong_ta\train\images\CarLongPlateGen369_jpg.rf.6dc8cddc7eab52f179fd11c494755fcc.jpg,warning,small_box,0,box area 0.4279% of the image is below the 0.50% threshold; plates this small are hard to learn
D:\DATN\datasets\raw\roboflow_cuong_ta\train\images\CarLongPlateGen370_jpg.rf.626be51ec988e6448dd336755f67ca2f.jpg,warning,small_box,0,box area 0.4601% of the image is below the 0.50% threshold; plates this small are hard to learn
D:\DATN\datasets\raw\roboflow_cuong_ta\train\images\CarLongPlateGen372_jpg.rf.f7d2fe1752caf22ae7288932c167d575.jpg,warning,small_box,0,box area 0.4454% of the image is below the 0.50% threshold; plates this small are hard to learn
D:\DATN\datasets\raw\roboflow_cuong_ta\train\images\CarLongPlateGen373_jpg.rf.87892305c52341a98066deab11671cac.jpg,warning,small_box,0,box area 0.2797% of the image is below the 0.50% threshold; plates this small are hard to learn
D:\DATN\datasets\raw\roboflow_cuong_ta\train\images\CarLongPlateGen374_jpg.rf.03837afaf87c3a517a83f9bb332715e1.jpg,warning,small_box,0,box area 0.3818% of the image is below the 0.50% threshold; plates this small are hard to learn
D:\DATN\datasets\raw\roboflow_cuong_ta\train\images\CarLongPlateGen377_jpg.rf.5a52db1b306f1d73d9130bf415653709.jpg,warning,small_box,0,box area 0.4076% of the image is below the 0.50% threshold; plates this small are hard to learn
D:\DATN\datasets\raw\roboflow_cuong_ta\train\images\CarLongPlateGen378_jpg.rf.ab96e98b8724967ca074c7988f3db594.jpg,warning,small_box,0,box area 0.3384% of the image is below the 0.50% threshold; plates this small are hard to learn
D:\DATN\datasets\raw\roboflow_cuong_ta\train\images\CarLongPlateGen380_jpg.rf.2def3d62dbfa6cf07218f29f64061efa.jpg,warning,small_box,0,box area 0.4825% of the image is below the 0.50% threshold; plates this small are hard to learn
D:\DATN\datasets\raw\roboflow_cuong_ta\train\images\CarLongPlateGen381_jpg.rf.3522e6e8277659e86502a9643bf91a01.jpg,warning,small_box,0,box area 0.3328% of the image is below the 0.50% threshold; plates this small are hard to learn
D:\DATN\datasets\raw\roboflow_cuong_ta\train\images\CarLongPlateGen386_jpg.rf.88e613a247ce5afdffeab754a18ee0c7.jpg,warning,small_box,0,box area 0.3105% of the image is below the 0.50% threshold; plates this small are hard to learn
D:\DATN\datasets\raw\roboflow_cuong_ta\train\images\CarLongPlateGen390_jpg.rf.2e484968c1cb0ab39841f0d14c3b1b5f.jpg,warning,small_box,0,box area 0.4447% of the image is below the 0.50% threshold; plates this small are hard to learn
D:\DATN\datasets\raw\roboflow_cuong_ta\train\images\CarLongPlateGen392_jpg.rf.7fc0f49e7baa58747db70ed1656a65ea.jpg,warning,small_box,0,box area 0.4384% of the image is below the 0.50% threshold; plates this small are hard to learn
D:\DATN\datasets\raw\roboflow_cuong_ta\train\images\CarLongPlateGen393_jpg.rf.68e95fdaaec19772ffc0f7da0f197cbe.jpg,warning,small_box,0,box area 0.4895% of the image is below the 0.50% threshold; plates this small are hard to learn
D:\DATN\datasets\raw\roboflow_cuong_ta\train\images\CarLongPlateGen394_jpg.rf.e61cb0e24993368bbaa2d7deb563fb58.jpg,warning,small_box,0,box area 0.3720% of the image is below the 0.50% threshold; plates this small are hard to learn
D:\DATN\datasets\raw\roboflow_cuong_ta\train\images\CarLongPlateGen395_jpg.rf.e486db80df2389cc09a87e4ddc9094f7.jpg,warning,small_box,0,box area 0.3272% of the image is below the 0.50% threshold; plates this small are hard to learn
D:\DATN\datasets\raw\roboflow_cuong_ta\train\images\CarLongPlateGen398_jpg.rf.7cab8ef2ff9f656866c7464020396c8f.jpg,warning,small_box,0,box area 0.3650% of the image is below the 0.50% threshold; plates this small are hard to learn
D:\DATN\datasets\raw\roboflow_cuong_ta\train\images\CarLongPlateGen399_jpg.rf.964ccbf94b7cb4df144b3c5c730e62ca.jpg,warning,small_box,0,box area 0.2517% of the image is below the 0.50% threshold; plates this small are hard to learn
D:\DATN\datasets\raw\roboflow_cuong_ta\train\images\CarLongPlateGen39_jpg.rf.2069b061b464360aee77dbf3291b0892.jpg,warning,small_box,0,box area 0.4720% of the image is below the 0.50% threshold; plates this small are hard to learn
D:\DATN\datasets\raw\roboflow_cuong_ta\train\images\CarLongPlateGen400_jpg.rf.2c2ead95700d0beba09c0212d87d7ba7.jpg,warning,small_box,0,box area 0.3944% of the image is below the 0.50% threshold; plates this small are hard to learn
D:\DATN\datasets\raw\roboflow_cuong_ta\train\images\CarLongPlateGen401_jpg.rf.195b9292c7f0b5f7a0fc87e12236d835.jpg,warning,small_box,0,box area 0.4209% of the image is below the 0.50% threshold; plates this small are hard to learn
D:\DATN\datasets\raw\roboflow_cuong_ta\train\images\CarLongPlateGen402_jpg.rf.3aabfd03fd3dc322a007bb2cbcdf93f5.jpg,warning,small_box,0,box area 0.4195% of the image is below the 0.50% threshold; plates this small are hard to learn
D:\DATN\datasets\raw\roboflow_cuong_ta\train\images\CarLongPlateGen404_jpg.rf.ac10c0ac7e59724287cd75b72a4a48ab.jpg,warning,small_box,0,box area 0.3230% of the image is below the 0.50% threshold; plates this small are hard to learn
D:\DATN\datasets\raw\roboflow_cuong_ta\train\images\CarLongPlateGen405_jpg.rf.31e9f5143507c75ef998dc7c462a447e.jpg,warning,small_box,0,box area 0.3524% of the image is below the 0.50% threshold; plates this small are hard to learn
D:\DATN\datasets\raw\roboflow_cuong_ta\train\images\CarLongPlateGen406_jpg.rf.97ba26fc950607bbe96128091011507c.jpg,warning,small_box,0,box area 0.3077% of the image is below the 0.50% threshold; plates this small are hard to learn
D:\DATN\datasets\raw\roboflow_cuong_ta\train\images\CarLongPlateGen407_jpg.rf.c227dc72cb987a0378aaf0c1ffddc49a.jpg,warning,small_box,0,box area 0.4454% of the image is below the 0.50% threshold; plates this small are hard to learn
D:\DATN\datasets\raw\roboflow_cuong_ta\train\images\CarLongPlateGen409_jpg.rf.023f67dcde0a5547693ec7d44431ba84.jpg,warning,small_box,0,box area 0.4825% of the image is below the 0.50% threshold; plates this small are hard to learn
D:\DATN\datasets\raw\roboflow_cuong_ta\train\images\CarLongPlateGen412_jpg.rf.5eeb8069bf0082cadcc2095d734a595b.jpg,warning,small_box,0,box area 0.3307% of the image is below the 0.50% threshold; plates this small are hard to learn
D:\DATN\datasets\raw\roboflow_cuong_ta\train\images\CarLongPlateGen413_jpg.rf.1cb62d3a813e0ceaa99f4565f1fee308.jpg,warning,small_box,0,box area 0.4545% of the image is below the 0.50% threshold; plates this small are hard to learn
D:\DATN\datasets\raw\roboflow_cuong_ta\train\images\CarLongPlateGen414_jpg.rf.91ca5f1a6f51fc592cf166ecd2408f29.jpg,warning,small_box,0,box area 0.4867% of the image is below the 0.50% threshold; plates this small are hard to learn
D:\DATN\datasets\raw\roboflow_cuong_ta\train\images\CarLongPlateGen415_jpg.rf.78a6305b7b56ae92086b9016e3e06088.jpg,warning,small_box,0,box area 0.3916% of the image is below the 0.50% threshold; plates this small are hard to learn
D:\DATN\datasets\raw\roboflow_cuong_ta\train\images\CarLongPlateGen417_jpg.rf.fa8703efba8d807a000cc4d276e6f980.jpg,warning,small_box,0,box area 0.2657% of the image is below the 0.50% threshold; plates this small are hard to learn
D:\DATN\datasets\raw\roboflow_cuong_ta\train\images\CarLongPlateGen41_jpg.rf.0564774c9701955629ac0b391e95a1da.jpg,warning,small_box,0,box area 0.4272% of the image is below the 0.50% threshold; plates this small are hard to learn
D:\DATN\datasets\raw\roboflow_cuong_ta\train\images\CarLongPlateGen421_jpg.rf.8e3d1f72e4295c8aed7306e6e7318468.jpg,warning,small_box,0,box area 0.2265% of the image is below the 0.50% threshold; plates this small are hard to learn
D:\DATN\datasets\raw\roboflow_cuong_ta\train\images\CarLongPlateGen422_jpg.rf.e2ced2e24bdca5db50d2634815b96fb0.jpg,warning,small_box,0,box area 0.4181% of the image is below the 0.50% threshold; plates this small are hard to learn
D:\DATN\datasets\raw\roboflow_cuong_ta\train\images\CarLongPlateGen427_jpg.rf.6885da0204bdfa088df6c0f2c886721f.jpg,warning,small_box,0,box area 0.4636% of the image is below the 0.50% threshold; plates this small are hard to learn
D:\DATN\datasets\raw\roboflow_cuong_ta\train\images\CarLongPlateGen436_jpg.rf.c2e62a69df0eddc8564e6607a60fee6a.jpg,warning,small_box,0,box area 0.4363% of the image is below the 0.50% threshold; plates this small are hard to learn
D:\DATN\datasets\raw\roboflow_cuong_ta\train\images\CarLongPlateGen439_jpg.rf.0f47027b6573c0f220aaebb01732db9c.jpg,warning,small_box,0,box area 0.4181% of the image is below the 0.50% threshold; plates this small are hard to learn
D:\DATN\datasets\raw\roboflow_cuong_ta\train\images\CarLongPlateGen447_jpg.rf.b45ecc2b5c7bb5b71947e7c081e1e7fd.jpg,warning,small_box,0,box area 0.4405% of the image is below the 0.50% threshold; plates this small are hard to learn
D:\DATN\datasets\raw\roboflow_cuong_ta\train\images\CarLongPlateGen455_jpg.rf.d010d0bd84f3e38dd3913354f262f397.jpg,warning,small_box,0,box area 0.4636% of the image is below the 0.50% threshold; plates this small are hard to learn
D:\DATN\datasets\raw\roboflow_cuong_ta\train\images\CarLongPlateGen45_jpg.rf.5c3d338d09df2258224342ff86507314.jpg,warning,small_box,0,box area 0.4727% of the image is below the 0.50% threshold; plates this small are hard to learn
D:\DATN\datasets\raw\roboflow_cuong_ta\train\images\CarLongPlateGen461_jpg.rf.ff0e6a21cb9dbfccda24f9b1274b3610.jpg,warning,small_box,0,box area 0.3846% of the image is below the 0.50% threshold; plates this small are hard to learn
D:\DATN\datasets\raw\roboflow_cuong_ta\train\images\CarLongPlateGen463_jpg.rf.3a73c4be8de303840cb4ef6a59a72613.jpg,warning,small_box,0,box area 0.4999% of the image is below the 0.50% threshold; plates this small are hard to learn
D:\DATN\datasets\raw\roboflow_cuong_ta\train\images\CarLongPlateGen467_jpg.rf.78f5f4676eb110ab87480e1e5a24584b.jpg,warning,small_box,0,box area 0.2587% of the image is below the 0.50% threshold; plates this small are hard to learn
D:\DATN\datasets\raw\roboflow_cuong_ta\train\images\CarLongPlateGen469_jpg.rf.e25aefb4d1905c9d6ce7874e827c3c00.jpg,warning,small_box,0,box area 0.2077% of the image is below the 0.50% threshold; plates this small are hard to learn
D:\DATN\datasets\raw\roboflow_cuong_ta\train\images\CarLongPlateGen472_jpg.rf.265677ab2b308b8e26d3574f5e4877b4.jpg,warning,small_box,0,box area 0.4363% of the image is below the 0.50% threshold; plates this small are hard to learn
D:\DATN\datasets\raw\roboflow_cuong_ta\train\images\CarLongPlateGen473_jpg.rf.3f55dabf9f67433f6f0694dfc53daef0.jpg,warning,small_box,0,box area 0.4797% of the image is below the 0.50% threshold; plates this small are hard to learn
D:\DATN\datasets\raw\roboflow_cuong_ta\train\images\CarLongPlateGen474_jpg.rf.e2b1baa6720823c7586e0b176c1e2967.jpg,warning,small_box,0,box area 0.4000% of the image is below the 0.50% threshold; plates this small are hard to learn
D:\DATN\datasets\raw\roboflow_cuong_ta\train\images\CarLongPlateGen475_jpg.rf.f605c91d6cc1ed2ab5711135691ec808.jpg,warning,small_box,0,box area 0.2657% of the image is below the 0.50% threshold; plates this small are hard to learn
D:\DATN\datasets\raw\roboflow_cuong_ta\train\images\CarLongPlateGen476_jpg.rf.e50d6e9713de76699044f8eb91bd1d21.jpg,warning,small_box,0,box area 0.4111% of the image is below the 0.50% threshold; plates this small are hard to learn
D:\DATN\datasets\raw\roboflow_cuong_ta\train\images\CarLongPlateGen477_jpg.rf.a6bb9002d704a5b04e5fe7f61aee71cb.jpg,warning,small_box,0,box area 0.4727% of the image is below the 0.50% threshold; plates this small are hard to learn
D:\DATN\datasets\raw\roboflow_cuong_ta\train\images\CarLongPlateGen479_jpg.rf.f3ce4cedf093d106eb09529e031e8714.jpg,warning,small_box,0,box area 0.4797% of the image is below the 0.50% threshold; plates this small are hard to learn
D:\DATN\datasets\raw\roboflow_cuong_ta\train\images\CarLongPlateGen480_jpg.rf.608fbac06244db58d192d7628f4cd8b6.jpg,warning,small_box,0,box area 0.3188% of the image is below the 0.50% threshold; plates this small are hard to learn
D:\DATN\datasets\raw\roboflow_cuong_ta\train\images\CarLongPlateGen481_jpg.rf.be94c232ed9f08e4d69e3a8b2fe1b33f.jpg,warning,small_box,0,box area 0.4153% of the image is below the 0.50% threshold; plates this small are hard to learn
D:\DATN\datasets\raw\roboflow_cuong_ta\train\images\CarLongPlateGen486_jpg.rf.cb0091ca1190a93abbec55383eba2d3f.jpg,warning,small_box,0,box area 0.4000% of the image is below the 0.50% threshold; plates this small are hard to learn
D:\DATN\datasets\raw\roboflow_cuong_ta\train\images\CarLongPlateGen488_jpg.rf.ccf2bfab3cc2fe07ce61fbbd3ccc5043.jpg,warning,small_box,0,box area 0.3307% of the image is below the 0.50% threshold; plates this small are hard to learn
D:\DATN\datasets\raw\roboflow_cuong_ta\train\images\CarLongPlateGen490_jpg.rf.56e9c7a44d25cc6826a25f5a94e94cab.jpg,warning,small_box,0,box area 0.2832% of the image is below the 0.50% threshold; plates this small are hard to learn
D:\DATN\datasets\raw\roboflow_cuong_ta\train\images\CarLongPlateGen496_jpg.rf.958c312a7a452dfd68820b0dbe29ea50.jpg,warning,small_box,0,box area 0.3105% of the image is below the 0.50% threshold; plates this small are hard to learn
D:\DATN\datasets\raw\roboflow_cuong_ta\train\images\CarLongPlateGen497_jpg.rf.5a20e3f247aaafa0c7dd32cebd13056d.jpg,warning,small_box,0,box area 0.4279% of the image is below the 0.50% threshold; plates this small are hard to learn
D:\DATN\datasets\raw\roboflow_cuong_ta\train\images\CarLongPlateGen503_jpg.rf.39483054ed5c56dcf97ca03c8bb774f8.jpg,warning,small_box,0,box area 0.4014% of the image is below the 0.50% threshold; plates this small are hard to learn
D:\DATN\datasets\raw\roboflow_cuong_ta\train\images\CarLongPlateGen505_jpg.rf.14068b8014ccc97ea650b723a28907b3.jpg,warning,small_box,0,box area 0.3272% of the image is below the 0.50% threshold; plates this small are hard to learn
D:\DATN\datasets\raw\roboflow_cuong_ta\train\images\CarLongPlateGen506_jpg.rf.2a93939ffb96936a97fa545ecc90100a.jpg,warning,small_box,0,box area 0.3909% of the image is below the 0.50% threshold; plates this small are hard to learn
D:\DATN\datasets\raw\roboflow_cuong_ta\train\images\CarLongPlateGen507_jpg.rf.64a4e2fe82344d19f913dc0ac37be726.jpg,warning,small_box,0,box area 0.4111% of the image is below the 0.50% threshold; plates this small are hard to learn
D:\DATN\datasets\raw\roboflow_cuong_ta\train\images\CarLongPlateGen509_jpg.rf.81784a4ebe90d392aedab9224bf790b2.jpg,warning,small_box,0,box area 0.2643% of the image is below the 0.50% threshold; plates this small are hard to learn
D:\DATN\datasets\raw\roboflow_cuong_ta\train\images\CarLongPlateGen512_jpg.rf.ee0828fbb9961a1081e8cdcd9fac3020.jpg,warning,small_box,0,box area 0.4895% of the image is below the 0.50% threshold; plates this small are hard to learn
D:\DATN\datasets\raw\roboflow_cuong_ta\train\images\CarLongPlateGen515_jpg.rf.4f107849ce85a798106adfebe7889efb.jpg,warning,small_box,0,box area 0.4028% of the image is below the 0.50% threshold; plates this small are hard to learn
D:\DATN\datasets\raw\roboflow_cuong_ta\train\images\CarLongPlateGen516_jpg.rf.57d68c3d74372f5d744afb896f599842.jpg,warning,small_box,0,box area 0.4950% of the image is below the 0.50% threshold; plates this small are hard to learn
D:\DATN\datasets\raw\roboflow_cuong_ta\train\images\CarLongPlateGen517_jpg.rf.3ce4ea04dc08e4a578cef40ef7298b5c.jpg,warning,small_box,0,box area 0.4153% of the image is below the 0.50% threshold; plates this small are hard to learn
D:\DATN\datasets\raw\roboflow_cuong_ta\train\images\CarLongPlateGen518_jpg.rf.d2192b3081061dac38dc4c6d740cad92.jpg,warning,small_box,0,box area 0.2580% of the image is below the 0.50% threshold; plates this small are hard to learn
D:\DATN\datasets\raw\roboflow_cuong_ta\train\images\CarLongPlateGen519_jpg.rf.1c4889db7c1bcc7147400c30dbf87c27.jpg,warning,small_box,0,box area 0.3188% of the image is below the 0.50% threshold; plates this small are hard to learn
D:\DATN\datasets\raw\roboflow_cuong_ta\train\images\CarLongPlateGen51_jpg.rf.d53a370f4f61a534fa162aacde862423.jpg,warning,small_box,0,box area 0.3902% of the image is below the 0.50% threshold; plates this small are hard to learn
D:\DATN\datasets\raw\roboflow_cuong_ta\train\images\CarLongPlateGen521_jpg.rf.4a7d03b6e4e9e7ad1388b13abee9af3a.jpg,warning,small_box,0,box area 0.4111% of the image is below the 0.50% threshold; plates this small are hard to learn
D:\DATN\datasets\raw\roboflow_cuong_ta\train\images\CarLongPlateGen522_jpg.rf.f803ed38721be57d79afc82e7d85548b.jpg,warning,small_box,0,box area 0.2937% of the image is below the 0.50% threshold; plates this small are hard to learn
D:\DATN\datasets\raw\roboflow_cuong_ta\train\images\CarLongPlateGen523_jpg.rf.7112c719939f53f7827705d6b3ca1c7c.jpg,warning,small_box,0,box area 0.1860% of the image is below the 0.50% threshold; plates this small are hard to learn
D:\DATN\datasets\raw\roboflow_cuong_ta\train\images\CarLongPlateGen524_jpg.rf.678d2bea5c24e240e2a531de2ea089a8.jpg,warning,small_box,0,box area 0.3384% of the image is below the 0.50% threshold; plates this small are hard to learn
D:\DATN\datasets\raw\roboflow_cuong_ta\train\images\CarLongPlateGen52_jpg.rf.a8fafdccbc50c54383c37b7de8bf157c.jpg,warning,small_box,0,box area 0.4181% of the image is below the 0.50% threshold; plates this small are hard to learn
D:\DATN\datasets\raw\roboflow_cuong_ta\train\images\CarLongPlateGen530_jpg.rf.40bc1e149ef8daba3ae580617019b5a2.jpg,warning,small_box,0,box area 0.3608% of the image is below the 0.50% threshold; plates this small are hard to learn
D:\DATN\datasets\raw\roboflow_cuong_ta\train\images\CarLongPlateGen532_jpg.rf.e29a1fc9248ed2d5aede07e68f9a1bc5.jpg,warning,small_box,0,box area 0.4405% of the image is below the 0.50% threshold; plates this small are hard to learn
D:\DATN\datasets\raw\roboflow_cuong_ta\train\images\CarLongPlateGen536_jpg.rf.18eea290b4a636d13a2ae3940adcc97c.jpg,warning,small_box,0,box area 0.3776% of the image is below the 0.50% threshold; plates this small are hard to learn
D:\DATN\datasets\raw\roboflow_cuong_ta\train\images\CarLongPlateGen539_jpg.rf.f76ef038ba6fbbf8532a44e8fb61a22e.jpg,warning,small_box,0,box area 0.4755% of the image is below the 0.50% threshold; plates this small are hard to learn
D:\DATN\datasets\raw\roboflow_cuong_ta\train\images\CarLongPlateGen53_jpg.rf.4e1e828a25b931a68b3a5917e91c027e.jpg,warning,small_box,0,box area 0.2867% of the image is below the 0.50% threshold; plates this small are hard to learn
D:\DATN\datasets\raw\roboflow_cuong_ta\train\images\CarLongPlateGen540_jpg.rf.1029f52c47de3a9b264543174a6296f2.jpg,warning,small_box,0,box area 0.3230% of the image is below the 0.50% threshold; plates this small are hard to learn
D:\DATN\datasets\raw\roboflow_cuong_ta\train\images\CarLongPlateGen541_jpg.rf.b0c99476d8ce7299c48edfeb356b62d7.jpg,warning,small_box,0,box area 0.3077% of the image is below the 0.50% threshold; plates this small are hard to learn
D:\DATN\datasets\raw\roboflow_cuong_ta\train\images\CarLongPlateGen542_jpg.rf.3182a67ca85570a5d4177cf1d01e4813.jpg,warning,small_box,0,box area 0.3916% of the image is below the 0.50% threshold; plates this small are hard to learn
D:\DATN\datasets\raw\roboflow_cuong_ta\train\images\CarLongPlateGen543_jpg.rf.b1acc727b66338f44d06009727a1db7a.jpg,warning,small_box,0,box area 0.4090% of the image is below the 0.50% threshold; plates this small are hard to learn
D:\DATN\datasets\raw\roboflow_cuong_ta\train\images\CarLongPlateGen545_jpg.rf.93aa115e1279a6af297f3df69fb2a395.jpg,warning,small_box,0,box area 0.3615% of the image is below the 0.50% threshold; plates this small are hard to learn
D:\DATN\datasets\raw\roboflow_cuong_ta\train\images\CarLongPlateGen546_jpg.rf.d36d4c1aa43407c6d8105fb565102819.jpg,warning,small_box,0,box area 0.2685% of the image is below the 0.50% threshold; plates this small are hard to learn
D:\DATN\datasets\raw\roboflow_cuong_ta\train\images\CarLongPlateGen549_jpg.rf.e1308021918ee17fde28a2357c8826e6.jpg,warning,small_box,0,box area 0.3244% of the image is below the 0.50% threshold; plates this small are hard to learn
D:\DATN\datasets\raw\roboflow_cuong_ta\train\images\CarLongPlateGen54_jpg.rf.cc1b38984d82222df4cd3ab2099b9dfb.jpg,warning,small_box,0,box area 0.4545% of the image is below the 0.50% threshold; plates this small are hard to learn
D:\DATN\datasets\raw\roboflow_cuong_ta\train\images\CarLongPlateGen550_jpg.rf.35dd65737ecc53ad25e12d84f77e8e68.jpg,warning,small_box,0,box area 0.4636% of the image is below the 0.50% threshold; plates this small are hard to learn
D:\DATN\datasets\raw\roboflow_cuong_ta\train\images\CarLongPlateGen551_jpg.rf.d07799fd87df0fe41e4437a8fc251188.jpg,warning,small_box,0,box area 0.3524% of the image is below the 0.50% threshold; plates this small are hard to learn
D:\DATN\datasets\raw\roboflow_cuong_ta\train\images\CarLongPlateGen552_jpg.rf.e644282f6fe60339f2b3e3f48d699c60.jpg,warning,small_box,0,box area 0.3818% of the image is below the 0.50% threshold; plates this small are hard to learn
D:\DATN\datasets\raw\roboflow_cuong_ta\train\images\CarLongPlateGen553_jpg.rf.ec60c3dcb30c431f3955161e1659252b.jpg,warning,small_box,0,box area 0.4111% of the image is below the 0.50% threshold; plates this small are hard to learn
D:\DATN\datasets\raw\roboflow_cuong_ta\train\images\CarLongPlateGen554_jpg.rf.a20aaedbc518fbb8f13441ef928f1e75.jpg,warning,small_box,0,box area 0.3846% of the image is below the 0.50% threshold; plates this small are hard to learn
D:\DATN\datasets\raw\roboflow_cuong_ta\train\images\CarLongPlateGen557_jpg.rf.478ac998805008d33dd77a9b0b4c00ca.jpg,warning,small_box,0,box area 0.3944% of the image is below the 0.50% threshold; plates this small are hard to learn
D:\DATN\datasets\raw\roboflow_cuong_ta\train\images\CarLongPlateGen558_jpg.rf.dbc64b4acb5424dea9ddb45526b36fc6.jpg,warning,small_box,0,box area 0.3007% of the image is below the 0.50% threshold; plates this small are hard to learn
D:\DATN\datasets\raw\roboflow_cuong_ta\train\images\CarLongPlateGen559_jpg.rf.09c9d89db9e07424ef38fc9baa6805b5.jpg,warning,small_box,0,box area 0.4615% of the image is below the 0.50% threshold; plates this small are hard to learn
D:\DATN\datasets\raw\roboflow_cuong_ta\train\images\CarLongPlateGen55_jpg.rf.57990858a7ce8955f5e170803e9bd659.jpg,warning,small_box,0,box area 0.2853% of the image is below the 0.50% threshold; plates this small are hard to learn
D:\DATN\datasets\raw\roboflow_cuong_ta\train\images\CarLongPlateGen561_jpg.rf.96630f1477c94ce7cc803b90969f9c16.jpg,warning,small_box,0,box area 0.3860% of the image is below the 0.50% threshold; plates this small are hard to learn
D:\DATN\datasets\raw\roboflow_cuong_ta\train\images\CarLongPlateGen562_jpg.rf.6716a8a1632d678d0a1a4f75f9cd86cc.jpg,warning,small_box,0,box area 0.4028% of the image is below the 0.50% threshold; plates this small are hard to learn
D:\DATN\datasets\raw\roboflow_cuong_ta\train\images\CarLongPlateGen564_jpg.rf.adb1bdf8ef8d8aefdc1d08af72e1142a.jpg,warning,small_box,0,box area 0.3461% of the image is below the 0.50% threshold; plates this small are hard to learn
D:\DATN\datasets\raw\roboflow_cuong_ta\train\images\CarLongPlateGen565_jpg.rf.eb2a105883b2f15498f55752fb892328.jpg,warning,small_box,0,box area 0.3461% of the image is below the 0.50% threshold; plates this small are hard to learn
D:\DATN\datasets\raw\roboflow_cuong_ta\train\images\CarLongPlateGen566_jpg.rf.393869af9879b89fbeff049f4a94e660.jpg,warning,small_box,0,box area 0.4727% of the image is below the 0.50% threshold; plates this small are hard to learn
D:\DATN\datasets\raw\roboflow_cuong_ta\train\images\CarLongPlateGen568_jpg.rf.632284b375b4eb8a311c71e86e901a9e.jpg,warning,small_box,0,box area 0.4111% of the image is below the 0.50% threshold; plates this small are hard to learn
D:\DATN\datasets\raw\roboflow_cuong_ta\train\images\CarLongPlateGen56_jpg.rf.b153698345ce0bf2e161897a3b6bac03.jpg,warning,small_box,0,box area 0.3524% of the image is below the 0.50% threshold; plates this small are hard to learn
D:\DATN\datasets\raw\roboflow_cuong_ta\train\images\CarLongPlateGen570_jpg.rf.97a4272e832bed3c9bc35ad2f4aeb196.jpg,warning,small_box,0,box area 0.4587% of the image is below the 0.50% threshold; plates this small are hard to learn
D:\DATN\datasets\raw\roboflow_cuong_ta\train\images\CarLongPlateGen571_jpg.rf.dd94917b456cab798d3c8a8d0b4eac86.jpg,warning,small_box,0,box area 0.3846% of the image is below the 0.50% threshold; plates this small are hard to learn
D:\DATN\datasets\raw\roboflow_cuong_ta\train\images\CarLongPlateGen572_jpg.rf.a0ccb85f86d43addebefa51e8a4726f5.jpg,warning,small_box,0,box area 0.4090% of the image is below the 0.50% threshold; plates this small are hard to learn
D:\DATN\datasets\raw\roboflow_cuong_ta\train\images\CarLongPlateGen573_jpg.rf.c042fa4dce6a2582750a5765e316bcb5.jpg,warning,small_box,0,box area 0.3538% of the image is below the 0.50% threshold; plates this small are hard to learn
D:\DATN\datasets\raw\roboflow_cuong_ta\train\images\CarLongPlateGen578_jpg.rf.908e9b2cb5dc45463d35376b646f75d4.jpg,warning,small_box,0,box area 0.4992% of the image is below the 0.50% threshold; plates this small are hard to learn
D:\DATN\datasets\raw\roboflow_cuong_ta\train\images\CarLongPlateGen57_jpg.rf.960b56f2a8ddc2e5787ef7ad9fc07e1b.jpg,warning,small_box,0,box area 0.4867% of the image is below the 0.50% threshold; plates this small are hard to learn
D:\DATN\datasets\raw\roboflow_cuong_ta\train\images\CarLongPlateGen580_jpg.rf.7964fca7996cc8f8493021dfa820249e.jpg,warning,small_box,0,box area 0.4503% of the image is below the 0.50% threshold; plates this small are hard to learn
D:\DATN\datasets\raw\roboflow_cuong_ta\train\images\CarLongPlateGen581_jpg.rf.e5a7e35b03cdde0a15a3439e5f8b3d1a.jpg,warning,small_box,0,box area 0.4699% of the image is below the 0.50% threshold; plates this small are hard to learn
D:\DATN\datasets\raw\roboflow_cuong_ta\train\images\CarLongPlateGen587_jpg.rf.fd22a6e866735859ac045376033f61a5.jpg,warning,small_box,0,box area 0.4181% of the image is below the 0.50% threshold; plates this small are hard to learn
D:\DATN\datasets\raw\roboflow_cuong_ta\train\images\CarLongPlateGen589_jpg.rf.5890fad9b62baede1b1915bb5d5b8a0f.jpg,warning,small_box,0,box area 0.4636% of the image is below the 0.50% threshold; plates this small are hard to learn
D:\DATN\datasets\raw\roboflow_cuong_ta\train\images\CarLongPlateGen591_jpg.rf.c4b48ebc2ff1a04ff7285d1fa604bbb3.jpg,warning,small_box,0,box area 0.4503% of the image is below the 0.50% threshold; plates this small are hard to learn
D:\DATN\datasets\raw\roboflow_cuong_ta\train\images\CarLongPlateGen593_jpg.rf.a66eaa934ae7576d64aa780a98606687.jpg,warning,small_box,0,box area 0.3909% of the image is below the 0.50% threshold; plates this small are hard to learn
D:\DATN\datasets\raw\roboflow_cuong_ta\train\images\CarLongPlateGen596_jpg.rf.ba202fed1fbba54b8a6ccfd808d8d541.jpg,warning,small_box,0,box area 0.3944% of the image is below the 0.50% threshold; plates this small are hard to learn
D:\DATN\datasets\raw\roboflow_cuong_ta\train\images\CarLongPlateGen597_jpg.rf.c5b031a0557ac60a36edb55a8445b347.jpg,warning,small_box,0,box area 0.4909% of the image is below the 0.50% threshold; plates this small are hard to learn
D:\DATN\datasets\raw\roboflow_cuong_ta\train\images\CarLongPlateGen598_jpg.rf.72917ab1e04445e09b8603754f3e135f.jpg,warning,small_box,0,box area 0.3356% of the image is below the 0.50% threshold; plates this small are hard to learn
D:\DATN\datasets\raw\roboflow_cuong_ta\train\images\CarLongPlateGen59_jpg.rf.f2897eb1b26af07be72690d818f7f427.jpg,warning,small_box,0,box area 0.2580% of the image is below the 0.50% threshold; plates this small are hard to learn
D:\DATN\datasets\raw\roboflow_cuong_ta\train\images\CarLongPlateGen5_jpg.rf.925700a47a5954102e156f7d19f7d322.jpg,warning,small_box,0,box area 0.4000% of the image is below the 0.50% threshold; plates this small are hard to learn
D:\DATN\datasets\raw\roboflow_cuong_ta\train\images\CarLongPlateGen600_jpg.rf.4aea45bbf092e69e1de91200cb10f764.jpg,warning,small_box,0,box area 0.3496% of the image is below the 0.50% threshold; plates this small are hard to learn
D:\DATN\datasets\raw\roboflow_cuong_ta\train\images\CarLongPlateGen601_jpg.rf.5abd8b30f544d1be0df979815ff1810b.jpg,warning,small_box,0,box area 0.4195% of the image is below the 0.50% threshold; plates this small are hard to learn
D:\DATN\datasets\raw\roboflow_cuong_ta\train\images\CarLongPlateGen603_jpg.rf.ee48b6d1fc0682f777f2c4f0ea597ac0.jpg,warning,small_box,0,box area 0.4601% of the image is below the 0.50% threshold; plates this small are hard to learn
D:\DATN\datasets\raw\roboflow_cuong_ta\train\images\CarLongPlateGen60_jpg.rf.736f9c4e2b9baf2d6d50322d13139560.jpg,warning,small_box,0,box area 0.3230% of the image is below the 0.50% threshold; plates this small are hard to learn
D:\DATN\datasets\raw\roboflow_cuong_ta\train\images\CarLongPlateGen613_jpg.rf.e8dde4a2ee45313312c33622049181d2.jpg,warning,small_box,0,box area 0.4307% of the image is below the 0.50% threshold; plates this small are hard to learn
D:\DATN\datasets\raw\roboflow_cuong_ta\train\images\CarLongPlateGen617_jpg.rf.bb7f984adc3ee09eb4816e513bcd8ccc.jpg,warning,small_box,0,box area 0.4272% of the image is below the 0.50% threshold; plates this small are hard to learn
D:\DATN\datasets\raw\roboflow_cuong_ta\train\images\CarLongPlateGen618_jpg.rf.0740ecd487be409f8f9cc5e434f77394.jpg,warning,small_box,0,box area 0.4992% of the image is below the 0.50% threshold; plates this small are hard to learn
D:\DATN\datasets\raw\roboflow_cuong_ta\train\images\CarLongPlateGen61_jpg.rf.9ffcef87e8db53e58cc35c062bf06159.jpg,warning,small_box,0,box area 0.2853% of the image is below the 0.50% threshold; plates this small are hard to learn
D:\DATN\datasets\raw\roboflow_cuong_ta\train\images\CarLongPlateGen628_jpg.rf.827aaa4023a056f9c5e49d09d53c63ba.jpg,warning,small_box,0,box area 0.3846% of the image is below the 0.50% threshold; plates this small are hard to learn
D:\DATN\datasets\raw\roboflow_cuong_ta\train\images\CarLongPlateGen629_jpg.rf.d3173daf84acc2a86ad2ee0904712a41.jpg,warning,small_box,0,box area 0.4727% of the image is below the 0.50% threshold; plates this small are hard to learn
D:\DATN\datasets\raw\roboflow_cuong_ta\train\images\CarLongPlateGen62_jpg.rf.083f56efaea633503697fc3b3f2dcecb.jpg,warning,small_box,0,box area 0.4181% of the image is below the 0.50% threshold; plates this small are hard to learn
D:\DATN\datasets\raw\roboflow_cuong_ta\train\images\CarLongPlateGen631_jpg.rf.ce47c7648009a7263fccc6673bc47acf.jpg,warning,small_box,0,box area 0.4636% of the image is below the 0.50% threshold; plates this small are hard to learn
D:\DATN\datasets\raw\roboflow_cuong_ta\train\images\CarLongPlateGen632_jpg.rf.ea880327ed2583491c004ef57621be20.jpg,warning,small_box,0,box area 0.4510% of the image is below the 0.50% threshold; plates this small are hard to learn
D:\DATN\datasets\raw\roboflow_cuong_ta\train\images\CarLongPlateGen633_jpg.rf.1cee5ef1c771b9218c61ce9a507b5045.jpg,warning,small_box,0,box area 0.4727% of the image is below the 0.50% threshold; plates this small are hard to learn
D:\DATN\datasets\raw\roboflow_cuong_ta\train\images\CarLongPlateGen637_jpg.rf.2500f4f664f74bab054c63188aa90e29.jpg,warning,small_box,0,box area 0.3272% of the image is below the 0.50% threshold; plates this small are hard to learn
D:\DATN\datasets\raw\roboflow_cuong_ta\train\images\CarLongPlateGen639_jpg.rf.870fbc7a00eac74be15074db8c4ea9cf.jpg,warning,small_box,0,box area 0.4720% of the image is below the 0.50% threshold; plates this small are hard to learn
D:\DATN\datasets\raw\roboflow_cuong_ta\train\images\CarLongPlateGen63_jpg.rf.82dd4eb5741be5b523ee1ce653de7b3c.jpg,warning,small_box,0,box area 0.2685% of the image is below the 0.50% threshold; plates this small are hard to learn
D:\DATN\datasets\raw\roboflow_cuong_ta\train\images\CarLongPlateGen641_jpg.rf.35da539f0d93fb746d34fa82102544f7.jpg,warning,small_box,0,box area 0.3461% of the image is below the 0.50% threshold; plates this small are hard to learn
D:\DATN\datasets\raw\roboflow_cuong_ta\train\images\CarLongPlateGen645_jpg.rf.59b126664b01a8aaaf4aae463269f90d.jpg,warning,small_box,0,box area 0.4209% of the image is below the 0.50% threshold; plates this small are hard to learn
D:\DATN\datasets\raw\roboflow_cuong_ta\train\images\CarLongPlateGen647_jpg.rf.8ecaf2060622bf90c3c60dd9d2544e6d.jpg,warning,small_box,0,box area 0.4510% of the image is below the 0.50% threshold; plates this small are hard to learn
D:\DATN\datasets\raw\roboflow_cuong_ta\train\images\CarLongPlateGen651_jpg.rf.52bdce1775db9218ce4366488ae07b92.jpg,warning,small_box,0,box area 0.4601% of the image is below the 0.50% threshold; plates this small are hard to learn
D:\DATN\datasets\raw\roboflow_cuong_ta\train\images\CarLongPlateGen652_jpg.rf.e76d48f01366eccb12edb2499e28320f.jpg,warning,small_box,0,box area 0.4797% of the image is below the 0.50% threshold; plates this small are hard to learn
D:\DATN\datasets\raw\roboflow_cuong_ta\train\images\CarLongPlateGen653_jpg.rf.c0b0db0e07d9871bff82bddf97f47c41.jpg,warning,small_box,0,box area 0.4797% of the image is below the 0.50% threshold; plates this small are hard to learn
D:\DATN\datasets\raw\roboflow_cuong_ta\train\images\CarLongPlateGen654_jpg.rf.d0fa1122c2e931be08fa2a4fa87801d5.jpg,warning,small_box,0,box area 0.3021% of the image is below the 0.50% threshold; plates this small are hard to learn
D:\DATN\datasets\raw\roboflow_cuong_ta\train\images\CarLongPlateGen655_jpg.rf.b50920e5c9840476d0d5191ba35f84d8.jpg,warning,small_box,0,box area 0.4769% of the image is below the 0.50% threshold; plates this small are hard to learn
D:\DATN\datasets\raw\roboflow_cuong_ta\train\images\CarLongPlateGen656_jpg.rf.3257a5093295c6e18bf5148440702756.jpg,warning,small_box,0,box area 0.4510% of the image is below the 0.50% threshold; plates this small are hard to learn
D:\DATN\datasets\raw\roboflow_cuong_ta\train\images\CarLongPlateGen657_jpg.rf.bb8847daffa8fcb00feb776c49ef65cd.jpg,warning,small_box,0,box area 0.4405% of the image is below the 0.50% threshold; plates this small are hard to learn
D:\DATN\datasets\raw\roboflow_cuong_ta\train\images\CarLongPlateGen658_jpg.rf.76cc149f39a3a7370cfe09feaf5b8b6d.jpg,warning,small_box,0,box area 0.4000% of the image is below the 0.50% threshold; plates this small are hard to learn
D:\DATN\datasets\raw\roboflow_cuong_ta\train\images\CarLongPlateGen659_jpg.rf.0728729704b8c096bd51cbb6db4ead2d.jpg,warning,small_box,0,box area 0.3356% of the image is below the 0.50% threshold; plates this small are hard to learn
D:\DATN\datasets\raw\roboflow_cuong_ta\train\images\CarLongPlateGen662_jpg.rf.fec4e6bd7d6a4a2d52b5d7b15cee4f02.jpg,warning,small_box,0,box area 0.3769% of the image is below the 0.50% threshold; plates this small are hard to learn
D:\DATN\datasets\raw\roboflow_cuong_ta\train\images\CarLongPlateGen667_jpg.rf.d742f542b2cce5dccba53ed001494219.jpg,warning,small_box,0,box area 0.4447% of the image is below the 0.50% threshold; plates this small are hard to learn
D:\DATN\datasets\raw\roboflow_cuong_ta\train\images\CarLongPlateGen66_jpg.rf.d3e41476f7a797b089f47ca2a49ac1ec.jpg,warning,small_box,0,box area 0.2615% of the image is below the 0.50% threshold; plates this small are hard to learn
D:\DATN\datasets\raw\roboflow_cuong_ta\train\images\CarLongPlateGen672_jpg.rf.a1553cfaf28dfa7173f8f1f79c22f54b.jpg,warning,small_box,0,box area 0.4209% of the image is below the 0.50% threshold; plates this small are hard to learn
D:\DATN\datasets\raw\roboflow_cuong_ta\train\images\CarLongPlateGen675_jpg.rf.e72b790245cf3338d6ae3232bb4dea7f.jpg,warning,small_box,0,box area 0.3923% of the image is below the 0.50% threshold; plates this small are hard to learn
D:\DATN\datasets\raw\roboflow_cuong_ta\train\images\CarLongPlateGen67_jpg.rf.da651ea17c87ac7c3d83c8b8ca5ae710.jpg,warning,small_box,0,box area 0.4405% of the image is below the 0.50% threshold; plates this small are hard to learn
D:\DATN\datasets\raw\roboflow_cuong_ta\train\images\CarLongPlateGen680_jpg.rf.cfac83b5fc3be8ba40a5bc79e7a1a47a.jpg,warning,small_box,0,box area 0.4363% of the image is below the 0.50% threshold; plates this small are hard to learn
D:\DATN\datasets\raw\roboflow_cuong_ta\train\images\CarLongPlateGen682_jpg.rf.b4ad1ef86719ac84bc941821c6238e60.jpg,warning,small_box,0,box area 0.3692% of the image is below the 0.50% threshold; plates this small are hard to learn
D:\DATN\datasets\raw\roboflow_cuong_ta\train\images\CarLongPlateGen683_jpg.rf.516fbd1190f9104ed2421be97a168dd8.jpg,warning,small_box,0,box area 0.3622% of the image is below the 0.50% threshold; plates this small are hard to learn
D:\DATN\datasets\raw\roboflow_cuong_ta\train\images\CarLongPlateGen684_jpg.rf.0247139be76bfe1e8aebba1d55d1d62b.jpg,warning,small_box,0,box area 0.4909% of the image is below the 0.50% threshold; plates this small are hard to learn
D:\DATN\datasets\raw\roboflow_cuong_ta\train\images\CarLongPlateGen686_jpg.rf.1ea2d03ed41a2dd298c26a810d70a23c.jpg,warning,small_box,0,box area 0.4601% of the image is below the 0.50% threshold; plates this small are hard to learn
D:\DATN\datasets\raw\roboflow_cuong_ta\train\images\CarLongPlateGen687_jpg.rf.06cd0a6cb7afab9e3c75f9d63d1b67d6.jpg,warning,small_box,0,box area 0.4307% of the image is below the 0.50% threshold; plates this small are hard to learn
D:\DATN\datasets\raw\roboflow_cuong_ta\train\images\CarLongPlateGen688_jpg.rf.82112884438ea301291625c1e66d696a.jpg,warning,small_box,0,box area 0.4895% of the image is below the 0.50% threshold; plates this small are hard to learn
D:\DATN\datasets\raw\roboflow_cuong_ta\train\images\CarLongPlateGen689_jpg.rf.ee9da74d0f051a2b77d668b06574a0b8.jpg,warning,small_box,0,box area 0.4000% of the image is below the 0.50% threshold; plates this small are hard to learn
D:\DATN\datasets\raw\roboflow_cuong_ta\train\images\CarLongPlateGen68_jpg.rf.a057165af93a996b9bff3859eaa1849b.jpg,warning,small_box,0,box area 0.3860% of the image is below the 0.50% threshold; plates this small are hard to learn
D:\DATN\datasets\raw\roboflow_cuong_ta\train\images\CarLongPlateGen690_jpg.rf.c519ff029da4db35c6e0f43464ec83c9.jpg,warning,small_box,0,box area 0.4181% of the image is below the 0.50% threshold; plates this small are hard to learn
D:\DATN\datasets\raw\roboflow_cuong_ta\train\images\CarLongPlateGen692_jpg.rf.5c883032ee6f8dc80a992c14b7060eed.jpg,warning,small_box,0,box area 0.4405% of the image is below the 0.50% threshold; plates this small are hard to learn
D:\DATN\datasets\raw\roboflow_cuong_ta\train\images\CarLongPlateGen694_jpg.rf.489093112cbf67772bbe898d33d02a4a.jpg,warning,small_box,0,box area 0.3720% of the image is below the 0.50% threshold; plates this small are hard to learn
D:\DATN\datasets\raw\roboflow_cuong_ta\train\images\CarLongPlateGen695_jpg.rf.4b9a054ce6291f74341a34558bef0257.jpg,warning,small_box,0,box area 0.3461% of the image is below the 0.50% threshold; plates this small are hard to learn
D:\DATN\datasets\raw\roboflow_cuong_ta\train\images\CarLongPlateGen698_jpg.rf.933a97dd96e06ef2a479b7250ddc866a.jpg,warning,small_box,0,box area 0.4028% of the image is below the 0.50% threshold; plates this small are hard to learn
D:\DATN\datasets\raw\roboflow_cuong_ta\train\images\CarLongPlateGen699_jpg.rf.718fcd29ef871be4fef8591fc13566bb.jpg,warning,small_box,0,box area 0.3147% of the image is below the 0.50% threshold; plates this small are hard to learn
D:\DATN\datasets\raw\roboflow_cuong_ta\train\images\CarLongPlateGen700_jpg.rf.f71ebc0ac71a26938f6a3c4dfc4a8db8.jpg,warning,small_box,0,box area 0.2580% of the image is below the 0.50% threshold; plates this small are hard to learn
D:\DATN\datasets\raw\roboflow_cuong_ta\train\images\CarLongPlateGen705_jpg.rf.70f151d45b91daed96c3b505a49ba426.jpg,warning,small_box,0,box area 0.4846% of the image is below the 0.50% threshold; plates this small are hard to learn
D:\DATN\datasets\raw\roboflow_cuong_ta\train\images\CarLongPlateGen706_jpg.rf.d680efed76c5d10503a295de748ad578.jpg,warning,small_box,0,box area 0.4811% of the image is below the 0.50% threshold; plates this small are hard to learn
D:\DATN\datasets\raw\roboflow_cuong_ta\train\images\CarLongPlateGen70_jpg.rf.dafb44ef6d138ba12bcd78658fb57d04.jpg,warning,small_box,0,box area 0.4699% of the image is below the 0.50% threshold; plates this small are hard to learn
D:\DATN\datasets\raw\roboflow_cuong_ta\train\images\CarLongPlateGen713_jpg.rf.f761b22d242dd37635880414d0c1e799.jpg,warning,small_box,0,box area 0.3538% of the image is below the 0.50% threshold; plates this small are hard to learn
D:\DATN\datasets\raw\roboflow_cuong_ta\train\images\CarLongPlateGen714_jpg.rf.e8802242eb05ca047d04004a443313e8.jpg,warning,small_box,0,box area 0.4272% of the image is below the 0.50% threshold; plates this small are hard to learn
D:\DATN\datasets\raw\roboflow_cuong_ta\train\images\CarLongPlateGen716_jpg.rf.aae77ed12b38041a3ffefe95aec19728.jpg,warning,small_box,0,box area 0.4699% of the image is below the 0.50% threshold; plates this small are hard to learn
D:\DATN\datasets\raw\roboflow_cuong_ta\train\images\CarLongPlateGen717_jpg.rf.a35dd61d417e9bb8b4dbe9c81964ee3a.jpg,warning,small_box,0,box area 0.3077% of the image is below the 0.50% threshold; plates this small are hard to learn
D:\DATN\datasets\raw\roboflow_cuong_ta\train\images\CarLongPlateGen718_jpg.rf.0e6dbc8f0bc649d7d980b947f0009ff2.jpg,warning,small_box,0,box area 0.4300% of the image is below the 0.50% threshold; plates this small are hard to learn
D:\DATN\datasets\raw\roboflow_cuong_ta\train\images\CarLongPlateGen719_jpg.rf.a9afa9538c66ab58227978139f8dd846.jpg,warning,small_box,0,box area 0.4909% of the image is below the 0.50% threshold; plates this small are hard to learn
D:\DATN\datasets\raw\roboflow_cuong_ta\train\images\CarLongPlateGen721_jpg.rf.764c6e4fe5d4a2d462570fd9202d367b.jpg,warning,small_box,0,box area 0.3818% of the image is below the 0.50% threshold; plates this small are hard to learn
D:\DATN\datasets\raw\roboflow_cuong_ta\train\images\CarLongPlateGen724_jpg.rf.6af2723796d65e4fa66c41e545b49e6b.jpg,warning,small_box,0,box area 0.3944% of the image is below the 0.50% threshold; plates this small are hard to learn
D:\DATN\datasets\raw\roboflow_cuong_ta\train\images\CarLongPlateGen725_jpg.rf.960657a520c5a98c9a493bdfa4841bc2.jpg,warning,small_box,0,box area 0.4014% of the image is below the 0.50% threshold; plates this small are hard to learn
D:\DATN\datasets\raw\roboflow_cuong_ta\train\images\CarLongPlateGen726_jpg.rf.a7403bd8dfa85e83898db17f26936d47.jpg,warning,small_box,0,box area 0.3776% of the image is below the 0.50% threshold; plates this small are hard to learn
D:\DATN\datasets\raw\roboflow_cuong_ta\train\images\CarLongPlateGen728_jpg.rf.7c038044f23f28b543df34a050c4f2fb.jpg,warning,small_box,0,box area 0.3944% of the image is below the 0.50% threshold; plates this small are hard to learn
D:\DATN\datasets\raw\roboflow_cuong_ta\train\images\CarLongPlateGen729_jpg.rf.c85b007b323637468ce19ea749569438.jpg,warning,small_box,0,box area 0.4000% of the image is below the 0.50% threshold; plates this small are hard to learn
D:\DATN\datasets\raw\roboflow_cuong_ta\train\images\CarLongPlateGen72_jpg.rf.d974ab800c3067297337050abd637a28.jpg,warning,small_box,0,box area 0.3307% of the image is below the 0.50% threshold; plates this small are hard to learn
D:\DATN\datasets\raw\roboflow_cuong_ta\train\images\CarLongPlateGen730_jpg.rf.28f9dab8b841131fe4fe7b602fb12591.jpg,warning,small_box,0,box area 0.4895% of the image is below the 0.50% threshold; plates this small are hard to learn
D:\DATN\datasets\raw\roboflow_cuong_ta\train\images\CarLongPlateGen731_jpg.rf.597f4abbdf3d3c0a5270cbd899409376.jpg,warning,small_box,0,box area 0.4076% of the image is below the 0.50% threshold; plates this small are hard to learn
D:\DATN\datasets\raw\roboflow_cuong_ta\train\images\CarLongPlateGen732_jpg.rf.5a283c773d0b2bebe15174581f1344c2.jpg,warning,small_box,0,box area 0.4999% of the image is below the 0.50% threshold; plates this small are hard to learn
D:\DATN\datasets\raw\roboflow_cuong_ta\train\images\CarLongPlateGen734_jpg.rf.239fb8ce71635758a7a18d6a75f74a45.jpg,warning,small_box,0,box area 0.4181% of the image is below the 0.50% threshold; plates this small are hard to learn
D:\DATN\datasets\raw\roboflow_cuong_ta\train\images\CarLongPlateGen735_jpg.rf.28bf5010dc495a245c5ecd734d0ca4bf.jpg,warning,small_box,0,box area 0.4818% of the image is below the 0.50% threshold; plates this small are hard to learn
D:\DATN\datasets\raw\roboflow_cuong_ta\train\images\CarLongPlateGen739_jpg.rf.5c2a0a7d0c31a084cbd6f8f4c91b9019.jpg,warning,small_box,0,box area 0.3440% of the image is below the 0.50% threshold; plates this small are hard to learn
D:\DATN\datasets\raw\roboflow_cuong_ta\train\images\CarLongPlateGen740_jpg.rf.a4b1640c584b0ab5ef2cdec2ce9300ac.jpg,warning,small_box,0,box area 0.3384% of the image is below the 0.50% threshold; plates this small are hard to learn
D:\DATN\datasets\raw\roboflow_cuong_ta\train\images\CarLongPlateGen743_jpg.rf.5430987b088df262634b921b40ff682b.jpg,warning,small_box,0,box area 0.4363% of the image is below the 0.50% threshold; plates this small are hard to learn
D:\DATN\datasets\raw\roboflow_cuong_ta\train\images\CarLongPlateGen744_jpg.rf.c8a4dbf3b575528e66a263f7c54bde1d.jpg,warning,small_box,0,box area 0.4111% of the image is below the 0.50% threshold; plates this small are hard to learn
D:\DATN\datasets\raw\roboflow_cuong_ta\train\images\CarLongPlateGen747_jpg.rf.fa15baeee5ae6a9f254a35345e36481f.jpg,warning,small_box,0,box area 0.3384% of the image is below the 0.50% threshold; plates this small are hard to learn
D:\DATN\datasets\raw\roboflow_cuong_ta\train\images\CarLongPlateGen748_jpg.rf.44a849655ab1163465711ebfd77c3144.jpg,warning,small_box,0,box area 0.3986% of the image is below the 0.50% threshold; plates this small are hard to learn
D:\DATN\datasets\raw\roboflow_cuong_ta\train\images\CarLongPlateGen749_jpg.rf.9c21da44b85ae717693f2591a846bbe9.jpg,warning,small_box,0,box area 0.4125% of the image is below the 0.50% threshold; plates this small are hard to learn
D:\DATN\datasets\raw\roboflow_cuong_ta\train\images\CarLongPlateGen751_jpg.rf.adc513291a905905182f242e59058585.jpg,warning,small_box,0,box area 0.4636% of the image is below the 0.50% threshold; plates this small are hard to learn
D:\DATN\datasets\raw\roboflow_cuong_ta\train\images\CarLongPlateGen756_jpg.rf.65add9b93bb01d195fedcc9e05286411.jpg,warning,small_box,0,box area 0.3524% of the image is below the 0.50% threshold; plates this small are hard to learn
D:\DATN\datasets\raw\roboflow_cuong_ta\train\images\CarLongPlateGen757_jpg.rf.d1641e1ee1165b27af82b913f60d0a5e.jpg,warning,small_box,0,box area 0.4195% of the image is below the 0.50% threshold; plates this small are hard to learn
D:\DATN\datasets\raw\roboflow_cuong_ta\train\images\CarLongPlateGen758_jpg.rf.d07ecadf4c61a26f2bb574ec176e0caa.jpg,warning,small_box,0,box area 0.2007% of the image is below the 0.50% threshold; plates this small are hard to learn
D:\DATN\datasets\raw\roboflow_cuong_ta\train\images\CarLongPlateGen760_jpg.rf.1738f27c674d39926c836fc20f934e77.jpg,warning,small_box,0,box area 0.4111% of the image is below the 0.50% threshold; plates this small are hard to learn
D:\DATN\datasets\raw\roboflow_cuong_ta\train\images\CarLongPlateGen761_jpg.rf.373a53e8ff230ce3d14bd339af5cf28a.jpg,warning,small_box,0,box area 0.2580% of the image is below the 0.50% threshold; plates this small are hard to learn
D:\DATN\datasets\raw\roboflow_cuong_ta\train\images\CarLongPlateGen767_jpg.rf.2828e80fc251e0d68a58baf57dd23637.jpg,warning,small_box,0,box area 0.3776% of the image is below the 0.50% threshold; plates this small are hard to learn
D:\DATN\datasets\raw\roboflow_cuong_ta\train\images\CarLongPlateGen768_jpg.rf.86ead4170775fdcad55448e6871b5054.jpg,warning,small_box,0,box area 0.4209% of the image is below the 0.50% threshold; plates this small are hard to learn
D:\DATN\datasets\raw\roboflow_cuong_ta\train\images\CarLongPlateGen76_jpg.rf.ae8fca095caf935a22fb54bcbffd88f6.jpg,warning,small_box,0,box area 0.3000% of the image is below the 0.50% threshold; plates this small are hard to learn
D:\DATN\datasets\raw\roboflow_cuong_ta\train\images\CarLongPlateGen771_jpg.rf.83cfa98489597f03c216370956b7bdaf.jpg,warning,small_box,0,box area 0.3230% of the image is below the 0.50% threshold; plates this small are hard to learn
D:\DATN\datasets\raw\roboflow_cuong_ta\train\images\CarLongPlateGen772_jpg.rf.e051c4c7fa2261a10310e2abe2a02c5e.jpg,warning,small_box,0,box area 0.4454% of the image is below the 0.50% threshold; plates this small are hard to learn
D:\DATN\datasets\raw\roboflow_cuong_ta\train\images\CarLongPlateGen774_jpg.rf.fcaf461ff30b090e794f1e2dd0007a58.jpg,warning,small_box,0,box area 0.3147% of the image is below the 0.50% threshold; plates this small are hard to learn
D:\DATN\datasets\raw\roboflow_cuong_ta\train\images\CarLongPlateGen776_jpg.rf.f041b65981e27df9595cd85d43f44328.jpg,warning,small_box,0,box area 0.3363% of the image is below the 0.50% threshold; plates this small are hard to learn
D:\DATN\datasets\raw\roboflow_cuong_ta\train\images\CarLongPlateGen778_jpg.rf.11996c5b53495b3d7b41da801690692c.jpg,warning,small_box,0,box area 0.4699% of the image is below the 0.50% threshold; plates this small are hard to learn
D:\DATN\datasets\raw\roboflow_cuong_ta\train\images\CarLongPlateGen784_jpg.rf.3741ac788d460b95d842955c882d062a.jpg,warning,small_box,0,box area 0.3538% of the image is below the 0.50% threshold; plates this small are hard to learn
D:\DATN\datasets\raw\roboflow_cuong_ta\train\images\CarLongPlateGen785_jpg.rf.40e1240d64c62bbda5f95566bec7b85e.jpg,warning,small_box,0,box area 0.4818% of the image is below the 0.50% threshold; plates this small are hard to learn
D:\DATN\datasets\raw\roboflow_cuong_ta\train\images\CarLongPlateGen787_jpg.rf.c4e00b0acc310a44cdf5ecfdedcc7015.jpg,warning,small_box,0,box area 0.3692% of the image is below the 0.50% threshold; plates this small are hard to learn
D:\DATN\datasets\raw\roboflow_cuong_ta\train\images\CarLongPlateGen794_jpg.rf.54c5362ad2259f819e5f4f0f0cf742d1.jpg,warning,small_box,0,box area 0.3230% of the image is below the 0.50% threshold; plates this small are hard to learn
D:\DATN\datasets\raw\roboflow_cuong_ta\train\images\CarLongPlateGen795_jpg.rf.0e9a027cabf2415991de1ae6f4f74c4e.jpg,warning,small_box,0,box area 0.3692% of the image is below the 0.50% threshold; plates this small are hard to learn
D:\DATN\datasets\raw\roboflow_cuong_ta\train\images\CarLongPlateGen796_jpg.rf.94f73a30c303dc55ec16524e5cd926df.jpg,warning,small_box,0,box area 0.3077% of the image is below the 0.50% threshold; plates this small are hard to learn
D:\DATN\datasets\raw\roboflow_cuong_ta\train\images\CarLongPlateGen798_jpg.rf.4adc948d07a749bc906698412bea4298.jpg,warning,small_box,0,box area 0.4363% of the image is below the 0.50% threshold; plates this small are hard to learn
D:\DATN\datasets\raw\roboflow_cuong_ta\train\images\CarLongPlateGen800_jpg.rf.3a1c7a4e01e952ac076dcc97c02fe976.jpg,warning,small_box,0,box area 0.4825% of the image is below the 0.50% threshold; plates this small are hard to learn
D:\DATN\datasets\raw\roboflow_cuong_ta\train\images\CarLongPlateGen801_jpg.rf.5ea7a77412e757c940787ade669e1961.jpg,warning,small_box,0,box area 0.4601% of the image is below the 0.50% threshold; plates this small are hard to learn
D:\DATN\datasets\raw\roboflow_cuong_ta\train\images\CarLongPlateGen80_jpg.rf.f6bb3e60f0ad806699e9e9ed63443f15.jpg,warning,small_box,0,box area 0.3692% of the image is below the 0.50% threshold; plates this small are hard to learn
D:\DATN\datasets\raw\roboflow_cuong_ta\train\images\CarLongPlateGen810_jpg.rf.aea21fef680b9651d0e450581ab16ccc.jpg,warning,small_box,0,box area 0.3615% of the image is below the 0.50% threshold; plates this small are hard to learn
D:\DATN\datasets\raw\roboflow_cuong_ta\train\images\CarLongPlateGen816_jpg.rf.ebe7561b1ddefa615bdf2dc7ead833d0.jpg,warning,small_box,0,box area 0.4028% of the image is below the 0.50% threshold; plates this small are hard to learn
D:\DATN\datasets\raw\roboflow_cuong_ta\train\images\CarLongPlateGen818_jpg.rf.1670193d96fafa66be97a9e858b2a1d5.jpg,warning,small_box,0,box area 0.3776% of the image is below the 0.50% threshold; plates this small are hard to learn
D:\DATN\datasets\raw\roboflow_cuong_ta\train\images\CarLongPlateGen820_jpg.rf.9fb50f0bf601d1b6853742278796ddce.jpg,warning,small_box,0,box area 0.4195% of the image is below the 0.50% threshold; plates this small are hard to learn
D:\DATN\datasets\raw\roboflow_cuong_ta\train\images\CarLongPlateGen821_jpg.rf.f59d239804d25db68909ead1175b3bee.jpg,warning,small_box,0,box area 0.4531% of the image is below the 0.50% threshold; plates this small are hard to learn
D:\DATN\datasets\raw\roboflow_cuong_ta\train\images\CarLongPlateGen822_jpg.rf.86946685e56889521d19b09e6e97d0e3.jpg,warning,small_box,0,box area 0.3909% of the image is below the 0.50% threshold; plates this small are hard to learn
D:\DATN\datasets\raw\roboflow_cuong_ta\train\images\CarLongPlateGen824_jpg.rf.cc7bc49cbcfe30be89d8de8e2e66f728.jpg,warning,small_box,0,box area 0.3916% of the image is below the 0.50% threshold; plates this small are hard to learn
D:\DATN\datasets\raw\roboflow_cuong_ta\train\images\CarLongPlateGen825_jpg.rf.5eb5fa0cede29ea83d4eecd23462ff7e.jpg,warning,small_box,0,box area 0.4272% of the image is below the 0.50% threshold; plates this small are hard to learn
D:\DATN\datasets\raw\roboflow_cuong_ta\train\images\CarLongPlateGen827_jpg.rf.98fffa017fc62225cc9fd0ddaa8e259c.jpg,warning,small_box,0,box area 0.2867% of the image is below the 0.50% threshold; plates this small are hard to learn
D:\DATN\datasets\raw\roboflow_cuong_ta\train\images\CarLongPlateGen829_jpg.rf.dc2b9b45bb60e612abc48503187d60a5.jpg,warning,small_box,0,box area 0.3860% of the image is below the 0.50% threshold; plates this small are hard to learn
D:\DATN\datasets\raw\roboflow_cuong_ta\train\images\CarLongPlateGen82_jpg.rf.6e21f7385fe5290944ec3799d7aef4c0.jpg,warning,small_box,0,box area 0.2797% of the image is below the 0.50% threshold; plates this small are hard to learn
D:\DATN\datasets\raw\roboflow_cuong_ta\train\images\CarLongPlateGen831_jpg.rf.2539ba0bf939bf6c4c21598ebc9a873c.jpg,warning,small_box,0,box area 0.3881% of the image is below the 0.50% threshold; plates this small are hard to learn
D:\DATN\datasets\raw\roboflow_cuong_ta\train\images\CarLongPlateGen833_jpg.rf.8fe62d84b72b3b98f0511c2abc656b95.jpg,warning,small_box,0,box area 0.3615% of the image is below the 0.50% threshold; plates this small are hard to learn
D:\DATN\datasets\raw\roboflow_cuong_ta\train\images\CarLongPlateGen834_jpg.rf.f71b237e37ec6f7abd173b26c9968416.jpg,warning,small_box,0,box area 0.4111% of the image is below the 0.50% threshold; plates this small are hard to learn
D:\DATN\datasets\raw\roboflow_cuong_ta\train\images\CarLongPlateGen83_jpg.rf.ab2bfa9d350331841017b00f9c6d8232.jpg,warning,small_box,0,box area 0.4028% of the image is below the 0.50% threshold; plates this small are hard to learn
D:\DATN\datasets\raw\roboflow_cuong_ta\train\images\CarLongPlateGen840_jpg.rf.88ae5cf44e524cd9f9fc5b60a0592f63.jpg,warning,small_box,0,box area 0.4636% of the image is below the 0.50% threshold; plates this small are hard to learn
D:\DATN\datasets\raw\roboflow_cuong_ta\train\images\CarLongPlateGen841_jpg.rf.86decbd90f5fac1107f9c02800bb87af.jpg,warning,small_box,0,box area 0.2517% of the image is below the 0.50% threshold; plates this small are hard to learn
D:\DATN\datasets\raw\roboflow_cuong_ta\train\images\CarLongPlateGen843_jpg.rf.72634902591ad63f8d683e6b5ad77cad.jpg,warning,small_box,0,box area 0.2615% of the image is below the 0.50% threshold; plates this small are hard to learn
D:\DATN\datasets\raw\roboflow_cuong_ta\train\images\CarLongPlateGen845_jpg.rf.afe147df08c0a4efc010e2661e8c44f2.jpg,warning,small_box,0,box area 0.2692% of the image is below the 0.50% threshold; plates this small are hard to learn
D:\DATN\datasets\raw\roboflow_cuong_ta\train\images\CarLongPlateGen848_jpg.rf.e60ba28d1b1161c0f1c928f2ef3a6024.jpg,warning,small_box,0,box area 0.2538% of the image is below the 0.50% threshold; plates this small are hard to learn
D:\DATN\datasets\raw\roboflow_cuong_ta\train\images\CarLongPlateGen84_jpg.rf.80a73fa4ae36b8141a5aa6e87c7b9350.jpg,warning,small_box,0,box area 0.2517% of the image is below the 0.50% threshold; plates this small are hard to learn
D:\DATN\datasets\raw\roboflow_cuong_ta\train\images\CarLongPlateGen850_jpg.rf.d13f357d66357f3955cdafb5761fc10f.jpg,warning,small_box,0,box area 0.3818% of the image is below the 0.50% threshold; plates this small are hard to learn
D:\DATN\datasets\raw\roboflow_cuong_ta\train\images\CarLongPlateGen851_jpg.rf.c1a12c3a03cb29192d1a855393fcc9d2.jpg,warning,small_box,0,box area 0.3608% of the image is below the 0.50% threshold; plates this small are hard to learn
D:\DATN\datasets\raw\roboflow_cuong_ta\train\images\CarLongPlateGen852_jpg.rf.5e632cb752a312e6ae646a922dbe4a3c.jpg,warning,small_box,0,box area 0.4964% of the image is below the 0.50% threshold; plates this small are hard to learn
D:\DATN\datasets\raw\roboflow_cuong_ta\train\images\CarLongPlateGen853_jpg.rf.48af50833360675fb9c3fe7ded4febee.jpg,warning,small_box,0,box area 0.3000% of the image is below the 0.50% threshold; plates this small are hard to learn
D:\DATN\datasets\raw\roboflow_cuong_ta\train\images\CarLongPlateGen855_jpg.rf.2f504f047fb27a60420d69b8816418bb.jpg,warning,small_box,0,box area 0.3720% of the image is below the 0.50% threshold; plates this small are hard to learn
D:\DATN\datasets\raw\roboflow_cuong_ta\train\images\CarLongPlateGen860_jpg.rf.7d1279b62600c50190b918cb79c7b882.jpg,warning,small_box,0,box area 0.3636% of the image is below the 0.50% threshold; plates this small are hard to learn
D:\DATN\datasets\raw\roboflow_cuong_ta\train\images\CarLongPlateGen864_jpg.rf.83ac657cdcd661efa73ec1af627bf1a9.jpg,warning,small_box,0,box area 0.4636% of the image is below the 0.50% threshold; plates this small are hard to learn
D:\DATN\datasets\raw\roboflow_cuong_ta\train\images\CarLongPlateGen866_jpg.rf.419c6e2efd28f6b357f2186a5d2ecab3.jpg,warning,small_box,0,box area 0.3230% of the image is below the 0.50% threshold; plates this small are hard to learn
D:\DATN\datasets\raw\roboflow_cuong_ta\train\images\CarLongPlateGen867_jpg.rf.5a5deefb77b264b71e8534f2eba4f941.jpg,warning,small_box,0,box area 0.2853% of the image is below the 0.50% threshold; plates this small are hard to learn
D:\DATN\datasets\raw\roboflow_cuong_ta\train\images\CarLongPlateGen869_jpg.rf.f73cbd15d7a83872597402500102ce01.jpg,warning,small_box,0,box area 0.3084% of the image is below the 0.50% threshold; plates this small are hard to learn
D:\DATN\datasets\raw\roboflow_cuong_ta\train\images\CarLongPlateGen871_jpg.rf.b13a38b24c30849fd3877c6aab4f9daa.jpg,warning,small_box,0,box area 0.2909% of the image is below the 0.50% threshold; plates this small are hard to learn
D:\DATN\datasets\raw\roboflow_cuong_ta\train\images\CarLongPlateGen872_jpg.rf.08a5001404ffa80798ee4ce5dd73818d.jpg,warning,small_box,0,box area 0.4272% of the image is below the 0.50% threshold; plates this small are hard to learn
D:\DATN\datasets\raw\roboflow_cuong_ta\train\images\CarLongPlateGen875_jpg.rf.c90a7a07270f81ef62efa0643fd1e763.jpg,warning,small_box,0,box area 0.2867% of the image is below the 0.50% threshold; plates this small are hard to learn
D:\DATN\datasets\raw\roboflow_cuong_ta\train\images\CarLongPlateGen876_jpg.rf.34a3113ae82902381dc702d15fc14247.jpg,warning,small_box,0,box area 0.4992% of the image is below the 0.50% threshold; plates this small are hard to learn
D:\DATN\datasets\raw\roboflow_cuong_ta\train\images\CarLongPlateGen877_jpg.rf.049983d8155a805222b9342babd22953.jpg,warning,small_box,0,box area 0.4090% of the image is below the 0.50% threshold; plates this small are hard to learn
D:\DATN\datasets\raw\roboflow_cuong_ta\train\images\CarLongPlateGen878_jpg.rf.224de60e7b522a850a21f72c5d936a0e.jpg,warning,small_box,0,box area 0.3818% of the image is below the 0.50% threshold; plates this small are hard to learn
D:\DATN\datasets\raw\roboflow_cuong_ta\train\images\CarLongPlateGen879_jpg.rf.1195fe5652892159434f55861240e3bb.jpg,warning,small_box,0,box area 0.4384% of the image is below the 0.50% threshold; plates this small are hard to learn
D:\DATN\datasets\raw\roboflow_cuong_ta\train\images\CarLongPlateGen880_jpg.rf.8e9423149a47e8892ca5aa260a13e1b9.jpg,warning,small_box,0,box area 0.3524% of the image is below the 0.50% threshold; plates this small are hard to learn
D:\DATN\datasets\raw\roboflow_cuong_ta\train\images\CarLongPlateGen882_jpg.rf.ee50a90b8a8378df15a95eedfb15c370.jpg,warning,small_box,0,box area 0.4307% of the image is below the 0.50% threshold; plates this small are hard to learn
D:\DATN\datasets\raw\roboflow_cuong_ta\train\images\CarLongPlateGen885_jpg.rf.eb9e44a5c236d8dea8c40673038f2624.jpg,warning,small_box,0,box area 0.3216% of the image is below the 0.50% threshold; plates this small are hard to learn
D:\DATN\datasets\raw\roboflow_cuong_ta\train\images\CarLongPlateGen888_jpg.rf.5486d6f2752361176b0e81c311057922.jpg,warning,small_box,0,box area 0.2769% of the image is below the 0.50% threshold; plates this small are hard to learn
D:\DATN\datasets\raw\roboflow_cuong_ta\train\images\CarLongPlateGen889_jpg.rf.6bb16dcb0d3658c7525c3dc83d2bf1fe.jpg,warning,small_box,0,box area 0.3692% of the image is below the 0.50% threshold; plates this small are hard to learn
D:\DATN\datasets\raw\roboflow_cuong_ta\train\images\CarLongPlateGen88_jpg.rf.aefdb5e5402cd6d73185cb4742111d5b.jpg,warning,small_box,0,box area 0.3454% of the image is below the 0.50% threshold; plates this small are hard to learn
D:\DATN\datasets\raw\roboflow_cuong_ta\train\images\CarLongPlateGen890_jpg.rf.c464f0bae769abf8c3697bb82327aed6.jpg,warning,small_box,0,box area 0.3077% of the image is below the 0.50% threshold; plates this small are hard to learn
D:\DATN\datasets\raw\roboflow_cuong_ta\train\images\CarLongPlateGen892_jpg.rf.4dbdb84b987d0fb2e7a97c132ef3413c.jpg,warning,small_box,0,box area 0.3538% of the image is below the 0.50% threshold; plates this small are hard to learn
D:\DATN\datasets\raw\roboflow_cuong_ta\train\images\CarLongPlateGen893_jpg.rf.17bd23552c6b04f0f96df39a063f89c1.jpg,warning,small_box,0,box area 0.4111% of the image is below the 0.50% threshold; plates this small are hard to learn
D:\DATN\datasets\raw\roboflow_cuong_ta\train\images\CarLongPlateGen894_jpg.rf.226f16020a524a914e0aab3756ee6ac1.jpg,warning,small_box,0,box area 0.3440% of the image is below the 0.50% threshold; plates this small are hard to learn
D:\DATN\datasets\raw\roboflow_cuong_ta\train\images\CarLongPlateGen895_jpg.rf.e7923598bd335ea45b083142d9a05e08.jpg,warning,small_box,0,box area 0.3461% of the image is below the 0.50% threshold; plates this small are hard to learn
D:\DATN\datasets\raw\roboflow_cuong_ta\train\images\CarLongPlateGen896_jpg.rf.53a684b5d1c930886a0b76a09e664423.jpg,warning,small_box,0,box area 0.2769% of the image is below the 0.50% threshold; plates this small are hard to learn
D:\DATN\datasets\raw\roboflow_cuong_ta\train\images\CarLongPlateGen89_jpg.rf.f37db315f2442f1c761bb65f56af2814.jpg,warning,small_box,0,box area 0.4461% of the image is below the 0.50% threshold; plates this small are hard to learn
D:\DATN\datasets\raw\roboflow_cuong_ta\train\images\CarLongPlateGen900_jpg.rf.7b13c11cd1a380aafff98e78da431d7f.jpg,warning,small_box,0,box area 0.4181% of the image is below the 0.50% threshold; plates this small are hard to learn
D:\DATN\datasets\raw\roboflow_cuong_ta\train\images\CarLongPlateGen901_jpg.rf.243245f2faecfab71647a347cc6692a3.jpg,warning,small_box,0,box area 0.4545% of the image is below the 0.50% threshold; plates this small are hard to learn
D:\DATN\datasets\raw\roboflow_cuong_ta\train\images\CarLongPlateGen904_jpg.rf.18ba878711a4f6552d24f86405462082.jpg,warning,small_box,0,box area 0.3147% of the image is below the 0.50% threshold; plates this small are hard to learn
D:\DATN\datasets\raw\roboflow_cuong_ta\train\images\CarLongPlateGen906_jpg.rf.dd3607d6308d572582999e2a564ee4f6.jpg,warning,small_box,0,box area 0.3105% of the image is below the 0.50% threshold; plates this small are hard to learn
D:\DATN\datasets\raw\roboflow_cuong_ta\train\images\CarLongPlateGen909_jpg.rf.01004342adc9d172210e603e9a95bab6.jpg,warning,small_box,0,box area 0.3692% of the image is below the 0.50% threshold; plates this small are hard to learn
D:\DATN\datasets\raw\roboflow_cuong_ta\train\images\CarLongPlateGen912_jpg.rf.4eb3df3ef732958420740bb13397d123.jpg,warning,small_box,0,box area 0.1951% of the image is below the 0.50% threshold; plates this small are hard to learn
D:\DATN\datasets\raw\roboflow_cuong_ta\train\images\CarLongPlateGen918_jpg.rf.e709ded86072b806184a312fbc7524b0.jpg,warning,small_box,0,box area 0.2517% of the image is below the 0.50% threshold; plates this small are hard to learn
D:\DATN\datasets\raw\roboflow_cuong_ta\train\images\CarLongPlateGen91_jpg.rf.b45e1329acccc5331f0825cf6ed38b61.jpg,warning,small_box,0,box area 0.2461% of the image is below the 0.50% threshold; plates this small are hard to learn
D:\DATN\datasets\raw\roboflow_cuong_ta\train\images\CarLongPlateGen920_jpg.rf.7a64fd26f8945e9677124a6b7c2c5e21.jpg,warning,small_box,0,box area 0.2517% of the image is below the 0.50% threshold; plates this small are hard to learn
D:\DATN\datasets\raw\roboflow_cuong_ta\train\images\CarLongPlateGen921_jpg.rf.4377fe5b1029edf2c0d85e069907151e.jpg,warning,small_box,0,box area 0.2636% of the image is below the 0.50% threshold; plates this small are hard to learn
D:\DATN\datasets\raw\roboflow_cuong_ta\train\images\CarLongPlateGen927_jpg.rf.417ddbf99e7a83f68188d914c95bd48f.jpg,warning,small_box,0,box area 0.3916% of the image is below the 0.50% threshold; plates this small are hard to learn
D:\DATN\datasets\raw\roboflow_cuong_ta\train\images\CarLongPlateGen929_jpg.rf.e71f6385a52e6656cf46dfab99136105.jpg,warning,small_box,0,box area 0.3021% of the image is below the 0.50% threshold; plates this small are hard to learn
D:\DATN\datasets\raw\roboflow_cuong_ta\train\images\CarLongPlateGen930_jpg.rf.affa23090049ccce42812125ec841896.jpg,warning,small_box,0,box area 0.4699% of the image is below the 0.50% threshold; plates this small are hard to learn
D:\DATN\datasets\raw\roboflow_cuong_ta\train\images\CarLongPlateGen933_jpg.rf.196c3749f7253a2e501d513588ee9685.jpg,warning,small_box,0,box area 0.4111% of the image is below the 0.50% threshold; plates this small are hard to learn
D:\DATN\datasets\raw\roboflow_cuong_ta\train\images\CarLongPlateGen935_jpg.rf.32fcec27f1dfafe870ecdfe8069dc52a.jpg,warning,small_box,0,box area 0.4992% of the image is below the 0.50% threshold; plates this small are hard to learn
D:\DATN\datasets\raw\roboflow_cuong_ta\train\images\CarLongPlateGen936_jpg.rf.73c4f7e1bb8ad50b934f19b0c14a0f72.jpg,warning,small_box,0,box area 0.3524% of the image is below the 0.50% threshold; plates this small are hard to learn
D:\DATN\datasets\raw\roboflow_cuong_ta\train\images\CarLongPlateGen937_jpg.rf.6b622c4224225ffc436f3c884730b981.jpg,warning,small_box,0,box area 0.4895% of the image is below the 0.50% threshold; plates this small are hard to learn
D:\DATN\datasets\raw\roboflow_cuong_ta\train\images\CarLongPlateGen938_jpg.rf.bc60398db75b5678b11ff239666d7482.jpg,warning,small_box,0,box area 0.4272% of the image is below the 0.50% threshold; plates this small are hard to learn
D:\DATN\datasets\raw\roboflow_cuong_ta\train\images\CarLongPlateGen939_jpg.rf.06d4ec1f1b2132b266d1f13eaa69bef7.jpg,warning,small_box,0,box area 0.3216% of the image is below the 0.50% threshold; plates this small are hard to learn
D:\DATN\datasets\raw\roboflow_cuong_ta\train\images\CarLongPlateGen93_jpg.rf.9f9e1608e8dbc1662d89859ee6b47a15.jpg,warning,small_box,0,box area 0.4601% of the image is below the 0.50% threshold; plates this small are hard to learn
D:\DATN\datasets\raw\roboflow_cuong_ta\train\images\CarLongPlateGen941_jpg.rf.6ad59e2d9910a928735a7415d3334a7f.jpg,warning,small_box,0,box area 0.2391% of the image is below the 0.50% threshold; plates this small are hard to learn
D:\DATN\datasets\raw\roboflow_cuong_ta\train\images\CarLongPlateGen942_jpg.rf.3250a360a079a6a5e3009413bca3dea7.jpg,warning,small_box,0,box area 0.4636% of the image is below the 0.50% threshold; plates this small are hard to learn
D:\DATN\datasets\raw\roboflow_cuong_ta\train\images\CarLongPlateGen951_jpg.rf.4a18f23d7e8ac6ad3a0dc7285547bab4.jpg,warning,small_box,0,box area 0.4363% of the image is below the 0.50% threshold; plates this small are hard to learn
D:\DATN\datasets\raw\roboflow_cuong_ta\train\images\CarLongPlateGen952_jpg.rf.77f01e4a8b032ef1ed91640e9598c7cb.jpg,warning,small_box,0,box area 0.3944% of the image is below the 0.50% threshold; plates this small are hard to learn
D:\DATN\datasets\raw\roboflow_cuong_ta\train\images\CarLongPlateGen955_jpg.rf.f2bada5ce3c7b3fe3eb643dc6af70920.jpg,warning,small_box,0,box area 0.2867% of the image is below the 0.50% threshold; plates this small are hard to learn
D:\DATN\datasets\raw\roboflow_cuong_ta\train\images\CarLongPlateGen956_jpg.rf.600eb8b37cae4766d641f696472938b2.jpg,warning,small_box,0,box area 0.4531% of the image is below the 0.50% threshold; plates this small are hard to learn
D:\DATN\datasets\raw\roboflow_cuong_ta\train\images\CarLongPlateGen957_jpg.rf.92bc221d7ce1b548e451971df3eb3a28.jpg,warning,small_box,0,box area 0.4531% of the image is below the 0.50% threshold; plates this small are hard to learn
D:\DATN\datasets\raw\roboflow_cuong_ta\train\images\CarLongPlateGen959_jpg.rf.f5163dcc7358bcaf249d6fea649ece2b.jpg,warning,small_box,0,box area 0.3440% of the image is below the 0.50% threshold; plates this small are hard to learn
D:\DATN\datasets\raw\roboflow_cuong_ta\train\images\CarLongPlateGen95_jpg.rf.c5037548c7e9d739741c2b09897b9e69.jpg,warning,small_box,0,box area 0.4076% of the image is below the 0.50% threshold; plates this small are hard to learn
D:\DATN\datasets\raw\roboflow_cuong_ta\train\images\CarLongPlateGen960_jpg.rf.8c132e97ae9527520dfc7144a035e925.jpg,warning,small_box,0,box area 0.2867% of the image is below the 0.50% threshold; plates this small are hard to learn
D:\DATN\datasets\raw\roboflow_cuong_ta\train\images\CarLongPlateGen961_jpg.rf.72b51ceaf114bcfd328b971bc389df2a.jpg,warning,small_box,0,box area 0.3440% of the image is below the 0.50% threshold; plates this small are hard to learn
D:\DATN\datasets\raw\roboflow_cuong_ta\train\images\CarLongPlateGen962_jpg.rf.e6fcee53d8bf4adcc2c971ff614eda45.jpg,warning,small_box,0,box area 0.2587% of the image is below the 0.50% threshold; plates this small are hard to learn
D:\DATN\datasets\raw\roboflow_cuong_ta\train\images\CarLongPlateGen963_jpg.rf.2289f1a52bb35952353fa9ff12e6b0a0.jpg,warning,small_box,0,box area 0.3356% of the image is below the 0.50% threshold; plates this small are hard to learn
D:\DATN\datasets\raw\roboflow_cuong_ta\train\images\CarLongPlateGen964_jpg.rf.b70c7274056df2673931a2682ff1586c.jpg,warning,small_box,0,box area 0.3706% of the image is below the 0.50% threshold; plates this small are hard to learn
D:\DATN\datasets\raw\roboflow_cuong_ta\train\images\CarLongPlateGen967_jpg.rf.3712d0d427347650606e33cadf909efe.jpg,warning,small_box,0,box area 0.4699% of the image is below the 0.50% threshold; plates this small are hard to learn
D:\DATN\datasets\raw\roboflow_cuong_ta\train\images\CarLongPlateGen969_jpg.rf.4b465fdcc8b42b0a9e438effc92717b6.jpg,warning,small_box,0,box area 0.4447% of the image is below the 0.50% threshold; plates this small are hard to learn
D:\DATN\datasets\raw\roboflow_cuong_ta\train\images\CarLongPlateGen96_jpg.rf.1ea2f350e420418e0b985253996d3d36.jpg,warning,small_box,0,box area 0.1566% of the image is below the 0.50% threshold; plates this small are hard to learn
D:\DATN\datasets\raw\roboflow_cuong_ta\train\images\CarLongPlateGen972_jpg.rf.8bfada9d79ffd2853aa9276baf7cd4a7.jpg,warning,small_box,0,box area 0.4272% of the image is below the 0.50% threshold; plates this small are hard to learn
D:\DATN\datasets\raw\roboflow_cuong_ta\train\images\CarLongPlateGen975_jpg.rf.397878206dd270b64bb26682f9b285ff.jpg,warning,small_box,0,box area 0.3909% of the image is below the 0.50% threshold; plates this small are hard to learn
D:\DATN\datasets\raw\roboflow_cuong_ta\train\images\CarLongPlateGen979_jpg.rf.be3e8a48256b778624ddfcaf7f672d98.jpg,warning,small_box,0,box area 0.4797% of the image is below the 0.50% threshold; plates this small are hard to learn
D:\DATN\datasets\raw\roboflow_cuong_ta\train\images\CarLongPlateGen980_jpg.rf.94bb12ee767886bedc9bd54f7e16ab8a.jpg,warning,small_box,0,box area 0.4930% of the image is below the 0.50% threshold; plates this small are hard to learn
D:\DATN\datasets\raw\roboflow_cuong_ta\train\images\CarLongPlateGen981_jpg.rf.e261448a68ecc1720dc1ecfdd26d9bd1.jpg,warning,small_box,0,box area 0.3454% of the image is below the 0.50% threshold; plates this small are hard to learn
D:\DATN\datasets\raw\roboflow_cuong_ta\train\images\CarLongPlateGen982_jpg.rf.047aa8fc588576ed477f06828b27cbbc.jpg,warning,small_box,0,box area 0.3216% of the image is below the 0.50% threshold; plates this small are hard to learn
D:\DATN\datasets\raw\roboflow_cuong_ta\train\images\CarLongPlateGen983_jpg.rf.d40cbbcf710f618cc86129bcaa0212e2.jpg,warning,small_box,0,box area 0.4405% of the image is below the 0.50% threshold; plates this small are hard to learn
D:\DATN\datasets\raw\roboflow_cuong_ta\train\images\CarLongPlateGen984_jpg.rf.dfc700b54254b003615408e796852689.jpg,warning,small_box,0,box area 0.4076% of the image is below the 0.50% threshold; plates this small are hard to learn
D:\DATN\datasets\raw\roboflow_cuong_ta\train\images\CarLongPlateGen985_jpg.rf.c62d25e17e93c8a812668cfe115deb1a.jpg,warning,small_box,0,box area 0.4090% of the image is below the 0.50% threshold; plates this small are hard to learn
D:\DATN\datasets\raw\roboflow_cuong_ta\train\images\CarLongPlateGen986_jpg.rf.54e8f6f38eaaccf13368fc62551c88d4.jpg,warning,small_box,0,box area 0.3727% of the image is below the 0.50% threshold; plates this small are hard to learn
D:\DATN\datasets\raw\roboflow_cuong_ta\train\images\CarLongPlateGen987_jpg.rf.7f4e9062fb596caf0508ae685139e97f.jpg,warning,small_box,0,box area 0.4000% of the image is below the 0.50% threshold; plates this small are hard to learn
D:\DATN\datasets\raw\roboflow_cuong_ta\train\images\CarLongPlateGen989_jpg.rf.6159c48ceb94df6931c45bd675707cb2.jpg,warning,small_box,0,box area 0.4992% of the image is below the 0.50% threshold; plates this small are hard to learn
D:\DATN\datasets\raw\roboflow_cuong_ta\train\images\CarLongPlateGen98_jpg.rf.e4bd6dc4902629f6875ad373069fbc0a.jpg,warning,small_box,0,box area 0.2517% of the image is below the 0.50% threshold; plates this small are hard to learn
D:\DATN\datasets\raw\roboflow_cuong_ta\train\images\CarLongPlateGen990_jpg.rf.00a193d6fd7086eb72dba51cfa400c16.jpg,warning,small_box,0,box area 0.4363% of the image is below the 0.50% threshold; plates this small are hard to learn
D:\DATN\datasets\raw\roboflow_cuong_ta\train\images\CarLongPlateGen991_jpg.rf.7723adb622ec9840f1f4462693f0907e.jpg,warning,small_box,0,box area 0.2895% of the image is below the 0.50% threshold; plates this small are hard to learn
D:\DATN\datasets\raw\roboflow_cuong_ta\train\images\CarLongPlateGen994_jpg.rf.e656eb1bc111a89304063ebdefac36e9.jpg,warning,small_box,0,box area 0.3272% of the image is below the 0.50% threshold; plates this small are hard to learn
D:\DATN\datasets\raw\roboflow_cuong_ta\train\images\CarLongPlateGen995_jpg.rf.a24761b5199f87bb5e39fb17cbc27dbb.jpg,warning,small_box,0,box area 0.3440% of the image is below the 0.50% threshold; plates this small are hard to learn
D:\DATN\datasets\raw\roboflow_cuong_ta\train\images\CarLongPlateGen996_jpg.rf.fa4d8fb36ca826a9412f23cc83a35a93.jpg,warning,small_box,0,box area 0.4699% of the image is below the 0.50% threshold; plates this small are hard to learn
D:\DATN\datasets\raw\roboflow_cuong_ta\train\images\CarLongPlateGen998_jpg.rf.aa97b5c95866c2e140c424758461338e.jpg,warning,small_box,0,box area 0.3636% of the image is below the 0.50% threshold; plates this small are hard to learn
D:\DATN\datasets\raw\roboflow_cuong_ta\train\images\CarLongPlateGen999_jpg.rf.7c2df5b001759a8ac6bdd75b20026740.jpg,warning,small_box,0,box area 0.4727% of the image is below the 0.50% threshold; plates this small are hard to learn
D:\DATN\datasets\raw\roboflow_cuong_ta\train\images\CarLongPlateGen99_jpg.rf.4592904170bf5131d7f5ab3152ad2cfa.jpg,warning,small_box,0,box area 0.4923% of the image is below the 0.50% threshold; plates this small are hard to learn
D:\DATN\datasets\raw\roboflow_cuong_ta\train\images\CarLongPlateGen9_jpg.rf.fb9c8092b7b3523854020c3effd5225e.jpg,warning,small_box,0,box area 0.4195% of the image is below the 0.50% threshold; plates this small are hard to learn
D:\DATN\datasets\raw\roboflow_cuong_ta\train\images\cropngoaigiao11_jpg.rf.66c62d9e321dab2fdd003a83cf86ffe5.jpg,warning,small_box,0,box area 0.1724% of the image is below the 0.50% threshold; plates this small are hard to learn
D:\DATN\datasets\raw\roboflow_cuong_ta\train\images\cropquandoi101_jpg.rf.75329267bccfcc0c6ad68155d3143edb.jpg,warning,small_box,0,box area 0.1994% of the image is below the 0.50% threshold; plates this small are hard to learn
D:\DATN\datasets\raw\roboflow_cuong_ta\train\images\cropquandoi101_jpg.rf.75329267bccfcc0c6ad68155d3143edb.jpg,warning,small_box,1,box area 0.1609% of the image is below the 0.50% threshold; plates this small are hard to learn
D:\DATN\datasets\raw\roboflow_cuong_ta\train\images\cropquandoi101_jpg.rf.75329267bccfcc0c6ad68155d3143edb.jpg,warning,small_box,2,box area 0.0943% of the image is below the 0.50% threshold; plates this small are hard to learn
D:\DATN\datasets\raw\roboflow_cuong_ta\train\images\cropquandoi105_jpg.rf.a9f26c8de0bc7a92ff8a9747e0187933.jpg,warning,small_box,0,box area 0.1717% of the image is below the 0.50% threshold; plates this small are hard to learn
D:\DATN\datasets\raw\roboflow_cuong_ta\train\images\cropquandoi107_jpg.rf.3c58cc515aa4187401c83f8ec3555052.jpg,warning,small_box,0,box area 0.3278% of the image is below the 0.50% threshold; plates this small are hard to learn
D:\DATN\datasets\raw\roboflow_cuong_ta\train\images\cropquandoi107_jpg.rf.3c58cc515aa4187401c83f8ec3555052.jpg,warning,small_box,1,box area 0.0485% of the image is below the 0.50% threshold; plates this small are hard to learn
D:\DATN\datasets\raw\roboflow_cuong_ta\train\images\cropquandoi109_jpg.rf.2483905d8ef9e5b6e5e521c6bafcd8f4.jpg,warning,small_box,0,box area 0.1863% of the image is below the 0.50% threshold; plates this small are hard to learn
D:\DATN\datasets\raw\roboflow_cuong_ta\train\images\cropquandoi15_jpg.rf.f81862c4b7a9972fe5ec6b75cb2f04e4.jpg,warning,small_box,0,box area 0.2478% of the image is below the 0.50% threshold; plates this small are hard to learn
D:\DATN\datasets\raw\roboflow_cuong_ta\train\images\cropquandoi16_jpg.rf.598808a4b88f148f5acfc3090204a20b.jpg,warning,small_box,0,box area 0.3365% of the image is below the 0.50% threshold; plates this small are hard to learn
D:\DATN\datasets\raw\roboflow_cuong_ta\train\images\cropquandoi17_jpg.rf.b1e91a666a8efb77de8119407adde008.jpg,warning,small_box,0,box area 0.2173% of the image is below the 0.50% threshold; plates this small are hard to learn
D:\DATN\datasets\raw\roboflow_cuong_ta\train\images\cropquandoi2_jpg.rf.63f6efe033ff9a210283e2f3baba9e24.jpg,warning,small_box,0,box area 0.1190% of the image is below the 0.50% threshold; plates this small are hard to learn
D:\DATN\datasets\raw\roboflow_cuong_ta\train\images\cropquandoi34_jpg.rf.37f6dce999b6f54251555a4ade0a6f30.jpg,warning,small_box,0,box area 0.3839% of the image is below the 0.50% threshold; plates this small are hard to learn
D:\DATN\datasets\raw\roboflow_cuong_ta\train\images\cropquandoi37_jpg.rf.3407e936e06805b7c726146d4fbe6780.jpg,warning,small_box,0,box area 0.3117% of the image is below the 0.50% threshold; plates this small are hard to learn
D:\DATN\datasets\raw\roboflow_cuong_ta\train\images\cropquandoi38_jpg.rf.62b623b542a8fd71207bfc54c8677750.jpg,warning,small_box,0,box area 0.1523% of the image is below the 0.50% threshold; plates this small are hard to learn
D:\DATN\datasets\raw\roboflow_cuong_ta\train\images\cropquandoi3_jpg.rf.1818e92714df6d232ff3fe2c66f08c0a.jpg,warning,small_box,0,box area 0.2047% of the image is below the 0.50% threshold; plates this small are hard to learn
D:\DATN\datasets\raw\roboflow_cuong_ta\train\images\cropquandoi3_jpg.rf.1818e92714df6d232ff3fe2c66f08c0a.jpg,warning,small_box,1,box area 0.1025% of the image is below the 0.50% threshold; plates this small are hard to learn
D:\DATN\datasets\raw\roboflow_cuong_ta\train\images\cropquandoi3_jpg.rf.1818e92714df6d232ff3fe2c66f08c0a.jpg,warning,small_box,2,box area 0.0787% of the image is below the 0.50% threshold; plates this small are hard to learn
D:\DATN\datasets\raw\roboflow_cuong_ta\train\images\cropquandoi48_jpg.rf.ad614a3f5b83440d852acd5c1b906e17.jpg,warning,small_box,0,box area 0.4481% of the image is below the 0.50% threshold; plates this small are hard to learn
D:\DATN\datasets\raw\roboflow_cuong_ta\train\images\cropquandoi49_jpg.rf.35be3a5bad9a85c135089e99e060dfd5.jpg,warning,small_box,0,box area 0.4593% of the image is below the 0.50% threshold; plates this small are hard to learn
D:\DATN\datasets\raw\roboflow_cuong_ta\train\images\cropquandoi4_jpg.rf.dbd1cba375691c832c2c46f8c79f94c2.jpg,warning,small_box,0,box area 0.3196% of the image is below the 0.50% threshold; plates this small are hard to learn
D:\DATN\datasets\raw\roboflow_cuong_ta\train\images\cropquandoi4_jpg.rf.dbd1cba375691c832c2c46f8c79f94c2.jpg,warning,small_box,1,box area 0.0925% of the image is below the 0.50% threshold; plates this small are hard to learn
D:\DATN\datasets\raw\roboflow_cuong_ta\train\images\cropquandoi54_jpg.rf.3a2082399145b0284e11ec3d7b04be0b.jpg,warning,small_box,0,box area 0.3790% of the image is below the 0.50% threshold; plates this small are hard to learn
D:\DATN\datasets\raw\roboflow_cuong_ta\train\images\cropquandoi5_jpg.rf.167465fbac2de8986d302735603bed14.jpg,warning,small_box,0,box area 0.2598% of the image is below the 0.50% threshold; plates this small are hard to learn
D:\DATN\datasets\raw\roboflow_cuong_ta\train\images\cropquandoi61_jpg.rf.d8e02825a45862409d6bbf023652097c.jpg,warning,small_box,0,box area 0.2733% of the image is below the 0.50% threshold; plates this small are hard to learn
D:\DATN\datasets\raw\roboflow_cuong_ta\train\images\cropquandoi65_jpg.rf.97b441a9ebfff99040b582b9b2603842.jpg,warning,small_box,0,box area 0.3333% of the image is below the 0.50% threshold; plates this small are hard to learn
D:\DATN\datasets\raw\roboflow_cuong_ta\train\images\cropquandoi65_jpg.rf.97b441a9ebfff99040b582b9b2603842.jpg,warning,small_box,1,box area 0.1746% of the image is below the 0.50% threshold; plates this small are hard to learn
D:\DATN\datasets\raw\roboflow_cuong_ta\train\images\cropquandoi65_jpg.rf.97b441a9ebfff99040b582b9b2603842.jpg,warning,small_box,2,box area 0.1825% of the image is below the 0.50% threshold; plates this small are hard to learn
D:\DATN\datasets\raw\roboflow_cuong_ta\train\images\cropquandoi6_jpg.rf.4b627466fb769d475c38caf3e67797b4.jpg,warning,small_box,0,box area 0.1928% of the image is below the 0.50% threshold; plates this small are hard to learn
D:\DATN\datasets\raw\roboflow_cuong_ta\train\images\cropquandoi75_jpg.rf.bd53f58115e1f624816face76d6fcd35.jpg,warning,small_box,0,box area 0.4814% of the image is below the 0.50% threshold; plates this small are hard to learn
D:\DATN\datasets\raw\roboflow_cuong_ta\train\images\cropquandoi79_jpg.rf.682f9bd660f7bb694c5a97950f8b3b9c.jpg,warning,small_box,0,box area 0.4237% of the image is below the 0.50% threshold; plates this small are hard to learn
D:\DATN\datasets\raw\roboflow_cuong_ta\train\images\cropquandoi79_jpg.rf.682f9bd660f7bb694c5a97950f8b3b9c.jpg,warning,small_box,1,box area 0.3334% of the image is below the 0.50% threshold; plates this small are hard to learn
D:\DATN\datasets\raw\roboflow_cuong_ta\train\images\cropquandoi82_jpg.rf.651353c481f843786817f027699719fb.jpg,warning,small_box,0,box area 0.3958% of the image is below the 0.50% threshold; plates this small are hard to learn
D:\DATN\datasets\raw\roboflow_cuong_ta\train\images\cropquandoi83_jpg.rf.a5493140532557dce719ab3d35f1bd06.jpg,warning,small_box,0,box area 0.2929% of the image is below the 0.50% threshold; plates this small are hard to learn
D:\DATN\datasets\raw\roboflow_cuong_ta\train\images\cropquandoi83_jpg.rf.a5493140532557dce719ab3d35f1bd06.jpg,warning,small_box,1,box area 0.1934% of the image is below the 0.50% threshold; plates this small are hard to learn
D:\DATN\datasets\raw\roboflow_cuong_ta\train\images\cropquandoi86_jpg.rf.d3f8990147081bc16a6f09d1dad16391.jpg,warning,small_box,0,box area 0.1514% of the image is below the 0.50% threshold; plates this small are hard to learn
D:\DATN\datasets\raw\roboflow_cuong_ta\train\images\cropquandoi86_jpg.rf.d3f8990147081bc16a6f09d1dad16391.jpg,warning,small_box,1,box area 0.0787% of the image is below the 0.50% threshold; plates this small are hard to learn
D:\DATN\datasets\raw\roboflow_cuong_ta\train\images\cropquandoi86_jpg.rf.d3f8990147081bc16a6f09d1dad16391.jpg,warning,small_box,2,box area 0.0608% of the image is below the 0.50% threshold; plates this small are hard to learn
D:\DATN\datasets\raw\roboflow_cuong_ta\train\images\cropquandoi88_jpg.rf.e03b3bd624d5a9203d045cdc60da465a.jpg,warning,small_box,0,box area 0.2585% of the image is below the 0.50% threshold; plates this small are hard to learn
D:\DATN\datasets\raw\roboflow_cuong_ta\train\images\cropquandoi90_jpg.rf.4f9cf5b0ded112814c1978b1c8f2d89c.jpg,warning,small_box,0,box area 0.2675% of the image is below the 0.50% threshold; plates this small are hard to learn
D:\DATN\datasets\raw\roboflow_cuong_ta\train\images\cropquandoi94_jpg.rf.881ec24c1073547d5203000b09be8c0e.jpg,warning,small_box,0,box area 0.2220% of the image is below the 0.50% threshold; plates this small are hard to learn
D:\DATN\datasets\raw\roboflow_cuong_ta\train\images\cropquandoi94_jpg.rf.881ec24c1073547d5203000b09be8c0e.jpg,warning,small_box,1,box area 0.0609% of the image is below the 0.50% threshold; plates this small are hard to learn
D:\DATN\datasets\raw\roboflow_cuong_ta\train\images\cropquandoi96_jpg.rf.28141e31c4cd0ed7e3f51b049e952c07.jpg,warning,small_box,0,box area 0.2317% of the image is below the 0.50% threshold; plates this small are hard to learn
D:\DATN\datasets\raw\roboflow_cuong_ta\train\images\cropquandoi97_jpg.rf.2123bc28f79386111a6f9e08b87844f9.jpg,warning,small_box,0,box area 0.3072% of the image is below the 0.50% threshold; plates this small are hard to learn
D:\DATN\datasets\raw\roboflow_cuong_ta\train\images\cropquandoi98_jpg.rf.e7864957cad4ec3e7d7d6befdc820385.jpg,warning,small_box,0,box area 0.3525% of the image is below the 0.50% threshold; plates this small are hard to learn
D:\DATN\datasets\raw\roboflow_cuong_ta\train\images\ngoaigiao11_jpg.rf.553b7f6c5377d1380f779a1eddff70fd.jpg,warning,small_box,1,box area 0.4741% of the image is below the 0.50% threshold; plates this small are hard to learn
D:\DATN\datasets\raw\roboflow_cuong_ta\train\images\ngoaigiao12_jpg.rf.32679ba7f22bf5e2309a8f0cba51b053.jpg,warning,small_box,1,box area 0.1248% of the image is below the 0.50% threshold; plates this small are hard to learn
D:\DATN\datasets\raw\roboflow_cuong_ta\train\images\quandoi102_jpg.rf.e8c05b2b36905f23c54dcf142d0e4843.jpg,warning,small_box,0,box area 0.2643% of the image is below the 0.50% threshold; plates this small are hard to learn
D:\DATN\datasets\raw\roboflow_cuong_ta\train\images\quandoi102_jpg.rf.e8c05b2b36905f23c54dcf142d0e4843.jpg,warning,small_box,1,box area 0.0615% of the image is below the 0.50% threshold; plates this small are hard to learn
D:\DATN\datasets\raw\roboflow_cuong_ta\train\images\quandoi103_jpg.rf.b0901161c2072b4c18542d2e7c50d638.jpg,warning,small_box,0,box area 0.3295% of the image is below the 0.50% threshold; plates this small are hard to learn
D:\DATN\datasets\raw\roboflow_cuong_ta\train\images\quandoi106_jpg.rf.313d195a8c3b10bb9a5d054a36c7a415.jpg,warning,small_box,0,box area 0.3725% of the image is below the 0.50% threshold; plates this small are hard to learn
D:\DATN\datasets\raw\roboflow_cuong_ta\train\images\quandoi107_jpg.rf.9f84eb3303c796b8f11f5cf1e17d64cb.jpg,warning,small_box,0,box area 0.3084% of the image is below the 0.50% threshold; plates this small are hard to learn
D:\DATN\datasets\raw\roboflow_cuong_ta\train\images\quandoi107_jpg.rf.9f84eb3303c796b8f11f5cf1e17d64cb.jpg,warning,small_box,1,box area 0.0680% of the image is below the 0.50% threshold; plates this small are hard to learn
D:\DATN\datasets\raw\roboflow_cuong_ta\train\images\quandoi108_jpg.rf.814723e160e41ed10af7fe916a94379b.jpg,warning,small_box,0,box area 0.2254% of the image is below the 0.50% threshold; plates this small are hard to learn
D:\DATN\datasets\raw\roboflow_cuong_ta\train\images\quandoi108_jpg.rf.814723e160e41ed10af7fe916a94379b.jpg,warning,small_box,1,box area 0.0642% of the image is below the 0.50% threshold; plates this small are hard to learn
D:\DATN\datasets\raw\roboflow_cuong_ta\train\images\quandoi10_jpg.rf.74e1027dd202726d9f5656872ad017b8.jpg,warning,small_box,0,box area 0.3295% of the image is below the 0.50% threshold; plates this small are hard to learn
D:\DATN\datasets\raw\roboflow_cuong_ta\train\images\quandoi13_jpg.rf.c076b71b242fa7e9af77efcf5cfb1827.jpg,warning,small_box,0,box area 0.4904% of the image is below the 0.50% threshold; plates this small are hard to learn
D:\DATN\datasets\raw\roboflow_cuong_ta\train\images\quandoi15_jpg.rf.a8ee31dab208038a00d22022c277f845.jpg,warning,small_box,0,box area 0.2444% of the image is below the 0.50% threshold; plates this small are hard to learn
D:\DATN\datasets\raw\roboflow_cuong_ta\train\images\quandoi16_jpg.rf.d68bc6c8edf72ac3e0545cbefa84c5a0.jpg,warning,small_box,0,box area 0.2222% of the image is below the 0.50% threshold; plates this small are hard to learn
D:\DATN\datasets\raw\roboflow_cuong_ta\train\images\quandoi20_jpg.rf.abaea4f3d016bb60829164a8029cf94b.jpg,warning,small_box,0,box area 0.2214% of the image is below the 0.50% threshold; plates this small are hard to learn
D:\DATN\datasets\raw\roboflow_cuong_ta\train\images\quandoi25_jpg.rf.dfb332feb1b576f4a42050288ea02b6a.jpg,warning,small_box,1,box area 0.1810% of the image is below the 0.50% threshold; plates this small are hard to learn
D:\DATN\datasets\raw\roboflow_cuong_ta\train\images\quandoi2_jpg.rf.1edc629730ecb89843cd2f89753df43d.jpg,warning,small_box,0,box area 0.2226% of the image is below the 0.50% threshold; plates this small are hard to learn
D:\DATN\datasets\raw\roboflow_cuong_ta\train\images\quandoi31_jpg.rf.9d771c8abda3902799b4d0937b9df48c.jpg,warning,small_box,0,box area 0.3584% of the image is below the 0.50% threshold; plates this small are hard to learn
D:\DATN\datasets\raw\roboflow_cuong_ta\train\images\quandoi34_jpg.rf.15011083bdff7de54811fa7f0d6a6772.jpg,warning,small_box,0,box area 0.1830% of the image is below the 0.50% threshold; plates this small are hard to learn
D:\DATN\datasets\raw\roboflow_cuong_ta\train\images\quandoi35_jpg.rf.3a0de2a99ae8db7b9a3dc3b585e547c9.jpg,warning,small_box,0,box area 0.3929% of the image is below the 0.50% threshold; plates this small are hard to learn
D:\DATN\datasets\raw\roboflow_cuong_ta\train\images\quandoi39_jpg.rf.e5e85d7cd325320f1b30672b27d72ac3.jpg,warning,small_box,1,box area 0.2054% of the image is below the 0.50% threshold; plates this small are hard to learn
D:\DATN\datasets\raw\roboflow_cuong_ta\train\images\quandoi3_jpg.rf.4cd6176ce9835c0af7814a894ce09306.jpg,warning,small_box,0,box area 0.1190% of the image is below the 0.50% threshold; plates this small are hard to learn
D:\DATN\datasets\raw\roboflow_cuong_ta\train\images\quandoi3_jpg.rf.4cd6176ce9835c0af7814a894ce09306.jpg,warning,small_box,1,box area 0.0816% of the image is below the 0.50% threshold; plates this small are hard to learn
D:\DATN\datasets\raw\roboflow_cuong_ta\train\images\quandoi3_jpg.rf.4cd6176ce9835c0af7814a894ce09306.jpg,warning,small_box,2,box area 0.0551% of the image is below the 0.50% threshold; plates this small are hard to learn
D:\DATN\datasets\raw\roboflow_cuong_ta\train\images\quandoi3_jpg.rf.4cd6176ce9835c0af7814a894ce09306.jpg,warning,small_box,3,box area 0.0583% of the image is below the 0.50% threshold; plates this small are hard to learn
D:\DATN\datasets\raw\roboflow_cuong_ta\train\images\quandoi43_jpg.rf.933040510fc7d9344d5a34ba625984ff.jpg,warning,small_box,1,box area 0.3031% of the image is below the 0.50% threshold; plates this small are hard to learn
D:\DATN\datasets\raw\roboflow_cuong_ta\train\images\quandoi46_jpg.rf.017b692f794974437ca86f63baf3dfaf.jpg,warning,small_box,1,box area 0.2157% of the image is below the 0.50% threshold; plates this small are hard to learn
D:\DATN\datasets\raw\roboflow_cuong_ta\train\images\quandoi48_jpg.rf.f1f5ee9c11fc936d784739f7d1cb6e71.jpg,warning,small_box,0,box area 0.3090% of the image is below the 0.50% threshold; plates this small are hard to learn
D:\DATN\datasets\raw\roboflow_cuong_ta\train\images\quandoi49_jpg.rf.108e650768e9991b0d48fbd115cb6c12.jpg,warning,small_box,0,box area 0.3107% of the image is below the 0.50% threshold; plates this small are hard to learn
D:\DATN\datasets\raw\roboflow_cuong_ta\train\images\quandoi4_jpg.rf.a30efb38eafa2e5a655c0acae24e645c.jpg,warning,small_box,0,box area 0.1822% of the image is below the 0.50% threshold; plates this small are hard to learn
D:\DATN\datasets\raw\roboflow_cuong_ta\train\images\quandoi4_jpg.rf.a30efb38eafa2e5a655c0acae24e645c.jpg,warning,small_box,1,box area 0.0536% of the image is below the 0.50% threshold; plates this small are hard to learn
D:\DATN\datasets\raw\roboflow_cuong_ta\train\images\quandoi54_jpg.rf.f99f1717549cdc3281c78daf67b503a2.jpg,warning,small_box,0,box area 0.3191% of the image is below the 0.50% threshold; plates this small are hard to learn
D:\DATN\datasets\raw\roboflow_cuong_ta\train\images\quandoi59_jpg.rf.47f4a50731c7d5cce53038d7936f9ce4.jpg,warning,small_box,0,box area 0.1979% of the image is below the 0.50% threshold; plates this small are hard to learn
D:\DATN\datasets\raw\roboflow_cuong_ta\train\images\quandoi59_jpg.rf.47f4a50731c7d5cce53038d7936f9ce4.jpg,warning,small_box,1,box area 0.0426% of the image is below the 0.50% threshold; plates this small are hard to learn
D:\DATN\datasets\raw\roboflow_cuong_ta\train\images\quandoi59_jpg.rf.47f4a50731c7d5cce53038d7936f9ce4.jpg,warning,small_box,2,box area 0.3511% of the image is below the 0.50% threshold; plates this small are hard to learn
D:\DATN\datasets\raw\roboflow_cuong_ta\train\images\quandoi59_jpg.rf.47f4a50731c7d5cce53038d7936f9ce4.jpg,warning,small_box,3,box area 0.0903% of the image is below the 0.50% threshold; plates this small are hard to learn
D:\DATN\datasets\raw\roboflow_cuong_ta\train\images\quandoi61_jpg.rf.02a4f96fecfc199702c154b37db2d2f9.jpg,warning,small_box,0,box area 0.1517% of the image is below the 0.50% threshold; plates this small are hard to learn
D:\DATN\datasets\raw\roboflow_cuong_ta\train\images\quandoi65_jpg.rf.9b793c9f0a5ecbc7478fc2cfceba3d01.jpg,warning,small_box,0,box area 0.3778% of the image is below the 0.50% threshold; plates this small are hard to learn
D:\DATN\datasets\raw\roboflow_cuong_ta\train\images\quandoi65_jpg.rf.9b793c9f0a5ecbc7478fc2cfceba3d01.jpg,warning,small_box,1,box area 0.1481% of the image is below the 0.50% threshold; plates this small are hard to learn
D:\DATN\datasets\raw\roboflow_cuong_ta\train\images\quandoi65_jpg.rf.9b793c9f0a5ecbc7478fc2cfceba3d01.jpg,warning,small_box,2,box area 0.1020% of the image is below the 0.50% threshold; plates this small are hard to learn
D:\DATN\datasets\raw\roboflow_cuong_ta\train\images\quandoi68_jpg.rf.0da63db43f17d52acbf66f6d086d2c7c.jpg,warning,small_box,0,box area 0.2268% of the image is below the 0.50% threshold; plates this small are hard to learn
D:\DATN\datasets\raw\roboflow_cuong_ta\train\images\quandoi70_jpg.rf.aad3fe508cf064261326c53e086e50c3.jpg,warning,small_box,0,box area 0.3280% of the image is below the 0.50% threshold; plates this small are hard to learn
D:\DATN\datasets\raw\roboflow_cuong_ta\train\images\quandoi72_jpg.rf.cabe1e8a6adeeb20d85a767f8e92a54e.jpg,warning,small_box,0,box area 0.4114% of the image is below the 0.50% threshold; plates this small are hard to learn
D:\DATN\datasets\raw\roboflow_cuong_ta\train\images\quandoi73_jpg.rf.a810e74c2fa98548e518656827fe906b.jpg,warning,small_box,0,box area 0.4402% of the image is below the 0.50% threshold; plates this small are hard to learn
D:\DATN\datasets\raw\roboflow_cuong_ta\train\images\quandoi7_jpg.rf.7b84a34264014296ffaf5f4147968049.jpg,warning,small_box,0,box area 0.4093% of the image is below the 0.50% threshold; plates this small are hard to learn
D:\DATN\datasets\raw\roboflow_cuong_ta\train\images\quandoi81_jpg.rf.bdffcc3ace1684edd4f3718fedda5415.jpg,warning,small_box,0,box area 0.1637% of the image is below the 0.50% threshold; plates this small are hard to learn
D:\DATN\datasets\raw\roboflow_cuong_ta\train\images\quandoi81_jpg.rf.bdffcc3ace1684edd4f3718fedda5415.jpg,warning,small_box,1,box area 0.0632% of the image is below the 0.50% threshold; plates this small are hard to learn
D:\DATN\datasets\raw\roboflow_cuong_ta\train\images\quandoi81_jpg.rf.bdffcc3ace1684edd4f3718fedda5415.jpg,warning,small_box,2,box area 0.2333% of the image is below the 0.50% threshold; plates this small are hard to learn
D:\DATN\datasets\raw\roboflow_cuong_ta\train\images\quandoi81_jpg.rf.bdffcc3ace1684edd4f3718fedda5415.jpg,warning,small_box,3,box area 0.1637% of the image is below the 0.50% threshold; plates this small are hard to learn
D:\DATN\datasets\raw\roboflow_cuong_ta\train\images\quandoi83_jpg.rf.83f3e8a1baf911aae5bdbafd27cc9032.jpg,warning,small_box,0,box area 0.2130% of the image is below the 0.50% threshold; plates this small are hard to learn
D:\DATN\datasets\raw\roboflow_cuong_ta\train\images\quandoi83_jpg.rf.83f3e8a1baf911aae5bdbafd27cc9032.jpg,warning,small_box,1,box area 0.1257% of the image is below the 0.50% threshold; plates this small are hard to learn
D:\DATN\datasets\raw\roboflow_cuong_ta\train\images\quandoi85_jpg.rf.50534b34a0516956f1ec20c24ea33529.jpg,warning,small_box,0,box area 0.2909% of the image is below the 0.50% threshold; plates this small are hard to learn
D:\DATN\datasets\raw\roboflow_cuong_ta\train\images\quandoi85_jpg.rf.50534b34a0516956f1ec20c24ea33529.jpg,warning,small_box,1,box area 0.1353% of the image is below the 0.50% threshold; plates this small are hard to learn
D:\DATN\datasets\raw\roboflow_cuong_ta\train\images\quandoi87_jpg.rf.d5a21e4ecc038257f245d49b9a9d5d19.jpg,warning,small_box,0,box area 0.3546% of the image is below the 0.50% threshold; plates this small are hard to learn
D:\DATN\datasets\raw\roboflow_cuong_ta\train\images\quandoi87_jpg.rf.d5a21e4ecc038257f245d49b9a9d5d19.jpg,warning,small_box,1,box area 0.0659% of the image is below the 0.50% threshold; plates this small are hard to learn
D:\DATN\datasets\raw\roboflow_cuong_ta\train\images\quandoi8_jpg.rf.124ead7026881456f9ea025f60b65807.jpg,warning,small_box,0,box area 0.0941% of the image is below the 0.50% threshold; plates this small are hard to learn
D:\DATN\datasets\raw\roboflow_cuong_ta\train\images\quandoi90_jpg.rf.f071a677bc04cfcd8ed99ee0abfe9c43.jpg,warning,small_box,0,box area 0.1317% of the image is below the 0.50% threshold; plates this small are hard to learn
D:\DATN\datasets\raw\roboflow_cuong_ta\train\images\quandoi90_jpg.rf.f071a677bc04cfcd8ed99ee0abfe9c43.jpg,warning,small_box,1,box area 0.2049% of the image is below the 0.50% threshold; plates this small are hard to learn
D:\DATN\datasets\raw\roboflow_cuong_ta\train\images\quandoi91_jpg.rf.02bc752c5f33f3ec92ba612c959e3301.jpg,warning,small_box,0,box area 0.2158% of the image is below the 0.50% threshold; plates this small are hard to learn
D:\DATN\datasets\raw\roboflow_cuong_ta\train\images\quandoi91_jpg.rf.02bc752c5f33f3ec92ba612c959e3301.jpg,warning,small_box,1,box area 0.0938% of the image is below the 0.50% threshold; plates this small are hard to learn
D:\DATN\datasets\raw\roboflow_cuong_ta\train\images\quandoi91_jpg.rf.02bc752c5f33f3ec92ba612c959e3301.jpg,warning,small_box,2,box area 0.0600% of the image is below the 0.50% threshold; plates this small are hard to learn
D:\DATN\datasets\raw\roboflow_cuong_ta\train\images\quandoi91_jpg.rf.02bc752c5f33f3ec92ba612c959e3301.jpg,warning,small_box,3,box area 0.0583% of the image is below the 0.50% threshold; plates this small are hard to learn
D:\DATN\datasets\raw\roboflow_cuong_ta\train\images\quandoi91_jpg.rf.02bc752c5f33f3ec92ba612c959e3301.jpg,warning,small_box,4,box area 0.0708% of the image is below the 0.50% threshold; plates this small are hard to learn
D:\DATN\datasets\raw\roboflow_cuong_ta\train\images\quandoi91_jpg.rf.02bc752c5f33f3ec92ba612c959e3301.jpg,warning,small_box,5,box area 0.0292% of the image is below the 0.50% threshold; plates this small are hard to learn
D:\DATN\datasets\raw\roboflow_cuong_ta\train\images\quandoi91_jpg.rf.02bc752c5f33f3ec92ba612c959e3301.jpg,warning,small_box,6,box area 0.0292% of the image is below the 0.50% threshold; plates this small are hard to learn
D:\DATN\datasets\raw\roboflow_cuong_ta\train\images\quandoi93_jpg.rf.adab1677619ae2bbb03547f05e27bc5e.jpg,warning,small_box,0,box area 0.1764% of the image is below the 0.50% threshold; plates this small are hard to learn
D:\DATN\datasets\raw\roboflow_cuong_ta\train\images\quandoi93_jpg.rf.adab1677619ae2bbb03547f05e27bc5e.jpg,warning,small_box,1,box area 0.0686% of the image is below the 0.50% threshold; plates this small are hard to learn
D:\DATN\datasets\raw\roboflow_cuong_ta\train\images\quandoi93_jpg.rf.adab1677619ae2bbb03547f05e27bc5e.jpg,warning,small_box,2,box area 0.0625% of the image is below the 0.50% threshold; plates this small are hard to learn
D:\DATN\datasets\raw\roboflow_cuong_ta\train\images\quandoi93_jpg.rf.adab1677619ae2bbb03547f05e27bc5e.jpg,warning,small_box,3,box area 0.0441% of the image is below the 0.50% threshold; plates this small are hard to learn
D:\DATN\datasets\raw\roboflow_cuong_ta\train\images\quandoi93_jpg.rf.adab1677619ae2bbb03547f05e27bc5e.jpg,warning,small_box,4,box area 0.0531% of the image is below the 0.50% threshold; plates this small are hard to learn
D:\DATN\datasets\raw\roboflow_cuong_ta\train\images\quandoi93_jpg.rf.adab1677619ae2bbb03547f05e27bc5e.jpg,warning,small_box,5,box area 0.0772% of the image is below the 0.50% threshold; plates this small are hard to learn
D:\DATN\datasets\raw\roboflow_cuong_ta\train\images\quandoi93_jpg.rf.adab1677619ae2bbb03547f05e27bc5e.jpg,warning,small_box,6,box area 0.1078% of the image is below the 0.50% threshold; plates this small are hard to learn
D:\DATN\datasets\raw\roboflow_cuong_ta\train\images\quandoi94_jpg.rf.9fec8d79ed52351c29ffd3a06dc75550.jpg,warning,small_box,0,box area 0.2422% of the image is below the 0.50% threshold; plates this small are hard to learn
D:\DATN\datasets\raw\roboflow_cuong_ta\train\images\quandoi94_jpg.rf.9fec8d79ed52351c29ffd3a06dc75550.jpg,warning,small_box,1,box area 0.0430% of the image is below the 0.50% threshold; plates this small are hard to learn
D:\DATN\datasets\raw\roboflow_cuong_ta\train\images\quandoi95_jpg.rf.8f430809a3be0f19655e6f7bae15f1c7.jpg,warning,small_box,0,box area 0.4770% of the image is below the 0.50% threshold; plates this small are hard to learn
D:\DATN\datasets\raw\roboflow_cuong_ta\train\images\quandoi95_jpg.rf.8f430809a3be0f19655e6f7bae15f1c7.jpg,warning,small_box,1,box area 0.1096% of the image is below the 0.50% threshold; plates this small are hard to learn
D:\DATN\datasets\raw\roboflow_cuong_ta\train\images\quandoi96_jpg.rf.9d3a48a7f9c9da6ac4c8c7292988db9f.jpg,warning,small_box,0,box area 0.2094% of the image is below the 0.50% threshold; plates this small are hard to learn
D:\DATN\datasets\raw\roboflow_cuong_ta\train\images\quandoi96_jpg.rf.9d3a48a7f9c9da6ac4c8c7292988db9f.jpg,warning,small_box,1,box area 0.1088% of the image is below the 0.50% threshold; plates this small are hard to learn
D:\DATN\datasets\raw\roboflow_cuong_ta\train\images\quandoi97_jpg.rf.48b78b7912f466f845481871e3761ffc.jpg,warning,small_box,0,box area 0.2394% of the image is below the 0.50% threshold; plates this small are hard to learn
D:\DATN\datasets\raw\roboflow_cuong_ta\train\images\rotatengoaigiao10_jpg.rf.4c6eb5b0ec5acbaa765aca34cf6113a6.jpg,warning,small_box,1,box area 0.2374% of the image is below the 0.50% threshold; plates this small are hard to learn
D:\DATN\datasets\raw\roboflow_cuong_ta\train\images\rotatengoaigiao10_jpg.rf.4c6eb5b0ec5acbaa765aca34cf6113a6.jpg,warning,small_box,2,box area 0.1780% of the image is below the 0.50% threshold; plates this small are hard to learn
D:\DATN\datasets\raw\roboflow_cuong_ta\train\images\rotatengoaigiao10_jpg.rf.4c6eb5b0ec5acbaa765aca34cf6113a6.jpg,warning,small_box,3,box area 0.1741% of the image is below the 0.50% threshold; plates this small are hard to learn
D:\DATN\datasets\raw\roboflow_cuong_ta\train\images\rotatengoaigiao12_jpg.rf.abc4b46016254a542074f27b0f8729aa.jpg,warning,small_box,0,box area 0.3444% of the image is below the 0.50% threshold; plates this small are hard to learn
D:\DATN\datasets\raw\roboflow_cuong_ta\train\images\rotatengoaigiao7_jpg.rf.4cc28d90399492b73aab5a031dda1f40.jpg,warning,small_box,1,box area 0.4273% of the image is below the 0.50% threshold; plates this small are hard to learn
D:\DATN\datasets\raw\roboflow_cuong_ta\train\images\rotatequandoi101_jpg.rf.1d80d74931c8fa0717add4fb0298af23.jpg,warning,small_box,0,box area 0.3106% of the image is below the 0.50% threshold; plates this small are hard to learn
D:\DATN\datasets\raw\roboflow_cuong_ta\train\images\rotatequandoi101_jpg.rf.1d80d74931c8fa0717add4fb0298af23.jpg,warning,small_box,1,box area 0.1985% of the image is below the 0.50% threshold; plates this small are hard to learn
D:\DATN\datasets\raw\roboflow_cuong_ta\train\images\rotatequandoi102_jpg.rf.6a6ce08e1a1625888224843f76720dea.jpg,warning,small_box,0,box area 0.3369% of the image is below the 0.50% threshold; plates this small are hard to learn
D:\DATN\datasets\raw\roboflow_cuong_ta\train\images\rotatequandoi102_jpg.rf.6a6ce08e1a1625888224843f76720dea.jpg,warning,small_box,1,box area 0.0873% of the image is below the 0.50% threshold; plates this small are hard to learn
D:\DATN\datasets\raw\roboflow_cuong_ta\train\images\rotatequandoi103_jpg.rf.2ec40659d7ec2126bc36ce6bb7e5935d.jpg,warning,small_box,0,box area 0.4125% of the image is below the 0.50% threshold; plates this small are hard to learn
D:\DATN\datasets\raw\roboflow_cuong_ta\train\images\rotatequandoi106_jpg.rf.873d96cf4fd6c5fdcad3bce2c3f832a1.jpg,warning,small_box,0,box area 0.4863% of the image is below the 0.50% threshold; plates this small are hard to learn
D:\DATN\datasets\raw\roboflow_cuong_ta\train\images\rotatequandoi109_jpg.rf.333e025bcf6b6e79de08b4cb6253d9d7.jpg,warning,small_box,0,box area 0.1944% of the image is below the 0.50% threshold; plates this small are hard to learn
D:\DATN\datasets\raw\roboflow_cuong_ta\train\images\rotatequandoi10_jpg.rf.1f9346402dbbf9defb7c6ed6f9a0fe47.jpg,warning,small_box,0,box area 0.4865% of the image is below the 0.50% threshold; plates this small are hard to learn
D:\DATN\datasets\raw\roboflow_cuong_ta\train\images\rotatequandoi16_jpg.rf.6aa3e41fc1ee3cec2e2b4b939bc38704.jpg,warning,small_box,0,box area 0.4307% of the image is below the 0.50% threshold; plates this small are hard to learn
D:\DATN\datasets\raw\roboflow_cuong_ta\train\images\rotatequandoi17_jpg.rf.ca06c6c767f2fd8f509ed4319dbe71c2.jpg,warning,small_box,0,box area 0.4760% of the image is below the 0.50% threshold; plates this small are hard to learn
D:\DATN\datasets\raw\roboflow_cuong_ta\train\images\rotatequandoi1_jpg.rf.9072d974c04a90a0ad96c088802f5114.jpg,warning,small_box,0,box area 0.4098% of the image is below the 0.50% threshold; plates this small are hard to learn
D:\DATN\datasets\raw\roboflow_cuong_ta\train\images\rotatequandoi34_jpg.rf.50ab2f55524c72909bbc7722d608f082.jpg,warning,small_box,0,box area 0.2614% of the image is below the 0.50% threshold; plates this small are hard to learn
D:\DATN\datasets\raw\roboflow_cuong_ta\train\images\rotatequandoi35_jpg.rf.60c27a547a817865189d2355ad1a7e38.jpg,warning,small_box,0,box area 0.4441% of the image is below the 0.50% threshold; plates this small are hard to learn
D:\DATN\datasets\raw\roboflow_cuong_ta\train\images\rotatequandoi37_jpg.rf.c58d052a87dbdab94779b9c395e3cabb.jpg,warning,small_box,0,box area 0.2133% of the image is below the 0.50% threshold; plates this small are hard to learn
D:\DATN\datasets\raw\roboflow_cuong_ta\train\images\rotatequandoi39_jpg.rf.855492d00354c7565adca679df6c7e77.jpg,warning,small_box,1,box area 0.3488% of the image is below the 0.50% threshold; plates this small are hard to learn
D:\DATN\datasets\raw\roboflow_cuong_ta\train\images\rotatequandoi3_jpg.rf.50b756caf769b676dab4a40fe5469253.jpg,warning,small_box,0,box area 0.2165% of the image is below the 0.50% threshold; plates this small are hard to learn
D:\DATN\datasets\raw\roboflow_cuong_ta\train\images\rotatequandoi3_jpg.rf.50b756caf769b676dab4a40fe5469253.jpg,warning,small_box,1,box area 0.1574% of the image is below the 0.50% threshold; plates this small are hard to learn
D:\DATN\datasets\raw\roboflow_cuong_ta\train\images\rotatequandoi3_jpg.rf.50b756caf769b676dab4a40fe5469253.jpg,warning,small_box,2,box area 0.1241% of the image is below the 0.50% threshold; plates this small are hard to learn
D:\DATN\datasets\raw\roboflow_cuong_ta\train\images\rotatequandoi3_jpg.rf.50b756caf769b676dab4a40fe5469253.jpg,warning,small_box,3,box area 0.0496% of the image is below the 0.50% threshold; plates this small are hard to learn
D:\DATN\datasets\raw\roboflow_cuong_ta\train\images\rotatequandoi40_jpg.rf.6b86abcd50bc5e9beca1b1959558b92e.jpg,warning,small_box,0,box area 0.3076% of the image is below the 0.50% threshold; plates this small are hard to learn
D:\DATN\datasets\raw\roboflow_cuong_ta\train\images\rotatequandoi40_jpg.rf.6b86abcd50bc5e9beca1b1959558b92e.jpg,warning,small_box,1,box area 0.1758% of the image is below the 0.50% threshold; plates this small are hard to learn
D:\DATN\datasets\raw\roboflow_cuong_ta\train\images\rotatequandoi43_jpg.rf.b12603c6e634f317231fe24ecc8ee9d6.jpg,warning,small_box,1,box area 0.3755% of the image is below the 0.50% threshold; plates this small are hard to learn
D:\DATN\datasets\raw\roboflow_cuong_ta\train\images\rotatequandoi48_jpg.rf.abd92707c584231449b0b71d365b4c47.jpg,warning,small_box,0,box area 0.3021% of the image is below the 0.50% threshold; plates this small are hard to learn
D:\DATN\datasets\raw\roboflow_cuong_ta\train\images\rotatequandoi49_jpg.rf.827a523ffb80dd742955a75d7d0cbb89.jpg,warning,small_box,0,box area 0.4323% of the image is below the 0.50% threshold; plates this small are hard to learn
D:\DATN\datasets\raw\roboflow_cuong_ta\train\images\rotatequandoi59_jpg.rf.f83f783800cf2ddd9e52e6ebc87efcbc.jpg,warning,small_box,1,box area 0.2963% of the image is below the 0.50% threshold; plates this small are hard to learn
D:\DATN\datasets\raw\roboflow_cuong_ta\train\images\rotatequandoi59_jpg.rf.f83f783800cf2ddd9e52e6ebc87efcbc.jpg,warning,small_box,2,box area 0.1134% of the image is below the 0.50% threshold; plates this small are hard to learn
D:\DATN\datasets\raw\roboflow_cuong_ta\train\images\rotatequandoi61_jpg.rf.06fb338efd3fab56f88fb0dfd5ab543f.jpg,warning,small_box,0,box area 0.2222% of the image is below the 0.50% threshold; plates this small are hard to learn
D:\DATN\datasets\raw\roboflow_cuong_ta\train\images\rotatequandoi65_jpg.rf.f8806a775477c422094ef59f665dc727.jpg,warning,small_box,0,box area 0.4020% of the image is below the 0.50% threshold; plates this small are hard to learn
D:\DATN\datasets\raw\roboflow_cuong_ta\train\images\rotatequandoi65_jpg.rf.f8806a775477c422094ef59f665dc727.jpg,warning,small_box,1,box area 0.2520% of the image is below the 0.50% threshold; plates this small are hard to learn
D:\DATN\datasets\raw\roboflow_cuong_ta\train\images\rotatequandoi68_jpg.rf.a14a3aaa7375a74398ef7333316623b3.jpg,warning,small_box,0,box area 0.3951% of the image is below the 0.50% threshold; plates this small are hard to learn
D:\DATN\datasets\raw\roboflow_cuong_ta\train\images\rotatequandoi6_jpg.rf.2e81cce4797b87bdefe8cf5739fbba2f.jpg,warning,small_box,0,box area 0.1483% of the image is below the 0.50% threshold; plates this small are hard to learn
D:\DATN\datasets\raw\roboflow_cuong_ta\train\images\rotatequandoi70_jpg.rf.17cec055a90879ad75b794d3b1f82094.jpg,warning,small_box,0,box area 0.3588% of the image is below the 0.50% threshold; plates this small are hard to learn
D:\DATN\datasets\raw\roboflow_cuong_ta\train\images\rotatequandoi74_jpg.rf.37becc70d41710836c04019a307f8347.jpg,warning,small_box,1,box area 0.3089% of the image is below the 0.50% threshold; plates this small are hard to learn
D:\DATN\datasets\raw\roboflow_cuong_ta\train\images\rotatequandoi79_jpg.rf.7f8916895cf628722479b8a531a9a15e.jpg,warning,small_box,0,box area 0.4805% of the image is below the 0.50% threshold; plates this small are hard to learn
D:\DATN\datasets\raw\roboflow_cuong_ta\train\images\rotatequandoi79_jpg.rf.7f8916895cf628722479b8a531a9a15e.jpg,warning,small_box,1,box area 0.2118% of the image is below the 0.50% threshold; plates this small are hard to learn
D:\DATN\datasets\raw\roboflow_cuong_ta\train\images\rotatequandoi82_jpg.rf.bf620d451617efa69940e8f88024960d.jpg,warning,small_box,0,box area 0.3025% of the image is below the 0.50% threshold; plates this small are hard to learn
D:\DATN\datasets\raw\roboflow_cuong_ta\train\images\rotatequandoi83_jpg.rf.a34555413af184c38dff5653dfe2e31a.jpg,warning,small_box,0,box area 0.1698% of the image is below the 0.50% threshold; plates this small are hard to learn
D:\DATN\datasets\raw\roboflow_cuong_ta\train\images\rotatequandoi83_jpg.rf.a34555413af184c38dff5653dfe2e31a.jpg,warning,small_box,1,box area 0.1698% of the image is below the 0.50% threshold; plates this small are hard to learn
D:\DATN\datasets\raw\roboflow_cuong_ta\train\images\rotatequandoi86_jpg.rf.625b9dadad62cd95691163007db6dedf.jpg,warning,small_box,0,box area 0.1771% of the image is below the 0.50% threshold; plates this small are hard to learn
D:\DATN\datasets\raw\roboflow_cuong_ta\train\images\rotatequandoi86_jpg.rf.625b9dadad62cd95691163007db6dedf.jpg,warning,small_box,1,box area 0.1110% of the image is below the 0.50% threshold; plates this small are hard to learn
D:\DATN\datasets\raw\roboflow_cuong_ta\train\images\rotatequandoi91_jpg.rf.8ebf359d6567fc9dd637f4eda052da5c.jpg,warning,small_box,0,box area 0.2800% of the image is below the 0.50% threshold; plates this small are hard to learn
D:\DATN\datasets\raw\roboflow_cuong_ta\train\images\rotatequandoi91_jpg.rf.8ebf359d6567fc9dd637f4eda052da5c.jpg,warning,small_box,1,box area 0.0950% of the image is below the 0.50% threshold; plates this small are hard to learn
D:\DATN\datasets\raw\roboflow_cuong_ta\train\images\rotatequandoi91_jpg.rf.8ebf359d6567fc9dd637f4eda052da5c.jpg,warning,small_box,2,box area 0.2000% of the image is below the 0.50% threshold; plates this small are hard to learn
D:\DATN\datasets\raw\roboflow_cuong_ta\train\images\rotatequandoi91_jpg.rf.8ebf359d6567fc9dd637f4eda052da5c.jpg,warning,small_box,3,box area 0.1750% of the image is below the 0.50% threshold; plates this small are hard to learn
D:\DATN\datasets\raw\roboflow_cuong_ta\train\images\rotatequandoi92_jpg.rf.5961710183c379b08d3baa9fad9fa254.jpg,warning,small_box,0,box area 0.2722% of the image is below the 0.50% threshold; plates this small are hard to learn
D:\DATN\datasets\raw\roboflow_cuong_ta\train\images\rotatequandoi93_jpg.rf.f9951d1ebfb2dd24824d95376fc4387c.jpg,warning,small_box,0,box area 0.2483% of the image is below the 0.50% threshold; plates this small are hard to learn
D:\DATN\datasets\raw\roboflow_cuong_ta\train\images\rotatequandoi93_jpg.rf.f9951d1ebfb2dd24824d95376fc4387c.jpg,warning,small_box,1,box area 0.0637% of the image is below the 0.50% threshold; plates this small are hard to learn
D:\DATN\datasets\raw\roboflow_cuong_ta\train\images\rotatequandoi93_jpg.rf.f9951d1ebfb2dd24824d95376fc4387c.jpg,warning,small_box,2,box area 0.1421% of the image is below the 0.50% threshold; plates this small are hard to learn
D:\DATN\datasets\raw\roboflow_cuong_ta\train\images\rotatequandoi93_jpg.rf.f9951d1ebfb2dd24824d95376fc4387c.jpg,warning,small_box,3,box area 0.0939% of the image is below the 0.50% threshold; plates this small are hard to learn
D:\DATN\datasets\raw\roboflow_cuong_ta\train\images\rotatequandoi94_jpg.rf.25148c0c8f0dc8c04ee2b0cabdb22f30.jpg,warning,small_box,0,box area 0.3867% of the image is below the 0.50% threshold; plates this small are hard to learn
D:\DATN\datasets\raw\roboflow_cuong_ta\train\images\rotatequandoi94_jpg.rf.25148c0c8f0dc8c04ee2b0cabdb22f30.jpg,warning,small_box,1,box area 0.0977% of the image is below the 0.50% threshold; plates this small are hard to learn
D:\DATN\datasets\raw\roboflow_cuong_ta\train\images\rotatequandoi94_jpg.rf.25148c0c8f0dc8c04ee2b0cabdb22f30.jpg,warning,small_box,2,box area 0.0781% of the image is below the 0.50% threshold; plates this small are hard to learn
D:\DATN\datasets\raw\roboflow_cuong_ta\train\images\rotatequandoi97_jpg.rf.a961a940c8010518f1b6d0fc2e739e3b.jpg,warning,small_box,0,box area 0.3836% of the image is below the 0.50% threshold; plates this small are hard to learn
D:\DATN\datasets\raw\roboflow_cuong_ta\train\images\rotatequandoi98_jpg.rf.832364adaf421326aa2a4b891389be65.jpg,warning,small_box,0,box area 0.4117% of the image is below the 0.50% threshold; plates this small are hard to learn
D:\DATN\datasets\raw\roboflow_cuong_ta\train\images\rotatequandoi99_jpg.rf.475f71dd9ec4ee1bd0093e7076e2945a.jpg,warning,small_box,0,box area 0.3120% of the image is below the 0.50% threshold; plates this small are hard to learn
D:\DATN\datasets\raw\roboflow_cuong_ta\train\images\xemay2344_jpg.rf.592c3d65dc693d168caa3211c80c50b7.jpg,warning,small_box,0,box area 0.4307% of the image is below the 0.50% threshold; plates this small are hard to learn
D:\DATN\datasets\raw\roboflow_cuong_ta\valid\images\boderngoaigiao0_jpg.rf.04ed142c48e68c6f6f798c14240463fa.jpg,warning,small_box,0,box area 0.3052% of the image is below the 0.50% threshold; plates this small are hard to learn
D:\DATN\datasets\raw\roboflow_cuong_ta\valid\images\boderngoaigiao11_jpg.rf.83762706da594eee05fbd093cd4144e3.jpg,warning,small_box,1,box area 0.1403% of the image is below the 0.50% threshold; plates this small are hard to learn
D:\DATN\datasets\raw\roboflow_cuong_ta\valid\images\boderngoaigiao15_jpg.rf.9d4f811d650d395d4151936f3c469c90.jpg,warning,small_box,0,box area 0.2400% of the image is below the 0.50% threshold; plates this small are hard to learn
D:\DATN\datasets\raw\roboflow_cuong_ta\valid\images\boderquandoi101_jpg.rf.df52d769f1003f025c07ecfbce7fb144.jpg,warning,small_box,0,box area 0.1060% of the image is below the 0.50% threshold; plates this small are hard to learn
D:\DATN\datasets\raw\roboflow_cuong_ta\valid\images\boderquandoi101_jpg.rf.df52d769f1003f025c07ecfbce7fb144.jpg,warning,small_box,1,box area 0.0291% of the image is below the 0.50% threshold; plates this small are hard to learn
D:\DATN\datasets\raw\roboflow_cuong_ta\valid\images\boderquandoi108_jpg.rf.1b4f12cf13e6ac8dfe3bf4837b2ca3e2.jpg,warning,small_box,0,box area 0.1704% of the image is below the 0.50% threshold; plates this small are hard to learn
D:\DATN\datasets\raw\roboflow_cuong_ta\valid\images\boderquandoi109_jpg.rf.68ab6351b5f1b3f4de205152af88bd1b.jpg,warning,small_box,0,box area 0.0626% of the image is below the 0.50% threshold; plates this small are hard to learn
D:\DATN\datasets\raw\roboflow_cuong_ta\valid\images\boderquandoi10_jpg.rf.e826b03380b92b4b085e179ef8ff24ea.jpg,warning,small_box,0,box area 0.1058% of the image is below the 0.50% threshold; plates this small are hard to learn
D:\DATN\datasets\raw\roboflow_cuong_ta\valid\images\boderquandoi11_jpg.rf.fbdac0b4b7257a2da689a2db04314e2c.jpg,warning,small_box,0,box area 0.1326% of the image is below the 0.50% threshold; plates this small are hard to learn
D:\DATN\datasets\raw\roboflow_cuong_ta\valid\images\boderquandoi14_jpg.rf.1f5ae48d27abb622daf50ef2bc7f85bf.jpg,warning,small_box,0,box area 0.3616% of the image is below the 0.50% threshold; plates this small are hard to learn
D:\DATN\datasets\raw\roboflow_cuong_ta\valid\images\boderquandoi15_jpg.rf.d136b8b7680e42794479f43fa9822d60.jpg,warning,small_box,0,box area 0.0960% of the image is below the 0.50% threshold; plates this small are hard to learn
D:\DATN\datasets\raw\roboflow_cuong_ta\valid\images\boderquandoi16_jpg.rf.75ef41cbd1c45921f466d4113b0c4a64.jpg,warning,small_box,0,box area 0.0593% of the image is below the 0.50% threshold; plates this small are hard to learn
D:\DATN\datasets\raw\roboflow_cuong_ta\valid\images\boderquandoi2_jpg.rf.a2766b1463e488a2df783b6da96acdc7.jpg,warning,small_box,0,box area 0.0730% of the image is below the 0.50% threshold; plates this small are hard to learn
D:\DATN\datasets\raw\roboflow_cuong_ta\valid\images\boderquandoi33_jpg.rf.d1918090f3300a1888f76dd03fc0ceaa.jpg,warning,small_box,0,box area 0.3061% of the image is below the 0.50% threshold; plates this small are hard to learn
D:\DATN\datasets\raw\roboflow_cuong_ta\valid\images\boderquandoi36_jpg.rf.632b3a10396d1a1fab98854c538836fc.jpg,warning,small_box,0,box area 0.1886% of the image is below the 0.50% threshold; plates this small are hard to learn
D:\DATN\datasets\raw\roboflow_cuong_ta\valid\images\boderquandoi38_jpg.rf.8aa511546c278b4de1e2d6b8f5e75af8.jpg,warning,small_box,0,box area 0.1880% of the image is below the 0.50% threshold; plates this small are hard to learn
D:\DATN\datasets\raw\roboflow_cuong_ta\valid\images\boderquandoi3_jpg.rf.3dae59526308f764803558d8aa396502.jpg,warning,small_box,0,box area 0.0644% of the image is below the 0.50% threshold; plates this small are hard to learn
D:\DATN\datasets\raw\roboflow_cuong_ta\valid\images\boderquandoi3_jpg.rf.3dae59526308f764803558d8aa396502.jpg,warning,small_box,1,box area 0.0455% of the image is below the 0.50% threshold; plates this small are hard to learn
D:\DATN\datasets\raw\roboflow_cuong_ta\valid\images\boderquandoi3_jpg.rf.3dae59526308f764803558d8aa396502.jpg,warning,small_box,2,box area 0.0223% of the image is below the 0.50% threshold; plates this small are hard to learn
D:\DATN\datasets\raw\roboflow_cuong_ta\valid\images\boderquandoi3_jpg.rf.3dae59526308f764803558d8aa396502.jpg,warning,small_box,3,box area 0.0210% of the image is below the 0.50% threshold; plates this small are hard to learn
D:\DATN\datasets\raw\roboflow_cuong_ta\valid\images\boderquandoi43_jpg.rf.3daba937b04296cd8ca326609d874129.jpg,warning,small_box,0,box area 0.0791% of the image is below the 0.50% threshold; plates this small are hard to learn
D:\DATN\datasets\raw\roboflow_cuong_ta\valid\images\boderquandoi43_jpg.rf.3daba937b04296cd8ca326609d874129.jpg,warning,small_box,1,box area 0.1581% of the image is below the 0.50% threshold; plates this small are hard to learn
D:\DATN\datasets\raw\roboflow_cuong_ta\valid\images\boderquandoi46_jpg.rf.00065f522ebdd9637f16ccd823fac8dc.jpg,warning,small_box,0,box area 0.1561% of the image is below the 0.50% threshold; plates this small are hard to learn
D:\DATN\datasets\raw\roboflow_cuong_ta\valid\images\boderquandoi46_jpg.rf.00065f522ebdd9637f16ccd823fac8dc.jpg,warning,small_box,1,box area 0.0792% of the image is below the 0.50% threshold; plates this small are hard to learn
D:\DATN\datasets\raw\roboflow_cuong_ta\valid\images\boderquandoi47_jpg.rf.7e296860a3667f63ef3402e573bb59db.jpg,warning,small_box,0,box area 0.1336% of the image is below the 0.50% threshold; plates this small are hard to learn
D:\DATN\datasets\raw\roboflow_cuong_ta\valid\images\boderquandoi48_jpg.rf.c9979d7feff57101bbfd932417882ae2.jpg,warning,small_box,0,box area 0.1265% of the image is below the 0.50% threshold; plates this small are hard to learn
D:\DATN\datasets\raw\roboflow_cuong_ta\valid\images\boderquandoi51_jpg.rf.9736b3717bea7237c85e8ae90cf845be.jpg,warning,small_box,0,box area 0.2909% of the image is below the 0.50% threshold; plates this small are hard to learn
D:\DATN\datasets\raw\roboflow_cuong_ta\valid\images\boderquandoi54_jpg.rf.e8cdf43c2aca7705459d1695305351af.jpg,warning,small_box,0,box area 0.0863% of the image is below the 0.50% threshold; plates this small are hard to learn
D:\DATN\datasets\raw\roboflow_cuong_ta\valid\images\boderquandoi59_jpg.rf.7f9a047848f567b78c4b83f032b2c453.jpg,warning,small_box,0,box area 0.1906% of the image is below the 0.50% threshold; plates this small are hard to learn
D:\DATN\datasets\raw\roboflow_cuong_ta\valid\images\boderquandoi59_jpg.rf.7f9a047848f567b78c4b83f032b2c453.jpg,warning,small_box,1,box area 0.0347% of the image is below the 0.50% threshold; plates this small are hard to learn
D:\DATN\datasets\raw\roboflow_cuong_ta\valid\images\boderquandoi59_jpg.rf.7f9a047848f567b78c4b83f032b2c453.jpg,warning,small_box,2,box area 0.1053% of the image is below the 0.50% threshold; plates this small are hard to learn
D:\DATN\datasets\raw\roboflow_cuong_ta\valid\images\boderquandoi6_jpg.rf.471c517ffa95e071dabb70562b153a35.jpg,warning,small_box,0,box area 0.0788% of the image is below the 0.50% threshold; plates this small are hard to learn
D:\DATN\datasets\raw\roboflow_cuong_ta\valid\images\boderquandoi73_jpg.rf.5088145899a28998ef2d719327de79ad.jpg,warning,small_box,0,box area 0.1760% of the image is below the 0.50% threshold; plates this small are hard to learn
D:\DATN\datasets\raw\roboflow_cuong_ta\valid\images\boderquandoi74_jpg.rf.3fb3caae7444df8884f84622bc6de9f3.jpg,warning,small_box,0,box area 0.4806% of the image is below the 0.50% threshold; plates this small are hard to learn
D:\DATN\datasets\raw\roboflow_cuong_ta\valid\images\boderquandoi76_jpg.rf.2901c8d826f2d506ff02c24c53a8aeba.jpg,warning,small_box,0,box area 0.3084% of the image is below the 0.50% threshold; plates this small are hard to learn
D:\DATN\datasets\raw\roboflow_cuong_ta\valid\images\boderquandoi7_jpg.rf.e41d710237d90f20a7a46131a870abde.jpg,warning,small_box,0,box area 0.1246% of the image is below the 0.50% threshold; plates this small are hard to learn
D:\DATN\datasets\raw\roboflow_cuong_ta\valid\images\boderquandoi84_jpg.rf.29eb0a3c399a8992cdfcafcca4280215.jpg,warning,small_box,0,box area 0.1825% of the image is below the 0.50% threshold; plates this small are hard to learn
D:\DATN\datasets\raw\roboflow_cuong_ta\valid\images\boderquandoi86_jpg.rf.bfce2e9a57c9639ea53cf5435e3b14c0.jpg,warning,small_box,0,box area 0.0836% of the image is below the 0.50% threshold; plates this small are hard to learn
D:\DATN\datasets\raw\roboflow_cuong_ta\valid\images\boderquandoi86_jpg.rf.bfce2e9a57c9639ea53cf5435e3b14c0.jpg,warning,small_box,1,box area 0.0732% of the image is below the 0.50% threshold; plates this small are hard to learn
D:\DATN\datasets\raw\roboflow_cuong_ta\valid\images\boderquandoi86_jpg.rf.bfce2e9a57c9639ea53cf5435e3b14c0.jpg,warning,small_box,2,box area 0.0609% of the image is below the 0.50% threshold; plates this small are hard to learn
D:\DATN\datasets\raw\roboflow_cuong_ta\valid\images\boderquandoi88_jpg.rf.d599100ba19e1c560aed1c44547d1873.jpg,warning,small_box,0,box area 0.1252% of the image is below the 0.50% threshold; plates this small are hard to learn
D:\DATN\datasets\raw\roboflow_cuong_ta\valid\images\boderquandoi93_jpg.rf.453e4bb05d46b1fb42509c50dfb33e51.jpg,warning,small_box,0,box area 0.1372% of the image is below the 0.50% threshold; plates this small are hard to learn
D:\DATN\datasets\raw\roboflow_cuong_ta\valid\images\boderquandoi96_jpg.rf.e8b43a0a0f1f447bf5e1e9927506976f.jpg,warning,small_box,0,box area 0.1388% of the image is below the 0.50% threshold; plates this small are hard to learn
D:\DATN\datasets\raw\roboflow_cuong_ta\valid\images\boderquandoi96_jpg.rf.e8b43a0a0f1f447bf5e1e9927506976f.jpg,warning,small_box,1,box area 0.0359% of the image is below the 0.50% threshold; plates this small are hard to learn
D:\DATN\datasets\raw\roboflow_cuong_ta\valid\images\boderquandoi97_jpg.rf.7ef8c61dc6ca81fd51dfcb839921af99.jpg,warning,small_box,0,box area 0.1387% of the image is below the 0.50% threshold; plates this small are hard to learn
D:\DATN\datasets\raw\roboflow_cuong_ta\valid\images\brightnessquandoi106_jpg.rf.c1c803b9d6afc5004d33fcd0ee8a6ead.jpg,warning,small_box,0,box area 0.3089% of the image is below the 0.50% threshold; plates this small are hard to learn
D:\DATN\datasets\raw\roboflow_cuong_ta\valid\images\brightnessquandoi15_jpg.rf.5b25349bb3751d3e053a2795884a1e29.jpg,warning,small_box,0,box area 0.3741% of the image is below the 0.50% threshold; plates this small are hard to learn
D:\DATN\datasets\raw\roboflow_cuong_ta\valid\images\brightnessquandoi43_jpg.rf.84db16faaf89adcad54c9665eec508e9.jpg,warning,small_box,1,box area 0.2485% of the image is below the 0.50% threshold; plates this small are hard to learn
D:\DATN\datasets\raw\roboflow_cuong_ta\valid\images\brightnessquandoi63_jpg.rf.632e0aa81f62f43eca53760cec4c1360.jpg,warning,small_box,0,box area 0.1257% of the image is below the 0.50% threshold; plates this small are hard to learn
D:\DATN\datasets\raw\roboflow_cuong_ta\valid\images\brightnessquandoi75_jpg.rf.622e60c8b76f49dbf3569bc4b52c88a1.jpg,warning,small_box,0,box area 0.4176% of the image is below the 0.50% threshold; plates this small are hard to learn
D:\DATN\datasets\raw\roboflow_cuong_ta\valid\images\brightnessquandoi79_jpg.rf.780ef4f17e7c94f53e91c6b37068330c.jpg,warning,small_box,0,box area 0.2733% of the image is below the 0.50% threshold; plates this small are hard to learn
D:\DATN\datasets\raw\roboflow_cuong_ta\valid\images\brightnessquandoi83_jpg.rf.f620b690086a22c126b93ba82369a4fb.jpg,warning,small_box,0,box area 0.2196% of the image is below the 0.50% threshold; plates this small are hard to learn
D:\DATN\datasets\raw\roboflow_cuong_ta\valid\images\brightnessquandoi83_jpg.rf.f620b690086a22c126b93ba82369a4fb.jpg,warning,small_box,1,box area 0.1592% of the image is below the 0.50% threshold; plates this small are hard to learn
D:\DATN\datasets\raw\roboflow_cuong_ta\valid\images\brightnessquandoi88_jpg.rf.d8ffc0928971e1c7416b1e54698b4b17.jpg,warning,small_box,0,box area 0.3194% of the image is below the 0.50% threshold; plates this small are hard to learn
D:\DATN\datasets\raw\roboflow_cuong_ta\valid\images\brightnessquandoi90_jpg.rf.8a84dc25f8f0eb39a89b5eea7f7a405c.jpg,warning,small_box,0,box area 0.1171% of the image is below the 0.50% threshold; plates this small are hard to learn
D:\DATN\datasets\raw\roboflow_cuong_ta\valid\images\brightnessquandoi90_jpg.rf.8a84dc25f8f0eb39a89b5eea7f7a405c.jpg,warning,small_box,1,box area 0.2722% of the image is below the 0.50% threshold; plates this small are hard to learn
D:\DATN\datasets\raw\roboflow_cuong_ta\valid\images\brightnessquandoi99_jpg.rf.09bb1dcb419f445eb2e2a46fbab6b8d8.jpg,warning,small_box,0,box area 0.2870% of the image is below the 0.50% threshold; plates this small are hard to learn
D:\DATN\datasets\raw\roboflow_cuong_ta\valid\images\CarLongPlateGen103_jpg.rf.b04dec115d78b69931479789375624b7.jpg,warning,small_box,0,box area 0.2846% of the image is below the 0.50% threshold; plates this small are hard to learn
D:\DATN\datasets\raw\roboflow_cuong_ta\valid\images\CarLongPlateGen110_jpg.rf.bf08157829e495ba01bbfa92b70cb555.jpg,warning,small_box,0,box area 0.3524% of the image is below the 0.50% threshold; plates this small are hard to learn
D:\DATN\datasets\raw\roboflow_cuong_ta\valid\images\CarLongPlateGen118_jpg.rf.3791e0b502a29c397ba92c4f5d578bf4.jpg,warning,small_box,0,box area 0.3426% of the image is below the 0.50% threshold; plates this small are hard to learn
D:\DATN\datasets\raw\roboflow_cuong_ta\valid\images\CarLongPlateGen121_jpg.rf.5971514aab857dd9f77332f7fd0e10c4.jpg,warning,small_box,0,box area 0.2517% of the image is below the 0.50% threshold; plates this small are hard to learn
D:\DATN\datasets\raw\roboflow_cuong_ta\valid\images\CarLongPlateGen124_jpg.rf.dbf083c2c16baee175464cd46bba2ba5.jpg,warning,small_box,0,box area 0.4195% of the image is below the 0.50% threshold; plates this small are hard to learn
D:\DATN\datasets\raw\roboflow_cuong_ta\valid\images\CarLongPlateGen129_jpg.rf.6f434c2718f83f561e3e78ba9518c36e.jpg,warning,small_box,0,box area 0.3440% of the image is below the 0.50% threshold; plates this small are hard to learn
D:\DATN\datasets\raw\roboflow_cuong_ta\valid\images\CarLongPlateGen135_jpg.rf.50434bcdf60424419938d013d608f1d1.jpg,warning,small_box,0,box area 0.3461% of the image is below the 0.50% threshold; plates this small are hard to learn
D:\DATN\datasets\raw\roboflow_cuong_ta\valid\images\CarLongPlateGen139_jpg.rf.fd1af0323e356d16b012038b04fbad57.jpg,warning,small_box,0,box area 0.3944% of the image is below the 0.50% threshold; plates this small are hard to learn
D:\DATN\datasets\raw\roboflow_cuong_ta\valid\images\CarLongPlateGen141_jpg.rf.c4ad3e049ae9e2d8ea80056731b87985.jpg,warning,small_box,0,box area 0.4251% of the image is below the 0.50% threshold; plates this small are hard to learn
D:\DATN\datasets\raw\roboflow_cuong_ta\valid\images\CarLongPlateGen143_jpg.rf.936f230f263ce7e9261ef61f3b1a609a.jpg,warning,small_box,0,box area 0.3021% of the image is below the 0.50% threshold; plates this small are hard to learn
D:\DATN\datasets\raw\roboflow_cuong_ta\valid\images\CarLongPlateGen151_jpg.rf.fafc1f1e526884955284e6529c0e5061.jpg,warning,small_box,0,box area 0.3776% of the image is below the 0.50% threshold; plates this small are hard to learn
D:\DATN\datasets\raw\roboflow_cuong_ta\valid\images\CarLongPlateGen154_jpg.rf.d952584a0be46e59a37a0363e36454cc.jpg,warning,small_box,0,box area 0.3272% of the image is below the 0.50% threshold; plates this small are hard to learn
D:\DATN\datasets\raw\roboflow_cuong_ta\valid\images\CarLongPlateGen155_jpg.rf.faa76a713a84a5c5a40a4d6ff86f5047.jpg,warning,small_box,0,box area 0.3440% of the image is below the 0.50% threshold; plates this small are hard to learn
D:\DATN\datasets\raw\roboflow_cuong_ta\valid\images\CarLongPlateGen158_jpg.rf.267ce40c1ac5cd01389a028c3044e025.jpg,warning,small_box,0,box area 0.2895% of the image is below the 0.50% threshold; plates this small are hard to learn
D:\DATN\datasets\raw\roboflow_cuong_ta\valid\images\CarLongPlateGen159_jpg.rf.808959d375ad57ed4da708892baed793.jpg,warning,small_box,0,box area 0.2895% of the image is below the 0.50% threshold; plates this small are hard to learn
D:\DATN\datasets\raw\roboflow_cuong_ta\valid\images\CarLongPlateGen163_jpg.rf.037bff763fe0bab3823defe9db85d69c.jpg,warning,small_box,0,box area 0.4818% of the image is below the 0.50% threshold; plates this small are hard to learn
D:\DATN\datasets\raw\roboflow_cuong_ta\valid\images\CarLongPlateGen178_jpg.rf.23577d5cbd63345c70d0ee1cdd0beb16.jpg,warning,small_box,0,box area 0.3230% of the image is below the 0.50% threshold; plates this small are hard to learn
D:\DATN\datasets\raw\roboflow_cuong_ta\valid\images\CarLongPlateGen179_jpg.rf.2319b6aaf7769f13421bc2620a3129f7.jpg,warning,small_box,0,box area 0.4992% of the image is below the 0.50% threshold; plates this small are hard to learn
D:\DATN\datasets\raw\roboflow_cuong_ta\valid\images\CarLongPlateGen181_jpg.rf.fd0f51decc319be88a411a64c0a63aa6.jpg,warning,small_box,0,box area 0.4601% of the image is below the 0.50% threshold; plates this small are hard to learn
D:\DATN\datasets\raw\roboflow_cuong_ta\valid\images\CarLongPlateGen184_jpg.rf.2ca17f1bbbc3461c0ee0015a45f4e029.jpg,warning,small_box,0,box area 0.3230% of the image is below the 0.50% threshold; plates this small are hard to learn
D:\DATN\datasets\raw\roboflow_cuong_ta\valid\images\CarLongPlateGen189_jpg.rf.c0af5e3d2845bcf63030b03ed7017171.jpg,warning,small_box,0,box area 0.4300% of the image is below the 0.50% threshold; plates this small are hard to learn
D:\DATN\datasets\raw\roboflow_cuong_ta\valid\images\CarLongPlateGen190_jpg.rf.46ab9bd3d6c8a4236ea045956a500a40.jpg,warning,small_box,0,box area 0.2587% of the image is below the 0.50% threshold; plates this small are hard to learn
D:\DATN\datasets\raw\roboflow_cuong_ta\valid\images\CarLongPlateGen196_jpg.rf.c968f04dab118111053b369bcb3eef61.jpg,warning,small_box,0,box area 0.3356% of the image is below the 0.50% threshold; plates this small are hard to learn
D:\DATN\datasets\raw\roboflow_cuong_ta\valid\images\CarLongPlateGen197_jpg.rf.9d548fbd0cf9a96caa68d40469b73c18.jpg,warning,small_box,0,box area 0.2923% of the image is below the 0.50% threshold; plates this small are hard to learn
D:\DATN\datasets\raw\roboflow_cuong_ta\valid\images\CarLongPlateGen1_jpg.rf.a540f8c4be5f963e947b585085ec8a9f.jpg,warning,small_box,0,box area 0.2797% of the image is below the 0.50% threshold; plates this small are hard to learn
D:\DATN\datasets\raw\roboflow_cuong_ta\valid\images\CarLongPlateGen21_jpg.rf.a71f0dd2a0159186dc272f331c7ca90d.jpg,warning,small_box,0,box area 0.4363% of the image is below the 0.50% threshold; plates this small are hard to learn
D:\DATN\datasets\raw\roboflow_cuong_ta\valid\images\CarLongPlateGen221_jpg.rf.1eab031fc4b7b1d875d436fff15221e2.jpg,warning,small_box,0,box area 0.3307% of the image is below the 0.50% threshold; plates this small are hard to learn
D:\DATN\datasets\raw\roboflow_cuong_ta\valid\images\CarLongPlateGen225_jpg.rf.cd24220673271d442c859c33b06c194a.jpg,warning,small_box,0,box area 0.3846% of the image is below the 0.50% threshold; plates this small are hard to learn
D:\DATN\datasets\raw\roboflow_cuong_ta\valid\images\CarLongPlateGen227_jpg.rf.fd05591499c40fb436dc487343d3d9de.jpg,warning,small_box,0,box area 0.3216% of the image is below the 0.50% threshold; plates this small are hard to learn
D:\DATN\datasets\raw\roboflow_cuong_ta\valid\images\CarLongPlateGen229_jpg.rf.86ce83c9f6bdfcb54398990b5a1cc6ed.jpg,warning,small_box,0,box area 0.4111% of the image is below the 0.50% threshold; plates this small are hard to learn
D:\DATN\datasets\raw\roboflow_cuong_ta\valid\images\CarLongPlateGen238_jpg.rf.88e81a622fb57372c0953d345ae7bc3c.jpg,warning,small_box,0,box area 0.3538% of the image is below the 0.50% threshold; plates this small are hard to learn
D:\DATN\datasets\raw\roboflow_cuong_ta\valid\images\CarLongPlateGen239_jpg.rf.7280aac06841ff3ee7202f6a02b6e403.jpg,warning,small_box,0,box area 0.3272% of the image is below the 0.50% threshold; plates this small are hard to learn
D:\DATN\datasets\raw\roboflow_cuong_ta\valid\images\CarLongPlateGen243_jpg.rf.5148b54398ac3c916c6c46d9e0aab0c8.jpg,warning,small_box,0,box area 0.3356% of the image is below the 0.50% threshold; plates this small are hard to learn
D:\DATN\datasets\raw\roboflow_cuong_ta\valid\images\CarLongPlateGen24_jpg.rf.aaf33485d612987cf5957c9515bbd36f.jpg,warning,small_box,0,box area 0.4209% of the image is below the 0.50% threshold; plates this small are hard to learn
D:\DATN\datasets\raw\roboflow_cuong_ta\valid\images\CarLongPlateGen255_jpg.rf.8d3485c0f69d592df81e64b21987203e.jpg,warning,small_box,0,box area 0.3000% of the image is below the 0.50% threshold; plates this small are hard to learn
D:\DATN\datasets\raw\roboflow_cuong_ta\valid\images\CarLongPlateGen256_jpg.rf.249b05cc081d549a0cd4b767b7017893.jpg,warning,small_box,0,box area 0.2517% of the image is below the 0.50% threshold; plates this small are hard to learn
D:\DATN\datasets\raw\roboflow_cuong_ta\valid\images\CarLongPlateGen262_jpg.rf.035e349a67485c02a7dcee2468684a77.jpg,warning,small_box,0,box area 0.3286% of the image is below the 0.50% threshold; plates this small are hard to learn
D:\DATN\datasets\raw\roboflow_cuong_ta\valid\images\CarLongPlateGen263_jpg.rf.fe79b80bb904de5228c502f1ac392e87.jpg,warning,small_box,0,box area 0.2685% of the image is below the 0.50% threshold; plates this small are hard to learn
D:\DATN\datasets\raw\roboflow_cuong_ta\valid\images\CarLongPlateGen265_jpg.rf.f3466ec819da59a7c4a24201b008a5c8.jpg,warning,small_box,0,box area 0.2307% of the image is below the 0.50% threshold; plates this small are hard to learn
D:\DATN\datasets\raw\roboflow_cuong_ta\valid\images\CarLongPlateGen268_jpg.rf.e52ef82d338d7396b11fc8ba77ca6cb5.jpg,warning,small_box,0,box area 0.2517% of the image is below the 0.50% threshold; plates this small are hard to learn
D:\DATN\datasets\raw\roboflow_cuong_ta\valid\images\CarLongPlateGen26_jpg.rf.8d4c12fd1ad4a8b16b08af759cd60fcf.jpg,warning,small_box,0,box area 0.3692% of the image is below the 0.50% threshold; plates this small are hard to learn
D:\DATN\datasets\raw\roboflow_cuong_ta\valid\images\CarLongPlateGen270_jpg.rf.b50c85c609ce6f0dd615f83139ee6382.jpg,warning,small_box,0,box area 0.4909% of the image is below the 0.50% threshold; plates this small are hard to learn
D:\DATN\datasets\raw\roboflow_cuong_ta\valid\images\CarLongPlateGen283_jpg.rf.5a5014748e13fc891e429c9efb7e45a7.jpg,warning,small_box,0,box area 0.4895% of the image is below the 0.50% threshold; plates this small are hard to learn
D:\DATN\datasets\raw\roboflow_cuong_ta\valid\images\CarLongPlateGen288_jpg.rf.3707d010cf740be5ad5dfac96d4cb84c.jpg,warning,small_box,0,box area 0.2853% of the image is below the 0.50% threshold; plates this small are hard to learn
D:\DATN\datasets\raw\roboflow_cuong_ta\valid\images\CarLongPlateGen28_jpg.rf.9a0f489c2d889f8d403667dd31d778e4.jpg,warning,small_box,0,box area 0.3426% of the image is below the 0.50% threshold; plates this small are hard to learn
D:\DATN\datasets\raw\roboflow_cuong_ta\valid\images\CarLongPlateGen292_jpg.rf.a219259e6c5c34be6b4a1d087cd597a3.jpg,warning,small_box,0,box area 0.3307% of the image is below the 0.50% threshold; plates this small are hard to learn
D:\DATN\datasets\raw\roboflow_cuong_ta\valid\images\CarLongPlateGen297_jpg.rf.822d19f0322778a1163abafd2e357240.jpg,warning,small_box,0,box area 0.3461% of the image is below the 0.50% threshold; plates this small are hard to learn
D:\DATN\datasets\raw\roboflow_cuong_ta\valid\images\CarLongPlateGen307_jpg.rf.0c3594d921c4b0543be1a25231850cd1.jpg,warning,small_box,0,box area 0.4076% of the image is below the 0.50% threshold; plates this small are hard to learn
D:\DATN\datasets\raw\roboflow_cuong_ta\valid\images\CarLongPlateGen31_jpg.rf.3aee6a368459a40619a0b46965b75152.jpg,warning,small_box,0,box area 0.4300% of the image is below the 0.50% threshold; plates this small are hard to learn
D:\DATN\datasets\raw\roboflow_cuong_ta\valid\images\CarLongPlateGen32_jpg.rf.ddca57ef6ee07b4633da409c17f55c20.jpg,warning,small_box,0,box area 0.4720% of the image is below the 0.50% threshold; plates this small are hard to learn
D:\DATN\datasets\raw\roboflow_cuong_ta\valid\images\CarLongPlateGen339_jpg.rf.a65cdf9a521371defc3a16a0bbdd5d7b.jpg,warning,small_box,0,box area 0.4279% of the image is below the 0.50% threshold; plates this small are hard to learn
D:\DATN\datasets\raw\roboflow_cuong_ta\valid\images\CarLongPlateGen346_jpg.rf.d812f1b818d3cf57ac962d20af711758.jpg,warning,small_box,0,box area 0.3916% of the image is below the 0.50% threshold; plates this small are hard to learn
D:\DATN\datasets\raw\roboflow_cuong_ta\valid\images\CarLongPlateGen350_jpg.rf.b2420d1317f2ae2774f058eb45ed5dff.jpg,warning,small_box,0,box area 0.4272% of the image is below the 0.50% threshold; plates this small are hard to learn
D:\DATN\datasets\raw\roboflow_cuong_ta\valid\images\CarLongPlateGen351_jpg.rf.52ab80030f1c73b06e0381693de30a5a.jpg,warning,small_box,0,box area 0.3538% of the image is below the 0.50% threshold; plates this small are hard to learn
D:\DATN\datasets\raw\roboflow_cuong_ta\valid\images\CarLongPlateGen354_jpg.rf.ee3e66c5665c8b3908a209f1f2384636.jpg,warning,small_box,0,box area 0.4699% of the image is below the 0.50% threshold; plates this small are hard to learn
D:\DATN\datasets\raw\roboflow_cuong_ta\valid\images\CarLongPlateGen356_jpg.rf.3c16c0941aa1c8795141d58fb9797a74.jpg,warning,small_box,0,box area 0.3454% of the image is below the 0.50% threshold; plates this small are hard to learn
D:\DATN\datasets\raw\roboflow_cuong_ta\valid\images\CarLongPlateGen360_jpg.rf.5e5d8cefd07e761fa85f497764ce0b8a.jpg,warning,small_box,0,box area 0.3818% of the image is below the 0.50% threshold; plates this small are hard to learn
D:\DATN\datasets\raw\roboflow_cuong_ta\valid\images\CarLongPlateGen361_jpg.rf.a1315f7df9f01b9071f7ed1e2ca0ab25.jpg,warning,small_box,0,box area 0.4363% of the image is below the 0.50% threshold; plates this small are hard to learn
D:\DATN\datasets\raw\roboflow_cuong_ta\valid\images\CarLongPlateGen363_jpg.rf.7274640c2d44f51fb249f51d18616834.jpg,warning,small_box,0,box area 0.4930% of the image is below the 0.50% threshold; plates this small are hard to learn
D:\DATN\datasets\raw\roboflow_cuong_ta\valid\images\CarLongPlateGen371_jpg.rf.bc6f31d865996f0f9e698c2932054887.jpg,warning,small_box,0,box area 0.4818% of the image is below the 0.50% threshold; plates this small are hard to learn
D:\DATN\datasets\raw\roboflow_cuong_ta\valid\images\CarLongPlateGen376_jpg.rf.f078bf735a7ff34fbf56cdd14246cac0.jpg,warning,small_box,0,box area 0.3636% of the image is below the 0.50% threshold; plates this small are hard to learn
D:\DATN\datasets\raw\roboflow_cuong_ta\valid\images\CarLongPlateGen379_jpg.rf.f5a28ff67d4261a15ba952875f0467e2.jpg,warning,small_box,0,box area 0.4447% of the image is below the 0.50% threshold; plates this small are hard to learn
D:\DATN\datasets\raw\roboflow_cuong_ta\valid\images\CarLongPlateGen37_jpg.rf.fe6bfcdfb4df8c0cd62916f99622354e.jpg,warning,small_box,0,box area 0.3272% of the image is below the 0.50% threshold; plates this small are hard to learn
D:\DATN\datasets\raw\roboflow_cuong_ta\valid\images\CarLongPlateGen385_jpg.rf.ce2cac19c701b1cad99e6f920fb1ce92.jpg,warning,small_box,0,box area 0.4699% of the image is below the 0.50% threshold; plates this small are hard to learn
D:\DATN\datasets\raw\roboflow_cuong_ta\valid\images\CarLongPlateGen387_jpg.rf.abaa2f939e636913f5cce0f79628cff1.jpg,warning,small_box,0,box area 0.4405% of the image is below the 0.50% threshold; plates this small are hard to learn
D:\DATN\datasets\raw\roboflow_cuong_ta\valid\images\CarLongPlateGen388_jpg.rf.28529e5968c09b6727b2927fad5cfb88.jpg,warning,small_box,0,box area 0.4447% of the image is below the 0.50% threshold; plates this small are hard to learn
D:\DATN\datasets\raw\roboflow_cuong_ta\valid\images\CarLongPlateGen38_jpg.rf.265b056464724b0816d06ab8a3d05c6b.jpg,warning,small_box,0,box area 0.3727% of the image is below the 0.50% threshold; plates this small are hard to learn
D:\DATN\datasets\raw\roboflow_cuong_ta\valid\images\CarLongPlateGen391_jpg.rf.281945a08e2c6854b219f640b97e8895.jpg,warning,small_box,0,box area 0.3902% of the image is below the 0.50% threshold; plates this small are hard to learn
D:\DATN\datasets\raw\roboflow_cuong_ta\valid\images\CarLongPlateGen3_jpg.rf.159ce9021cf69350fb14446c1f26a117.jpg,warning,small_box,0,box area 0.3909% of the image is below the 0.50% threshold; plates this small are hard to learn
D:\DATN\datasets\raw\roboflow_cuong_ta\valid\images\CarLongPlateGen416_jpg.rf.2041181e4c394e1c9c9ef4f454af31de.jpg,warning,small_box,0,box area 0.4818% of the image is below the 0.50% threshold; plates this small are hard to learn
D:\DATN\datasets\raw\roboflow_cuong_ta\valid\images\CarLongPlateGen419_jpg.rf.f508c200ecc7a4dd49a3d9d0364ac607.jpg,warning,small_box,0,box area 0.3426% of the image is below the 0.50% threshold; plates this small are hard to learn
D:\DATN\datasets\raw\roboflow_cuong_ta\valid\images\CarLongPlateGen429_jpg.rf.12c6b7ada1b513e986b8d081bb729a75.jpg,warning,small_box,0,box area 0.4454% of the image is below the 0.50% threshold; plates this small are hard to learn
D:\DATN\datasets\raw\roboflow_cuong_ta\valid\images\CarLongPlateGen437_jpg.rf.d3f60b3b54a9ca544a5d8e485f7e71d3.jpg,warning,small_box,0,box area 0.3356% of the image is below the 0.50% threshold; plates this small are hard to learn
D:\DATN\datasets\raw\roboflow_cuong_ta\valid\images\CarLongPlateGen448_jpg.rf.bcb3ea46011242a921a340701ce8bd7d.jpg,warning,small_box,0,box area 0.2384% of the image is below the 0.50% threshold; plates this small are hard to learn
D:\DATN\datasets\raw\roboflow_cuong_ta\valid\images\CarLongPlateGen450_jpg.rf.d70ede00937276f4645d372ecbf431b4.jpg,warning,small_box,0,box area 0.3769% of the image is below the 0.50% threshold; plates this small are hard to learn
D:\DATN\datasets\raw\roboflow_cuong_ta\valid\images\CarLongPlateGen452_jpg.rf.496d24a99f3d5b1a6bc844f30d2feff6.jpg,warning,small_box,0,box area 0.3356% of the image is below the 0.50% threshold; plates this small are hard to learn
D:\DATN\datasets\raw\roboflow_cuong_ta\valid\images\CarLongPlateGen454_jpg.rf.c08ba66ac6169d83c3073b8c3ad69d6d.jpg,warning,small_box,0,box area 0.4300% of the image is below the 0.50% threshold; plates this small are hard to learn
D:\DATN\datasets\raw\roboflow_cuong_ta\valid\images\CarLongPlateGen456_jpg.rf.b6bdcde72a6cd15149f1b798bdac5f19.jpg,warning,small_box,0,box area 0.4181% of the image is below the 0.50% threshold; plates this small are hard to learn
D:\DATN\datasets\raw\roboflow_cuong_ta\valid\images\CarLongPlateGen471_jpg.rf.378ec78fede8d0d8c002b3af1415e42d.jpg,warning,small_box,0,box area 0.3188% of the image is below the 0.50% threshold; plates this small are hard to learn
D:\DATN\datasets\raw\roboflow_cuong_ta\valid\images\CarLongPlateGen482_jpg.rf.59b853fefef82b883a3084349802a8c0.jpg,warning,small_box,0,box area 0.3384% of the image is below the 0.50% threshold; plates this small are hard to learn
D:\DATN\datasets\raw\roboflow_cuong_ta\valid\images\CarLongPlateGen483_jpg.rf.ad3c10fa50c9b243fa62ade5d249909b.jpg,warning,small_box,0,box area 0.3230% of the image is below the 0.50% threshold; plates this small are hard to learn
D:\DATN\datasets\raw\roboflow_cuong_ta\valid\images\CarLongPlateGen484_jpg.rf.eae985699a6bace0f5aa49bd7aee2e3c.jpg,warning,small_box,0,box area 0.4503% of the image is below the 0.50% threshold; plates this small are hard to learn
D:\DATN\datasets\raw\roboflow_cuong_ta\valid\images\CarLongPlateGen487_jpg.rf.f5865800af38bf78ec400653cc2b4991.jpg,warning,small_box,0,box area 0.4153% of the image is below the 0.50% threshold; plates this small are hard to learn
D:\DATN\datasets\raw\roboflow_cuong_ta\valid\images\CarLongPlateGen489_jpg.rf.ccb3b641fb08cdd9e22c4c6668d4b8ea.jpg,warning,small_box,0,box area 0.4111% of the image is below the 0.50% threshold; plates this small are hard to learn
D:\DATN\datasets\raw\roboflow_cuong_ta\valid\images\CarLongPlateGen491_jpg.rf.b0ce1bbc7c4053f53326e062ff0fdbed.jpg,warning,small_box,0,box area 0.3454% of the image is below the 0.50% threshold; plates this small are hard to learn
D:\DATN\datasets\raw\roboflow_cuong_ta\valid\images\CarLongPlateGen492_jpg.rf.b27305f088dbe309c9b9b7b025ace37d.jpg,warning,small_box,0,box area 0.4000% of the image is below the 0.50% threshold; plates this small are hard to learn
D:\DATN\datasets\raw\roboflow_cuong_ta\valid\images\CarLongPlateGen493_jpg.rf.45e406891b8e175a6f3d8c8e44c9fe7a.jpg,warning,small_box,0,box area 0.4517% of the image is below the 0.50% threshold; plates this small are hard to learn
D:\DATN\datasets\raw\roboflow_cuong_ta\valid\images\CarLongPlateGen4_jpg.rf.322a2077ea544333b0004cd850297d4a.jpg,warning,small_box,0,box area 0.4363% of the image is below the 0.50% threshold; plates this small are hard to learn
D:\DATN\datasets\raw\roboflow_cuong_ta\valid\images\CarLongPlateGen501_jpg.rf.f43b625ff81ade7340e0cfc6b50a8abc.jpg,warning,small_box,0,box area 0.4209% of the image is below the 0.50% threshold; plates this small are hard to learn
D:\DATN\datasets\raw\roboflow_cuong_ta\valid\images\CarLongPlateGen504_jpg.rf.c9c365cb304b2846a4659890ee1ea9a5.jpg,warning,small_box,0,box area 0.3846% of the image is below the 0.50% threshold; plates this small are hard to learn
D:\DATN\datasets\raw\roboflow_cuong_ta\valid\images\CarLongPlateGen50_jpg.rf.96985dbc8389aca547dbfd86f88abe0a.jpg,warning,small_box,0,box area 0.4636% of the image is below the 0.50% threshold; plates this small are hard to learn
D:\DATN\datasets\raw\roboflow_cuong_ta\valid\images\CarLongPlateGen511_jpg.rf.7f1443e75415413ce83bb384383eedf8.jpg,warning,small_box,0,box area 0.4363% of the image is below the 0.50% threshold; plates this small are hard to learn
D:\DATN\datasets\raw\roboflow_cuong_ta\valid\images\CarLongPlateGen514_jpg.rf.f6efd3d82a21fbae406e2193b349f58d.jpg,warning,small_box,0,box area 0.4363% of the image is below the 0.50% threshold; plates this small are hard to learn
D:\DATN\datasets\raw\roboflow_cuong_ta\valid\images\CarLongPlateGen537_jpg.rf.b709e940b3344e32128be97d7f161682.jpg,warning,small_box,0,box area 0.4028% of the image is below the 0.50% threshold; plates this small are hard to learn
D:\DATN\datasets\raw\roboflow_cuong_ta\valid\images\CarLongPlateGen544_jpg.rf.40cec7822c321e9d641a4d3ccf47dec9.jpg,warning,small_box,0,box area 0.4503% of the image is below the 0.50% threshold; plates this small are hard to learn
D:\DATN\datasets\raw\roboflow_cuong_ta\valid\images\CarLongPlateGen547_jpg.rf.e0017158ee21e35c2837754386083b07.jpg,warning,small_box,0,box area 0.4014% of the image is below the 0.50% threshold; plates this small are hard to learn
D:\DATN\datasets\raw\roboflow_cuong_ta\valid\images\CarLongPlateGen548_jpg.rf.de8192487dace18f17a412e83ccad552.jpg,warning,small_box,0,box area 0.3007% of the image is below the 0.50% threshold; plates this small are hard to learn
D:\DATN\datasets\raw\roboflow_cuong_ta\valid\images\CarLongPlateGen555_jpg.rf.9b3c69a8cb7f4c033c2d717ed386a8d9.jpg,warning,small_box,0,box area 0.3776% of the image is below the 0.50% threshold; plates this small are hard to learn
D:\DATN\datasets\raw\roboflow_cuong_ta\valid\images\CarLongPlateGen556_jpg.rf.29b23aa79d9281ca8f78dcb87b8c2839.jpg,warning,small_box,0,box area 0.4992% of the image is below the 0.50% threshold; plates this small are hard to learn
D:\DATN\datasets\raw\roboflow_cuong_ta\valid\images\CarLongPlateGen563_jpg.rf.7d25eb3d31424c1bf4342556ea9c3855.jpg,warning,small_box,0,box area 0.3524% of the image is below the 0.50% threshold; plates this small are hard to learn
D:\DATN\datasets\raw\roboflow_cuong_ta\valid\images\CarLongPlateGen574_jpg.rf.50bf4e17347cecb5d6cf9b089849130f.jpg,warning,small_box,0,box area 0.4992% of the image is below the 0.50% threshold; plates this small are hard to learn
D:\DATN\datasets\raw\roboflow_cuong_ta\valid\images\CarLongPlateGen575_jpg.rf.ff8bbdfe001176f930f63b3866d9168d.jpg,warning,small_box,0,box area 0.2126% of the image is below the 0.50% threshold; plates this small are hard to learn
D:\DATN\datasets\raw\roboflow_cuong_ta\valid\images\CarLongPlateGen576_jpg.rf.c7832fe6ba7e1f784fac4f13ffea669a.jpg,warning,small_box,0,box area 0.2923% of the image is below the 0.50% threshold; plates this small are hard to learn
D:\DATN\datasets\raw\roboflow_cuong_ta\valid\images\CarLongPlateGen588_jpg.rf.52d7b8faa2cb7be2d37d2ceb84069f1d.jpg,warning,small_box,0,box area 0.4000% of the image is below the 0.50% threshold; plates this small are hard to learn
D:\DATN\datasets\raw\roboflow_cuong_ta\valid\images\CarLongPlateGen58_jpg.rf.6cb453e5f852cc866e4844b56fae1092.jpg,warning,small_box,0,box area 0.3818% of the image is below the 0.50% threshold; plates this small are hard to learn
D:\DATN\datasets\raw\roboflow_cuong_ta\valid\images\CarLongPlateGen590_jpg.rf.29844848dada2a48bf9e2e45060107b3.jpg,warning,small_box,0,box area 0.3944% of the image is below the 0.50% threshold; plates this small are hard to learn
D:\DATN\datasets\raw\roboflow_cuong_ta\valid\images\CarLongPlateGen604_jpg.rf.b0617ff771b6f1738b84a11bb885c54e.jpg,warning,small_box,0,box area 0.1447% of the image is below the 0.50% threshold; plates this small are hard to learn
D:\DATN\datasets\raw\roboflow_cuong_ta\valid\images\CarLongPlateGen609_jpg.rf.fc600e66c925422b67448f57076df42d.jpg,warning,small_box,0,box area 0.4797% of the image is below the 0.50% threshold; plates this small are hard to learn
D:\DATN\datasets\raw\roboflow_cuong_ta\valid\images\CarLongPlateGen615_jpg.rf.bef7c27448ed468052ea28d1887ade4f.jpg,warning,small_box,0,box area 0.4727% of the image is below the 0.50% threshold; plates this small are hard to learn
D:\DATN\datasets\raw\roboflow_cuong_ta\valid\images\CarLongPlateGen616_jpg.rf.1d3eba6d4acfd26f27c754a2aae21ba0.jpg,warning,small_box,0,box area 0.3608% of the image is below the 0.50% threshold; plates this small are hard to learn
D:\DATN\datasets\raw\roboflow_cuong_ta\valid\images\CarLongPlateGen630_jpg.rf.014661a3ff32d3abf6206c302c5a4c7c.jpg,warning,small_box,0,box area 0.4307% of the image is below the 0.50% threshold; plates this small are hard to learn
D:\DATN\datasets\raw\roboflow_cuong_ta\valid\images\CarLongPlateGen634_jpg.rf.f50e43597c6dacef878574917b29c95b.jpg,warning,small_box,0,box area 0.2937% of the image is below the 0.50% threshold; plates this small are hard to learn
D:\DATN\datasets\raw\roboflow_cuong_ta\valid\images\CarLongPlateGen642_jpg.rf.ef5b93ece6b3fa7b67d76a2712f232c5.jpg,warning,small_box,0,box area 0.4384% of the image is below the 0.50% threshold; plates this small are hard to learn
D:\DATN\datasets\raw\roboflow_cuong_ta\valid\images\CarLongPlateGen64_jpg.rf.2362bf1c8ac0724b4b55646c923ffae6.jpg,warning,small_box,0,box area 0.2587% of the image is below the 0.50% threshold; plates this small are hard to learn
D:\DATN\datasets\raw\roboflow_cuong_ta\valid\images\CarLongPlateGen660_jpg.rf.15ba9901dcff90339546e241c9251b45.jpg,warning,small_box,0,box area 0.4307% of the image is below the 0.50% threshold; plates this small are hard to learn
D:\DATN\datasets\raw\roboflow_cuong_ta\valid\images\CarLongPlateGen664_jpg.rf.4c3843cc849fb07a500c459ec07e7d29.jpg,warning,small_box,0,box area 0.4615% of the image is below the 0.50% threshold; plates this small are hard to learn
D:\DATN\datasets\raw\roboflow_cuong_ta\valid\images\CarLongPlateGen671_jpg.rf.79a5189673ac2d63bcb2f40ec5a5bffe.jpg,warning,small_box,0,box area 0.4720% of the image is below the 0.50% threshold; plates this small are hard to learn
D:\DATN\datasets\raw\roboflow_cuong_ta\valid\images\CarLongPlateGen676_jpg.rf.eb288784dae09cff9172a4d71e201e32.jpg,warning,small_box,0,box area 0.4076% of the image is below the 0.50% threshold; plates this small are hard to learn
D:\DATN\datasets\raw\roboflow_cuong_ta\valid\images\CarLongPlateGen677_jpg.rf.827a4ed60668150d4d9e82e5a3906fab.jpg,warning,small_box,0,box area 0.3356% of the image is below the 0.50% threshold; plates this small are hard to learn
D:\DATN\datasets\raw\roboflow_cuong_ta\valid\images\CarLongPlateGen696_jpg.rf.2cba5c17a8d0b844f526b80ad3cb9e0d.jpg,warning,small_box,0,box area 0.3153% of the image is below the 0.50% threshold; plates this small are hard to learn
D:\DATN\datasets\raw\roboflow_cuong_ta\valid\images\CarLongPlateGen697_jpg.rf.05abb5d16abb37cb0f12cacd4549442b.jpg,warning,small_box,0,box area 0.4930% of the image is below the 0.50% threshold; plates this small are hard to learn
D:\DATN\datasets\raw\roboflow_cuong_ta\valid\images\CarLongPlateGen69_jpg.rf.308bb615fbf70e86ac103eb5b63a263f.jpg,warning,small_box,0,box area 0.2706% of the image is below the 0.50% threshold; plates this small are hard to learn
D:\DATN\datasets\raw\roboflow_cuong_ta\valid\images\CarLongPlateGen6_jpg.rf.987088021c829f83fad3cabed89d3798.jpg,warning,small_box,0,box area 0.3000% of the image is below the 0.50% threshold; plates this small are hard to learn
D:\DATN\datasets\raw\roboflow_cuong_ta\valid\images\CarLongPlateGen702_jpg.rf.95b67318e0d185aafbee02f9a657a6ad.jpg,warning,small_box,0,box area 0.4545% of the image is below the 0.50% threshold; plates this small are hard to learn
D:\DATN\datasets\raw\roboflow_cuong_ta\valid\images\CarLongPlateGen704_jpg.rf.fd98587839d086b4230480cc7e854cd9.jpg,warning,small_box,0,box area 0.3622% of the image is below the 0.50% threshold; plates this small are hard to learn
D:\DATN\datasets\raw\roboflow_cuong_ta\valid\images\CarLongPlateGen709_jpg.rf.c1fc15f50673c023015b71cbaec39530.jpg,warning,small_box,0,box area 0.3860% of the image is below the 0.50% threshold; plates this small are hard to learn
D:\DATN\datasets\raw\roboflow_cuong_ta\valid\images\CarLongPlateGen710_jpg.rf.592f2d49146dc4cb46a9cf9a2652b207.jpg,warning,small_box,0,box area 0.4000% of the image is below the 0.50% threshold; plates this small are hard to learn
D:\DATN\datasets\raw\roboflow_cuong_ta\valid\images\CarLongPlateGen712_jpg.rf.d6ba85e054a122424616d9d66193590f.jpg,warning,small_box,0,box area 0.3384% of the image is below the 0.50% threshold; plates this small are hard to learn
D:\DATN\datasets\raw\roboflow_cuong_ta\valid\images\CarLongPlateGen715_jpg.rf.9de73742e8b2124d48a6b5c454d1612e.jpg,warning,small_box,0,box area 0.3587% of the image is below the 0.50% threshold; plates this small are hard to learn
D:\DATN\datasets\raw\roboflow_cuong_ta\valid\images\CarLongPlateGen71_jpg.rf.7d16bfbe654b6626468d40c4f9289eea.jpg,warning,small_box,0,box area 0.4279% of the image is below the 0.50% threshold; plates this small are hard to learn
D:\DATN\datasets\raw\roboflow_cuong_ta\valid\images\CarLongPlateGen723_jpg.rf.f6063c9efa497ed9b51940e98d97e960.jpg,warning,small_box,0,box area 0.3909% of the image is below the 0.50% threshold; plates this small are hard to learn
D:\DATN\datasets\raw\roboflow_cuong_ta\valid\images\CarLongPlateGen727_jpg.rf.421c028c3fbd023be98a3cf1d08a6128.jpg,warning,small_box,0,box area 0.3230% of the image is below the 0.50% threshold; plates this small are hard to learn
D:\DATN\datasets\raw\roboflow_cuong_ta\valid\images\CarLongPlateGen736_jpg.rf.b0947309bc4941500eb4e005df74dd6f.jpg,warning,small_box,0,box area 0.4797% of the image is below the 0.50% threshold; plates this small are hard to learn
D:\DATN\datasets\raw\roboflow_cuong_ta\valid\images\CarLongPlateGen737_jpg.rf.8bf6749506d384eb162e730f1c721343.jpg,warning,small_box,0,box area 0.4999% of the image is below the 0.50% threshold; plates this small are hard to learn
D:\DATN\datasets\raw\roboflow_cuong_ta\valid\images\CarLongPlateGen73_jpg.rf.5867ae9f2e134a3ea93f94bc2f596a0f.jpg,warning,small_box,0,box area 0.2769% of the image is below the 0.50% threshold; plates this small are hard to learn
D:\DATN\datasets\raw\roboflow_cuong_ta\valid\images\CarLongPlateGen741_jpg.rf.7c7786b20725c591d11c2d967fb0e562.jpg,warning,small_box,0,box area 0.4111% of the image is below the 0.50% threshold; plates this small are hard to learn
D:\DATN\datasets\raw\roboflow_cuong_ta\valid\images\CarLongPlateGen745_jpg.rf.1f6a1d4790080a976aa5c154ee5bd1da.jpg,warning,small_box,0,box area 0.2391% of the image is below the 0.50% threshold; plates this small are hard to learn
D:\DATN\datasets\raw\roboflow_cuong_ta\valid\images\CarLongPlateGen750_jpg.rf.eb0c0120fec4a0e683a3296eef78e7e6.jpg,warning,small_box,0,box area 0.3769% of the image is below the 0.50% threshold; plates this small are hard to learn
D:\DATN\datasets\raw\roboflow_cuong_ta\valid\images\CarLongPlateGen753_jpg.rf.d72f197fbb2ba6a07eba6399064319d3.jpg,warning,small_box,0,box area 0.4720% of the image is below the 0.50% threshold; plates this small are hard to learn
D:\DATN\datasets\raw\roboflow_cuong_ta\valid\images\CarLongPlateGen755_jpg.rf.b943065bf7df801fb361359100769738.jpg,warning,small_box,0,box area 0.3692% of the image is below the 0.50% threshold; plates this small are hard to learn
D:\DATN\datasets\raw\roboflow_cuong_ta\valid\images\CarLongPlateGen75_jpg.rf.94eb16dce45ac8efbdb7bd0fd81a3b31.jpg,warning,small_box,0,box area 0.3105% of the image is below the 0.50% threshold; plates this small are hard to learn
D:\DATN\datasets\raw\roboflow_cuong_ta\valid\images\CarLongPlateGen769_jpg.rf.5c25e9fa57974179ee5196a8c7927681.jpg,warning,small_box,0,box area 0.4545% of the image is below the 0.50% threshold; plates this small are hard to learn
D:\DATN\datasets\raw\roboflow_cuong_ta\valid\images\CarLongPlateGen77_jpg.rf.12492d80e3a1ce3bed0eb7c79b52603b.jpg,warning,small_box,0,box area 0.4181% of the image is below the 0.50% threshold; plates this small are hard to learn
D:\DATN\datasets\raw\roboflow_cuong_ta\valid\images\CarLongPlateGen782_jpg.rf.7071b9a2708db04af6045c8ee1f75fbe.jpg,warning,small_box,0,box area 0.3496% of the image is below the 0.50% threshold; plates this small are hard to learn
D:\DATN\datasets\raw\roboflow_cuong_ta\valid\images\CarLongPlateGen786_jpg.rf.80d79bbb74e9ccdab807b6dc6da2c294.jpg,warning,small_box,0,box area 0.3608% of the image is below the 0.50% threshold; plates this small are hard to learn
D:\DATN\datasets\raw\roboflow_cuong_ta\valid\images\CarLongPlateGen78_jpg.rf.e97f860543917f41cf67b00b2a8e5009.jpg,warning,small_box,0,box area 0.3776% of the image is below the 0.50% threshold; plates this small are hard to learn
D:\DATN\datasets\raw\roboflow_cuong_ta\valid\images\CarLongPlateGen791_jpg.rf.ba84bf3179903f5447900fc6ebb7dcff.jpg,warning,small_box,0,box area 0.2615% of the image is below the 0.50% threshold; plates this small are hard to learn
D:\DATN\datasets\raw\roboflow_cuong_ta\valid\images\CarLongPlateGen79_jpg.rf.d07e9f1e680af672916c5fc62f64b20c.jpg,warning,small_box,0,box area 0.2937% of the image is below the 0.50% threshold; plates this small are hard to learn
D:\DATN\datasets\raw\roboflow_cuong_ta\valid\images\CarLongPlateGen803_jpg.rf.2f0dede6cf359aa69f7583437aa2f1f4.jpg,warning,small_box,0,box area 0.2937% of the image is below the 0.50% threshold; plates this small are hard to learn
D:\DATN\datasets\raw\roboflow_cuong_ta\valid\images\CarLongPlateGen805_jpg.rf.fb93eac8e748d5833fc5b9883e8b87ac.jpg,warning,small_box,0,box area 0.4727% of the image is below the 0.50% threshold; plates this small are hard to learn
D:\DATN\datasets\raw\roboflow_cuong_ta\valid\images\CarLongPlateGen806_jpg.rf.eac1ad7270cebc65f4c5705f0b742310.jpg,warning,small_box,0,box area 0.3776% of the image is below the 0.50% threshold; plates this small are hard to learn
D:\DATN\datasets\raw\roboflow_cuong_ta\valid\images\CarLongPlateGen808_jpg.rf.052b82deac066e3732ac2cd63684e593.jpg,warning,small_box,0,box area 0.3440% of the image is below the 0.50% threshold; plates this small are hard to learn
D:\DATN\datasets\raw\roboflow_cuong_ta\valid\images\CarLongPlateGen812_jpg.rf.86d8622a8500268323b9427c9eee740b.jpg,warning,small_box,0,box area 0.4272% of the image is below the 0.50% threshold; plates this small are hard to learn
D:\DATN\datasets\raw\roboflow_cuong_ta\valid\images\CarLongPlateGen815_jpg.rf.8813f96201893093d448608d257adcfe.jpg,warning,small_box,0,box area 0.4000% of the image is below the 0.50% threshold; plates this small are hard to learn
D:\DATN\datasets\raw\roboflow_cuong_ta\valid\images\CarLongPlateGen817_jpg.rf.496dcd92545ac9bb5dc06eb43f90a0d9.jpg,warning,small_box,0,box area 0.4510% of the image is below the 0.50% threshold; plates this small are hard to learn
D:\DATN\datasets\raw\roboflow_cuong_ta\valid\images\CarLongPlateGen81_jpg.rf.ac948a43b35faed33b73622a51f3aae3.jpg,warning,small_box,0,box area 0.2203% of the image is below the 0.50% threshold; plates this small are hard to learn
D:\DATN\datasets\raw\roboflow_cuong_ta\valid\images\CarLongPlateGen830_jpg.rf.ff34f5200a8b2fa74952c568240c1755.jpg,warning,small_box,0,box area 0.4000% of the image is below the 0.50% threshold; plates this small are hard to learn
D:\DATN\datasets\raw\roboflow_cuong_ta\valid\images\CarLongPlateGen835_jpg.rf.47f92e23ebe4c4037e27605b0e90057b.jpg,warning,small_box,0,box area 0.3286% of the image is below the 0.50% threshold; plates this small are hard to learn
D:\DATN\datasets\raw\roboflow_cuong_ta\valid\images\CarLongPlateGen837_jpg.rf.dab44790bf4e2c5e275b249697794277.jpg,warning,small_box,0,box area 0.3608% of the image is below the 0.50% threshold; plates this small are hard to learn
D:\DATN\datasets\raw\roboflow_cuong_ta\valid\images\CarLongPlateGen839_jpg.rf.18498c1810bada5ad16350b7ff45dc4c.jpg,warning,small_box,0,box area 0.4363% of the image is below the 0.50% threshold; plates this small are hard to learn
D:\DATN\datasets\raw\roboflow_cuong_ta\valid\images\CarLongPlateGen846_jpg.rf.ffcc7de3284b7adb0457977cfdce2a9a.jpg,warning,small_box,0,box area 0.3147% of the image is below the 0.50% threshold; plates this small are hard to learn
D:\DATN\datasets\raw\roboflow_cuong_ta\valid\images\CarLongPlateGen85_jpg.rf.14ee8bc67151e7ab2cd13c48594777a7.jpg,warning,small_box,0,box area 0.4615% of the image is below the 0.50% threshold; plates this small are hard to learn
D:\DATN\datasets\raw\roboflow_cuong_ta\valid\images\CarLongPlateGen862_jpg.rf.1977b77762871f8d26bff21367ba1371.jpg,warning,small_box,0,box area 0.3916% of the image is below the 0.50% threshold; plates this small are hard to learn
D:\DATN\datasets\raw\roboflow_cuong_ta\valid\images\CarLongPlateGen86_jpg.rf.9a6c2b87cb889d26bf8c833d0172114a.jpg,warning,small_box,0,box area 0.2517% of the image is below the 0.50% threshold; plates this small are hard to learn
D:\DATN\datasets\raw\roboflow_cuong_ta\valid\images\CarLongPlateGen870_jpg.rf.2a2d8ed159facc1db56aca0b4576077c.jpg,warning,small_box,0,box area 0.4363% of the image is below the 0.50% threshold; plates this small are hard to learn
D:\DATN\datasets\raw\roboflow_cuong_ta\valid\images\CarLongPlateGen873_jpg.rf.102f178e7bdb7c257f89cccbc067bf7e.jpg,warning,small_box,0,box area 0.4999% of the image is below the 0.50% threshold; plates this small are hard to learn
D:\DATN\datasets\raw\roboflow_cuong_ta\valid\images\CarLongPlateGen874_jpg.rf.b3f1268a0f2463255774d2a250dfab3d.jpg,warning,small_box,0,box area 0.4999% of the image is below the 0.50% threshold; plates this small are hard to learn
D:\DATN\datasets\raw\roboflow_cuong_ta\valid\images\CarLongPlateGen87_jpg.rf.d967774a19ed7bbd877da63207dd308e.jpg,warning,small_box,0,box area 0.4636% of the image is below the 0.50% threshold; plates this small are hard to learn
D:\DATN\datasets\raw\roboflow_cuong_ta\valid\images\CarLongPlateGen883_jpg.rf.977b23cf19a6d94cc12296bf2ff9a3b6.jpg,warning,small_box,0,box area 0.4363% of the image is below the 0.50% threshold; plates this small are hard to learn
D:\DATN\datasets\raw\roboflow_cuong_ta\valid\images\CarLongPlateGen884_jpg.rf.1f28f6de1de114efc3acd65b782aaf9b.jpg,warning,small_box,0,box area 0.2923% of the image is below the 0.50% threshold; plates this small are hard to learn
D:\DATN\datasets\raw\roboflow_cuong_ta\valid\images\CarLongPlateGen886_jpg.rf.b1cb910d49cfcf0df91e007da9d1c860.jpg,warning,small_box,0,box area 0.2238% of the image is below the 0.50% threshold; plates this small are hard to learn
D:\DATN\datasets\raw\roboflow_cuong_ta\valid\images\CarLongPlateGen891_jpg.rf.38f60b4506c725403e9b7098a6910bf3.jpg,warning,small_box,0,box area 0.4265% of the image is below the 0.50% threshold; plates this small are hard to learn
D:\DATN\datasets\raw\roboflow_cuong_ta\valid\images\CarLongPlateGen898_jpg.rf.cb0d8c0dca0db19eb319b79a45fcf007.jpg,warning,small_box,0,box area 0.2238% of the image is below the 0.50% threshold; plates this small are hard to learn
D:\DATN\datasets\raw\roboflow_cuong_ta\valid\images\CarLongPlateGen8_jpg.rf.64f73b05a4a9ae4195385bb9c69256c2.jpg,warning,small_box,0,box area 0.2447% of the image is below the 0.50% threshold; plates this small are hard to learn
D:\DATN\datasets\raw\roboflow_cuong_ta\valid\images\CarLongPlateGen902_jpg.rf.a2fecc28377254db5c9de6492b285491.jpg,warning,small_box,0,box area 0.3818% of the image is below the 0.50% threshold; plates this small are hard to learn
D:\DATN\datasets\raw\roboflow_cuong_ta\valid\images\CarLongPlateGen907_jpg.rf.a0d94595add15cf8def1d84e227f3885.jpg,warning,small_box,0,box area 0.3881% of the image is below the 0.50% threshold; plates this small are hard to learn
D:\DATN\datasets\raw\roboflow_cuong_ta\valid\images\CarLongPlateGen908_jpg.rf.0b42098333ed934506ed698df88fe813.jpg,warning,small_box,0,box area 0.4783% of the image is below the 0.50% threshold; plates this small are hard to learn
D:\DATN\datasets\raw\roboflow_cuong_ta\valid\images\CarLongPlateGen910_jpg.rf.5c90fe7f8ca1eaf7a3091ec91dac6ff6.jpg,warning,small_box,0,box area 0.2769% of the image is below the 0.50% threshold; plates this small are hard to learn
D:\DATN\datasets\raw\roboflow_cuong_ta\valid\images\CarLongPlateGen915_jpg.rf.fc1d6f67df55249efd14a9ffec867015.jpg,warning,small_box,0,box area 0.2909% of the image is below the 0.50% threshold; plates this small are hard to learn
D:\DATN\datasets\raw\roboflow_cuong_ta\valid\images\CarLongPlateGen922_jpg.rf.639ca309e51f13fdb63c660e316dadfb.jpg,warning,small_box,0,box area 0.4992% of the image is below the 0.50% threshold; plates this small are hard to learn
D:\DATN\datasets\raw\roboflow_cuong_ta\valid\images\CarLongPlateGen923_jpg.rf.63f24d2dac3d90722efc32226e9afcd1.jpg,warning,small_box,0,box area 0.3188% of the image is below the 0.50% threshold; plates this small are hard to learn
D:\DATN\datasets\raw\roboflow_cuong_ta\valid\images\CarLongPlateGen925_jpg.rf.03716151116c1230346f4a786ef21710.jpg,warning,small_box,0,box area 0.3818% of the image is below the 0.50% threshold; plates this small are hard to learn
D:\DATN\datasets\raw\roboflow_cuong_ta\valid\images\CarLongPlateGen926_jpg.rf.dd56c76a27ecf9de636ba34cdbdbcd69.jpg,warning,small_box,0,box area 0.2377% of the image is below the 0.50% threshold; plates this small are hard to learn
D:\DATN\datasets\raw\roboflow_cuong_ta\valid\images\CarLongPlateGen931_jpg.rf.38b8d380c4e9838c77be9c96ea2bfc39.jpg,warning,small_box,0,box area 0.4279% of the image is below the 0.50% threshold; plates this small are hard to learn
D:\DATN\datasets\raw\roboflow_cuong_ta\valid\images\CarLongPlateGen934_jpg.rf.3d356d26299ce45f6b24058760bea324.jpg,warning,small_box,0,box area 0.4279% of the image is below the 0.50% threshold; plates this small are hard to learn
D:\DATN\datasets\raw\roboflow_cuong_ta\valid\images\CarLongPlateGen940_jpg.rf.98c0a7e33cdc8f67a4f803a46c0a35f2.jpg,warning,small_box,0,box area 0.3727% of the image is below the 0.50% threshold; plates this small are hard to learn
D:\DATN\datasets\raw\roboflow_cuong_ta\valid\images\CarLongPlateGen944_jpg.rf.0c5749c47b04b0e2bc85c521762bfd08.jpg,warning,small_box,0,box area 0.4615% of the image is below the 0.50% threshold; plates this small are hard to learn
D:\DATN\datasets\raw\roboflow_cuong_ta\valid\images\CarLongPlateGen947_jpg.rf.2bb201a7d0c06e6e38f769f0a0c18fec.jpg,warning,small_box,0,box area 0.4874% of the image is below the 0.50% threshold; plates this small are hard to learn
D:\DATN\datasets\raw\roboflow_cuong_ta\valid\images\CarLongPlateGen948_jpg.rf.f8d02e579e828627eee57e1832560573.jpg,warning,small_box,0,box area 0.3188% of the image is below the 0.50% threshold; plates this small are hard to learn
D:\DATN\datasets\raw\roboflow_cuong_ta\valid\images\CarLongPlateGen950_jpg.rf.73daf982c4b1472d76350e1a3c4d1297.jpg,warning,small_box,0,box area 0.4195% of the image is below the 0.50% threshold; plates this small are hard to learn
D:\DATN\datasets\raw\roboflow_cuong_ta\valid\images\CarLongPlateGen953_jpg.rf.cc8d6421cdef84c1d872c4f0953ebce2.jpg,warning,small_box,0,box area 0.3356% of the image is below the 0.50% threshold; plates this small are hard to learn
D:\DATN\datasets\raw\roboflow_cuong_ta\valid\images\CarLongPlateGen954_jpg.rf.dc581d1ca9d757438670fee95761d4c6.jpg,warning,small_box,0,box area 0.4307% of the image is below the 0.50% threshold; plates this small are hard to learn
D:\DATN\datasets\raw\roboflow_cuong_ta\valid\images\CarLongPlateGen965_jpg.rf.33f19476d4e9b9b47efa4e8c412c4641.jpg,warning,small_box,0,box area 0.2391% of the image is below the 0.50% threshold; plates this small are hard to learn
D:\DATN\datasets\raw\roboflow_cuong_ta\valid\images\CarLongPlateGen966_jpg.rf.0ca0bc04e5d3a69d89e2a065fd984711.jpg,warning,small_box,0,box area 0.3147% of the image is below the 0.50% threshold; plates this small are hard to learn
D:\DATN\datasets\raw\roboflow_cuong_ta\valid\images\CarLongPlateGen968_jpg.rf.16a2c830d768be2f8ac862672cefe2cb.jpg,warning,small_box,0,box area 0.3944% of the image is below the 0.50% threshold; plates this small are hard to learn
D:\DATN\datasets\raw\roboflow_cuong_ta\valid\images\CarLongPlateGen978_jpg.rf.3131cdcb65d603b69caa770848e05ed0.jpg,warning,small_box,0,box area 0.3615% of the image is below the 0.50% threshold; plates this small are hard to learn
D:\DATN\datasets\raw\roboflow_cuong_ta\valid\images\CarLongPlateGen97_jpg.rf.d6a1fe8718b5f3eb05ade3b5c7914649.jpg,warning,small_box,0,box area 0.4454% of the image is below the 0.50% threshold; plates this small are hard to learn
D:\DATN\datasets\raw\roboflow_cuong_ta\valid\images\cropngoaigiao12_jpg.rf.89cd4ccac5dd60fd11c90c3c05c7addf.jpg,warning,small_box,1,box area 0.3077% of the image is below the 0.50% threshold; plates this small are hard to learn
D:\DATN\datasets\raw\roboflow_cuong_ta\valid\images\cropquandoi108_jpg.rf.c8fa88ac5c545bdebec92004418c3ed0.jpg,warning,small_box,0,box area 0.3199% of the image is below the 0.50% threshold; plates this small are hard to learn
D:\DATN\datasets\raw\roboflow_cuong_ta\valid\images\cropquandoi108_jpg.rf.c8fa88ac5c545bdebec92004418c3ed0.jpg,warning,small_box,1,box area 0.0495% of the image is below the 0.50% threshold; plates this small are hard to learn
D:\DATN\datasets\raw\roboflow_cuong_ta\valid\images\cropquandoi10_jpg.rf.b3e676ed7a251d446b364e4c6b09cd3a.jpg,warning,small_box,0,box area 0.4833% of the image is below the 0.50% threshold; plates this small are hard to learn
D:\DATN\datasets\raw\roboflow_cuong_ta\valid\images\cropquandoi110_jpg.rf.eeb6d25a29e6d53924b717d90617b82c.jpg,warning,small_box,0,box area 0.1367% of the image is below the 0.50% threshold; plates this small are hard to learn
D:\DATN\datasets\raw\roboflow_cuong_ta\valid\images\cropquandoi1_jpg.rf.8454d56171bbec85a64702d828630398.jpg,warning,small_box,0,box area 0.4717% of the image is below the 0.50% threshold; plates this small are hard to learn
D:\DATN\datasets\raw\roboflow_cuong_ta\valid\images\cropquandoi25_jpg.rf.1d4b41ffe83e1e836c283c6c4f6a0ff7.jpg,warning,small_box,1,box area 0.3138% of the image is below the 0.50% threshold; plates this small are hard to learn
D:\DATN\datasets\raw\roboflow_cuong_ta\valid\images\cropquandoi36_jpg.rf.11e72926af0539984de4876115da339f.jpg,warning,small_box,0,box area 0.4276% of the image is below the 0.50% threshold; plates this small are hard to learn
D:\DATN\datasets\raw\roboflow_cuong_ta\valid\images\cropquandoi39_jpg.rf.ecb782f861d7feaa78d9430874ea0f29.jpg,warning,small_box,1,box area 0.1458% of the image is below the 0.50% threshold; plates this small are hard to learn
D:\DATN\datasets\raw\roboflow_cuong_ta\valid\images\cropquandoi40_jpg.rf.39b8b15c8ab13409f7e5805eb4f18019.jpg,warning,small_box,0,box area 0.4565% of the image is below the 0.50% threshold; plates this small are hard to learn
D:\DATN\datasets\raw\roboflow_cuong_ta\valid\images\cropquandoi40_jpg.rf.39b8b15c8ab13409f7e5805eb4f18019.jpg,warning,small_box,1,box area 0.1802% of the image is below the 0.50% threshold; plates this small are hard to learn
D:\DATN\datasets\raw\roboflow_cuong_ta\valid\images\cropquandoi43_jpg.rf.b38c66bfd8e438fcc131ae7866a08484.jpg,warning,small_box,1,box area 0.4744% of the image is below the 0.50% threshold; plates this small are hard to learn
D:\DATN\datasets\raw\roboflow_cuong_ta\valid\images\cropquandoi59_jpg.rf.f2573837bb752349c26329295ee43315.jpg,warning,small_box,0,box area 0.3372% of the image is below the 0.50% threshold; plates this small are hard to learn
D:\DATN\datasets\raw\roboflow_cuong_ta\valid\images\cropquandoi59_jpg.rf.f2573837bb752349c26329295ee43315.jpg,warning,small_box,2,box area 0.0741% of the image is below the 0.50% threshold; plates this small are hard to learn
D:\DATN\datasets\raw\roboflow_cuong_ta\valid\images\cropquandoi59_jpg.rf.f2573837bb752349c26329295ee43315.jpg,warning,small_box,3,box area 0.0916% of the image is below the 0.50% threshold; plates this small are hard to learn
D:\DATN\datasets\raw\roboflow_cuong_ta\valid\images\cropquandoi63_jpg.rf.b98eac156ce81e55f5e59f5234a8fcf5.jpg,warning,small_box,0,box area 0.1571% of the image is below the 0.50% threshold; plates this small are hard to learn
D:\DATN\datasets\raw\roboflow_cuong_ta\valid\images\cropquandoi73_jpg.rf.a9ebf143ca910113f8481ddbb7b4c33d.jpg,warning,small_box,0,box area 0.4450% of the image is below the 0.50% threshold; plates this small are hard to learn
D:\DATN\datasets\raw\roboflow_cuong_ta\valid\images\cropquandoi81_jpg.rf.45f82fe7edb57a6406bbb84e1be04907.jpg,warning,small_box,0,box area 0.2421% of the image is below the 0.50% threshold; plates this small are hard to learn
D:\DATN\datasets\raw\roboflow_cuong_ta\valid\images\cropquandoi81_jpg.rf.45f82fe7edb57a6406bbb84e1be04907.jpg,warning,small_box,1,box area 0.0737% of the image is below the 0.50% threshold; plates this small are hard to learn
D:\DATN\datasets\raw\roboflow_cuong_ta\valid\images\cropquandoi81_jpg.rf.45f82fe7edb57a6406bbb84e1be04907.jpg,warning,small_box,2,box area 0.3193% of the image is below the 0.50% threshold; plates this small are hard to learn
D:\DATN\datasets\raw\roboflow_cuong_ta\valid\images\cropquandoi81_jpg.rf.45f82fe7edb57a6406bbb84e1be04907.jpg,warning,small_box,3,box area 0.1842% of the image is below the 0.50% threshold; plates this small are hard to learn
D:\DATN\datasets\raw\roboflow_cuong_ta\valid\images\cropquandoi85_jpg.rf.a98b621d96a64acc7a8934403e2dee1a.jpg,warning,small_box,0,box area 0.3835% of the image is below the 0.50% threshold; plates this small are hard to learn
D:\DATN\datasets\raw\roboflow_cuong_ta\valid\images\cropquandoi8_jpg.rf.1be4f6f2bc98d9ad87996045783409ed.jpg,warning,small_box,0,box area 0.2296% of the image is below the 0.50% threshold; plates this small are hard to learn
D:\DATN\datasets\raw\roboflow_cuong_ta\valid\images\cropquandoi91_jpg.rf.44e45c5231c17e1469f446cf3a55c15c.jpg,warning,small_box,0,box area 0.2833% of the image is below the 0.50% threshold; plates this small are hard to learn
D:\DATN\datasets\raw\roboflow_cuong_ta\valid\images\cropquandoi91_jpg.rf.44e45c5231c17e1469f446cf3a55c15c.jpg,warning,small_box,1,box area 0.1100% of the image is below the 0.50% threshold; plates this small are hard to learn
D:\DATN\datasets\raw\roboflow_cuong_ta\valid\images\cropquandoi91_jpg.rf.44e45c5231c17e1469f446cf3a55c15c.jpg,warning,small_box,2,box area 0.1667% of the image is below the 0.50% threshold; plates this small are hard to learn
D:\DATN\datasets\raw\roboflow_cuong_ta\valid\images\cropquandoi93_jpg.rf.87aabaaaf54ba40aa4428474313c6243.jpg,warning,small_box,0,box area 0.1911% of the image is below the 0.50% threshold; plates this small are hard to learn
D:\DATN\datasets\raw\roboflow_cuong_ta\valid\images\cropquandoi93_jpg.rf.87aabaaaf54ba40aa4428474313c6243.jpg,warning,small_box,1,box area 0.1393% of the image is below the 0.50% threshold; plates this small are hard to learn
D:\DATN\datasets\raw\roboflow_cuong_ta\valid\images\cropquandoi93_jpg.rf.87aabaaaf54ba40aa4428474313c6243.jpg,warning,small_box,2,box area 0.0919% of the image is below the 0.50% threshold; plates this small are hard to learn
D:\DATN\datasets\raw\roboflow_cuong_ta\valid\images\cropquandoi93_jpg.rf.87aabaaaf54ba40aa4428474313c6243.jpg,warning,small_box,3,box area 0.0539% of the image is below the 0.50% threshold; plates this small are hard to learn
D:\DATN\datasets\raw\roboflow_cuong_ta\valid\images\cropquandoi93_jpg.rf.87aabaaaf54ba40aa4428474313c6243.jpg,warning,small_box,4,box area 0.0849% of the image is below the 0.50% threshold; plates this small are hard to learn
D:\DATN\datasets\raw\roboflow_cuong_ta\valid\images\quandoi101_jpg.rf.0b10dcebde8325be40d5efe320f6da80.jpg,warning,small_box,0,box area 0.2041% of the image is below the 0.50% threshold; plates this small are hard to learn
D:\DATN\datasets\raw\roboflow_cuong_ta\valid\images\quandoi101_jpg.rf.0b10dcebde8325be40d5efe320f6da80.jpg,warning,small_box,1,box area 0.1373% of the image is below the 0.50% threshold; plates this small are hard to learn
D:\DATN\datasets\raw\roboflow_cuong_ta\valid\images\quandoi101_jpg.rf.0b10dcebde8325be40d5efe320f6da80.jpg,warning,small_box,2,box area 0.0789% of the image is below the 0.50% threshold; plates this small are hard to learn
D:\DATN\datasets\raw\roboflow_cuong_ta\valid\images\quandoi105_jpg.rf.63879fa246a7451bc4e475622be7a710.jpg,warning,small_box,0,box area 0.1755% of the image is below the 0.50% threshold; plates this small are hard to learn
D:\DATN\datasets\raw\roboflow_cuong_ta\valid\images\quandoi109_jpg.rf.07b92598e1b9ab987e82d8d2ba2f20f3.jpg,warning,small_box,0,box area 0.1302% of the image is below the 0.50% threshold; plates this small are hard to learn
D:\DATN\datasets\raw\roboflow_cuong_ta\valid\images\quandoi110_jpg.rf.1d40064c1dfb081db000d46b362039ff.jpg,warning,small_box,0,box area 0.2461% of the image is below the 0.50% threshold; plates this small are hard to learn
D:\DATN\datasets\raw\roboflow_cuong_ta\valid\images\quandoi11_jpg.rf.2744bf4d70e0a1726785256392576da0.jpg,warning,small_box,0,box area 0.4154% of the image is below the 0.50% threshold; plates this small are hard to learn
D:\DATN\datasets\raw\roboflow_cuong_ta\valid\images\quandoi17_jpg.rf.34593aabbcc8f5b95f52bfe79f8525e7.jpg,warning,small_box,0,box area 0.2439% of the image is below the 0.50% threshold; plates this small are hard to learn
D:\DATN\datasets\raw\roboflow_cuong_ta\valid\images\quandoi19_jpg.rf.2773d1ec113bcfdf96f054444b8e12de.jpg,warning,small_box,0,box area 0.4483% of the image is below the 0.50% threshold; plates this small are hard to learn
D:\DATN\datasets\raw\roboflow_cuong_ta\valid\images\quandoi1_jpg.rf.ae20dbaedccd0454a5fa65a6e19d7087.jpg,warning,small_box,0,box area 0.2367% of the image is below the 0.50% threshold; plates this small are hard to learn
D:\DATN\datasets\raw\roboflow_cuong_ta\valid\images\quandoi37_jpg.rf.8718cf634d8f49668a7a84a1d8bcd257.jpg,warning,small_box,0,box area 0.1808% of the image is below the 0.50% threshold; plates this small are hard to learn
D:\DATN\datasets\raw\roboflow_cuong_ta\valid\images\quandoi38_jpg.rf.a12f05af9e5ebf68c6e3a17bf4a63e85.jpg,warning,small_box,0,box area 0.2486% of the image is below the 0.50% threshold; plates this small are hard to learn
D:\DATN\datasets\raw\roboflow_cuong_ta\valid\images\quandoi40_jpg.rf.0386024405281f22951f5d8af6c6df07.jpg,warning,small_box,0,box area 0.3133% of the image is below the 0.50% threshold; plates this small are hard to learn
D:\DATN\datasets\raw\roboflow_cuong_ta\valid\images\quandoi40_jpg.rf.0386024405281f22951f5d8af6c6df07.jpg,warning,small_box,1,box area 0.1523% of the image is below the 0.50% threshold; plates this small are hard to learn
D:\DATN\datasets\raw\roboflow_cuong_ta\valid\images\quandoi42_jpg.rf.bc233a0a3e157f7e16d4fe74a1938b56.jpg,warning,small_box,0,box area 0.3480% of the image is below the 0.50% threshold; plates this small are hard to learn
D:\DATN\datasets\raw\roboflow_cuong_ta\valid\images\quandoi57_jpg.rf.9df646edca27ad18a4c2d6b8e994c6e0.jpg,warning,small_box,0,box area 0.2115% of the image is below the 0.50% threshold; plates this small are hard to learn
D:\DATN\datasets\raw\roboflow_cuong_ta\valid\images\quandoi5_jpg.rf.1bdda3426b3d992cf73dcda0af03914e.jpg,warning,small_box,0,box area 0.0905% of the image is below the 0.50% threshold; plates this small are hard to learn
D:\DATN\datasets\raw\roboflow_cuong_ta\valid\images\quandoi63_jpg.rf.9b32076bd43f6a9d2a61a06c97185dd8.jpg,warning,small_box,0,box area 0.1004% of the image is below the 0.50% threshold; plates this small are hard to learn
D:\DATN\datasets\raw\roboflow_cuong_ta\valid\images\quandoi6_jpg.rf.1895a49a3c49efe25f13c0e3bd3c4fe3.jpg,warning,small_box,0,box area 0.1086% of the image is below the 0.50% threshold; plates this small are hard to learn
D:\DATN\datasets\raw\roboflow_cuong_ta\valid\images\quandoi79_jpg.rf.ee3df9411b4877ac8a9d6dfd6a1a8afc.jpg,warning,small_box,0,box area 0.3609% of the image is below the 0.50% threshold; plates this small are hard to learn
D:\DATN\datasets\raw\roboflow_cuong_ta\valid\images\quandoi80_jpg.rf.e9ab2d63f9172c80de535323152cda37.jpg,warning,small_box,0,box area 0.4605% of the image is below the 0.50% threshold; plates this small are hard to learn
D:\DATN\datasets\raw\roboflow_cuong_ta\valid\images\quandoi86_jpg.rf.55fc2d59aad89e151d96e7cb50b9c7b6.jpg,warning,small_box,0,box area 0.2243% of the image is below the 0.50% threshold; plates this small are hard to learn
D:\DATN\datasets\raw\roboflow_cuong_ta\valid\images\quandoi86_jpg.rf.55fc2d59aad89e151d96e7cb50b9c7b6.jpg,warning,small_box,1,box area 0.0873% of the image is below the 0.50% threshold; plates this small are hard to learn
D:\DATN\datasets\raw\roboflow_cuong_ta\valid\images\quandoi86_jpg.rf.55fc2d59aad89e151d96e7cb50b9c7b6.jpg,warning,small_box,2,box area 0.0845% of the image is below the 0.50% threshold; plates this small are hard to learn
D:\DATN\datasets\raw\roboflow_cuong_ta\valid\images\quandoi88_jpg.rf.9d5d18e4daeafeea963d8ea3f3c9fdaa.jpg,warning,small_box,0,box area 0.2818% of the image is below the 0.50% threshold; plates this small are hard to learn
D:\DATN\datasets\raw\roboflow_cuong_ta\valid\images\quandoi98_jpg.rf.7135d03cb043694f7953d7b13da49872.jpg,warning,small_box,0,box area 0.2392% of the image is below the 0.50% threshold; plates this small are hard to learn
D:\DATN\datasets\raw\roboflow_cuong_ta\valid\images\rotatequandoi105_jpg.rf.e1f84900e4e906342f2b35fa75457603.jpg,warning,small_box,0,box area 0.2415% of the image is below the 0.50% threshold; plates this small are hard to learn
D:\DATN\datasets\raw\roboflow_cuong_ta\valid\images\rotatequandoi107_jpg.rf.f91b7d88c5e9bfb53e7b48d498caf242.jpg,warning,small_box,0,box area 0.3010% of the image is below the 0.50% threshold; plates this small are hard to learn
D:\DATN\datasets\raw\roboflow_cuong_ta\valid\images\rotatequandoi108_jpg.rf.50363547723f3942be47736f538fb0e6.jpg,warning,small_box,0,box area 0.4580% of the image is below the 0.50% threshold; plates this small are hard to learn
D:\DATN\datasets\raw\roboflow_cuong_ta\valid\images\rotatequandoi110_jpg.rf.c6b07932051deeee59653b27f1ad0e50.jpg,warning,small_box,0,box area 0.3737% of the image is below the 0.50% threshold; plates this small are hard to learn
D:\DATN\datasets\raw\roboflow_cuong_ta\valid\images\rotatequandoi20_jpg.rf.57887f1d1aa8622cf813015dba89f6f3.jpg,warning,small_box,0,box area 0.2813% of the image is below the 0.50% threshold; plates this small are hard to learn
D:\DATN\datasets\raw\roboflow_cuong_ta\valid\images\rotatequandoi25_jpg.rf.bd5010beb427d9e959eb5e978cb486d5.jpg,warning,small_box,1,box area 0.2942% of the image is below the 0.50% threshold; plates this small are hard to learn
D:\DATN\datasets\raw\roboflow_cuong_ta\valid\images\rotatequandoi2_jpg.rf.f6a64850a155a8929f1c0869f758dfcc.jpg,warning,small_box,0,box area 0.4028% of the image is below the 0.50% threshold; plates this small are hard to learn
D:\DATN\datasets\raw\roboflow_cuong_ta\valid\images\rotatequandoi46_jpg.rf.5e5dadd1a85cfd45c6f8f724910bec8a.jpg,warning,small_box,1,box area 0.2081% of the image is below the 0.50% threshold; plates this small are hard to learn
D:\DATN\datasets\raw\roboflow_cuong_ta\valid\images\rotatequandoi4_jpg.rf.1ed724e72039d84aa330dfc0a9dd4920.jpg,warning,small_box,0,box area 0.2877% of the image is below the 0.50% threshold; plates this small are hard to learn
D:\DATN\datasets\raw\roboflow_cuong_ta\valid\images\rotatequandoi4_jpg.rf.1ed724e72039d84aa330dfc0a9dd4920.jpg,warning,small_box,1,box area 0.0435% of the image is below the 0.50% threshold; plates this small are hard to learn
D:\DATN\datasets\raw\roboflow_cuong_ta\valid\images\rotatequandoi54_jpg.rf.531c20149c3b8462746f662df166cec6.jpg,warning,small_box,0,box area 0.3752% of the image is below the 0.50% threshold; plates this small are hard to learn
D:\DATN\datasets\raw\roboflow_cuong_ta\valid\images\rotatequandoi57_jpg.rf.9a0deb95bc52dee40d6482dde433c9d5.jpg,warning,small_box,0,box area 0.3223% of the image is below the 0.50% threshold; plates this small are hard to learn
D:\DATN\datasets\raw\roboflow_cuong_ta\valid\images\rotatequandoi5_jpg.rf.3697df8e457ed5dba797c2885e23d673.jpg,warning,small_box,0,box area 0.2006% of the image is below the 0.50% threshold; plates this small are hard to learn
D:\DATN\datasets\raw\roboflow_cuong_ta\valid\images\rotatequandoi63_jpg.rf.2aa0873e7f580a79a17ce509b6b8293e.jpg,warning,small_box,0,box area 0.1285% of the image is below the 0.50% threshold; plates this small are hard to learn
D:\DATN\datasets\raw\roboflow_cuong_ta\valid\images\rotatequandoi63_jpg.rf.2aa0873e7f580a79a17ce509b6b8293e.jpg,warning,small_box,1,box area 0.4170% of the image is below the 0.50% threshold; plates this small are hard to learn
D:\DATN\datasets\raw\roboflow_cuong_ta\valid\images\rotatequandoi81_jpg.rf.aca06ac3ed8755fa10f233071da25e95.jpg,warning,small_box,0,box area 0.1889% of the image is below the 0.50% threshold; plates this small are hard to learn
D:\DATN\datasets\raw\roboflow_cuong_ta\valid\images\rotatequandoi81_jpg.rf.aca06ac3ed8755fa10f233071da25e95.jpg,warning,small_box,1,box area 0.0982% of the image is below the 0.50% threshold; plates this small are hard to learn
D:\DATN\datasets\raw\roboflow_cuong_ta\valid\images\rotatequandoi81_jpg.rf.aca06ac3ed8755fa10f233071da25e95.jpg,warning,small_box,2,box area 0.2444% of the image is below the 0.50% threshold; plates this small are hard to learn
D:\DATN\datasets\raw\roboflow_cuong_ta\valid\images\rotatequandoi81_jpg.rf.aca06ac3ed8755fa10f233071da25e95.jpg,warning,small_box,3,box area 0.2088% of the image is below the 0.50% threshold; plates this small are hard to learn
D:\DATN\datasets\raw\roboflow_cuong_ta\valid\images\rotatequandoi85_jpg.rf.b58c252bb70fa346c3256cd324274deb.jpg,warning,small_box,0,box area 0.3306% of the image is below the 0.50% threshold; plates this small are hard to learn
D:\DATN\datasets\raw\roboflow_cuong_ta\valid\images\rotatequandoi8_jpg.rf.8356d16a74bcaf428a0e4bcd48707c82.jpg,warning,small_box,0,box area 0.1490% of the image is below the 0.50% threshold; plates this small are hard to learn
D:\DATN\datasets\raw\roboflow_cuong_ta\valid\images\rotatequandoi90_jpg.rf.c23d8f8ac9f50a8bfc8175de91ee25f1.jpg,warning,small_box,0,box area 0.2122% of the image is below the 0.50% threshold; plates this small are hard to learn
D:\DATN\datasets\raw\roboflow_cuong_ta\valid\images\rotatequandoi96_jpg.rf.e95e1381e8906655dd68be896d962bc1.jpg,warning,small_box,0,box area 0.2873% of the image is below the 0.50% threshold; plates this small are hard to learn
D:\DATN\datasets\raw\roboflow_cuong_ta\valid\images\xemay2398_jpg.rf.af3349b06436e419a5f90022200eac14.jpg,warning,small_box,0,box area 0.4335% of the image is below the 0.50% threshold; plates this small are hard to learn
