image_path,plate_text,line_count,plate_color,source_dataset,split
D:/DATN/datasets/raw/roboflow_plate_color/train/images/crop_caunamprc554_15H05619_05-02-2024_12-28-01_640_jpg.rf.689c83fdae92b8254abee263485000dd.jpg,15H05619,1,yellow,roboflow_plate_color,train
D:/DATN/datasets/raw/roboflow_plate_color/train/images/crop_caunamprc554_18B01587_05-02-2024_09-33-48_640_jpg.rf.326670098ab5b876d490ba032957dcf8.jpg,18B01587,1,yellow,roboflow_plate_color,train
D:/DATN/datasets/raw/roboflow_plate_color/train/images/crop_caunamprc554_34B02717_05-02-2024_07-54-11_640_jpg.rf.1cd9740757f41a4edd79bd89663b797e.jpg,34B02717,1,yellow,roboflow_plate_color,train
D:/DATN/datasets/raw/roboflow_plate_color/train/images/crop_caunamprc554_43B02851_05-02-2024_06-26-47_640_jpg.rf.4a3d321d6dcc7d861b2efef19c0a88d5.jpg,43B02851,1,yellow,roboflow_plate_color,train
D:/DATN/datasets/raw/roboflow_plate_color/train/images/crop_caunamprc554_50E05960_28-01-2024_13-06-57_640_jpg.rf.4fa5c3d6656f940582a2c5090ea292e9.jpg,50E05960,1,yellow,roboflow_plate_color,train
D:/DATN/datasets/raw/roboflow_plate_color/train/images/crop_caunamprc554_50F01627_29-01-2024_14-56-00_640_jpg.rf.94b81882e47afca7a7f306dcadbe6c08.jpg,50F01627,1,yellow,roboflow_plate_color,train
D:/DATN/datasets/raw/roboflow_plate_color/train/images/crop_caunamprc554_50F01659_05-02-2024_12-07-28_640_jpg.rf.8822c61e738ad36d269defa850492ff2.jpg,50F01659,1,yellow,roboflow_plate_color,train
D:/DATN/datasets/raw/roboflow_plate_color/train/images/crop_caunamprc554_50F01690_28-01-2024_09-18-48_640_jpg.rf.1cf1879cf0f133cbc7b3e22d6e7b5f95.jpg,50F01690,1,yellow,roboflow_plate_color,train
D:/DATN/datasets/raw/roboflow_plate_color/train/images/crop_caunamprc554_50F02086_05-02-2024_10-26-11_640_jpg.rf.5a5d3ed4177fd1c44c76d1707a1df9d3.jpg,50F02086,1,yellow,roboflow_plate_color,train
D:/DATN/datasets/raw/roboflow_plate_color/train/images/crop_caunamprc554_50F02134_28-01-2024_11-42-47_640_jpg.rf.d898a9dabe1a4a355bcd3a2467f7a6a7.jpg,50F02134,1,yellow,roboflow_plate_color,train
D:/DATN/datasets/raw/roboflow_plate_color/train/images/crop_caunamprc554_51B50157_28-01-2024_11-50-35_640_jpg.rf.2c0eab8baa370ae93142d3bc96547d43.jpg,51B50157,1,yellow,roboflow_plate_color,train
D:/DATN/datasets/raw/roboflow_plate_color/train/images/crop_caunamprc554_51D18992_05-02-2024_07-28-42_640_jpg.rf.1eed790443d079174312c5f889dd029c.jpg,51D18992,1,yellow,roboflow_plate_color,train
D:/DATN/datasets/raw/roboflow_plate_color/train/images/crop_caunamprc554_60H01015_29-01-2024_12-17-47_640_jpg.rf.c89abbb18eb299a69bb1f35a811bd2c6.jpg,60H01015,1,yellow,roboflow_plate_color,train
D:/DATN/datasets/raw/roboflow_plate_color/train/images/crop_caunamprc554_61B02747_05-02-2024_10-16-57_640_jpg.rf.421b9e7837b5776bc18bf22310ece94f.jpg,61B02747,1,yellow,roboflow_plate_color,train
D:/DATN/datasets/raw/roboflow_plate_color/train/images/crop_caunamprc554_61H06655_05-02-2024_10-40-05_640_jpg.rf.d0b413bdfb68d8866856622974849a2a.jpg,61H06655,1,yellow,roboflow_plate_color,train
D:/DATN/datasets/raw/roboflow_plate_color/train/images/crop_caunamprc554_71H02205_29-01-2024_12-05-09_640_jpg.rf.9291a90deabf6d2cc47f4a6acdf3f4e2.jpg,71H02205,1,yellow,roboflow_plate_color,train
D:/DATN/datasets/raw/roboflow_plate_color/train/images/crop_caunamprc554_73C09968_05-02-2024_13-24-01_640_jpg.rf.33e87be09cb4f45295daf9718e18d302.jpg,73C09968,1,yellow,roboflow_plate_color,train
D:/DATN/datasets/raw/roboflow_plate_color/train/images/crop_caunamprc554_77E00721_05-02-2024_07-55-21_640_jpg.rf.762a6a5e72f4613af02daefcfbfe7c5d.jpg,77E00721,1,yellow,roboflow_plate_color,train
D:/DATN/datasets/raw/roboflow_plate_color/train/images/crop_caunamprc554_79B01976_29-01-2024_09-32-27_640_jpg.rf.0ed63bf0758502ed5cf14c9405376bbf.jpg,79B01976,1,yellow,roboflow_plate_color,train
D:/DATN/datasets/raw/roboflow_plate_color/train/images/crop_caunamprc554_79B03114_05-02-2024_12-11-50_640_jpg.rf.2e29c574924a436fc1e5b2190e062eb9.jpg,79B03114,1,yellow,roboflow_plate_color,train
D:/DATN/datasets/raw/roboflow_plate_color/train/images/crop_caunamprc554_85B00522_05-02-2024_06-42-14_640_jpg.rf.9b7c8836875b53e64b92c05a38a5ef07.jpg,85B00522,1,yellow,roboflow_plate_color,train
D:/DATN/datasets/raw/roboflow_plate_color/train/images/crop_caunamprc554_85C03580_05-02-2024_12-38-11_640_jpg.rf.591518fb6b45acece77e2aad4b123645.jpg,85C03580,1,yellow,roboflow_plate_color,train
D:/DATN/datasets/raw/roboflow_plate_color/train/images/crop_caunamprc554_85G00009_04-02-2024_08-27-13_640_jpg.rf.c169314006e78defea1c6a44c762886f.jpg,85G00009,1,yellow,roboflow_plate_color,train
D:/DATN/datasets/raw/roboflow_plate_color/train/images/crop_caunamprc554_85H00020_05-02-2024_06-05-15_640_jpg.rf.12fb141e59bae81918e35302c4fbe848.jpg,85H00020,1,yellow,roboflow_plate_color,train
D:/DATN/datasets/raw/roboflow_plate_color/train/images/crop_caunamprc554_86A00113_04-02-2024_15-51-52_640_jpg.rf.8873b806c43ecf8c227f5de4fd5c2994.jpg,86A00113,1,blue,roboflow_plate_color,train
D:/DATN/datasets/raw/roboflow_plate_color/train/images/crop_caunamprc554_86A00118_29-01-2024_16-13-36_640_jpg.rf.99246fc55b028c12df86646d5a34d176.jpg,86A00118,1,blue,roboflow_plate_color,train
D:/DATN/datasets/raw/roboflow_plate_color/train/images/crop_caunamprc554_86A00229_05-02-2024_06-45-40_640_jpg.rf.c7c2a95efc9db6947d9265eb405dac32.jpg,86A00229,1,blue,roboflow_plate_color,train
D:/DATN/datasets/raw/roboflow_plate_color/train/images/crop_caunamprc554_86A00245_29-01-2024_15-24-05_640_jpg.rf.e795db363268da49f6adf8e32bf072cf.jpg,86A00245,1,blue,roboflow_plate_color,train
D:/DATN/datasets/raw/roboflow_plate_color/train/images/crop_caunamprc554_86B00946_05-02-2024_11-36-36_640_jpg.rf.de10f1e3a4ddd08eab52549bb2e71a5c.jpg,86B00946,1,yellow,roboflow_plate_color,train
D:/DATN/datasets/raw/roboflow_plate_color/train/images/crop_caunamprc554_86B01261_04-02-2024_16-50-18_640_jpg.rf.5cc61bbb97a95e4d5cc10ab3b3656e6c.jpg,86B01261,1,yellow,roboflow_plate_color,train
D:/DATN/datasets/raw/roboflow_plate_color/train/images/crop_caunamprc554_86B01282_04-02-2024_12-12-09_640_jpg.rf.d8a400ec03f0d9583431481939e2b34f.jpg,86B01282,1,yellow,roboflow_plate_color,train
D:/DATN/datasets/raw/roboflow_plate_color/train/images/crop_caunamprc554_86C06210_29-01-2024_12-18-14_640_jpg.rf.3f47c313f26a5372bfbd158f0a114dad.jpg,86C06210,1,yellow,roboflow_plate_color,train
D:/DATN/datasets/raw/roboflow_plate_color/train/images/crop_caunamprc554_86C08129_05-02-2024_10-46-19_640_jpg.rf.19203266d051b6f4476a4e6441018ada.jpg,86C08129,1,yellow,roboflow_plate_color,train
D:/DATN/datasets/raw/roboflow_plate_color/train/images/crop_caunamprc554_86F00320_05-02-2024_12-57-59_640_jpg.rf.08b9573e62adcc315399b0092ca02f6a.jpg,86F00320,1,yellow,roboflow_plate_color,train
D:/DATN/datasets/raw/roboflow_plate_color/train/images/crop_caunamprc554_86F00325_05-02-2024_07-37-09_640_jpg.rf.d7313f0c0fb3dc720fc52c7783160a31.jpg,86F00325,1,yellow,roboflow_plate_color,train
D:/DATN/datasets/raw/roboflow_plate_color/train/images/crop_caunamprc554_86F00327_28-01-2024_13-17-43_640_jpg.rf.78a3c98b8cf63d0af05f473f7d00c97a.jpg,86F00327,1,yellow,roboflow_plate_color,train
D:/DATN/datasets/raw/roboflow_plate_color/train/images/crop_caunamprc554_86F00400_04-02-2024_13-47-08_640_jpg.rf.eecfb16ff0be373a4d2c2f1212ed511a.jpg,86F00400,1,yellow,roboflow_plate_color,train
D:/DATN/datasets/raw/roboflow_plate_color/train/images/crop_caunamprc554_86H01412_05-02-2024_07-34-22_640_jpg.rf.ef6db5dc4a557c0a4d174ac43c2119b4.jpg,86H01412,1,yellow,roboflow_plate_color,train
D:/DATN/datasets/raw/roboflow_plate_color/train/images/crop_caunamprc554_89C21757_04-02-2024_11-28-03_640_jpg.rf.b707003bb307c768efc5bd7b1731266e.jpg,89C21757,1,yellow,roboflow_plate_color,train
D:/DATN/datasets/raw/roboflow_plate_color/train/images/crop_caunamprc555_17H00907_04-02-2024_15-14-10_640_jpg.rf.d25a06095590164eff98a9ae48b62c5e.jpg,17H00907,1,yellow,roboflow_plate_color,train
D:/DATN/datasets/raw/roboflow_plate_color/train/images/crop_caunamprc555_18G00145_05-02-2024_13-11-30_640_jpg.rf.f450fd2870f14ded25379ac6944799d9.jpg,18G00145,1,yellow,roboflow_plate_color,train
D:/DATN/datasets/raw/roboflow_plate_color/train/images/crop_caunamprc555_19F00412_28-01-2024_14-59-21_640_jpg.rf.16c8bc6432e14ad6b1d10e2aef35c97d.jpg,19F00412,1,yellow,roboflow_plate_color,train
D:/DATN/datasets/raw/roboflow_plate_color/train/images/crop_caunamprc555_20B02518_05-02-2024_11-44-01_640_jpg.rf.aed45cebc93f5df8435cf31cab8aa1f4.jpg,20B02518,1,yellow,roboflow_plate_color,train
D:/DATN/datasets/raw/roboflow_plate_color/train/images/crop_caunamprc555_29B15832_05-02-2024_13-09-06_640_jpg.rf.e33136f68ddf2fa82600758ffb0e0c7c.jpg,29B15832,1,yellow,roboflow_plate_color,train
D:/DATN/datasets/raw/roboflow_plate_color/train/images/crop_caunamprc555_36B02955_28-01-2024_12-40-09_640_jpg.rf.848d8ef4de2f829e1374dfd30abdb56a.jpg,36B02955,1,yellow,roboflow_plate_color,train
D:/DATN/datasets/raw/roboflow_plate_color/train/images/crop_caunamprc555_43B05136_04-02-2024_15-54-50_640_jpg.rf.3a5e408c160152dfabace1fba2dfb70d.jpg,43B05136,1,yellow,roboflow_plate_color,train
D:/DATN/datasets/raw/roboflow_plate_color/train/images/crop_caunamprc555_43E02831_04-02-2024_16-34-01_640_jpg.rf.f13a54e61f0c6b0bc48b22c72ddd7d5d.jpg,43E02831,1,yellow,roboflow_plate_color,train
D:/DATN/datasets/raw/roboflow_plate_color/train/images/crop_caunamprc555_50F01638_29-01-2024_13-48-25_640_jpg.rf.349da1635e93fc03654d2c8e01aad594.jpg,50F01638,1,yellow,roboflow_plate_color,train
D:/DATN/datasets/raw/roboflow_plate_color/train/images/crop_caunamprc555_50F02971_28-01-2024_16-23-58_640_jpg.rf.6563b2f752edf1126fbfb2e053b493c2.jpg,50F02971,1,yellow,roboflow_plate_color,train
D:/DATN/datasets/raw/roboflow_plate_color/train/images/crop_caunamprc555_50F03659_05-02-2024_12-49-34_640_jpg.rf.c6e6a473c5a347c531c0e49757137ea2.jpg,50F03659,1,yellow,roboflow_plate_color,train
D:/DATN/datasets/raw/roboflow_plate_color/train/images/crop_caunamprc555_50F04299_04-02-2024_15-55-15_640_jpg.rf.f508be7c4eb051b6f37dbf52fb30eee1.jpg,50F04299,1,yellow,roboflow_plate_color,train
D:/DATN/datasets/raw/roboflow_plate_color/train/images/crop_caunamprc555_50F05151_05-02-2024_14-48-03_640_jpg.rf.ab5b5ee1295ccd6a88fd21adaa38d7d6.jpg,50F05151,1,yellow,roboflow_plate_color,train
D:/DATN/datasets/raw/roboflow_plate_color/train/images/crop_caunamprc555_50H00189_04-02-2024_16-41-20_640_jpg.rf.9f1a01fc196ea0db8127c182cea60f79.jpg,50H00189,1,yellow,roboflow_plate_color,train
D:/DATN/datasets/raw/roboflow_plate_color/train/images/crop_caunamprc555_50H02574_04-02-2024_12-51-48_640_jpg.rf.b17ab53c1e0bcc85ec4c588a99634886.jpg,50H02574,1,yellow,roboflow_plate_color,train
D:/DATN/datasets/raw/roboflow_plate_color/train/images/crop_caunamprc555_50H19575_04-02-2024_16-16-18_640_jpg.rf.4e8d366bb1f8f667475cf2c069238673.jpg,50H19575,1,yellow,roboflow_plate_color,train
D:/DATN/datasets/raw/roboflow_plate_color/train/images/crop_caunamprc555_50H30753_05-02-2024_08-00-36_640_jpg.rf.579bd2d153e3337d24db9e36ce1671fc.jpg,50H30753,1,yellow,roboflow_plate_color,train
D:/DATN/datasets/raw/roboflow_plate_color/train/images/crop_caunamprc555_50H355131_05-02-2024_12-20-02_640_jpg.rf.a5ab7ffb262d7e97512c1f727d1c6e72.jpg,50H355131,1,yellow,roboflow_plate_color,train
D:/DATN/datasets/raw/roboflow_plate_color/train/images/crop_caunamprc555_51B07626_05-02-2024_12-17-39_640_jpg.rf.694679efb10c1f1e14478873c7bed08d.jpg,51B07626,1,yellow,roboflow_plate_color,train
D:/DATN/datasets/raw/roboflow_plate_color/train/images/crop_caunamprc555_51B08284_04-02-2024_15-25-48_640_jpg.rf.a86d581b40064388e86b90fd1badd865.jpg,51B08284,1,yellow,roboflow_plate_color,train
D:/DATN/datasets/raw/roboflow_plate_color/train/images/crop_caunamprc555_51B26975_05-02-2024_09-14-12_640_jpg.rf.106a49462140630e76effb4a14f472d6.jpg,51B26975,1,yellow,roboflow_plate_color,train
D:/DATN/datasets/raw/roboflow_plate_color/train/images/crop_caunamprc555_51B28656_05-02-2024_12-47-33_640_jpg.rf.d6aebb07a7fd261f02c94358153ba4e9.jpg,51B28656,1,yellow,roboflow_plate_color,train
D:/DATN/datasets/raw/roboflow_plate_color/train/images/crop_caunamprc555_51B28809_05-02-2024_13-55-09_640_jpg.rf.84dcf6d70b5196b33b8d899c166e5fe2.jpg,51B28809,1,yellow,roboflow_plate_color,train
D:/DATN/datasets/raw/roboflow_plate_color/train/images/crop_caunamprc555_51B40378_29-01-2024_13-39-44_640_jpg.rf.0b6c658f9f4cec86d2053b17722f2b48.jpg,51B40378,1,yellow,roboflow_plate_color,train
D:/DATN/datasets/raw/roboflow_plate_color/train/images/crop_caunamprc555_51C96388_04-02-2024_10-09-30_640_jpg.rf.3f0694fae816428c8b98983995c38614.jpg,51C96388,1,yellow,roboflow_plate_color,train
D:/DATN/datasets/raw/roboflow_plate_color/train/images/crop_caunamprc555_51D42419_04-02-2024_16-50-45_640_jpg.rf.bcddf09eab00f3ec0711705bb68b06f2.jpg,51D42419,1,yellow,roboflow_plate_color,train
D:/DATN/datasets/raw/roboflow_plate_color/train/images/crop_caunamprc555_51D65878_04-02-2024_11-05-11_640_jpg.rf.53b6c29c2573945879082dc1ea8d3fde.jpg,51D65878,1,yellow,roboflow_plate_color,train
D:/DATN/datasets/raw/roboflow_plate_color/train/images/crop_caunamprc555_61H09066_04-02-2024_07-49-20_640_jpg.rf.2575106cb04f0fc229ae243f6334fb9d.jpg,61H09066,1,yellow,roboflow_plate_color,train
D:/DATN/datasets/raw/roboflow_plate_color/train/images/crop_caunamprc555_63H03207_04-02-2024_17-48-48_640_jpg.rf.0ceb09d2d910ef4216c7f1ac0a76c031.jpg,63H03207,1,yellow,roboflow_plate_color,train
D:/DATN/datasets/raw/roboflow_plate_color/train/images/crop_caunamprc555_64H02256_04-02-2024_12-40-58_640_jpg.rf.e22aa9c2c1edff3ab4abdb86d5a8e7d1.jpg,64H02256,1,yellow,roboflow_plate_color,train
D:/DATN/datasets/raw/roboflow_plate_color/train/images/crop_caunamprc555_69C01000_04-02-2024_09-40-41_640_jpg.rf.87b6232d857a84d4917eff27c0e15379.jpg,69C01000,1,yellow,roboflow_plate_color,train
D:/DATN/datasets/raw/roboflow_plate_color/train/images/crop_caunamprc555_71C03308_04-02-2024_14-07-36_640_jpg.rf.d7f520ab18309f53596fd1b60a0a83c0.jpg,71C03308,1,yellow,roboflow_plate_color,train
D:/DATN/datasets/raw/roboflow_plate_color/train/images/crop_caunamprc555_71F00195_04-02-2024_15-28-36_640_jpg.rf.f722f827f2e98739a354ee1ebf7006ba.jpg,71F00195,1,yellow,roboflow_plate_color,train
D:/DATN/datasets/raw/roboflow_plate_color/train/images/crop_caunamprc555_73F00363_28-01-2024_10-44-28_640_jpg.rf.d1b58d4413680493cb531c2b1716884e.jpg,73F00363,1,yellow,roboflow_plate_color,train
D:/DATN/datasets/raw/roboflow_plate_color/train/images/crop_caunamprc555_73H00197_04-02-2024_15-24-51_640_jpg.rf.648f1e346680a27bd8e126a03fb0fca7.jpg,73H00197,1,yellow,roboflow_plate_color,train
D:/DATN/datasets/raw/roboflow_plate_color/train/images/crop_caunamprc555_74F00499_28-01-2024_11-37-57_640_jpg.rf.d223e6989392fc58064434c6cebde2b6.jpg,74F00499,1,yellow,roboflow_plate_color,train
D:/DATN/datasets/raw/roboflow_plate_color/train/images/crop_caunamprc555_76B00667_04-02-2024_17-20-10_640_jpg.rf.acb577fc25a7613ab327ca252b1f9709.jpg,76B00667,1,yellow,roboflow_plate_color,train
D:/DATN/datasets/raw/roboflow_plate_color/train/images/crop_caunamprc555_76B01214_05-02-2024_14-05-17_640_jpg.rf.f68dafdbb112b89004974bb5c7b73d16.jpg,76B01214,1,yellow,roboflow_plate_color,train
D:/DATN/datasets/raw/roboflow_plate_color/train/images/crop_caunamprc555_76B01228_04-02-2024_15-50-37_640_jpg.rf.9296c0742ea1440436638fa177359831.jpg,76B01228,1,yellow,roboflow_plate_color,train
D:/DATN/datasets/raw/roboflow_plate_color/train/images/crop_caunamprc555_76B01322_05-02-2024_13-11-32_640_jpg.rf.28e6f3b3c21fe458200ad4e620cac04b.jpg,76B01322,1,yellow,roboflow_plate_color,train
D:/DATN/datasets/raw/roboflow_plate_color/train/images/crop_caunamprc555_76C14031_05-02-2024_09-33-12_640_jpg.rf.0d5e747a9bcafc0cc4b308914222b3f4.jpg,76C14031,1,yellow,roboflow_plate_color,train
D:/DATN/datasets/raw/roboflow_plate_color/train/images/crop_caunamprc555_77F00103_05-02-2024_10-42-49_640_jpg.rf.bbe06929f2be45bcf1bdcb5410deee5f.jpg,77F00103,1,yellow,roboflow_plate_color,train
D:/DATN/datasets/raw/roboflow_plate_color/train/images/crop_caunamprc555_77F00441_05-02-2024_14-05-32_640_jpg.rf.4f3e0ac6a3c05a09fb768fea15a2624e.jpg,77F00441,1,yellow,roboflow_plate_color,train
D:/DATN/datasets/raw/roboflow_plate_color/train/images/crop_caunamprc555_77H05089_05-02-2024_14-05-20_640_jpg.rf.22a0083c89fec5262561898ae59a3154.jpg,77H05089,1,yellow,roboflow_plate_color,train
D:/DATN/datasets/raw/roboflow_plate_color/train/images/crop_caunamprc555_78B00494_05-02-2024_12-29-51_640_jpg.rf.a177a81572ce6bf2bcd77e23ac66c1f2.jpg,78B00494,1,yellow,roboflow_plate_color,train
D:/DATN/datasets/raw/roboflow_plate_color/train/images/crop_caunamprc555_78C09010_04-02-2024_16-50-26_640_jpg.rf.6d1b7ae25ce0c3a50c39df288a05336f.jpg,78C09010,1,yellow,roboflow_plate_color,train
D:/DATN/datasets/raw/roboflow_plate_color/train/images/crop_caunamprc555_79C16580_05-02-2024_09-14-50_640_jpg.rf.5df29d076c9bbdab91fe6bdfaf61d1e6.jpg,79C16580,1,yellow,roboflow_plate_color,train
D:/DATN/datasets/raw/roboflow_plate_color/train/images/crop_caunamprc555_79F00575_04-02-2024_17-07-03_640_jpg.rf.d2667fbea93cd836ab4273ecb7e5cd27.jpg,79F00575,1,yellow,roboflow_plate_color,train
D:/DATN/datasets/raw/roboflow_plate_color/train/images/crop_caunamprc555_85B00219_04-02-2024_15-55-57_640_jpg.rf.da7da9c56dd1fa68ee1ed4003d931fee.jpg,85B00219,1,yellow,roboflow_plate_color,train
D:/DATN/datasets/raw/roboflow_plate_color/train/images/crop_caunamprc555_85B00423_05-02-2024_13-28-42_640_jpg.rf.2ae65575939a4f3ae8a612587648a1db.jpg,85B00423,1,yellow,roboflow_plate_color,train
D:/DATN/datasets/raw/roboflow_plate_color/train/images/crop_caunamprc555_85B00423_29-01-2024_13-51-33_640_jpg.rf.b11344f604dd331768c049af256e06e9.jpg,85B00423,1,yellow,roboflow_plate_color,train
D:/DATN/datasets/raw/roboflow_plate_color/train/images/crop_caunamprc555_85C02342_04-02-2024_17-52-56_640_jpg.rf.ba39819090571649fa6437fb6011daab.jpg,85C02342,1,yellow,roboflow_plate_color,train
D:/DATN/datasets/raw/roboflow_plate_color/train/images/crop_caunamprc555_85C05356_04-02-2024_17-30-41_640_jpg.rf.e687486b01cc27fb8ed27202b495dea9.jpg,85C05356,1,yellow,roboflow_plate_color,train
D:/DATN/datasets/raw/roboflow_plate_color/train/images/crop_caunamprc555_85F00313_04-02-2024_16-36-52_640_jpg.rf.1a1abf793445dc99b13ad1c12c1afc26.jpg,85F00313,1,yellow,roboflow_plate_color,train
D:/DATN/datasets/raw/roboflow_plate_color/train/images/crop_caunamprc555_85F00333_05-02-2024_12-30-45_640_jpg.rf.c61110fda8644fbfd234ed0b06e7bbc8.jpg,85F00333,1,yellow,roboflow_plate_color,train
D:/DATN/datasets/raw/roboflow_plate_color/train/images/crop_caunamprc555_86A00063_29-01-2024_14-17-44_640_jpg.rf.d75c90cf9f612cc17191183baba1d50e.jpg,86A00063,1,blue,roboflow_plate_color,train
D:/DATN/datasets/raw/roboflow_plate_color/train/images/crop_caunamprc555_86A00245_29-01-2024_15-49-52_640_jpg.rf.9cead470310db151561ffcdb1df53c16.jpg,86A00245,1,blue,roboflow_plate_color,train
D:/DATN/datasets/raw/roboflow_plate_color/train/images/crop_caunamprc555_86B11274_04-02-2024_16-53-47_640_jpg.rf.f124acb976b1a95744464d437573c014.jpg,86B11274,1,yellow,roboflow_plate_color,train
D:/DATN/datasets/raw/roboflow_plate_color/train/images/crop_caunamprc555_86C02456_05-02-2024_09-13-34_640_jpg.rf.3da9ce8642b2fdda0b1831c040cdfdc4.jpg,86C02456,1,yellow,roboflow_plate_color,train
D:/DATN/datasets/raw/roboflow_plate_color/train/images/crop_caunamprc555_86C05548_04-02-2024_13-11-03_640_jpg.rf.4899dd2240f4ab479eb1e43e2739f1b7.jpg,86C05548,1,yellow,roboflow_plate_color,train
D:/DATN/datasets/raw/roboflow_plate_color/train/images/crop_caunamprc555_86C08873_05-02-2024_13-39-30_640_jpg.rf.8a40391c0326d7fc9c3a0735759a619c.jpg,86C08873,1,yellow,roboflow_plate_color,train
D:/DATN/datasets/raw/roboflow_plate_color/train/images/crop_caunamprc555_86C11762_04-02-2024_10-04-44_640_jpg.rf.a195d72f7532abf1e398e0bd84e7d86b.jpg,86C11762,1,yellow,roboflow_plate_color,train
D:/DATN/datasets/raw/roboflow_plate_color/train/images/crop_caunamprc555_86F00402_05-02-2024_07-05-29_640_jpg.rf.f01eeb2f56ce3849a93e4adca0419554.jpg,86F00402,1,yellow,roboflow_plate_color,train
D:/DATN/datasets/raw/roboflow_plate_color/train/images/crop_caunamprc555_86H01041_05-02-2024_09-50-07_640_jpg.rf.9c555d530d5018c202c5c4f54ab6b76d.jpg,86H01041,1,yellow,roboflow_plate_color,train
D:/DATN/datasets/raw/roboflow_plate_color/train/images/crop_caunamprc555_89F00251_04-02-2024_09-52-20_640_jpg.rf.039077a4002a032f56ed4d0898ec3c85.jpg,89F00251,1,yellow,roboflow_plate_color,train
D:/DATN/datasets/raw/roboflow_plate_color/train/images/crop_garagecuong554_17H00006_04-02-2024_14-01-30_640_jpg.rf.5dac3413ca14a9b413ceb2b838729376.jpg,17H00006,1,yellow,roboflow_plate_color,train
D:/DATN/datasets/raw/roboflow_plate_color/train/images/crop_garagecuong554_18H01530_05-02-2024_08-50-35_640_jpg.rf.d1041fe703937eb769d1e476688f0cf1.jpg,18H01530,1,yellow,roboflow_plate_color,train
D:/DATN/datasets/raw/roboflow_plate_color/train/images/crop_garagecuong554_36H04394_04-02-2024_16-33-42_640_jpg.rf.d192984372ebd2fd89e5eeafbd5f4f01.jpg,36H04394,1,yellow,roboflow_plate_color,train
D:/DATN/datasets/raw/roboflow_plate_color/train/images/crop_garagecuong554_37B02508_28-01-2024_09-55-45_640_jpg.rf.5b2f1ae4ec0dba223816c02a17904fb8.jpg,37B02508,1,yellow,roboflow_plate_color,train
D:/DATN/datasets/raw/roboflow_plate_color/train/images/crop_garagecuong554_43C07172_05-02-2024_11-20-56_640_jpg.rf.0196a685d7e2dc989d087fb476b0bb58.jpg,43C07172,1,yellow,roboflow_plate_color,train
D:/DATN/datasets/raw/roboflow_plate_color/train/images/crop_garagecuong554_50F01627_05-02-2024_10-13-37_640_jpg.rf.236c0333ac3d4542ccccb1125548bc10.jpg,50F01627,1,yellow,roboflow_plate_color,train
D:/DATN/datasets/raw/roboflow_plate_color/train/images/crop_garagecuong554_50F03907_05-02-2024_12-12-31_640_jpg.rf.97ba92b5fa2e53ead9d3bce770b9cc4a.jpg,50F03907,1,yellow,roboflow_plate_color,train
D:/DATN/datasets/raw/roboflow_plate_color/train/images/crop_garagecuong554_50F04545_05-02-2024_08-37-36_640_jpg.rf.b5a5212d68190b2c83b934a05ca6c5fe.jpg,50F04545,1,yellow,roboflow_plate_color,train
D:/DATN/datasets/raw/roboflow_plate_color/train/images/crop_garagecuong554_50F05177_05-02-2024_10-46-45_640_jpg.rf.4130bcf7f00134e6bec6f42527ae8fb9.jpg,50F05177,1,yellow,roboflow_plate_color,train
D:/DATN/datasets/raw/roboflow_plate_color/train/images/crop_garagecuong554_50H00866_05-02-2024_08-57-19_640_jpg.rf.ea93cd86fa3f24dc4b9b09e8323f4db2.jpg,50H00866,1,yellow,roboflow_plate_color,train
D:/DATN/datasets/raw/roboflow_plate_color/train/images/crop_garagecuong554_50H02788_04-02-2024_12-52-43_640_jpg.rf.b55d060286b9dd268a1abe7078939e0d.jpg,50H02788,1,yellow,roboflow_plate_color,train
D:/DATN/datasets/raw/roboflow_plate_color/train/images/crop_garagecuong554_50H06260_04-02-2024_09-17-56_640_jpg.rf.a480ed8af081e68123144e4b8da0fd99.jpg,50H06260,1,yellow,roboflow_plate_color,train
D:/DATN/datasets/raw/roboflow_plate_color/train/images/crop_garagecuong554_50H13596_05-02-2024_12-12-48_640_jpg.rf.92f484562942c7eeff865d3949072780.jpg,50H13596,1,yellow,roboflow_plate_color,train
D:/DATN/datasets/raw/roboflow_plate_color/train/images/crop_garagecuong554_50H14017_04-02-2024_09-37-48_640_jpg.rf.16be3af69bb82368b310f45cca28d7a0.jpg,50H14017,1,yellow,roboflow_plate_color,train
D:/DATN/datasets/raw/roboflow_plate_color/train/images/crop_garagecuong554_50H16923_04-02-2024_14-43-43_640_jpg.rf.9978e2be79ff1b51e07c33e9df072d71.jpg,50H16923,1,yellow,roboflow_plate_color,train
D:/DATN/datasets/raw/roboflow_plate_color/train/images/crop_garagecuong554_51B14403_04-02-2024_15-39-58_640_jpg.rf.fef40a613f027f55dd6890a79a71d751.jpg,51B14403,1,yellow,roboflow_plate_color,train
D:/DATN/datasets/raw/roboflow_plate_color/train/images/crop_garagecuong554_51B19797_05-02-2024_13-22-16_640_jpg.rf.381c37d59faec21135fa0f123625f726.jpg,51B19797,1,yellow,roboflow_plate_color,train
D:/DATN/datasets/raw/roboflow_plate_color/train/images/crop_garagecuong554_51B40147_04-02-2024_15-24-41_640_jpg.rf.d3f8c0fb7c18c54e9d961fdd2a9bda79.jpg,51B40147,1,yellow,roboflow_plate_color,train
D:/DATN/datasets/raw/roboflow_plate_color/train/images/crop_garagecuong554_51B50354_04-02-2024_15-28-56_640_jpg.rf.22ac9975b8a06519746e99dbb93bee0f.jpg,51B50354,1,yellow,roboflow_plate_color,train
D:/DATN/datasets/raw/roboflow_plate_color/train/images/crop_garagecuong554_51B50383_05-02-2024_14-17-44_640_jpg.rf.29fdacfff338aaddeee27fc4161514ba.jpg,51B50383,1,yellow,roboflow_plate_color,train
D:/DATN/datasets/raw/roboflow_plate_color/train/images/crop_garagecuong554_51C13698_04-02-2024_17-20-08_640_jpg.rf.5fc512c615cb9d9b29ac8b5a05cc29ef.jpg,51C13698,1,yellow,roboflow_plate_color,train
D:/DATN/datasets/raw/roboflow_plate_color/train/images/crop_garagecuong554_51D60706_04-02-2024_14-47-16_640_jpg.rf.d75a6446c77a0274da94d7431ed5fa88.jpg,51D60706,1,yellow,roboflow_plate_color,train
D:/DATN/datasets/raw/roboflow_plate_color/train/images/crop_garagecuong554_60H05569_29-01-2024_14-14-29_640_jpg.rf.cc86486694379fa89d5b20284f4d105c.jpg,60H05569,1,yellow,roboflow_plate_color,train
D:/DATN/datasets/raw/roboflow_plate_color/train/images/crop_garagecuong554_60H07516_04-02-2024_13-36-56_640_jpg.rf.f4306c96c6bf084d527a8b677d612881.jpg,60H07516,1,yellow,roboflow_plate_color,train
D:/DATN/datasets/raw/roboflow_plate_color/train/images/crop_garagecuong554_61C35984_04-02-2024_17-10-07_640_jpg.rf.70d45e7228645b02aaf1f52ccd0c6428.jpg,61C35984,1,yellow,roboflow_plate_color,train
D:/DATN/datasets/raw/roboflow_plate_color/train/images/crop_garagecuong554_63C06902_04-02-2024_11-07-53_640_jpg.rf.d3ec70045ecedab2a4c7a8b06ebc513f.jpg,63C06902,1,yellow,roboflow_plate_color,train
D:/DATN/datasets/raw/roboflow_plate_color/train/images/crop_garagecuong554_63HD1589_04-02-2024_13-07-07_640_jpg.rf.c11ce5e77d38edbb48558b0fa7bcf1ba.jpg,63HD1589,1,yellow,roboflow_plate_color,train
D:/DATN/datasets/raw/roboflow_plate_color/train/images/crop_garagecuong554_64C02767_05-02-2024_10-47-32_640_jpg.rf.cd12a654693ddc05b454f82faa6484b0.jpg,64C02767,1,yellow,roboflow_plate_color,train
D:/DATN/datasets/raw/roboflow_plate_color/train/images/crop_garagecuong554_64H00937_04-02-2024_14-21-47_640_jpg.rf.c268429ddf442989d7ce2b88d29a391c.jpg,64H00937,1,yellow,roboflow_plate_color,train
D:/DATN/datasets/raw/roboflow_plate_color/train/images/crop_garagecuong554_66H02877_05-02-2024_08-03-47_640_jpg.rf.b2d882c59b5a54fc22eb4603addeeb1c.jpg,66H02877,1,yellow,roboflow_plate_color,train
D:/DATN/datasets/raw/roboflow_plate_color/train/images/crop_garagecuong554_72B03074_05-02-2024_14-21-30_640_jpg.rf.8b4cf63718d312ee2e9c0abd85579c4c.jpg,72B03074,1,yellow,roboflow_plate_color,train
D:/DATN/datasets/raw/roboflow_plate_color/train/images/crop_garagecuong554_75C08895_05-02-2024_07-25-08_640_jpg.rf.e5c639d82e2d1de982530a0753e5dd63.jpg,75C08895,1,yellow,roboflow_plate_color,train
D:/DATN/datasets/raw/roboflow_plate_color/train/images/crop_garagecuong554_76B00429_05-02-2024_12-03-19_640_jpg.rf.c081b29b9c520570bfb2f21cbeffea3b.jpg,76B00429,1,yellow,roboflow_plate_color,train
D:/DATN/datasets/raw/roboflow_plate_color/train/images/crop_garagecuong554_76B01216_05-02-2024_14-03-38_640_jpg.rf.5dd2fb95ef0d6c2531662950e94d94b6.jpg,76B01216,1,yellow,roboflow_plate_color,train
D:/DATN/datasets/raw/roboflow_plate_color/train/images/crop_garagecuong554_76H00381_04-02-2024_15-56-53_640_jpg.rf.fbf3f105af01680bd84f1c3d94531e7f.jpg,76H00381,1,yellow,roboflow_plate_color,train
D:/DATN/datasets/raw/roboflow_plate_color/train/images/crop_garagecuong554_77B01520_04-02-2024_15-55-18_640_jpg.rf.f8cae0333b1d9fe767d23bec380a5ecc.jpg,77B01520,1,yellow,roboflow_plate_color,train
D:/DATN/datasets/raw/roboflow_plate_color/train/images/crop_garagecuong554_77B01925_05-02-2024_13-59-50_640_jpg.rf.3059a18894416f0391d953c4977750db.jpg,77B01925,1,yellow,roboflow_plate_color,train
D:/DATN/datasets/raw/roboflow_plate_color/train/images/crop_garagecuong554_77B02275_05-02-2024_09-54-13_640_jpg.rf.ced71a151d20b8afd672c1dee2df34b9.jpg,77B02275,1,yellow,roboflow_plate_color,train
D:/DATN/datasets/raw/roboflow_plate_color/train/images/crop_garagecuong554_77C14026_04-02-2024_09-31-16_640_jpg.rf.5175cacb5671b1f86bef38d05db2ddbf.jpg,77C14026,1,yellow,roboflow_plate_color,train
D:/DATN/datasets/raw/roboflow_plate_color/train/images/crop_garagecuong554_77H00618_04-02-2024_17-09-03_640_jpg.rf.6ef7eb9f993003c665556a03b21f040b.jpg,77H00618,1,yellow,roboflow_plate_color,train
D:/DATN/datasets/raw/roboflow_plate_color/train/images/crop_garagecuong554_77H04952_05-02-2024_13-28-48_640_jpg.rf.9b7ec75d32568be188c12bf53e3c1d99.jpg,77H04952,1,yellow,roboflow_plate_color,train
D:/DATN/datasets/raw/roboflow_plate_color/train/images/crop_garagecuong554_77H05012_05-02-2024_11-29-23_640_jpg.rf.d247eb340a4d441b9b79993a2ed1efd1.jpg,77H05012,1,yellow,roboflow_plate_color,train
D:/DATN/datasets/raw/roboflow_plate_color/train/images/crop_garagecuong554_78B00494_05-02-2024_12-56-33_640_jpg.rf.3710ec7fc833c11ba8a4f42d104098f5.jpg,78B00494,1,yellow,roboflow_plate_color,train
D:/DATN/datasets/raw/roboflow_plate_color/train/images/crop_garagecuong554_78C04333_05-02-2024_09-35-42_640_jpg.rf.421fc266f73af89e36eb1f6a7f81192b.jpg,78C04333,1,yellow,roboflow_plate_color,train
D:/DATN/datasets/raw/roboflow_plate_color/train/images/crop_garagecuong554_78C07542_04-02-2024_16-36-02_640_jpg.rf.b6e5e4a8e385fb64d57a1dcba8ff96e2.jpg,78C07542,1,yellow,roboflow_plate_color,train
D:/DATN/datasets/raw/roboflow_plate_color/train/images/crop_garagecuong554_78C07809_04-02-2024_14-39-42_640_jpg.rf.4c9e27d6729185ab5d7dc740aad3affb.jpg,78C07809,1,yellow,roboflow_plate_color,train
D:/DATN/datasets/raw/roboflow_plate_color/train/images/crop_garagecuong554_79B03171_29-01-2024_11-56-55_640_jpg.rf.b2ba7e7c2cdc4e27c4a5ea83a88104ea.jpg,79B03171,1,yellow,roboflow_plate_color,train
D:/DATN/datasets/raw/roboflow_plate_color/train/images/crop_garagecuong554_79C02411_05-02-2024_11-20-08_640_jpg.rf.16ea2a6515d145fed88958ac0185a1eb.jpg,79C02411,1,yellow,roboflow_plate_color,train
D:/DATN/datasets/raw/roboflow_plate_color/train/images/crop_garagecuong554_79LD00291_05-02-2024_14-24-49_640_jpg.rf.e96096dad3d66f0a561755061e2e4021.jpg,79LD00291,1,yellow,roboflow_plate_color,train
D:/DATN/datasets/raw/roboflow_plate_color/train/images/crop_garagecuong554_84H01056_04-02-2024_15-56-12_640_jpg.rf.555ae77ce7a5a98b501d94337cdf57d5.jpg,84H01056,1,yellow,roboflow_plate_color,train
D:/DATN/datasets/raw/roboflow_plate_color/train/images/crop_garagecuong554_84H01107_05-02-2024_09-12-06_640_jpg.rf.3490f45843ccbf65a3848d8b4a1c2479.jpg,84H01107,1,yellow,roboflow_plate_color,train
D:/DATN/datasets/raw/roboflow_plate_color/train/images/crop_garagecuong554_85B00423_28-01-2024_14-29-25_640_jpg.rf.71ef7674e25d4d2ed9820f0c31c776aa.jpg,85B00423,1,yellow,roboflow_plate_color,train
D:/DATN/datasets/raw/roboflow_plate_color/train/images/crop_garagecuong554_85C02269_05-02-2024_10-11-52_640_jpg.rf.ede6570ad63c8303666087e46eece7c7.jpg,85C02269,1,yellow,roboflow_plate_color,train
D:/DATN/datasets/raw/roboflow_plate_color/train/images/crop_garagecuong554_85C02448_29-01-2024_15-05-24_640_jpg.rf.3d4bf1795849e8f6b6740ec7bdb9bbec.jpg,85C02448,1,yellow,roboflow_plate_color,train
D:/DATN/datasets/raw/roboflow_plate_color/train/images/crop_garagecuong554_85F00182_05-02-2024_10-48-36_640_jpg.rf.73356d8f6b984fa85a33cee995a00c6f.jpg,85F00182,1,yellow,roboflow_plate_color,train
D:/DATN/datasets/raw/roboflow_plate_color/train/images/crop_garagecuong554_85F00333_05-02-2024_13-05-32_640_jpg.rf.45ea372b3edce0f608eaefa13a0a49ef.jpg,85F00333,1,yellow,roboflow_plate_color,train
D:/DATN/datasets/raw/roboflow_plate_color/train/images/crop_garagecuong554_85H00388_29-01-2024_14-10-33_640_jpg.rf.fea2fa3f5a05ddb4ca2943d135d270f5.jpg,85H00388,1,yellow,roboflow_plate_color,train
D:/DATN/datasets/raw/roboflow_plate_color/train/images/crop_garagecuong554_85H00737_05-02-2024_11-55-56_640_jpg.rf.0e1a013707b857ddf53e7d7f40b5800b.jpg,85H00737,1,yellow,roboflow_plate_color,train
D:/DATN/datasets/raw/roboflow_plate_color/train/images/crop_garagecuong554_85H01004_04-02-2024_08-55-23_640_jpg.rf.d1ac89508518cb222fc714c781034d4b.jpg,85H01004,1,yellow,roboflow_plate_color,train
D:/DATN/datasets/raw/roboflow_plate_color/train/images/crop_garagecuong554_86A00205_29-01-2024_16-13-38_640_jpg.rf.df788d5ba60a85ebc7ca5fd8d754f2fb.jpg,86A00205,1,blue,roboflow_plate_color,train
D:/DATN/datasets/raw/roboflow_plate_color/train/images/crop_garagecuong554_86A00325_05-02-2024_12-59-26_640_jpg.rf.56a8a6e11c61b8c5bd34d00dc9d5ec1e.jpg,86A00325,1,blue,roboflow_plate_color,train
D:/DATN/datasets/raw/roboflow_plate_color/train/images/crop_garagecuong554_86B01484_29-01-2024_11-41-31_640_jpg.rf.957e38e621d3650f5addc2a48ac379e3.jpg,86B01484,1,yellow,roboflow_plate_color,train
D:/DATN/datasets/raw/roboflow_plate_color/train/images/crop_garagecuong554_86C07226_29-01-2024_14-52-53_640_jpg.rf.5f7097755ab06bb5f26f8df64d81d156.jpg,86C07226,1,yellow,roboflow_plate_color,train
D:/DATN/datasets/raw/roboflow_plate_color/train/images/crop_garagecuong554_86C09036_05-02-2024_06-23-02_640_jpg.rf.adadb69eeb4d21138277b374f94be534.jpg,86C09036,1,yellow,roboflow_plate_color,train
D:/DATN/datasets/raw/roboflow_plate_color/train/images/crop_garagecuong554_86C10550_04-02-2024_15-12-06_640_jpg.rf.5b3c3e04c22525912a86fdb9453d3305.jpg,86C10550,1,yellow,roboflow_plate_color,train
D:/DATN/datasets/raw/roboflow_plate_color/train/images/crop_garagecuong554_86C11744_04-02-2024_07-40-52_640_jpg.rf.6fd4be12a1f643edbce1e8249f9c61b2.jpg,86C11744,1,yellow,roboflow_plate_color,train
D:/DATN/datasets/raw/roboflow_plate_color/train/images/crop_garagecuong554_86F00311_05-02-2024_12-39-44_640_jpg.rf.aad5f8b8dfd0b19198465c6211722355.jpg,86F00311,1,yellow,roboflow_plate_color,train
D:/DATN/datasets/raw/roboflow_plate_color/train/images/crop_garagecuong554_86G00025_29-01-2024_08-45-00_640_jpg.rf.bc588a2ca5c594c88688b634bebfc491.jpg,86G00025,1,yellow,roboflow_plate_color,train
D:/DATN/datasets/raw/roboflow_plate_color/train/images/crop_garagecuong554_86H00979_05-02-2024_06-26-37_640_jpg.rf.58675e3831876f4eb8e8e31583e7dccc.jpg,86H00979,1,yellow,roboflow_plate_color,train
D:/DATN/datasets/raw/roboflow_plate_color/train/images/crop_garagecuong554_86H01130_05-02-2024_07-24-31_640_jpg.rf.efab2335ffc7ef8d914a7f3097becd6d.jpg,86H01130,1,yellow,roboflow_plate_color,train
D:/DATN/datasets/raw/roboflow_plate_color/train/images/crop_garagecuong554_86H01315_05-02-2024_10-48-05_640_jpg.rf.4c36ad1a6931ecbeafabda53b102bb2f.jpg,86H01315,1,yellow,roboflow_plate_color,train
D:/DATN/datasets/raw/roboflow_plate_color/train/images/crop_garagecuong554_86H01835_04-02-2024_17-30-27_640_jpg.rf.35db0beb69cfe9f6205712f805dd3bc2.jpg,86H01835,1,yellow,roboflow_plate_color,train
D:/DATN/datasets/raw/roboflow_plate_color/train/images/crop_garagecuong554_89C07261_04-02-2024_06-08-38_640_jpg.rf.c8fccd90dea7acb635e1c8cb49ba3c8d.jpg,89C07261,1,yellow,roboflow_plate_color,train
D:/DATN/datasets/raw/roboflow_plate_color/train/images/crop_hoaphu555_50H36751_04-02-2024_15-10-41_640_jpg.rf.f7291accf74fc9ebc8334e7a9a94f26c.jpg,50H36751,1,yellow,roboflow_plate_color,train
D:/DATN/datasets/raw/roboflow_plate_color/train/images/crop_hoaphu555_51B19710_05-02-2024_14-41-48_640_jpg.rf.efadde13aa032469f4fc5e3ac4bf1110.jpg,51B19710,1,yellow,roboflow_plate_color,train
D:/DATN/datasets/raw/roboflow_plate_color/train/images/crop_hoaphu555_72B02911_28-01-2024_15-09-58_640_jpg.rf.867b81416e41e509f6fcbcca4e3e57de.jpg,72B02911,1,yellow,roboflow_plate_color,train
D:/DATN/datasets/raw/roboflow_plate_color/train/images/crop_hoaphu555_79B03116_05-02-2024_13-02-21_640_jpg.rf.d3156eb058ee2fd3265a9521d43fb274.jpg,79B03116,1,yellow,roboflow_plate_color,train
D:/DATN/datasets/raw/roboflow_plate_color/train/images/crop_hoaphu555_79LD00432_05-02-2024_10-44-28_640_jpg.rf.4013ffef13738850b27809b7b2ea542b.jpg,79LD00432,1,yellow,roboflow_plate_color,train
D:/DATN/datasets/raw/roboflow_plate_color/train/images/crop_hoaphu555_85F00150_05-02-2024_10-00-02_640_jpg.rf.f7a2b7ef9ff8dc1b5f81a3b12ecaf246.jpg,85F00150,1,yellow,roboflow_plate_color,train
D:/DATN/datasets/raw/roboflow_plate_color/train/images/crop_hoaphu555_85F00311_05-02-2024_11-31-36_640_jpg.rf.b3a12170042acac5c0745a4a12428ece.jpg,85F00311,1,yellow,roboflow_plate_color,train
D:/DATN/datasets/raw/roboflow_plate_color/train/images/crop_hoaphu555_86A07666_29-05-2023_15-09-14_640_jpg.rf.1888db42ea117a055aaa681d01918bb2.jpg,86A07666,1,yellow,roboflow_plate_color,train
D:/DATN/datasets/raw/roboflow_plate_color/train/images/crop_hoaphu557_86A00081_29-01-2024_12-44-51_640_jpg.rf.bc54d200b87f5fd35645079d205ebbc2.jpg,86A00081,1,blue,roboflow_plate_color,train
D:/DATN/datasets/raw/roboflow_plate_color/train/images/crop_kdcbenloi555_86A11603_29-05-2023_15-03-48_640_jpg.rf.21abf4f028d46fd66c694e6034e8ae8c.jpg,86A11603,1,yellow,roboflow_plate_color,train
D:/DATN/datasets/raw/roboflow_plate_color/train/images/crop_kdcbenloi555_86H3744_29-05-2023_15-09-42_640_jpg.rf.3112823123ddcb75b00b1961f0772109.jpg,86H3744,1,yellow,roboflow_plate_color,train
D:/DATN/datasets/raw/roboflow_plate_color/train/images/crop_nga3duong554_18B02113_28-01-2024_14-52-16_640_jpg.rf.f347c7d12fe3252309dcf14870c7c086.jpg,18B02113,1,yellow,roboflow_plate_color,train
D:/DATN/datasets/raw/roboflow_plate_color/train/images/crop_nga3duong554_36F00979_29-01-2024_06-38-53_640_jpg.rf.64f68fe2146a9310e59c2a39bb053b88.jpg,36F00979,1,yellow,roboflow_plate_color,train
D:/DATN/datasets/raw/roboflow_plate_color/train/images/crop_nga3duong554_37B01362_29-01-2024_10-22-20_640_jpg.rf.9a6e22d63519c90a25b540301f1ee5a6.jpg,37B01362,1,yellow,roboflow_plate_color,train
D:/DATN/datasets/raw/roboflow_plate_color/train/images/crop_nga3duong554_51B03037_29-01-2024_15-56-19_640_jpg.rf.cdf0f94baa7705bf1e40acaa618e3f91.jpg,51B03037,1,yellow,roboflow_plate_color,train
D:/DATN/datasets/raw/roboflow_plate_color/train/images/crop_nga3duong554_51B24053_29-01-2024_11-01-00_640_jpg.rf.6e6cc603e00092d83164be793688104a.jpg,51B24053,1,yellow,roboflow_plate_color,train
D:/DATN/datasets/raw/roboflow_plate_color/train/images/crop_nga3duong554_74B00848_29-01-2024_11-13-05_640_jpg.rf.f90bbf8abd43bb42278fec769db57ee7.jpg,74B00848,1,yellow,roboflow_plate_color,train
D:/DATN/datasets/raw/roboflow_plate_color/train/images/crop_nga3duong554_75B00770_29-01-2024_13-38-59_640_jpg.rf.bdf36f8b4cf17ea32d54cce7bddca922.jpg,75B00770,1,yellow,roboflow_plate_color,train
D:/DATN/datasets/raw/roboflow_plate_color/train/images/crop_nga3duong554_78C05689_29-01-2024_11-45-40_640_jpg.rf.9e93cc1b5fd213b0036a34547eda4bca.jpg,78C05689,1,yellow,roboflow_plate_color,train
D:/DATN/datasets/raw/roboflow_plate_color/train/images/crop_nga3duong554_79H01572_29-01-2024_14-44-37_640_jpg.rf.1c3b88c961e181529c0e7dcbe3f782c0.jpg,79H01572,1,yellow,roboflow_plate_color,train
D:/DATN/datasets/raw/roboflow_plate_color/train/images/crop_nga3duong554_86A00009_29-01-2024_08-45-32_640_jpg.rf.a2c682531468e37c8c94e376e3006584.jpg,86A00009,1,blue,roboflow_plate_color,train
D:/DATN/datasets/raw/roboflow_plate_color/train/images/crop_nga3duong554_86A00113_29-01-2024_15-24-32_640_jpg.rf.53ad47e6c7050dda3f2c09d275e9a191.jpg,86A00113,1,blue,roboflow_plate_color,train
D:/DATN/datasets/raw/roboflow_plate_color/train/images/crop_nga3duong554_86A00143_29-01-2024_09-16-16_640_jpg.rf.d4f16c002efaada2cbb428d89db58079.jpg,86A00143,1,blue,roboflow_plate_color,train
D:/DATN/datasets/raw/roboflow_plate_color/train/images/crop_nga3duong554_86A00278_29-01-2024_08-17-36_640_jpg.rf.21e4e709c7ec32608530d5176b10bda3.jpg,86A00278,1,blue,roboflow_plate_color,train
D:/DATN/datasets/raw/roboflow_plate_color/train/images/crop_nga3duong554_86A00419_29-01-2024_07-09-24_640_jpg.rf.95bc7ecd63956ce6f6a9150adaa6d2bd.jpg,86A00419,1,blue,roboflow_plate_color,train
D:/DATN/datasets/raw/roboflow_plate_color/train/images/crop_nga3duong554_86B00994_29-01-2024_11-07-08_640_jpg.rf.0b983e2b744c6e0a7758048e96dd8554.jpg,86B00994,1,yellow,roboflow_plate_color,train
D:/DATN/datasets/raw/roboflow_plate_color/train/images/crop_nga3duong554_86B01274_04-02-2024_16-59-23_640_jpg.rf.05a74dd28a3ef29a054ffe59463938a6.jpg,86B01274,1,yellow,roboflow_plate_color,train
D:/DATN/datasets/raw/roboflow_plate_color/train/images/crop_nga3duong554_86C01818_04-02-2024_13-52-31_640_jpg.rf.34df29214bd7e9f9e87926a4ab3d863f.jpg,86C01818,1,yellow,roboflow_plate_color,train
D:/DATN/datasets/raw/roboflow_plate_color/train/images/crop_nga3duong554_86C04016_05-02-2024_06-37-46_640_jpg.rf.a21654dfc7fd672c0358faa877f0ce8e.jpg,86C04016,1,yellow,roboflow_plate_color,train
D:/DATN/datasets/raw/roboflow_plate_color/train/images/crop_nga3duong554_86C04539_05-02-2024_07-25-22_640_jpg.rf.4a1d74fee545222184a93947ca183760.jpg,86C04539,1,yellow,roboflow_plate_color,train
D:/DATN/datasets/raw/roboflow_plate_color/train/images/crop_nga3duong554_86F00398_05-02-2024_09-35-36_640_jpg.rf.33b28b7744508e2327fca73844227830.jpg,86F00398,1,yellow,roboflow_plate_color,train
D:/DATN/datasets/raw/roboflow_plate_color/train/images/crop_nga3duong554_86H01041_05-02-2024_09-54-38_640_jpg.rf.f108cbca8d51e3de40b9e166923af200.jpg,86H01041,1,yellow,roboflow_plate_color,train
D:/DATN/datasets/raw/roboflow_plate_color/train/images/crop_nga3duong554_86H01799_04-02-2024_12-35-48_640_jpg.rf.0db092a0ec9fc08e192042ace929c944.jpg,86H01799,1,yellow,roboflow_plate_color,train
D:/DATN/datasets/raw/roboflow_plate_color/train/images/crop_nga3duong554_89C23178_05-02-2024_09-24-55_640_jpg.rf.c2443d383ecdd48e72a6a0b2804dbd02.jpg,89C23178,1,yellow,roboflow_plate_color,train
D:/DATN/datasets/raw/roboflow_plate_color/train/images/crop_nga3duong554_89H00041_04-02-2024_12-34-03_640_jpg.rf.5c6fa0b5bb0151bbf25c7773928b908d.jpg,89H00041,1,yellow,roboflow_plate_color,train
D:/DATN/datasets/raw/roboflow_plate_color/train/images/crop_nga3duong554_89H00972_04-02-2024_08-02-13_640_jpg.rf.d3851bc5443804d8fe2ae97e19c70dee.jpg,89H00972,1,yellow,roboflow_plate_color,train
D:/DATN/datasets/raw/roboflow_plate_color/train/images/crop_nga3duong554_92F00278_05-02-2024_11-02-22_640_jpg.rf.1234a5805b3c25a03b00567e1180d43f.jpg,92F00278,1,yellow,roboflow_plate_color,train
D:/DATN/datasets/raw/roboflow_plate_color/train/images/crop_nga3duong554_93H04557_05-02-2024_10-32-20_640_jpg.rf.9e6f3145fa6142a5fb4a479f949da7ac.jpg,93H04557,1,yellow,roboflow_plate_color,train
D:/DATN/datasets/raw/roboflow_plate_color/train/images/crop_nga3muitau554_50F01687_28-01-2024_12-38-29_640_jpg.rf.cf735dde121f43726dad23b6ec4f8fab.jpg,50F01687,1,yellow,roboflow_plate_color,train
D:/DATN/datasets/raw/roboflow_plate_color/train/images/crop_nga3muitau554_50F02042_04-02-2024_15-32-51_640_jpg.rf.619b33c7d4287cb53d7a6d127ace7e72.jpg,50F02042,1,yellow,roboflow_plate_color,train
D:/DATN/datasets/raw/roboflow_plate_color/train/images/crop_nga3muitau554_50F02099_29-01-2024_10-52-22_640_jpg.rf.51286a5940894054881f142903995768.jpg,50F02099,1,yellow,roboflow_plate_color,train
D:/DATN/datasets/raw/roboflow_plate_color/train/images/crop_nga3muitau554_51B15879_29-01-2024_16-45-15_640_jpg.rf.ad58a92d6ee370c56b69dd5212ac97d7.jpg,51B15879,1,yellow,roboflow_plate_color,train
D:/DATN/datasets/raw/roboflow_plate_color/train/images/crop_nga3muitau554_51C82455_04-02-2024_17-28-51_640_jpg.rf.d0b5fd012b894ae39c8eb13ec4e05330.jpg,51C82455,1,yellow,roboflow_plate_color,train
D:/DATN/datasets/raw/roboflow_plate_color/train/images/crop_nga3muitau554_86A00461_29-01-2024_14-58-16_640_jpg.rf.9c4af61da7ea50d603e4b53770d0456a.jpg,86A00461,1,blue,roboflow_plate_color,train
D:/DATN/datasets/raw/roboflow_plate_color/train/images/crop_nga3muitau554_86B00169_28-01-2024_11-05-45_640_jpg.rf.8c9fdfbb874ff42dd794701f87b97166.jpg,86B00169,1,yellow,roboflow_plate_color,train
D:/DATN/datasets/raw/roboflow_plate_color/train/images/crop_nga3muitau554_86B01007_05-02-2024_12-30-19_640_jpg.rf.65c680ec85b7bb2f182d7a943c76e1b4.jpg,86B01007,1,yellow,roboflow_plate_color,train
D:/DATN/datasets/raw/roboflow_plate_color/train/images/crop_nga3muitau554_86C10533_04-02-2024_14-59-44_640_jpg.rf.f0dd511d21634172bd82f42dbbf11f4a.jpg,86C10533,1,yellow,roboflow_plate_color,train
D:/DATN/datasets/raw/roboflow_plate_color/train/images/crop_nga3phuocthe554_49C02568_04-02-2024_10-22-52_640_jpg.rf.8256be5916f890d9d57150aed153332b.jpg,49C02568,1,yellow,roboflow_plate_color,train
D:/DATN/datasets/raw/roboflow_plate_color/train/images/crop_nga3phuocthe554_50F01638_29-01-2024_06-57-58_640_jpg.rf.78010f048ba5ea1c2336d17fcaa45eb7.jpg,50F01638,1,yellow,roboflow_plate_color,train
D:/DATN/datasets/raw/roboflow_plate_color/train/images/crop_nga3phuocthe554_61C35405_04-02-2024_07-36-33_640_jpg.rf.6576f4d313a6454b6c3f2cfbbf3f5bf2.jpg,61C35405,1,yellow,roboflow_plate_color,train
D:/DATN/datasets/raw/roboflow_plate_color/train/images/crop_nga3phuocthe554_85A00217_29-01-2024_07-10-12_640_jpg.rf.59909e7846a2f490bfc380004807e455.jpg,85A00217,1,blue,roboflow_plate_color,train
D:/DATN/datasets/raw/roboflow_plate_color/train/images/crop_nga3phuocthe554_85G00009_04-02-2024_08-06-34_640_jpg.rf.a6b6556b625f6e2c99b06a8c413910f3.jpg,85G00009,1,yellow,roboflow_plate_color,train
D:/DATN/datasets/raw/roboflow_plate_color/train/images/crop_nga3phuocthe554_86C04757_04-02-2024_09-12-58_640_jpg.rf.1893249512dc6bd9b520dea8e85ddfbf.jpg,86C04757,1,yellow,roboflow_plate_color,train
D:/DATN/datasets/raw/roboflow_plate_color/train/images/crop_nga3phuocthe554_86H01282_04-02-2024_10-59-41_640_jpg.rf.104f52527ec241fa5d8d2cead75be8a0.jpg,86H01282,1,yellow,roboflow_plate_color,train
D:/DATN/datasets/raw/roboflow_plate_color/train/images/crop_nga3phuocthe554_86H01515_27-01-2024_09-51-19_640_jpg.rf.5edc94e0f68556fb7bf78e1bccebc153.jpg,86H01515,1,yellow,roboflow_plate_color,train
D:/DATN/datasets/raw/roboflow_plate_color/train/images/crop_xom7vinhtan554_15H05674_04-02-2024_16-57-10_640_jpg.rf.a97d5b960d91e42a9d89059e6f1a2d97.jpg,15H05674,1,yellow,roboflow_plate_color,train
D:/DATN/datasets/raw/roboflow_plate_color/train/images/crop_xom7vinhtan554_29A00838_28-01-2024_17-34-20_640_jpg.rf.f633f24f73e8645a20d0b099aeeabfb8.jpg,29A00838,1,blue,roboflow_plate_color,train
D:/DATN/datasets/raw/roboflow_plate_color/train/images/crop_xom7vinhtan554_29F03679_05-02-2024_07-26-20_640_jpg.rf.2302680952d7faf90ae8ab29c3939d40.jpg,29F03679,1,yellow,roboflow_plate_color,train
D:/DATN/datasets/raw/roboflow_plate_color/train/images/crop_xom7vinhtan554_34B01474_04-02-2024_15-53-40_640_jpg.rf.7f59d1c43637ab8616548dabac3a44af.jpg,34B01474,1,yellow,roboflow_plate_color,train
D:/DATN/datasets/raw/roboflow_plate_color/train/images/crop_xom7vinhtan554_34C09677_30-01-2024_07-20-39_640_jpg.rf.8a9661c0766c5513a1285c17de61482d.jpg,34C09677,1,yellow,roboflow_plate_color,train
D:/DATN/datasets/raw/roboflow_plate_color/train/images/crop_xom7vinhtan554_36C34887_30-01-2024_15-23-47_640_jpg.rf.df289d27ec73b79b34395500d1b4f5f4.jpg,36C34887,1,yellow,roboflow_plate_color,train
D:/DATN/datasets/raw/roboflow_plate_color/train/images/crop_xom7vinhtan554_36H00219_31-01-2024_07-29-21_640_jpg.rf.ecbe49eed6aa88306ab242f4341057b4.jpg,36H00219,1,yellow,roboflow_plate_color,train
D:/DATN/datasets/raw/roboflow_plate_color/train/images/crop_xom7vinhtan554_37B02042_02-02-2024_13-28-59_640_jpg.rf.f264dd9792eefb418603db479470c889.jpg,37B02042,1,yellow,roboflow_plate_color,train
D:/DATN/datasets/raw/roboflow_plate_color/train/images/crop_xom7vinhtan554_37B02851_05-02-2024_08-57-41_640_jpg.rf.119f444050d9d104af217bff00b80d20.jpg,37B02851,1,yellow,roboflow_plate_color,train
D:/DATN/datasets/raw/roboflow_plate_color/train/images/crop_xom7vinhtan554_37F00432_31-01-2024_07-42-12_640_jpg.rf.63d658d72ec1270ca5bee8388a991c89.jpg,37F00432,1,yellow,roboflow_plate_color,train
D:/DATN/datasets/raw/roboflow_plate_color/train/images/crop_xom7vinhtan554_37H02707_04-02-2024_12-23-11_640_jpg.rf.01e3bdc30b6b69932fc4cdc615b8766c.jpg,37H02707,1,yellow,roboflow_plate_color,train
D:/DATN/datasets/raw/roboflow_plate_color/train/images/crop_xom7vinhtan554_37H04925_02-02-2024_09-31-31_640_jpg.rf.7f88a8d0a1b95b755434fe44a33eda0e.jpg,37H04925,1,yellow,roboflow_plate_color,train
D:/DATN/datasets/raw/roboflow_plate_color/train/images/crop_xom7vinhtan554_43C07482_04-02-2024_15-27-17_640_jpg.rf.7f44694b1af59ec900d83afebb279c58.jpg,43C07482,1,yellow,roboflow_plate_color,train
D:/DATN/datasets/raw/roboflow_plate_color/train/images/crop_xom7vinhtan554_47F00519_31-01-2024_09-32-02_640_jpg.rf.8ee6494419420263c6d87d0ec94c4900.jpg,47F00519,1,yellow,roboflow_plate_color,train
D:/DATN/datasets/raw/roboflow_plate_color/train/images/crop_xom7vinhtan554_50A02047_27-01-2024_10-58-59_640_jpg.rf.a987a4d2aa292c56fc79b7afb45b2c0f.jpg,50A02047,1,blue,roboflow_plate_color,train
D:/DATN/datasets/raw/roboflow_plate_color/train/images/crop_xom7vinhtan554_50F01635_28-01-2024_08-49-48_640_jpg.rf.c9723ebc67035fd30c63b13ad5397b45.jpg,50F01635,1,yellow,roboflow_plate_color,train
D:/DATN/datasets/raw/roboflow_plate_color/train/images/crop_xom7vinhtan554_50F02013_27-01-2024_12-40-52_640_jpg.rf.8b0cc320cf962890605385d3196f3a64.jpg,50F02013,1,yellow,roboflow_plate_color,train
D:/DATN/datasets/raw/roboflow_plate_color/train/images/crop_xom7vinhtan554_50F02013_30-01-2024_16-01-58_640_jpg.rf.62fa3a631fc37c1e80baf4c3ce0e2204.jpg,50F02013,1,yellow,roboflow_plate_color,train
D:/DATN/datasets/raw/roboflow_plate_color/train/images/crop_xom7vinhtan554_50F02099_27-01-2024_07-49-11_640_jpg.rf.f90f33fde159f604f6cc73c9b5c433ee.jpg,50F02099,1,yellow,roboflow_plate_color,train
D:/DATN/datasets/raw/roboflow_plate_color/train/images/crop_xom7vinhtan554_50F02134_05-02-2024_11-09-55_640_jpg.rf.00d4f1fdb02b4ae3a1d27565ac0dc059.jpg,50F02134,1,yellow,roboflow_plate_color,train
D:/DATN/datasets/raw/roboflow_plate_color/train/images/crop_xom7vinhtan554_50F02243_05-02-2024_09-31-53_640_jpg.rf.9ae3776e0caa561c06159f2cb783dbf7.jpg,50F02243,1,yellow,roboflow_plate_color,train
D:/DATN/datasets/raw/roboflow_plate_color/train/images/crop_xom7vinhtan554_50F02969_05-02-2024_11-20-27_640_jpg.rf.bdfaa8f9b61552937f9f19752c5e24e8.jpg,50F02969,1,yellow,roboflow_plate_color,train
D:/DATN/datasets/raw/roboflow_plate_color/train/images/crop_xom7vinhtan554_50F02969_27-01-2024_11-30-17_640_jpg.rf.a30ac5b508711dfecff458c6a95b61af.jpg,50F02969,1,yellow,roboflow_plate_color,train
D:/DATN/datasets/raw/roboflow_plate_color/train/images/crop_xom7vinhtan554_50F04294_05-02-2024_10-03-54_640_jpg.rf.fec075a76ad617fb451b247778ef2656.jpg,50F04294,1,yellow,roboflow_plate_color,train
D:/DATN/datasets/raw/roboflow_plate_color/train/images/crop_xom7vinhtan554_50F04688_02-02-2024_06-24-13_640_jpg.rf.dfd7534f1d89c9cf347386b4d9cc286c.jpg,50F04688,1,yellow,roboflow_plate_color,train
D:/DATN/datasets/raw/roboflow_plate_color/train/images/crop_xom7vinhtan554_50H00374_31-01-2024_07-30-45_640_jpg.rf.3a5adefffb6c05fbffe5a5afce0b152a.jpg,50H00374,1,yellow,roboflow_plate_color,train
D:/DATN/datasets/raw/roboflow_plate_color/train/images/crop_xom7vinhtan554_50H00480_04-02-2024_08-16-46_640_jpg.rf.64137837d1046cec9d0d7374324be85d.jpg,50H00480,1,yellow,roboflow_plate_color,train
D:/DATN/datasets/raw/roboflow_plate_color/train/images/crop_xom7vinhtan554_50H01124_31-01-2024_09-07-34_640_jpg.rf.4b73640aa674634261f292b9facfdbd1.jpg,50H01124,1,yellow,roboflow_plate_color,train
D:/DATN/datasets/raw/roboflow_plate_color/train/images/crop_xom7vinhtan554_50H04189_28-01-2024_06-42-42_640_jpg.rf.a77039c244ef0cdc959de28ab91db21d.jpg,50H04189,1,yellow,roboflow_plate_color,train
D:/DATN/datasets/raw/roboflow_plate_color/train/images/crop_xom7vinhtan554_50H08394_04-02-2024_13-41-29_640_jpg.rf.e0bae21323fced924dd47035097ab26b.jpg,50H08394,1,yellow,roboflow_plate_color,train
D:/DATN/datasets/raw/roboflow_plate_color/train/images/crop_xom7vinhtan554_50H12619_30-01-2024_06-48-25_640_jpg.rf.c09f5da89d8f7d0f0f345a33b00b28f3.jpg,50H12619,1,yellow,roboflow_plate_color,train
D:/DATN/datasets/raw/roboflow_plate_color/train/images/crop_xom7vinhtan554_50H20133_04-02-2024_09-16-27_640_jpg.rf.30fd5629ace1d56ef8b44c61850ffce3.jpg,50H20133,1,yellow,roboflow_plate_color,train
D:/DATN/datasets/raw/roboflow_plate_color/train/images/crop_xom7vinhtan554_50H20228_27-01-2024_10-29-52_640_jpg.rf.05b2eabe2d2ddbd1930dffb559d6ad80.jpg,50H20228,1,yellow,roboflow_plate_color,train
D:/DATN/datasets/raw/roboflow_plate_color/train/images/crop_xom7vinhtan554_50H20917_31-01-2024_12-51-06_640_jpg.rf.94311860a5c22255c87401725c8a719c.jpg,50H20917,1,yellow,roboflow_plate_color,train
D:/DATN/datasets/raw/roboflow_plate_color/train/images/crop_xom7vinhtan554_50H23074_30-01-2024_08-14-21_640_jpg.rf.6a27aa4db79f41ae7ef7396b11e8e953.jpg,50H23074,1,yellow,roboflow_plate_color,train
D:/DATN/datasets/raw/roboflow_plate_color/train/images/crop_xom7vinhtan554_50H23648_05-02-2024_11-52-38_640_jpg.rf.a550fbf72f84a4dc0b22e9817957ff3e.jpg,50H23648,1,yellow,roboflow_plate_color,train
D:/DATN/datasets/raw/roboflow_plate_color/train/images/crop_xom7vinhtan554_50H24956_03-02-2024_11-01-12_640_jpg.rf.8efb3bc4770edaee1e2578b9f0dfbf32.jpg,50H24956,1,yellow,roboflow_plate_color,train
D:/DATN/datasets/raw/roboflow_plate_color/train/images/crop_xom7vinhtan554_50H25021_29-01-2024_08-01-37_640_jpg.rf.3718e543ec09c59c6a6933ecb793aae6.jpg,50H25021,1,yellow,roboflow_plate_color,train
D:/DATN/datasets/raw/roboflow_plate_color/train/images/crop_xom7vinhtan554_50H29241_02-02-2024_10-01-57_640_jpg.rf.9215dc90347ed0df6bae932e7bfc5e41.jpg,50H29241,1,yellow,roboflow_plate_color,train
D:/DATN/datasets/raw/roboflow_plate_color/train/images/crop_xom7vinhtan554_50H35637_31-01-2024_10-47-38_640_jpg.rf.c845b3010f3ab287f3bb5779bb10dde4.jpg,50H35637,1,yellow,roboflow_plate_color,train
D:/DATN/datasets/raw/roboflow_plate_color/train/images/crop_xom7vinhtan554_50LD06358_05-02-2024_07-11-16_640_jpg.rf.77fac29ddd15aeecd453640a7f64dabb.jpg,50LD06358,1,yellow,roboflow_plate_color,train
D:/DATN/datasets/raw/roboflow_plate_color/train/images/crop_xom7vinhtan554_51A89534_02-02-2024_09-40-45_640_jpg.rf.a5efb0832e8877424ad4660cbf542c4a.jpg,51A89534,1,yellow,roboflow_plate_color,train
D:/DATN/datasets/raw/roboflow_plate_color/train/images/crop_xom7vinhtan554_51B13541_05-02-2024_14-28-48_640_jpg.rf.0b17e0dadfe814585fe87c69ce54fb54.jpg,51B13541,1,yellow,roboflow_plate_color,train
D:/DATN/datasets/raw/roboflow_plate_color/train/images/crop_xom7vinhtan554_51B14403_05-02-2024_06-55-42_640_jpg.rf.3dd1436a402b96a2786d4172afea5ae2.jpg,51B14403,1,yellow,roboflow_plate_color,train
D:/DATN/datasets/raw/roboflow_plate_color/train/images/crop_xom7vinhtan554_51B16268_05-02-2024_13-02-34_640_jpg.rf.9136b95c99088b248d42f37db5b2bf05.jpg,51B16268,1,yellow,roboflow_plate_color,train
D:/DATN/datasets/raw/roboflow_plate_color/train/images/crop_xom7vinhtan554_51B16268_31-01-2024_11-58-57_640_jpg.rf.91a75c976a5e51839660762827ddb980.jpg,51B16268,1,yellow,roboflow_plate_color,train
D:/DATN/datasets/raw/roboflow_plate_color/train/images/crop_xom7vinhtan554_51B16646_03-02-2024_12-09-56_640_jpg.rf.00e4ef5dc0ba840c475042574621553d.jpg,51B16646,1,yellow,roboflow_plate_color,train
D:/DATN/datasets/raw/roboflow_plate_color/train/images/crop_xom7vinhtan554_51B16646_05-02-2024_10-07-06_640_jpg.rf.a132eb2662ebb8f3538401e68144de1e.jpg,51B16646,1,yellow,roboflow_plate_color,train
D:/DATN/datasets/raw/roboflow_plate_color/train/images/crop_xom7vinhtan554_51B22066_04-02-2024_16-57-32_640_jpg.rf.d8cd12d54098d09303937c1e8dc30947.jpg,51B22066,1,yellow,roboflow_plate_color,train
D:/DATN/datasets/raw/roboflow_plate_color/train/images/crop_xom7vinhtan554_51B23121_02-02-2024_13-42-08_640_jpg.rf.308395b5357bff1dacd23738b018d665.jpg,51B23121,1,yellow,roboflow_plate_color,train
D:/DATN/datasets/raw/roboflow_plate_color/train/images/crop_xom7vinhtan554_51B23808_31-01-2024_11-59-24_640_jpg.rf.ebc59c4d820587857da4e277f75446be.jpg,51B23808,1,yellow,roboflow_plate_color,train
D:/DATN/datasets/raw/roboflow_plate_color/train/images/crop_xom7vinhtan554_51B27863_04-02-2024_15-41-54_640_jpg.rf.e071fd257c4bb383810f9dde28c34a04.jpg,51B27863,1,yellow,roboflow_plate_color,train
D:/DATN/datasets/raw/roboflow_plate_color/train/images/crop_xom7vinhtan554_51B29276_30-01-2024_14-35-52_640_jpg.rf.2b10cf3508694ba79dd202160525f035.jpg,51B29276,1,yellow,roboflow_plate_color,train
D:/DATN/datasets/raw/roboflow_plate_color/train/images/crop_xom7vinhtan554_51B29703_04-02-2024_15-14-24_640_jpg.rf.bec8c9d4e55f58aebe63f751ce06262d.jpg,51B29703,1,yellow,roboflow_plate_color,train
D:/DATN/datasets/raw/roboflow_plate_color/train/images/crop_xom7vinhtan554_51B30868_27-01-2024_13-06-54_640_jpg.rf.bd55135fbd596516dd3df9ec677dda57.jpg,51B30868,1,yellow,roboflow_plate_color,train
D:/DATN/datasets/raw/roboflow_plate_color/train/images/crop_xom7vinhtan554_51B31298_27-01-2024_14-27-08_640_jpg.rf.89cf37c6343f60f6738947ce49cdfcfb.jpg,51B31298,1,yellow,roboflow_plate_color,train
D:/DATN/datasets/raw/roboflow_plate_color/train/images/crop_xom7vinhtan554_51B40130_05-02-2024_09-54-31_640_jpg.rf.a90fec76517c1648483d8f5ae0f51ede.jpg,51B40130,1,yellow,roboflow_plate_color,train
D:/DATN/datasets/raw/roboflow_plate_color/train/images/crop_xom7vinhtan554_51B40201_05-02-2024_14-42-13_640_jpg.rf.dfaf0ec75067b38143838ec78341aae2.jpg,51B40201,1,yellow,roboflow_plate_color,train
D:/DATN/datasets/raw/roboflow_plate_color/train/images/crop_xom7vinhtan554_51B40508_05-02-2024_12-21-41_640_jpg.rf.7ff70e534daa55caf019a30185e92d9e.jpg,51B40508,1,yellow,roboflow_plate_color,train
D:/DATN/datasets/raw/roboflow_plate_color/train/images/crop_xom7vinhtan554_51B50151_31-01-2024_10-43-21_640_jpg.rf.35b85462dc317834f0679e2874aa8f1d.jpg,51B50151,1,yellow,roboflow_plate_color,train
D:/DATN/datasets/raw/roboflow_plate_color/train/images/crop_xom7vinhtan554_51C12759_02-02-2024_10-23-02_640_jpg.rf.001cc90195f383dd8e1766d9cbcaed74.jpg,51C12759,1,yellow,roboflow_plate_color,train
D:/DATN/datasets/raw/roboflow_plate_color/train/images/crop_xom7vinhtan554_51C29364_28-01-2024_14-24-29_640_jpg.rf.9aae53b598639063cf88e13a7d4c7180.jpg,51C29364,1,yellow,roboflow_plate_color,train
D:/DATN/datasets/raw/roboflow_plate_color/train/images/crop_xom7vinhtan554_51C61248_28-01-2024_15-07-01_640_jpg.rf.082ed0fbc35f3a0d609151fed0b80756.jpg,51C61248,1,yellow,roboflow_plate_color,train
D:/DATN/datasets/raw/roboflow_plate_color/train/images/crop_xom7vinhtan554_51C84412_31-01-2024_11-48-18_640_jpg.rf.95a6f8a9336c15ec6abe457b31d78c3e.jpg,51C84412,1,yellow,roboflow_plate_color,train
D:/DATN/datasets/raw/roboflow_plate_color/train/images/crop_xom7vinhtan554_51D04561_27-01-2024_10-27-49_640_jpg.rf.5df66709f99ce6e4a235bee1e32f5283.jpg,51D04561,1,yellow,roboflow_plate_color,train
D:/DATN/datasets/raw/roboflow_plate_color/train/images/crop_xom7vinhtan554_51D06045_04-02-2024_10-02-30_640_jpg.rf.9e11b9829a075c9e634baa5404046128.jpg,51D06045,1,yellow,roboflow_plate_color,train
D:/DATN/datasets/raw/roboflow_plate_color/train/images/crop_xom7vinhtan554_51D07665_29-01-2024_12-01-22_640_jpg.rf.aacc9fd4af310622aa32007ed778e7ba.jpg,51D07665,1,yellow,roboflow_plate_color,train
D:/DATN/datasets/raw/roboflow_plate_color/train/images/crop_xom7vinhtan554_51D17979_05-02-2024_08-21-22_640_jpg.rf.2fb5cd0557753a9f12dd6a89d9758ef1.jpg,51D17979,1,yellow,roboflow_plate_color,train
D:/DATN/datasets/raw/roboflow_plate_color/train/images/crop_xom7vinhtan554_51D28075_31-01-2024_08-09-07_640_jpg.rf.2bd4a9502e37143eb68e48012a3600cb.jpg,51D28075,1,yellow,roboflow_plate_color,train
D:/DATN/datasets/raw/roboflow_plate_color/train/images/crop_xom7vinhtan554_51F20874_27-01-2024_13-22-38_640_jpg.rf.dc09cd3d3fb2b385c6b5010ecdf7915a.jpg,51F20874,1,yellow,roboflow_plate_color,train
D:/DATN/datasets/raw/roboflow_plate_color/train/images/crop_xom7vinhtan554_54C08896_05-02-2024_12-19-31_640_jpg.rf.f921a937e32b1ae01725d852332c0828.jpg,54C08896,1,yellow,roboflow_plate_color,train
D:/DATN/datasets/raw/roboflow_plate_color/train/images/crop_xom7vinhtan554_60B05400_28-01-2024_15-50-08_640_jpg.rf.8895d6281c9fae5ec256f9338aa6d78a.jpg,60B05400,1,yellow,roboflow_plate_color,train
D:/DATN/datasets/raw/roboflow_plate_color/train/images/crop_xom7vinhtan554_61C18898_31-01-2024_09-01-28_640_jpg.rf.510897cef11594ee8b9d31d34b38d33c.jpg,61C18898,1,yellow,roboflow_plate_color,train
D:/DATN/datasets/raw/roboflow_plate_color/train/images/crop_xom7vinhtan554_61C35097_05-02-2024_13-32-59_640_jpg.rf.1b391ddca48e9d2ba0ca7edcfaa14c9a.jpg,61C35097,1,yellow,roboflow_plate_color,train
D:/DATN/datasets/raw/roboflow_plate_color/train/images/crop_xom7vinhtan554_62F00273_05-02-2024_13-24-15_640_jpg.rf.01be3a718760aea35052bad24c7a478d.jpg,62F00273,1,yellow,roboflow_plate_color,train
D:/DATN/datasets/raw/roboflow_plate_color/train/images/crop_xom7vinhtan554_63C03172_05-02-2024_09-26-43_640_jpg.rf.3cfd4bbe841a5b4fd15e521ef1e83079.jpg,63C03172,1,yellow,roboflow_plate_color,train
D:/DATN/datasets/raw/roboflow_plate_color/train/images/crop_xom7vinhtan554_64B00720_28-01-2024_14-28-37_640_jpg.rf.f29bf852ea92055bc17d153160a04cde.jpg,64B00720,1,yellow,roboflow_plate_color,train
D:/DATN/datasets/raw/roboflow_plate_color/train/images/crop_xom7vinhtan554_66C09461_31-01-2024_10-35-50_640_jpg.rf.2ac4b6c3b2c5e211749827a962c51328.jpg,66C09461,1,yellow,roboflow_plate_color,train
D:/DATN/datasets/raw/roboflow_plate_color/train/images/crop_xom7vinhtan554_66H01709_31-01-2024_06-11-59_640_jpg.rf.0cf4b2a2786f81fcc3ec9c71434b16ab.jpg,66H01709,1,yellow,roboflow_plate_color,train
D:/DATN/datasets/raw/roboflow_plate_color/train/images/crop_xom7vinhtan554_68F00094_04-02-2024_16-41-52_640_jpg.rf.3bae0ddac36844b9000db4771447daa1.jpg,68F00094,1,yellow,roboflow_plate_color,train
D:/DATN/datasets/raw/roboflow_plate_color/train/images/crop_xom7vinhtan554_69C05977_05-02-2024_11-33-32_640_jpg.rf.f62d959e98f38e4b58be985cd719c0ac.jpg,69C05977,1,yellow,roboflow_plate_color,train
D:/DATN/datasets/raw/roboflow_plate_color/train/images/crop_xom7vinhtan554_69H00387_05-02-2024_09-29-41_640_jpg.rf.7d6c21ff1667fd542bcecbb59d745785.jpg,69H00387,1,yellow,roboflow_plate_color,train
D:/DATN/datasets/raw/roboflow_plate_color/train/images/crop_xom7vinhtan554_72B03070_05-02-2024_08-15-37_640_jpg.rf.8c61e02045651a4c433a2044942339d6.jpg,72B03070,1,yellow,roboflow_plate_color,train
D:/DATN/datasets/raw/roboflow_plate_color/train/images/crop_xom7vinhtan554_72B03151_04-02-2024_17-20-19_640_jpg.rf.25d18e4ba1d0d400d4155fc41876a359.jpg,72B03151,1,yellow,roboflow_plate_color,train
D:/DATN/datasets/raw/roboflow_plate_color/train/images/crop_xom7vinhtan554_72H00477_04-02-2024_09-50-56_640_jpg.rf.151d79937972c28997194219fdddeba2.jpg,72H00477,1,yellow,roboflow_plate_color,train
D:/DATN/datasets/raw/roboflow_plate_color/train/images/crop_xom7vinhtan554_72H01652_04-02-2024_09-23-39_640_jpg.rf.1a6258ae1ba35fbc20547dd46c5acb55.jpg,72H01652,1,yellow,roboflow_plate_color,train
D:/DATN/datasets/raw/roboflow_plate_color/train/images/crop_xom7vinhtan554_75B01677_29-01-2024_08-57-01_640_jpg.rf.51c3246973b7f4487255d687a0dacc87.jpg,75B01677,1,yellow,roboflow_plate_color,train
D:/DATN/datasets/raw/roboflow_plate_color/train/images/crop_xom7vinhtan554_76B00700_05-02-2024_11-30-48_640_jpg.rf.d3736faf1bd713badcbce0b7fa758529.jpg,76B00700,1,yellow,roboflow_plate_color,train
D:/DATN/datasets/raw/roboflow_plate_color/train/images/crop_xom7vinhtan554_76F00520_31-01-2024_09-10-55_640_jpg.rf.836f74ef28f4c028af8563976261d85a.jpg,76F00520,1,yellow,roboflow_plate_color,train
D:/DATN/datasets/raw/roboflow_plate_color/train/images/crop_xom7vinhtan554_76H01541_04-02-2024_06-12-40_640_jpg.rf.e4c5c23564ee1c04499bb5d3cdd32daf.jpg,76H01541,1,yellow,roboflow_plate_color,train
D:/DATN/datasets/raw/roboflow_plate_color/train/images/crop_xom7vinhtan554_77B01198_05-02-2024_06-41-13_640_jpg.rf.8da5785e3d794924dd08e3287be77982.jpg,77B01198,1,yellow,roboflow_plate_color,train
D:/DATN/datasets/raw/roboflow_plate_color/train/images/crop_xom7vinhtan554_77B02297_05-02-2024_06-08-40_640_jpg.rf.99674848338128caa42d7c0ff3168d9f.jpg,77B02297,1,yellow,roboflow_plate_color,train
D:/DATN/datasets/raw/roboflow_plate_color/train/images/crop_xom7vinhtan554_77F00533_05-02-2024_10-03-19_640_jpg.rf.78b5958868c8ac4e18eb3acf6a544581.jpg,77F00533,1,yellow,roboflow_plate_color,train
D:/DATN/datasets/raw/roboflow_plate_color/train/images/crop_xom7vinhtan554_77F00729_05-02-2024_09-13-39_640_jpg.rf.d0f3292b58565a9f1f53c53a1f926e17.jpg,77F00729,1,yellow,roboflow_plate_color,train
D:/DATN/datasets/raw/roboflow_plate_color/train/images/crop_xom7vinhtan554_77H04277_04-02-2024_15-06-01_640_jpg.rf.460ac403bc555d3c4107d69b82c322c5.jpg,77H04277,1,yellow,roboflow_plate_color,train
D:/DATN/datasets/raw/roboflow_plate_color/train/images/crop_xom7vinhtan554_78A08242_27-01-2024_09-57-03_640_jpg.rf.a8ed14aefb4d5493611d38b7fdd07e43.jpg,78A08242,1,yellow,roboflow_plate_color,train
D:/DATN/datasets/raw/roboflow_plate_color/train/images/crop_xom7vinhtan554_78B00545_05-02-2024_08-34-34_640_jpg.rf.c6d859d2bd3c90be46a819d24d44a50d.jpg,78B00545,1,yellow,roboflow_plate_color,train
D:/DATN/datasets/raw/roboflow_plate_color/train/images/crop_xom7vinhtan554_78B00727_05-02-2024_09-52-12_640_jpg.rf.06aec2afb47247cddc90e08abdac86a3.jpg,78B00727,1,yellow,roboflow_plate_color,train
D:/DATN/datasets/raw/roboflow_plate_color/train/images/crop_xom7vinhtan554_78B00969_05-02-2024_07-30-48_640_jpg.rf.b4da294eb9d70f96b457a5de4ec52b64.jpg,78B00969,1,yellow,roboflow_plate_color,train
D:/DATN/datasets/raw/roboflow_plate_color/train/images/crop_xom7vinhtan554_78C02501_30-01-2024_16-28-46_640_jpg.rf.6633a4b0fe53151578b89b078b38ccff.jpg,78C02501,1,yellow,roboflow_plate_color,train
D:/DATN/datasets/raw/roboflow_plate_color/train/images/crop_xom7vinhtan554_78C09181_04-02-2024_16-21-57_640_jpg.rf.d7844f2f4690aef51a7b86c4cbec7989.jpg,78C09181,1,yellow,roboflow_plate_color,train
D:/DATN/datasets/raw/roboflow_plate_color/train/images/crop_xom7vinhtan554_78CC05186_29-01-2024_15-47-12_640_jpg.rf.1df1450b4a054dcf0d681df83626d760.jpg,78CC05186,1,yellow,roboflow_plate_color,train
D:/DATN/datasets/raw/roboflow_plate_color/train/images/crop_xom7vinhtan554_78F00005_05-02-2024_06-44-50_640_jpg.rf.86bbb620e7b6167b9d005957d2edea34.jpg,78F00005,1,yellow,roboflow_plate_color,train
D:/DATN/datasets/raw/roboflow_plate_color/train/images/crop_xom7vinhtan554_78F00015_05-02-2024_07-08-18_640_jpg.rf.f6f9f8f39bbcf50c4becca914b541404.jpg,78F00015,1,yellow,roboflow_plate_color,train
D:/DATN/datasets/raw/roboflow_plate_color/train/images/crop_xom7vinhtan554_78F00102_04-02-2024_15-45-47_640_jpg.rf.256198abe3f44ea442da8f1b3b58071f.jpg,78F00102,1,yellow,roboflow_plate_color,train
D:/DATN/datasets/raw/roboflow_plate_color/train/images/crop_xom7vinhtan554_78H00786_30-01-2024_17-39-53_640_jpg.rf.0a2763b2d862b17d33ba3544fee8dd1e.jpg,78H00786,1,yellow,roboflow_plate_color,train
D:/DATN/datasets/raw/roboflow_plate_color/train/images/crop_xom7vinhtan554_78R00377_29-01-2024_07-06-21_640_jpg.rf.55443aa5a16aadaec6c403da86041215.jpg,78R00377,1,yellow,roboflow_plate_color,train
D:/DATN/datasets/raw/roboflow_plate_color/train/images/crop_xom7vinhtan554_79A00532_30-01-2024_08-19-10_640_jpg.rf.2cd5f9fcfa8a7bf71f32419746b67795.jpg,79A00532,1,blue,roboflow_plate_color,train
D:/DATN/datasets/raw/roboflow_plate_color/train/images/crop_xom7vinhtan554_79B03171_29-01-2024_06-36-21_640_jpg.rf.ad93b60fe30f2a8897e2c048376067e2.jpg,79B03171,1,yellow,roboflow_plate_color,train
D:/DATN/datasets/raw/roboflow_plate_color/train/images/crop_xom7vinhtan554_79C02411_27-01-2024_13-19-20_640_jpg.rf.509afd1c071fa4dac661921016b6721e.jpg,79C02411,1,yellow,roboflow_plate_color,train
D:/DATN/datasets/raw/roboflow_plate_color/train/images/crop_xom7vinhtan554_79C04309_29-01-2024_13-58-28_640_jpg.rf.6030b3b0bf374f094645023e8ddfde65.jpg,79C04309,1,yellow,roboflow_plate_color,train
D:/DATN/datasets/raw/roboflow_plate_color/train/images/crop_xom7vinhtan554_79C04900_27-01-2024_12-21-10_640_jpg.rf.0db7692a12e5550c6bd32f1b3804d368.jpg,79C04900,1,yellow,roboflow_plate_color,train
D:/DATN/datasets/raw/roboflow_plate_color/train/images/crop_xom7vinhtan554_79C05401_31-01-2024_13-39-04_640_jpg.rf.03b7b36e830b9f1183093d14982333f0.jpg,79C05401,1,yellow,roboflow_plate_color,train
D:/DATN/datasets/raw/roboflow_plate_color/train/images/crop_xom7vinhtan554_79C07947_04-02-2024_16-48-40_640_jpg.rf.00a1bd486b1043d6fe6538afa78d37c7.jpg,79C07947,1,yellow,roboflow_plate_color,train
D:/DATN/datasets/raw/roboflow_plate_color/train/images/crop_xom7vinhtan554_79C08064_30-01-2024_14-43-32_640_jpg.rf.d84b8c34ac1659344b1b4d64bbe3d493.jpg,79C08064,1,yellow,roboflow_plate_color,train
D:/DATN/datasets/raw/roboflow_plate_color/train/images/crop_xom7vinhtan554_79C13969_28-01-2024_07-01-40_640_jpg.rf.11d1c9678e08dfb7b5ddd2c74bebc061.jpg,79C13969,1,yellow,roboflow_plate_color,train
D:/DATN/datasets/raw/roboflow_plate_color/train/images/crop_xom7vinhtan554_79C15484_04-02-2024_13-03-39_640_jpg.rf.57eaf0c7d15b30bee95f6972219e1403.jpg,79C15484,1,yellow,roboflow_plate_color,train
D:/DATN/datasets/raw/roboflow_plate_color/train/images/crop_xom7vinhtan554_79F00074_29-01-2024_09-42-02_640_jpg.rf.e49a0f18b304e8525267c4751848df92.jpg,79F00074,1,yellow,roboflow_plate_color,train
D:/DATN/datasets/raw/roboflow_plate_color/train/images/crop_xom7vinhtan554_79F00254_31-01-2024_06-46-50_640_jpg.rf.8b261ae8766a30c3ac6406147cb95893.jpg,79F00254,1,yellow,roboflow_plate_color,train
D:/DATN/datasets/raw/roboflow_plate_color/train/images/crop_xom7vinhtan554_79F00694_31-01-2024_11-04-37_640_jpg.rf.c4d55d7358c1929fe75981558eaa6858.jpg,79F00694,1,yellow,roboflow_plate_color,train
D:/DATN/datasets/raw/roboflow_plate_color/train/images/crop_xom7vinhtan554_79H00730_30-01-2024_15-26-58_640_jpg.rf.a5d00dac3f73f0f39b2b188b2b5bec99.jpg,79H00730,1,yellow,roboflow_plate_color,train
D:/DATN/datasets/raw/roboflow_plate_color/train/images/crop_xom7vinhtan554_79H02549_04-02-2024_08-52-32_640_jpg.rf.0fc103ed829b70ee09b405597f16a200.jpg,79H02549,1,yellow,roboflow_plate_color,train
D:/DATN/datasets/raw/roboflow_plate_color/train/images/crop_xom7vinhtan554_79H03663_02-02-2024_10-10-15_640_jpg.rf.e15b4c1800f790ef0c2126667d82015d.jpg,79H03663,1,yellow,roboflow_plate_color,train
D:/DATN/datasets/raw/roboflow_plate_color/train/images/crop_xom7vinhtan554_83C03169_29-01-2024_13-26-28_640_jpg.rf.b71de803f6bb9c168909a99315223b97.jpg,83C03169,1,yellow,roboflow_plate_color,train
D:/DATN/datasets/raw/roboflow_plate_color/train/images/crop_xom7vinhtan554_85A00018_02-02-2024_11-42-23_640_jpg.rf.3a33842636752a303e5ee987b772ea4f.jpg,85A00018,1,blue,roboflow_plate_color,train
D:/DATN/datasets/raw/roboflow_plate_color/train/images/crop_xom7vinhtan554_85A00069_02-02-2024_15-40-17_640_jpg.rf.711a42d762aae8f32f0b34caff3c0e24.jpg,85A00069,1,blue,roboflow_plate_color,train
D:/DATN/datasets/raw/roboflow_plate_color/train/images/crop_xom7vinhtan554_85A00197_02-02-2024_15-02-29_640_jpg.rf.e1928fd3869cbdaceca4d1fe0c75e924.jpg,85A00197,1,blue,roboflow_plate_color,train
D:/DATN/datasets/raw/roboflow_plate_color/train/images/crop_xom7vinhtan554_85A00263_31-01-2024_07-41-26_640_jpg.rf.c3767011c4cd9f58ae5712abdd38d7c1.jpg,85A00263,1,blue,roboflow_plate_color,train
D:/DATN/datasets/raw/roboflow_plate_color/train/images/crop_xom7vinhtan554_85A00468_27-01-2024_06-05-07_640_jpg.rf.d82f5062a90f0fd6a01c53a9ed73667f.jpg,85A00468,1,blue,roboflow_plate_color,train
D:/DATN/datasets/raw/roboflow_plate_color/train/images/crop_xom7vinhtan554_85A00480_31-01-2024_09-11-41_640_jpg.rf.28b3d93c5695a34a0b831e474d478768.jpg,85A00480,1,blue,roboflow_plate_color,train
D:/DATN/datasets/raw/roboflow_plate_color/train/images/crop_xom7vinhtan554_85B00459_01-02-2024_07-42-44_640_jpg.rf.36c5b4c34ea65887c04d7bbc9e13947b.jpg,85B00459,1,yellow,roboflow_plate_color,train
D:/DATN/datasets/raw/roboflow_plate_color/train/images/crop_xom7vinhtan554_85B00463_02-02-2024_08-07-25_640_jpg.rf.d8971f708f54529626baa6318f000b89.jpg,85B00463,1,yellow,roboflow_plate_color,train
D:/DATN/datasets/raw/roboflow_plate_color/train/images/crop_xom7vinhtan554_85B00504_27-01-2024_09-33-36_640_jpg.rf.ab82ce0177370404adb9d8f9213513d1.jpg,85B00504,1,yellow,roboflow_plate_color,train
D:/DATN/datasets/raw/roboflow_plate_color/train/images/crop_xom7vinhtan554_85B00526_31-01-2024_06-52-30_640_jpg.rf.a5621db533521b81ac749e3466eba40c.jpg,85B00526,1,yellow,roboflow_plate_color,train
D:/DATN/datasets/raw/roboflow_plate_color/train/images/crop_xom7vinhtan554_85B00550_28-01-2024_08-23-26_640_jpg.rf.4a0173e4832b5b44dc7f48198aa3d89b.jpg,85B00550,1,yellow,roboflow_plate_color,train
D:/DATN/datasets/raw/roboflow_plate_color/train/images/crop_xom7vinhtan554_85B00696_31-01-2024_14-07-09_640_jpg.rf.e517a84065b9025845836576a42d79d5.jpg,85B00696,1,yellow,roboflow_plate_color,train
D:/DATN/datasets/raw/roboflow_plate_color/train/images/crop_xom7vinhtan554_85B00862_27-01-2024_08-48-34_640_jpg.rf.eb5be4ca78060cfd8fb6e4a1b8fa52fd.jpg,85B00862,1,yellow,roboflow_plate_color,train
D:/DATN/datasets/raw/roboflow_plate_color/train/images/crop_xom7vinhtan554_85C00248_29-01-2024_14-06-52_640_jpg.rf.f5706de43c0a4c7b6b7e6581aa95a77e.jpg,85C00248,1,yellow,roboflow_plate_color,train
D:/DATN/datasets/raw/roboflow_plate_color/train/images/crop_xom7vinhtan554_85C03250_31-01-2024_13-28-35_640_jpg.rf.b9351066683db0029e34f8f3956e508a.jpg,85C03250,1,yellow,roboflow_plate_color,train
D:/DATN/datasets/raw/roboflow_plate_color/train/images/crop_xom7vinhtan554_85C03328_27-01-2024_16-52-02_640_jpg.rf.efa06ea564b01625bcb36ff810f518e2.jpg,85C03328,1,yellow,roboflow_plate_color,train
D:/DATN/datasets/raw/roboflow_plate_color/train/images/crop_xom7vinhtan554_85C03643_29-01-2024_11-51-57_640_jpg.rf.cca658ad1e49b996515ee6ed8a54865f.jpg,85C03643,1,yellow,roboflow_plate_color,train
D:/DATN/datasets/raw/roboflow_plate_color/train/images/crop_xom7vinhtan554_85CC01472_29-01-2024_07-59-47_640_jpg.rf.a85f4128f4cd73c2af610fb39ffc20d3.jpg,85CC01472,1,yellow,roboflow_plate_color,train
D:/DATN/datasets/raw/roboflow_plate_color/train/images/crop_xom7vinhtan554_85F00065_30-01-2024_07-57-03_640_jpg.rf.102eead54df6cb7123a7504cbb654cef.jpg,85F00065,1,yellow,roboflow_plate_color,train
D:/DATN/datasets/raw/roboflow_plate_color/train/images/crop_xom7vinhtan554_85H00317_31-01-2024_10-02-23_640_jpg.rf.2d180433d02b2670d04aa0bf48da2f17.jpg,85H00317,1,yellow,roboflow_plate_color,train
D:/DATN/datasets/raw/roboflow_plate_color/train/images/crop_xom7vinhtan554_85H00383_29-01-2024_12-54-25_640_jpg.rf.a390e07fd96e8398b2e7a2c4b5b15aca.jpg,85H00383,1,yellow,roboflow_plate_color,train
D:/DATN/datasets/raw/roboflow_plate_color/train/images/crop_xom7vinhtan554_85H00655_29-01-2024_13-59-50_640_jpg.rf.6d0435607f830c2b2f5aa723a159b162.jpg,85H00655,1,yellow,roboflow_plate_color,train
D:/DATN/datasets/raw/roboflow_plate_color/train/images/crop_xom7vinhtan554_85H01006_27-01-2024_13-27-04_640_jpg.rf.92879d2c7838e0ade62e10b2261cc34f.jpg,85H01006,1,yellow,roboflow_plate_color,train
D:/DATN/datasets/raw/roboflow_plate_color/train/images/crop_xom7vinhtan554_86A00038_27-01-2024_11-25-07_640_jpg.rf.4fa093d4c77be5f7700372c3631a4c47.jpg,86A00038,1,blue,roboflow_plate_color,train
D:/DATN/datasets/raw/roboflow_plate_color/train/images/crop_xom7vinhtan554_86A00039_29-01-2024_11-21-56_640_jpg.rf.a4957c0f85148d36faa06c5febc763dd.jpg,86A00039,1,blue,roboflow_plate_color,train
D:/DATN/datasets/raw/roboflow_plate_color/train/images/crop_xom7vinhtan554_86A00132_02-02-2024_14-50-26_640_jpg.rf.d80b199ef335399afbf35ef664254bcc.jpg,86A00132,1,blue,roboflow_plate_color,train
D:/DATN/datasets/raw/roboflow_plate_color/train/images/crop_xom7vinhtan554_86A00205_29-01-2024_10-18-28_640_jpg.rf.25bab991dfa02c70f6b61388c12867c0.jpg,86A00205,1,blue,roboflow_plate_color,train
D:/DATN/datasets/raw/roboflow_plate_color/train/images/crop_xom7vinhtan554_86A00205_29-01-2024_16-36-53_640_jpg.rf.4ba80d4dab789078bb1f7730fca53963.jpg,86A00205,1,blue,roboflow_plate_color,train
D:/DATN/datasets/raw/roboflow_plate_color/train/images/crop_xom7vinhtan554_86A00245_30-01-2024_14-40-25_640_jpg.rf.242ee6e1818a1060429eba4e7c66b742.jpg,86A00245,1,blue,roboflow_plate_color,train
D:/DATN/datasets/raw/roboflow_plate_color/train/images/crop_xom7vinhtan554_86A00284_02-02-2024_14-38-38_640_jpg.rf.a9b924ca99e4ab3c2ec6f5127a8df71e.jpg,86A00284,1,blue,roboflow_plate_color,train
D:/DATN/datasets/raw/roboflow_plate_color/train/images/crop_xom7vinhtan554_86A00319_31-01-2024_11-28-57_640_jpg.rf.8a784bb775c5f0b36f54ebc6a21c3932.jpg,86A00319,1,blue,roboflow_plate_color,train
D:/DATN/datasets/raw/roboflow_plate_color/train/images/crop_xom7vinhtan554_86A00325_04-02-2024_06-10-25_640_jpg.rf.b5c6e1ceddaaea31afa17d9550fa84ae.jpg,86A00325,1,blue,roboflow_plate_color,train
D:/DATN/datasets/raw/roboflow_plate_color/train/images/crop_xom7vinhtan554_86A00325_29-01-2024_14-37-55_640_jpg.rf.721eafaa29e4e60c65da2d6710cbd5f4.jpg,86A00325,1,blue,roboflow_plate_color,train
D:/DATN/datasets/raw/roboflow_plate_color/train/images/crop_xom7vinhtan554_86A00325_31-01-2024_11-28-49_640_jpg.rf.96ca1545fc824136a6897a757d544042.jpg,86A00325,1,blue,roboflow_plate_color,train
D:/DATN/datasets/raw/roboflow_plate_color/train/images/crop_xom7vinhtan554_86A00345_02-02-2024_11-09-19_640_jpg.rf.4c0660231053aa8b67b9b44118bcca89.jpg,86A00345,1,blue,roboflow_plate_color,train
D:/DATN/datasets/raw/roboflow_plate_color/train/images/crop_xom7vinhtan554_86A00345_27-01-2024_11-21-38_640_jpg.rf.77b5aed4cfbf3d16c7719ed9a8015d50.jpg,86A00345,1,blue,roboflow_plate_color,train
D:/DATN/datasets/raw/roboflow_plate_color/train/images/crop_xom7vinhtan554_86A00345_30-01-2024_08-05-41_640_jpg.rf.368c95d38d8f24a78b34b5571f993e9b.jpg,86A00345,1,blue,roboflow_plate_color,train
D:/DATN/datasets/raw/roboflow_plate_color/train/images/crop_xom7vinhtan554_86A00525_02-02-2024_11-09-06_640_jpg.rf.6cd0cf16052b6ed176268ed611807f99.jpg,86A00525,1,blue,roboflow_plate_color,train
D:/DATN/datasets/raw/roboflow_plate_color/train/images/crop_xom7vinhtan554_86A10000_31-01-2024_11-17-55_640_jpg.rf.0a30171732b5ec018425841edb2c8abf.jpg,86A10000,1,blue,roboflow_plate_color,train
D:/DATN/datasets/raw/roboflow_plate_color/train/images/crop_xom7vinhtan554_86A100030_29-01-2024_14-36-05_640_jpg.rf.6996fc9606ab8e11f1b389b7ec2027d1.jpg,86A100030,1,blue,roboflow_plate_color,train
D:/DATN/datasets/raw/roboflow_plate_color/train/images/crop_xom7vinhtan554_86A100039_30-01-2024_17-08-49_640_jpg.rf.9cda3afcf1cb254e5112460c3ca283f8.jpg,86A100039,1,blue,roboflow_plate_color,train
D:/DATN/datasets/raw/roboflow_plate_color/train/images/crop_xom7vinhtan554_86B00345_28-01-2024_07-36-23_640_jpg.rf.b94e4dff5efdffe6112720697c7a3afd.jpg,86B00345,1,yellow,roboflow_plate_color,train
D:/DATN/datasets/raw/roboflow_plate_color/train/images/crop_xom7vinhtan554_86B00402_04-02-2024_14-49-59_640_jpg.rf.34904cc6039e70908f09f03afc48eaae.jpg,86B00402,1,yellow,roboflow_plate_color,train
D:/DATN/datasets/raw/roboflow_plate_color/train/images/crop_xom7vinhtan554_86B01351_03-02-2024_10-52-33_640_jpg.rf.7b1a687a716cd62a3e8d6dfb33f52499.jpg,86B01351,1,yellow,roboflow_plate_color,train
D:/DATN/datasets/raw/roboflow_plate_color/train/images/crop_xom7vinhtan554_86C01489_31-01-2024_09-29-36_640_jpg.rf.f6192f48833f10cca8f671cc054a3c75.jpg,86C01489,1,yellow,roboflow_plate_color,train
D:/DATN/datasets/raw/roboflow_plate_color/train/images/crop_xom7vinhtan554_86C04016_02-02-2024_12-25-08_640_jpg.rf.d4512fa89f33dfe15238a0395bb3d45d.jpg,86C04016,1,yellow,roboflow_plate_color,train
D:/DATN/datasets/raw/roboflow_plate_color/train/images/crop_xom7vinhtan554_86C11085_03-02-2024_09-45-07_640_jpg.rf.4896bb27b1578a8bd21ab335982dcc26.jpg,86C11085,1,yellow,roboflow_plate_color,train
D:/DATN/datasets/raw/roboflow_plate_color/train/images/crop_xom7vinhtan554_86C11832_30-01-2024_16-09-58_640_jpg.rf.39b95d6f98b5b7bc3b25094ea568a1bc.jpg,86C11832,1,yellow,roboflow_plate_color,train
D:/DATN/datasets/raw/roboflow_plate_color/train/images/crop_xom7vinhtan554_86H00318_02-02-2024_10-05-18_640_jpg.rf.f195e9c626b14eb7e8639051fc35ab27.jpg,86H00318,1,yellow,roboflow_plate_color,train
D:/DATN/datasets/raw/roboflow_plate_color/train/images/crop_xom7vinhtan554_86H00674_02-02-2024_12-50-59_640_jpg.rf.eb6fc64cc4a59eab83fa10d2d7eca98b.jpg,86H00674,1,yellow,roboflow_plate_color,train
D:/DATN/datasets/raw/roboflow_plate_color/train/images/crop_xom7vinhtan554_86H01141_29-01-2024_14-34-50_640_jpg.rf.dbffe53963749d2ca2c17b7f3533dc34.jpg,86H01141,1,yellow,roboflow_plate_color,train
D:/DATN/datasets/raw/roboflow_plate_color/train/images/crop_xom7vinhtan554_86H01409_04-02-2024_13-28-31_640_jpg.rf.4d68a69cb401890909dbf9fb05288e80.jpg,86H01409,1,yellow,roboflow_plate_color,train
D:/DATN/datasets/raw/roboflow_plate_color/train/images/crop_xom7vinhtan554_88C18333_29-01-2024_11-21-52_640_jpg.rf.724ca7696b595911366b4a8f6f7199dd.jpg,88C18333,1,yellow,roboflow_plate_color,train
D:/DATN/datasets/raw/roboflow_plate_color/train/images/crop_xom7vinhtan554_89B00626_28-01-2024_06-42-35_640_jpg.rf.21227210049915f51ef8e06196b7247d.jpg,89B00626,1,yellow,roboflow_plate_color,train
D:/DATN/datasets/raw/roboflow_plate_color/train/images/crop_xom7vinhtan554_89C04823_29-01-2024_07-36-35_640_jpg.rf.6a3a4bf64174b5f0533f9fed6270cda6.jpg,89C04823,1,yellow,roboflow_plate_color,train
D:/DATN/datasets/raw/roboflow_plate_color/train/images/crop_xom7vinhtan554_89C05691_29-01-2024_12-08-06_640_jpg.rf.4ce32b16f4898398a49fe3b73ef3d553.jpg,89C05691,1,yellow,roboflow_plate_color,train
D:/DATN/datasets/raw/roboflow_plate_color/train/images/crop_xom7vinhtan554_89C18581_28-01-2024_07-04-08_640_jpg.rf.a2a1df90495fb1f62c32b164b75e87a2.jpg,89C18581,1,yellow,roboflow_plate_color,train
D:/DATN/datasets/raw/roboflow_plate_color/train/images/crop_xom7vinhtan554_89C20735_27-01-2024_09-21-55_640_jpg.rf.42ba621aae80adc6ee3e08865f065676.jpg,89C20735,1,yellow,roboflow_plate_color,train
D:/DATN/datasets/raw/roboflow_plate_color/train/images/crop_xom7vinhtan554_90F00134_31-01-2024_07-07-47_640_jpg.rf.2972e7208ed9715c39fd5f62a9b48c24.jpg,90F00134,1,yellow,roboflow_plate_color,train
D:/DATN/datasets/raw/roboflow_plate_color/train/images/crop_xom7vinhtan554_92C11436_31-01-2024_06-56-10_640_jpg.rf.3a9ff121cf862ec954a06a4b939f7a83.jpg,92C11436,1,yellow,roboflow_plate_color,train
D:/DATN/datasets/raw/roboflow_plate_color/train/images/crop_xom7vinhtan554_93C08208_31-01-2024_11-18-47_640_jpg.rf.820559842f36723b61200ea7706aacd3.jpg,93C08208,1,yellow,roboflow_plate_color,train
D:/DATN/datasets/raw/roboflow_plate_color/valid/images/crop_caunamprc554_36H00934_04-02-2024_16-57-11_640_jpg.rf.b4135713eab2fbe7433f741581dde774.jpg,36H00934,1,yellow,roboflow_plate_color,valid
D:/DATN/datasets/raw/roboflow_plate_color/valid/images/crop_caunamprc554_36H05869_05-02-2024_11-42-36_640_jpg.rf.18234ea864512cd8cd00f50078f675b0.jpg,36H05869,1,yellow,roboflow_plate_color,valid
D:/DATN/datasets/raw/roboflow_plate_color/valid/images/crop_caunamprc554_50FH00815_05-02-2024_12-46-01_640_jpg.rf.f0252d7599ce03ecabf557200109b9c4.jpg,50FH00815,1,yellow,roboflow_plate_color,valid
D:/DATN/datasets/raw/roboflow_plate_color/valid/images/crop_caunamprc554_50LD1433_04-02-2024_08-31-18_640_jpg.rf.9b2e7e6736a1c78d59584aaba796dd30.jpg,50LD1433,1,yellow,roboflow_plate_color,valid
D:/DATN/datasets/raw/roboflow_plate_color/valid/images/crop_caunamprc554_61H02108_05-02-2024_07-10-28_640_jpg.rf.0ee0b26a44c2ea0cd96438a4d1145370.jpg,61H02108,1,yellow,roboflow_plate_color,valid
D:/DATN/datasets/raw/roboflow_plate_color/valid/images/crop_caunamprc554_79B02755_05-02-2024_11-10-04_640_jpg.rf.dc9f22c5d758b7e238407f2f23c6d519.jpg,79B02755,1,yellow,roboflow_plate_color,valid
D:/DATN/datasets/raw/roboflow_plate_color/valid/images/crop_caunamprc554_85C05072_04-02-2024_14-10-33_640_jpg.rf.bfd02d6c5a08b91fa5473588a61fd8e8.jpg,85C05072,1,yellow,roboflow_plate_color,valid
D:/DATN/datasets/raw/roboflow_plate_color/valid/images/crop_caunamprc554_86A00287_29-01-2024_09-31-44_640_jpg.rf.c968b04612870ce162ab1134342e96ff.jpg,86A00287,1,blue,roboflow_plate_color,valid
D:/DATN/datasets/raw/roboflow_plate_color/valid/images/crop_caunamprc554_86B00402_29-01-2024_15-23-17_640_jpg.rf.fafee1d66f41c0ff9b49c66a4d7b5228.jpg,86B00402,1,yellow,roboflow_plate_color,valid
D:/DATN/datasets/raw/roboflow_plate_color/valid/images/crop_caunamprc554_86C04925_04-02-2024_17-15-24_640_jpg.rf.57cfbf52c9d5c7eed1be0d3754c07713.jpg,86C04925,1,yellow,roboflow_plate_color,valid
D:/DATN/datasets/raw/roboflow_plate_color/valid/images/crop_caunamprc555_17C05660_04-02-2024_16-10-18_640_jpg.rf.684f7bc62c74e5cc7e2564bd1ae67f40.jpg,17C05660,1,yellow,roboflow_plate_color,valid
D:/DATN/datasets/raw/roboflow_plate_color/valid/images/crop_caunamprc555_35H01545_04-02-2024_16-21-11_640_jpg.rf.09da53f3f334198c970fdb046c560afe.jpg,35H01545,1,yellow,roboflow_plate_color,valid
D:/DATN/datasets/raw/roboflow_plate_color/valid/images/crop_caunamprc555_50F00357_04-02-2024_15-37-11_640_jpg.rf.acf078140254605c7e3a493851df4cd4.jpg,50F00357,1,yellow,roboflow_plate_color,valid
D:/DATN/datasets/raw/roboflow_plate_color/valid/images/crop_caunamprc555_50F02853_04-02-2024_16-51-54_640_jpg.rf.b1dae6b5d6ae237c1bbff8149589c8ef.jpg,50F02853,1,yellow,roboflow_plate_color,valid
D:/DATN/datasets/raw/roboflow_plate_color/valid/images/crop_caunamprc555_50H07335_04-02-2024_06-44-24_640_jpg.rf.d37e0cb6cd40fbfb35414cb8127e43c4.jpg,50H07335,1,yellow,roboflow_plate_color,valid
D:/DATN/datasets/raw/roboflow_plate_color/valid/images/crop_caunamprc555_50H16789_04-02-2024_15-45-28_640_jpg.rf.24cf21fc9590af50aa21022ba28a55d8.jpg,50H16789,1,yellow,roboflow_plate_color,valid
D:/DATN/datasets/raw/roboflow_plate_color/valid/images/crop_caunamprc555_50H17922_05-02-2024_13-03-14_640_jpg.rf.eb60787227c46fd8eab95ac4ee98c7a0.jpg,50H17922,1,yellow,roboflow_plate_color,valid
D:/DATN/datasets/raw/roboflow_plate_color/valid/images/crop_caunamprc555_50H32952_04-02-2024_08-23-01_640_jpg.rf.5aab9f6b49b3c23eb8dc8f43fb29f4fa.jpg,50H32952,1,yellow,roboflow_plate_color,valid
D:/DATN/datasets/raw/roboflow_plate_color/valid/images/crop_caunamprc555_68H00969_04-02-2024_16-20-24_640_jpg.rf.9557564c2e8ce907fb9add565badaa20.jpg,68H00969,1,yellow,roboflow_plate_color,valid
D:/DATN/datasets/raw/roboflow_plate_color/valid/images/crop_caunamprc555_74E00143_05-02-2024_09-26-45_640_jpg.rf.8fdce491863a288d3f25bfc21e867870.jpg,74E00143,1,yellow,roboflow_plate_color,valid
D:/DATN/datasets/raw/roboflow_plate_color/valid/images/crop_caunamprc555_77F00586_05-02-2024_13-59-24_640_jpg.rf.49c7036e3436744dc60da060c3ae38ea.jpg,77F00586,1,yellow,roboflow_plate_color,valid
D:/DATN/datasets/raw/roboflow_plate_color/valid/images/crop_caunamprc555_78C06595_04-02-2024_11-16-36_640_jpg.rf.7f3f678e56fc67084d4dbecec579159b.jpg,78C06595,1,yellow,roboflow_plate_color,valid
D:/DATN/datasets/raw/roboflow_plate_color/valid/images/crop_caunamprc555_85B00429_28-01-2024_16-21-35_640_jpg.rf.918337f111965ac7a52f756f7f1ff946.jpg,85B00429,1,yellow,roboflow_plate_color,valid
D:/DATN/datasets/raw/roboflow_plate_color/valid/images/crop_caunamprc555_86C08203_04-02-2024_12-33-16_640_jpg.rf.ba0579ddd65f76b76cc2414a853c38b9.jpg,86C08203,1,yellow,roboflow_plate_color,valid
D:/DATN/datasets/raw/roboflow_plate_color/valid/images/crop_caunamprc555_86F00398_05-02-2024_09-30-14_640_jpg.rf.b18751abaa63201602bdaf40e83149bd.jpg,86F00398,1,yellow,roboflow_plate_color,valid
D:/DATN/datasets/raw/roboflow_plate_color/valid/images/crop_caunamprc555_86H01353_05-02-2024_06-43-40_640_jpg.rf.1685484e47454b5450c649ce29b32af3.jpg,86H01353,1,yellow,roboflow_plate_color,valid
D:/DATN/datasets/raw/roboflow_plate_color/valid/images/crop_garagecuong554_26H86210_05-02-2024_12-05-27_640_jpg.rf.c078e407a6b154fee41d25c7379dc5c9.jpg,26H86210,1,yellow,roboflow_plate_color,valid
D:/DATN/datasets/raw/roboflow_plate_color/valid/images/crop_garagecuong554_29H75208_04-02-2024_08-59-01_640_jpg.rf.5c14add1b9b0be9a8616f3f17a1680ad.jpg,29H75208,1,yellow,roboflow_plate_color,valid
D:/DATN/datasets/raw/roboflow_plate_color/valid/images/crop_garagecuong554_36H04035_04-02-2024_14-15-08_640_jpg.rf.b07783180982648ee5dc0c538d774853.jpg,36H04035,1,yellow,roboflow_plate_color,valid
D:/DATN/datasets/raw/roboflow_plate_color/valid/images/crop_garagecuong554_50F01690_05-02-2024_11-17-32_640_jpg.rf.4d1c60e928cf34c4bf8ba37460ab26a3.jpg,50F01690,1,yellow,roboflow_plate_color,valid
D:/DATN/datasets/raw/roboflow_plate_color/valid/images/crop_garagecuong554_50F02011_29-01-2024_14-57-29_640_jpg.rf.394dfcb1ab4e0e8a0ca32ad8569b564b.jpg,50F02011,1,yellow,roboflow_plate_color,valid
D:/DATN/datasets/raw/roboflow_plate_color/valid/images/crop_garagecuong554_50H10342_04-02-2024_07-38-14_640_jpg.rf.3ef5ce091c1040bc779f1acccb9db6ad.jpg,50H10342,1,yellow,roboflow_plate_color,valid
D:/DATN/datasets/raw/roboflow_plate_color/valid/images/crop_garagecuong554_50H21888_05-02-2024_13-42-55_640_jpg.rf.2535c6d3857a73dee731938a20b79871.jpg,50H21888,1,yellow,roboflow_plate_color,valid
D:/DATN/datasets/raw/roboflow_plate_color/valid/images/crop_garagecuong554_50H23684_04-02-2024_08-30-57_640_jpg.rf.79cdadfac6f676d2488098ca5aa1607d.jpg,50H23684,1,yellow,roboflow_plate_color,valid
D:/DATN/datasets/raw/roboflow_plate_color/valid/images/crop_garagecuong554_50H30607_05-02-2024_06-55-09_640_jpg.rf.614cb9bfb34b2e734b4b64ba55e33a3e.jpg,50H30607,1,yellow,roboflow_plate_color,valid
D:/DATN/datasets/raw/roboflow_plate_color/valid/images/crop_garagecuong554_51B26656_05-02-2024_13-16-51_640_jpg.rf.2e625bbcf79fbbb98f4ffd0fac1e1069.jpg,51B26656,1,yellow,roboflow_plate_color,valid
D:/DATN/datasets/raw/roboflow_plate_color/valid/images/crop_garagecuong554_51D35050_05-02-2024_13-20-35_640_jpg.rf.bddc928074fd7ea40b8e14e837487113.jpg,51D35050,1,yellow,roboflow_plate_color,valid
D:/DATN/datasets/raw/roboflow_plate_color/valid/images/crop_garagecuong554_60H10537_04-02-2024_16-35-54_640_jpg.rf.8059d1fb017f1876fa20188d05b8e95a.jpg,60H10537,1,yellow,roboflow_plate_color,valid
D:/DATN/datasets/raw/roboflow_plate_color/valid/images/crop_garagecuong554_61F00029_29-01-2024_15-16-18_640_jpg.rf.243406ccabc3822954f665a74e0b9c76.jpg,61F00029,1,yellow,roboflow_plate_color,valid
D:/DATN/datasets/raw/roboflow_plate_color/valid/images/crop_garagecuong554_63HD01589_04-02-2024_13-07-07_640_jpg.rf.7ca354abf1c1c8db2f52ec6bcee6c019.jpg,63HD01589,1,yellow,roboflow_plate_color,valid
D:/DATN/datasets/raw/roboflow_plate_color/valid/images/crop_garagecuong554_71H00045_05-02-2024_10-10-12_640_jpg.rf.d4d256572f82b5ac074686fbe1be7257.jpg,71H00045,1,yellow,roboflow_plate_color,valid
D:/DATN/datasets/raw/roboflow_plate_color/valid/images/crop_garagecuong554_76B00639_04-02-2024_16-39-30_640_jpg.rf.1543d5474bddaf308f5a1a5a862597b6.jpg,76B00639,1,yellow,roboflow_plate_color,valid
D:/DATN/datasets/raw/roboflow_plate_color/valid/images/crop_garagecuong554_76C13364_04-02-2024_09-01-40_640_jpg.rf.b5eb3e290e103be4f246852849a3e6d5.jpg,76C13364,1,yellow,roboflow_plate_color,valid
D:/DATN/datasets/raw/roboflow_plate_color/valid/images/crop_garagecuong554_79C00656_05-02-2024_09-20-38_640_jpg.rf.ed4b9c385454d35c30026c4c91894a9f.jpg,79C00656,1,yellow,roboflow_plate_color,valid
D:/DATN/datasets/raw/roboflow_plate_color/valid/images/crop_garagecuong554_79C12222_05-02-2024_11-34-27_640_jpg.rf.19e1f76d0b68b14d86033d78aba2932e.jpg,79C12222,1,yellow,roboflow_plate_color,valid
D:/DATN/datasets/raw/roboflow_plate_color/valid/images/crop_garagecuong554_85C04558_04-02-2024_10-11-48_640_jpg.rf.f7fdd885089d5b9f20e30e8f880dbd60.jpg,85C04558,1,yellow,roboflow_plate_color,valid
D:/DATN/datasets/raw/roboflow_plate_color/valid/images/crop_garagecuong554_86C11744_04-02-2024_09-55-56_640_jpg.rf.ace2d0717defae7570646d6995fa191a.jpg,86C11744,1,yellow,roboflow_plate_color,valid
D:/DATN/datasets/raw/roboflow_plate_color/valid/images/crop_garagecuong554_86H01065_05-02-2024_08-55-50_640_jpg.rf.b8763d23fb1ed7d1b22ba11bb5901e2b.jpg,86H01065,1,yellow,roboflow_plate_color,valid
D:/DATN/datasets/raw/roboflow_plate_color/valid/images/crop_garagecuong554_86H01645_04-02-2024_14-58-33_640_jpg.rf.cedb86b53f6c97eb8302ff25ef62d177.jpg,86H01645,1,yellow,roboflow_plate_color,valid
D:/DATN/datasets/raw/roboflow_plate_color/valid/images/crop_garagecuong554_89H01397_05-02-2024_11-22-50_640_jpg.rf.2478cf82dc6c89dfcb78330626c5293b.jpg,89H01397,1,yellow,roboflow_plate_color,valid
D:/DATN/datasets/raw/roboflow_plate_color/valid/images/crop_hoaphu555_51C58696_05-02-2024_10-21-48_640_jpg.rf.2891f7e7f37e3ba6e57e9ba547ab4f74.jpg,51C58696,1,yellow,roboflow_plate_color,valid
D:/DATN/datasets/raw/roboflow_plate_color/valid/images/crop_hoaphu555_61C15282_04-02-2024_16-17-44_640_jpg.rf.f4bc59b019d140976e8725232f9fa4e7.jpg,61C15282,1,yellow,roboflow_plate_color,valid
D:/DATN/datasets/raw/roboflow_plate_color/valid/images/crop_nga3duong554_29LD07203_29-01-2024_14-03-51_640_jpg.rf.3fd8bfe45bd3dff8fa4f5ebbbedf86c6.jpg,29LD07203,1,yellow,roboflow_plate_color,valid
D:/DATN/datasets/raw/roboflow_plate_color/valid/images/crop_nga3duong554_50F02950_29-01-2024_14-32-18_640_jpg.rf.ed524f17031ff1ee82bd7819adb5d6c4.jpg,50F02950,1,yellow,roboflow_plate_color,valid
D:/DATN/datasets/raw/roboflow_plate_color/valid/images/crop_nga3duong554_51C34302_29-01-2024_15-01-35_640_jpg.rf.0da29daa042b7d421f84d72f0acb55e0.jpg,51C34302,1,yellow,roboflow_plate_color,valid
D:/DATN/datasets/raw/roboflow_plate_color/valid/images/crop_nga3duong554_85A00217_29-01-2024_09-56-21_640_jpg.rf.118cb23c34789e26ea8591e2c9fca134.jpg,85A00217,1,blue,roboflow_plate_color,valid
D:/DATN/datasets/raw/roboflow_plate_color/valid/images/crop_nga3duong554_86A00566_29-01-2024_10-49-17_640_jpg.rf.07754b1c314cf98c1c0e277bc9329a36.jpg,86A00566,1,blue,roboflow_plate_color,valid
D:/DATN/datasets/raw/roboflow_plate_color/valid/images/crop_nga3duong554_86B01539_05-02-2024_10-33-33_640_jpg.rf.bbc4a1ecec2c3b99c53921291d3836c0.jpg,86B01539,1,yellow,roboflow_plate_color,valid
D:/DATN/datasets/raw/roboflow_plate_color/valid/images/crop_nga3duong554_86F00402_05-02-2024_07-10-10_640_jpg.rf.9a95cb37eeffad2de8ee975f286e3fe7.jpg,86F00402,1,yellow,roboflow_plate_color,valid
D:/DATN/datasets/raw/roboflow_plate_color/valid/images/crop_nga3phuocthe554_51D51461_29-01-2024_12-23-08_640_jpg.rf.7395dc1c6aafb4ada2a82dd289c73ee3.jpg,51D51461,1,yellow,roboflow_plate_color,valid
D:/DATN/datasets/raw/roboflow_plate_color/valid/images/crop_nga3phuocthe554_73E00335_04-02-2024_11-07-54_640_jpg.rf.4073861213b1aeb4b17a832e6aa50c03.jpg,73E00335,1,yellow,roboflow_plate_color,valid
D:/DATN/datasets/raw/roboflow_plate_color/valid/images/crop_nga3phuocthe554_86A00325_29-01-2024_12-05-16_640_jpg.rf.bdb8e578cfa449df5aff834a6adb6059.jpg,86A00325,1,blue,roboflow_plate_color,valid
D:/DATN/datasets/raw/roboflow_plate_color/valid/images/crop_xom7vinhtan554_18H02430_04-02-2024_12-16-21_640_jpg.rf.ee5286f43aaf663fb4bea3afcfdf782c.jpg,18H02430,1,yellow,roboflow_plate_color,valid
D:/DATN/datasets/raw/roboflow_plate_color/valid/images/crop_xom7vinhtan554_29LD31474_31-01-2024_12-44-54_640_jpg.rf.a93aef71625fc6279a7c2a254f56119a.jpg,29LD31474,1,yellow,roboflow_plate_color,valid
D:/DATN/datasets/raw/roboflow_plate_color/valid/images/crop_xom7vinhtan554_43E01870_02-02-2024_10-20-09_640_jpg.rf.d4e1c268ae33cd488752cf35afc9bcf7.jpg,43E01870,1,yellow,roboflow_plate_color,valid
D:/DATN/datasets/raw/roboflow_plate_color/valid/images/crop_xom7vinhtan554_47E00539_29-01-2024_10-08-18_640_jpg.rf.5f388aa336c5d01a3d50f32bda83c966.jpg,47E00539,1,yellow,roboflow_plate_color,valid
D:/DATN/datasets/raw/roboflow_plate_color/valid/images/crop_xom7vinhtan554_50F02099_30-01-2024_07-14-21_640_jpg.rf.6a9c00f9b36b3328e83e2636caa8475c.jpg,50F02099,1,yellow,roboflow_plate_color,valid
D:/DATN/datasets/raw/roboflow_plate_color/valid/images/crop_xom7vinhtan554_50F02208_04-02-2024_15-42-48_640_jpg.rf.b4f5c725868d4f44c0516289c97c1f07.jpg,50F02208,1,yellow,roboflow_plate_color,valid
D:/DATN/datasets/raw/roboflow_plate_color/valid/images/crop_xom7vinhtan554_50F03900_31-01-2024_13-12-45_640_jpg.rf.648ff1aec6f28e8fc8a64c8c7ba0790a.jpg,50F03900,1,yellow,roboflow_plate_color,valid
D:/DATN/datasets/raw/roboflow_plate_color/valid/images/crop_xom7vinhtan554_50H09153_05-02-2024_11-23-30_640_jpg.rf.eb466ae821bb1583857e4c24215ab7ad.jpg,50H09153,1,yellow,roboflow_plate_color,valid
D:/DATN/datasets/raw/roboflow_plate_color/valid/images/crop_xom7vinhtan554_50H09655_31-01-2024_12-46-29_640_jpg.rf.6c95062e7a644f666b3224300aa11019.jpg,50H09655,1,yellow,roboflow_plate_color,valid
D:/DATN/datasets/raw/roboflow_plate_color/valid/images/crop_xom7vinhtan554_50H24639_27-01-2024_12-24-37_640_jpg.rf.7d8a286c2e85ef4ea2eb06c5ddc0e78a.jpg,50H24639,1,yellow,roboflow_plate_color,valid
D:/DATN/datasets/raw/roboflow_plate_color/valid/images/crop_xom7vinhtan554_50H25533_31-01-2024_12-44-16_640_jpg.rf.cae91ddf55c0d9d847a8c0df099dbd62.jpg,50H25533,1,yellow,roboflow_plate_color,valid
D:/DATN/datasets/raw/roboflow_plate_color/valid/images/crop_xom7vinhtan554_50LD07626_27-01-2024_14-13-08_640_jpg.rf.1c1615c89076df6df8862fd7cfe8edc0.jpg,50LD07626,1,yellow,roboflow_plate_color,valid
D:/DATN/datasets/raw/roboflow_plate_color/valid/images/crop_xom7vinhtan554_51B02593_05-02-2024_08-48-57_640_jpg.rf.c08edd4b93d77b922fb53b05bf87c7dd.jpg,51B02593,1,yellow,roboflow_plate_color,valid
D:/DATN/datasets/raw/roboflow_plate_color/valid/images/crop_xom7vinhtan554_51B28639_29-01-2024_10-28-20_640_jpg.rf.ab70aa9bee8e8ad1e4b16dc7ee7b1e67.jpg,51B28639,1,yellow,roboflow_plate_color,valid
D:/DATN/datasets/raw/roboflow_plate_color/valid/images/crop_xom7vinhtan554_51B30835_02-02-2024_11-55-58_640_jpg.rf.3c5664bfae772ffceea5b896b772bc08.jpg,51B30835,1,yellow,roboflow_plate_color,valid
D:/DATN/datasets/raw/roboflow_plate_color/valid/images/crop_xom7vinhtan554_51B50383_30-01-2024_00-47-02_640_jpg.rf.ea4fd3f094f35864092ce7eb169ff906.jpg,51B50383,1,yellow,roboflow_plate_color,valid
D:/DATN/datasets/raw/roboflow_plate_color/valid/images/crop_xom7vinhtan554_51D17992_04-02-2024_17-14-19_640_jpg.rf.54fc4824cd05e00b2fda89d1d2f8f1e1.jpg,51D17992,1,yellow,roboflow_plate_color,valid
D:/DATN/datasets/raw/roboflow_plate_color/valid/images/crop_xom7vinhtan554_51D48274_05-02-2024_08-17-00_640_jpg.rf.6eedb849bef923953e3225192e76e002.jpg,51D48274,1,yellow,roboflow_plate_color,valid
D:/DATN/datasets/raw/roboflow_plate_color/valid/images/crop_xom7vinhtan554_51G66309_31-01-2024_11-16-14_640_jpg.rf.912f2bba75548e7d8057fbd57ec053c6.jpg,51G66309,1,yellow,roboflow_plate_color,valid
D:/DATN/datasets/raw/roboflow_plate_color/valid/images/crop_xom7vinhtan554_60C52297_05-02-2024_11-24-46_640_jpg.rf.8c99186c844453169748dbafa45d6ae1.jpg,60C52297,1,yellow,roboflow_plate_color,valid
D:/DATN/datasets/raw/roboflow_plate_color/valid/images/crop_xom7vinhtan554_77H00130_27-01-2024_11-47-17_640_jpg.rf.5f22a91912c8ba0f7d5443e59eeec62f.jpg,77H00130,1,yellow,roboflow_plate_color,valid
D:/DATN/datasets/raw/roboflow_plate_color/valid/images/crop_xom7vinhtan554_78B00974_05-02-2024_14-06-29_640_jpg.rf.f963038d573d4836fccd8270017608df.jpg,78B00974,1,yellow,roboflow_plate_color,valid
D:/DATN/datasets/raw/roboflow_plate_color/valid/images/crop_xom7vinhtan554_78C05186_29-01-2024_15-47-12_640_jpg.rf.f7a8dfccf04b9642fe88d259b4f95eb0.jpg,78C05186,1,yellow,roboflow_plate_color,valid
D:/DATN/datasets/raw/roboflow_plate_color/valid/images/crop_xom7vinhtan554_79A00225_05-02-2024_06-29-41_640_jpg.rf.9461e1a48853d34b0fc08e34015ccdef.jpg,79A00225,1,blue,roboflow_plate_color,valid
D:/DATN/datasets/raw/roboflow_plate_color/valid/images/crop_xom7vinhtan554_79A00497_31-01-2024_09-03-18_640_jpg.rf.8f0dc039f5709cd4903b17cd3df23350.jpg,79A00497,1,blue,roboflow_plate_color,valid
D:/DATN/datasets/raw/roboflow_plate_color/valid/images/crop_xom7vinhtan554_79A26913_31-01-2024_10-45-11_640_jpg.rf.aad5f82f454cb77219f93545ad61aa8f.jpg,79A26913,1,yellow,roboflow_plate_color,valid
D:/DATN/datasets/raw/roboflow_plate_color/valid/images/crop_xom7vinhtan554_79B02896_30-01-2024_15-14-53_640_jpg.rf.94825cdeb8031ed82db30440d306763b.jpg,79B02896,1,yellow,roboflow_plate_color,valid
D:/DATN/datasets/raw/roboflow_plate_color/valid/images/crop_xom7vinhtan554_79C07729_27-01-2024_10-39-09_640_jpg.rf.9e3e2e6c01922cbea2c3a90a4980aeaa.jpg,79C07729,1,yellow,roboflow_plate_color,valid
D:/DATN/datasets/raw/roboflow_plate_color/valid/images/crop_xom7vinhtan554_79C11190_31-01-2024_14-02-15_640_jpg.rf.ae2ad5eb3904b49e46e14a49b4d00fc0.jpg,79C11190,1,yellow,roboflow_plate_color,valid
D:/DATN/datasets/raw/roboflow_plate_color/valid/images/crop_xom7vinhtan554_79F00114_29-01-2024_07-37-14_640_jpg.rf.657934308077e31b108544363e5aa064.jpg,79F00114,1,yellow,roboflow_plate_color,valid
D:/DATN/datasets/raw/roboflow_plate_color/valid/images/crop_xom7vinhtan554_79F00502_29-01-2024_10-36-13_640_jpg.rf.6ae5d667fb37a6a7dc6ef54bc45d6e45.jpg,79F00502,1,yellow,roboflow_plate_color,valid
D:/DATN/datasets/raw/roboflow_plate_color/valid/images/crop_xom7vinhtan554_79H03859_29-01-2024_16-36-00_640_jpg.rf.cc7b02d77ca0c6a1a98b4ff48d9b46a4.jpg,79H03859,1,yellow,roboflow_plate_color,valid
D:/DATN/datasets/raw/roboflow_plate_color/valid/images/crop_xom7vinhtan554_85A00072_02-02-2024_13-42-48_640_jpg.rf.976fe9d03c777bf437f35d79ea3b4062.jpg,85A00072,1,blue,roboflow_plate_color,valid
D:/DATN/datasets/raw/roboflow_plate_color/valid/images/crop_xom7vinhtan554_85A00197_30-01-2024_15-25-57_640_jpg.rf.9ac231fe0598454f607361414348fef7.jpg,85A00197,1,blue,roboflow_plate_color,valid
D:/DATN/datasets/raw/roboflow_plate_color/valid/images/crop_xom7vinhtan554_85A00305_05-02-2024_09-10-18_640_jpg.rf.dcbe571e9d1a5467a67e248e522924b0.jpg,85A00305,1,blue,roboflow_plate_color,valid
D:/DATN/datasets/raw/roboflow_plate_color/valid/images/crop_xom7vinhtan554_85A00348_02-02-2024_13-54-02_640_jpg.rf.d61164bd0d481f8c0e2325aeb80f6ab2.jpg,85A00348,1,blue,roboflow_plate_color,valid
D:/DATN/datasets/raw/roboflow_plate_color/valid/images/crop_xom7vinhtan554_85B00395_31-01-2024_06-19-34_640_jpg.rf.c42de9a90f8047cee5c3d63efeab390a.jpg,85B00395,1,yellow,roboflow_plate_color,valid
D:/DATN/datasets/raw/roboflow_plate_color/valid/images/crop_xom7vinhtan554_85B00504_30-01-2024_07-15-24_640_jpg.rf.bf4f0df458e4190c5f45e2b4e2b28925.jpg,85B00504,1,yellow,roboflow_plate_color,valid
D:/DATN/datasets/raw/roboflow_plate_color/valid/images/crop_xom7vinhtan554_85B00630_31-01-2024_09-49-43_640_jpg.rf.78f4acd912b98618eacdfd80ea6e76aa.jpg,85B00630,1,yellow,roboflow_plate_color,valid
D:/DATN/datasets/raw/roboflow_plate_color/valid/images/crop_xom7vinhtan554_85C04469_26-01-2024_17-14-23_640_jpg.rf.12ff1f37799f445182d53b4739a754d2.jpg,85C04469,1,yellow,roboflow_plate_color,valid
D:/DATN/datasets/raw/roboflow_plate_color/valid/images/crop_xom7vinhtan554_86A00325_02-02-2024_11-09-05_640_jpg.rf.4cdc14601214f27486a73af0b2b7827d.jpg,86A00325,1,blue,roboflow_plate_color,valid
D:/DATN/datasets/raw/roboflow_plate_color/valid/images/crop_xom7vinhtan554_86A00419_29-01-2024_16-01-28_640_jpg.rf.4ca8bf21831a1ae337f3cbcce186f0bd.jpg,86A00419,1,blue,roboflow_plate_color,valid
D:/DATN/datasets/raw/roboflow_plate_color/valid/images/crop_xom7vinhtan554_86A700039_29-01-2024_14-36-36_640_jpg.rf.94f0a774251b4f6bccab385007c3e78b.jpg,86A700039,1,blue,roboflow_plate_color,valid
D:/DATN/datasets/raw/roboflow_plate_color/valid/images/crop_xom7vinhtan554_86C86419_31-01-2024_15-11-40_640_jpg.rf.d9a6f4d2886e043734f1c235d41e7459.jpg,86C86419,1,yellow,roboflow_plate_color,valid
D:/DATN/datasets/raw/roboflow_plate_color/valid/images/crop_xom7vinhtan554_86H01101_27-01-2024_16-39-30_640_jpg.rf.5a9fb966308684303f7243f6dbf81631.jpg,86H01101,1,yellow,roboflow_plate_color,valid
D:/DATN/datasets/raw/roboflow_plate_color/valid/images/crop_xom7vinhtan554_86H01130_27-01-2024_10-26-08_640_jpg.rf.82bb15951688b41201b936ef76f9dd0d.jpg,86H01130,1,yellow,roboflow_plate_color,valid
D:/DATN/datasets/raw/roboflow_plate_color/valid/images/crop_xom7vinhtan554_86H01213_04-02-2024_07-53-30_640_jpg.rf.0adfed92ab4993d8f72e0ccba3598b23.jpg,86H01213,1,yellow,roboflow_plate_color,valid
D:/DATN/datasets/raw/roboflow_plate_color/valid/images/crop_xom7vinhtan554_89H00020_05-02-2024_07-02-31_640_jpg.rf.7f3fe73f8643112a2d15a6b00f9040b4.jpg,89H00020,1,yellow,roboflow_plate_color,valid
D:/DATN/datasets/raw/roboflow_plate_color/valid/images/crop_xom7vinhtan554_92C05090_29-01-2024_08-51-43_640_jpg.rf.ee975183ed6649266a7551631c1f2674.jpg,92C05090,1,yellow,roboflow_plate_color,valid
D:/DATN/datasets/raw/roboflow_plate_color/test/images/crop_caunamprc555_79E00392_04-02-2024_16-15-23_640_jpg.rf.92df0722d0c7f2579725f856881b7264.jpg,79E00392,1,yellow,roboflow_plate_color,test
D:/DATN/datasets/raw/roboflow_plate_color/test/images/crop_caunamprc555_85H00889_04-02-2024_16-48-00_640_jpg.rf.59828767aa490854ff2971ab2f92005c.jpg,85H00889,1,yellow,roboflow_plate_color,test
D:/DATN/datasets/raw/roboflow_plate_color/test/images/crop_garagecuong554_50F01690_28-01-2024_17-16-49_640_jpg.rf.1888d00b9a0b6b5f67ac8be2a2500585.jpg,50F01690,1,yellow,roboflow_plate_color,test
D:/DATN/datasets/raw/roboflow_plate_color/test/images/crop_garagecuong554_51B29316_28-01-2024_15-03-47_640_jpg.rf.0faedffecaba463dad4a6767b8fff0a7.jpg,51B29316,1,yellow,roboflow_plate_color,test
D:/DATN/datasets/raw/roboflow_plate_color/test/images/crop_garagecuong554_60H10034_04-02-2024_11-25-31_640_jpg.rf.bb43d151c1cccd8176b66556e22cc112.jpg,60H10034,1,yellow,roboflow_plate_color,test
D:/DATN/datasets/raw/roboflow_plate_color/test/images/crop_garagecuong554_61C15282_04-02-2024_16-57-44_640_jpg.rf.fe4609d6c9516a74caf6e3eed2d21bf7.jpg,61C15282,1,yellow,roboflow_plate_color,test
D:/DATN/datasets/raw/roboflow_plate_color/test/images/crop_garagecuong554_61C23574_04-02-2024_14-24-32_640_jpg.rf.ebd2bb2b7d02c309c0ec23a36d2edbb3.jpg,61C23574,1,yellow,roboflow_plate_color,test
D:/DATN/datasets/raw/roboflow_plate_color/test/images/crop_garagecuong554_61H06218_04-02-2024_07-08-57_640_jpg.rf.69fce659e03f7de1c3b2849abc4d154e.jpg,61H06218,1,yellow,roboflow_plate_color,test
D:/DATN/datasets/raw/roboflow_plate_color/test/images/crop_garagecuong554_76B01168_04-02-2024_15-45-57_640_jpg.rf.d09306fd3fa18fbbd57de70c513aebc3.jpg,76B01168,1,yellow,roboflow_plate_color,test
D:/DATN/datasets/raw/roboflow_plate_color/test/images/crop_garagecuong554_76H02721_04-02-2024_09-53-49_640_jpg.rf.5dda075d9f2731a924078a5c2fcba68b.jpg,76H02721,1,yellow,roboflow_plate_color,test
D:/DATN/datasets/raw/roboflow_plate_color/test/images/crop_garagecuong554_80C47654_04-02-2024_16-09-09_640_jpg.rf.fb94f3f317aa8a81ed60e28503bdc94f.jpg,80C47654,1,yellow,roboflow_plate_color,test
D:/DATN/datasets/raw/roboflow_plate_color/test/images/crop_garagecuong554_85C05099_05-02-2024_12-01-11_640_jpg.rf.0c41e0a6e36d4559f1194888845f04b8.jpg,85C05099,1,yellow,roboflow_plate_color,test
D:/DATN/datasets/raw/roboflow_plate_color/test/images/crop_garagecuong554_86A00519_04-02-2024_14-01-58_640_jpg.rf.0b5e3206626611be59e725a6a9dcbe67.jpg,86A00519,1,blue,roboflow_plate_color,test
D:/DATN/datasets/raw/roboflow_plate_color/test/images/crop_nga3duong554_85B00629_28-01-2024_14-40-28_640_jpg.rf.af278ab9a79ff686a39dca3366be77c4.jpg,85B00629,1,yellow,roboflow_plate_color,test
D:/DATN/datasets/raw/roboflow_plate_color/test/images/crop_nga3duong554_86B01061_04-02-2024_16-22-45_640_jpg.rf.ee1576a65895b1585bb983cfd0da78d6.jpg,86B01061,1,yellow,roboflow_plate_color,test
D:/DATN/datasets/raw/roboflow_plate_color/test/images/crop_nga3duong554_86F00315_05-02-2024_11-52-06_640_jpg.rf.dfa4f6a89cbc7290e1d358f21d65490c.jpg,86F00315,1,yellow,roboflow_plate_color,test
D:/DATN/datasets/raw/roboflow_plate_color/test/images/crop_nga3muitau554_50F01627_05-02-2024_14-15-39_640_jpg.rf.6570a17f9d8032ea2944a7394ac9ca8b.jpg,50F01627,1,yellow,roboflow_plate_color,test
D:/DATN/datasets/raw/roboflow_plate_color/test/images/crop_nga3phuocthe554_50F04622_28-01-2024_12-10-31_640_jpg.rf.fda94d0cb412b2aabc24152de8550d45.jpg,50F04622,1,yellow,roboflow_plate_color,test
D:/DATN/datasets/raw/roboflow_plate_color/test/images/crop_xom7vinhtan554_29F03109_05-02-2024_09-18-17_640_jpg.rf.67a814930ff6ee70c2df021c789727f5.jpg,29F03109,1,yellow,roboflow_plate_color,test
D:/DATN/datasets/raw/roboflow_plate_color/test/images/crop_xom7vinhtan554_37B02631_31-01-2024_10-44-40_640_jpg.rf.9353ce750a662fe13256ab826e14804a.jpg,37B02631,1,yellow,roboflow_plate_color,test
D:/DATN/datasets/raw/roboflow_plate_color/test/images/crop_xom7vinhtan554_43H03081_30-01-2024_08-36-45_640_jpg.rf.50dedb0ce57b983acc69480b0d7109dd.jpg,43H03081,1,yellow,roboflow_plate_color,test
D:/DATN/datasets/raw/roboflow_plate_color/test/images/crop_xom7vinhtan554_50H35538_05-02-2024_11-51-06_640_jpg.rf.4c7eb17296070a200f168be3e59774f9.jpg,50H35538,1,yellow,roboflow_plate_color,test
D:/DATN/datasets/raw/roboflow_plate_color/test/images/crop_xom7vinhtan554_51B27540_27-01-2024_13-10-01_640_jpg.rf.696246d2ba5fa32d011c5ff4fb065990.jpg,51B27540,1,yellow,roboflow_plate_color,test
D:/DATN/datasets/raw/roboflow_plate_color/test/images/crop_xom7vinhtan554_51B40172_04-02-2024_17-17-13_640_jpg.rf.b78314fb671a0da82c9ae0752354fc54.jpg,51B40172,1,yellow,roboflow_plate_color,test
D:/DATN/datasets/raw/roboflow_plate_color/test/images/crop_xom7vinhtan554_51B50157_05-02-2024_11-17-38_640_jpg.rf.8fc907708c8b35999a06e8d6e224d24e.jpg,51B50157,1,yellow,roboflow_plate_color,test
D:/DATN/datasets/raw/roboflow_plate_color/test/images/crop_xom7vinhtan554_51C53121_04-02-2024_09-40-29_640_jpg.rf.01a5880a016ec9b5f96ee68140e34aff.jpg,51C53121,1,yellow,roboflow_plate_color,test
D:/DATN/datasets/raw/roboflow_plate_color/test/images/crop_xom7vinhtan554_66C06201_28-01-2024_16-12-46_640_jpg.rf.1c96472797e33aff8e9b46432a081710.jpg,66C06201,1,yellow,roboflow_plate_color,test
D:/DATN/datasets/raw/roboflow_plate_color/test/images/crop_xom7vinhtan554_78F00548_05-02-2024_08-04-47_640_jpg.rf.df748b524866424353302c576a966538.jpg,78F00548,1,yellow,roboflow_plate_color,test
D:/DATN/datasets/raw/roboflow_plate_color/test/images/crop_xom7vinhtan554_79A26843_29-01-2024_11-51-43_640_jpg.rf.551737cb426df6f832f5a0ebfd4cff53.jpg,79A26843,1,yellow,roboflow_plate_color,test
D:/DATN/datasets/raw/roboflow_plate_color/test/images/crop_xom7vinhtan554_79B01644_31-01-2024_12-40-28_640_jpg.rf.9d6bf247091f85b512430e0107feef68.jpg,79B01644,1,yellow,roboflow_plate_color,test
D:/DATN/datasets/raw/roboflow_plate_color/test/images/crop_xom7vinhtan554_79H02582_29-01-2024_17-41-38_640_jpg.rf.8d3cbf4bb8dec4f6a79d42eef24e5a66.jpg,79H02582,1,yellow,roboflow_plate_color,test
D:/DATN/datasets/raw/roboflow_plate_color/test/images/crop_xom7vinhtan554_80A04285_31-01-2024_09-28-58_640_jpg.rf.5ee14aac82ec7a5a5bcd0d26d20d5b83.jpg,80A04285,1,blue,roboflow_plate_color,test
D:/DATN/datasets/raw/roboflow_plate_color/test/images/crop_xom7vinhtan554_85A00190_31-01-2024_15-17-28_640_jpg.rf.c63c71060b9ae75f7dc2eb380666903f.jpg,85A00190,1,blue,roboflow_plate_color,test
D:/DATN/datasets/raw/roboflow_plate_color/test/images/crop_xom7vinhtan554_85B00423_29-01-2024_07-43-42_640_jpg.rf.6e6f2b0f23078073a8e0b384e1845a7a.jpg,85B00423,1,yellow,roboflow_plate_color,test
D:/DATN/datasets/raw/roboflow_plate_color/test/images/crop_xom7vinhtan554_85C01468_29-01-2024_11-20-22_640_jpg.rf.599eab71ee2675cad681300376f0b223.jpg,85C01468,1,yellow,roboflow_plate_color,test
D:/DATN/datasets/raw/roboflow_plate_color/test/images/crop_xom7vinhtan554_85E00102_31-01-2024_08-30-45_640_jpg.rf.d7287a2631b4549668f2915d4cb3f22e.jpg,85E00102,1,yellow,roboflow_plate_color,test
D:/DATN/datasets/raw/roboflow_plate_color/test/images/crop_xom7vinhtan554_85F00030_31-01-2024_11-00-34_640_jpg.rf.c93c75370c3f4dff8a462210f51be79b.jpg,85F00030,1,yellow,roboflow_plate_color,test
D:/DATN/datasets/raw/roboflow_plate_color/test/images/crop_xom7vinhtan554_85F00388_02-02-2024_08-04-33_640_jpg.rf.f4656a183822c5de954f671d410a7175.jpg,85F00388,1,yellow,roboflow_plate_color,test
D:/DATN/datasets/raw/roboflow_plate_color/test/images/crop_xom7vinhtan554_86A00030_02-02-2024_11-08-57_640_jpg.rf.71a5b70aeee46162462694c4da84e995.jpg,86A00030,1,blue,roboflow_plate_color,test
D:/DATN/datasets/raw/roboflow_plate_color/test/images/crop_xom7vinhtan554_86A00319_30-01-2024_14-48-25_640_jpg.rf.1aeef6220a204a7182f409a79b08c3ba.jpg,86A00319,1,blue,roboflow_plate_color,test
D:/DATN/datasets/raw/roboflow_plate_color/test/images/crop_xom7vinhtan554_86A100039_29-01-2024_11-21-55_640_jpg.rf.215e9e7e1a4767728ef05bad0820b873.jpg,86A100039,1,blue,roboflow_plate_color,test
D:/DATN/datasets/raw/roboflow_plate_color/test/images/crop_xom7vinhtan554_86G00025_04-02-2024_17-15-57_640_jpg.rf.6ff8789d68da0c79e0a01f894870127e.jpg,86G00025,1,yellow,roboflow_plate_color,test
D:/DATN/datasets/raw/roboflow_plate_color/test/images/crop_xom7vinhtan554_89H01086_01-02-2024_06-52-22_640_jpg.rf.7b978287703f77587f6005a8e02b7277.jpg,89H01086,1,yellow,roboflow_plate_color,test
