image_path,plate_text,line_count,char_count,is_valid_format,source_dataset,confidence_note
D:/DATN/datasets/raw/roboflow_ocr_plate/train/images/10xemay112_jpg.rf.6240b354b5a3ddea601dfcbc5dde6dac.jpg,54T15417,2,8,True,roboflow_ocr_plate,ok;split=train
D:/DATN/datasets/raw/roboflow_ocr_plate/train/images/10xemay1217_jpg.rf.53d12c71bdf912e148e3904cb9b5c54d.jpg,59L214999,2,9,True,roboflow_ocr_plate,ok;split=train
D:/DATN/datasets/raw/roboflow_ocr_plate/train/images/10xemay1270_jpg.rf.4c36473cfd20340ef19552575bd1c46a.jpg,59Y173221,2,9,True,roboflow_ocr_plate,ok;split=train
D:/DATN/datasets/raw/roboflow_ocr_plate/train/images/10xemay1329_jpg.rf.792dc6633a9b8d4150472fa7b13b3c44.jpg,54V81990,2,8,True,roboflow_ocr_plate,ok;split=train
D:/DATN/datasets/raw/roboflow_ocr_plate/train/images/10xemay1332_jpg.rf.47aecdefac49981396c433591ef261d9.jpg,59A303615,2,9,True,roboflow_ocr_plate,ok;split=train
D:/DATN/datasets/raw/roboflow_ocr_plate/train/images/10xemay1390_jpg.rf.67c1831aa2f6bc8a87fa60f78ca2cbe8.jpg,63F68411,2,8,True,roboflow_ocr_plate,ok;split=train
D:/DATN/datasets/raw/roboflow_ocr_plate/train/images/10xemay1457_jpg.rf.bf7c264953c7939bad3657c66709497a.jpg,60F141516,2,9,True,roboflow_ocr_plate,ok;split=train
D:/DATN/datasets/raw/roboflow_ocr_plate/train/images/10xemay1470_jpg.rf.d7c3343552bc3ab6eaf9eef09a40d00d.jpg,52S24832,2,8,True,roboflow_ocr_plate,ok;split=train
D:/DATN/datasets/raw/roboflow_ocr_plate/train/images/10xemay1510_jpg.rf.c660ad486d0d37ea03b8ce9b959d9352.jpg,59X169592,2,9,True,roboflow_ocr_plate,ok;split=train
D:/DATN/datasets/raw/roboflow_ocr_plate/train/images/10xemay1572_jpg.rf.0f37ec12877328e8f5364e1603a336b6.jpg,54Y88280,2,8,True,roboflow_ocr_plate,ok;split=train
D:/DATN/datasets/raw/roboflow_ocr_plate/train/images/10xemay1586_jpg.rf.32c2dc3c9f0ae69bb0365dac3e824737.jpg,51Z74533,2,8,True,roboflow_ocr_plate,ok;split=train
D:/DATN/datasets/raw/roboflow_ocr_plate/train/images/10xemay1596_jpg.rf.c58352c460837496b6ac9bea2f851cc5.jpg,59TA00329,2,9,True,roboflow_ocr_plate,ok;split=train
D:/DATN/datasets/raw/roboflow_ocr_plate/train/images/10xemay1825_jpg.rf.849bd4b6533c90e5703acef430e1f046.jpg,59U135226,2,9,True,roboflow_ocr_plate,ok;split=train
D:/DATN/datasets/raw/roboflow_ocr_plate/train/images/10xemay187_jpg.rf.f8a35db7f78efd34d88d73f880d0573e.jpg,79T26658,2,8,True,roboflow_ocr_plate,ok;split=train
D:/DATN/datasets/raw/roboflow_ocr_plate/train/images/10xemay2052_jpg.rf.f1c4c0db8ad753e055795ecce5679947.jpg,55F114927,2,9,True,roboflow_ocr_plate,ok;split=train
D:/DATN/datasets/raw/roboflow_ocr_plate/train/images/10xemay2215_jpg.rf.79ea46422270a9632db3313acf9d9d68.jpg,59T159973,2,9,True,roboflow_ocr_plate,ok;split=train
D:/DATN/datasets/raw/roboflow_ocr_plate/train/images/10xemay2271_jpg.rf.9c4e914958e8ef4ea0c094bc56766dda.jpg,54K48147,2,8,True,roboflow_ocr_plate,ok;split=train
D:/DATN/datasets/raw/roboflow_ocr_plate/train/images/10xemay272_jpg.rf.1549c445dcfc056f2ea8532dd00fb493.jpg,59M121704,2,9,True,roboflow_ocr_plate,ok;split=train
D:/DATN/datasets/raw/roboflow_ocr_plate/train/images/10xemay330_jpg.rf.3aed8ebad548dd8b861bcde1804b903f.jpg,59C201909,2,9,True,roboflow_ocr_plate,ok;split=train
D:/DATN/datasets/raw/roboflow_ocr_plate/train/images/10xemay45_jpg.rf.0314c00bb165b95ec1e00820748b3e62.jpg,72C112511,2,9,True,roboflow_ocr_plate,ok;split=train
D:/DATN/datasets/raw/roboflow_ocr_plate/train/images/10xemay47_jpg.rf.937a92500e5079ec27063e29a40044e0.jpg,59K190300,2,9,True,roboflow_ocr_plate,ok;split=train
D:/DATN/datasets/raw/roboflow_ocr_plate/train/images/10xemay581_jpg.rf.0ff23dc6817cd43ea13dd18511c77ea7.jpg,51K61392,2,8,True,roboflow_ocr_plate,ok;split=train
D:/DATN/datasets/raw/roboflow_ocr_plate/train/images/10xemay593_jpg.rf.c432af6cf399e9a6fc4a12b39e90aad8.jpg,59T138506,2,9,True,roboflow_ocr_plate,ok;split=train
D:/DATN/datasets/raw/roboflow_ocr_plate/train/images/10xemay799_jpg.rf.f9a4e651f104a5ffe28d32163abd18cb.jpg,78N25203,2,8,True,roboflow_ocr_plate,ok;split=train
D:/DATN/datasets/raw/roboflow_ocr_plate/train/images/10xemay921_jpg.rf.3cd125d1a3429414883426e7b926ae4c.jpg,49L104456,2,9,True,roboflow_ocr_plate,ok;split=train
D:/DATN/datasets/raw/roboflow_ocr_plate/train/images/11CarLongPlate587_jpg.rf.01af935738017d49a6582abf76f261f3.jpg,51F44614,1,8,True,roboflow_ocr_plate,ok;split=train
D:/DATN/datasets/raw/roboflow_ocr_plate/train/images/11CarLongPlate84_jpg.rf.103bfdd3fe190dabbe2b93f920de8e51.jpg,72S14860,2,8,True,roboflow_ocr_plate,ok;split=train
D:/DATN/datasets/raw/roboflow_ocr_plate/train/images/11xemay1003_jpg.rf.6c69c8ba4ff71d91c4782d5cdb3818ad.jpg,71B197914,2,9,True,roboflow_ocr_plate,ok;split=train
D:/DATN/datasets/raw/roboflow_ocr_plate/train/images/11xemay1015_jpg.rf.fa6d853fe6fcdde1c53de73b1e652e5b.jpg,59X275198,2,9,True,roboflow_ocr_plate,ok;split=train
D:/DATN/datasets/raw/roboflow_ocr_plate/train/images/11xemay1172_jpg.rf.426d50dd9b8f7bbde735d9a9e2678213.jpg,51K38796,2,8,True,roboflow_ocr_plate,ok;split=train
D:/DATN/datasets/raw/roboflow_ocr_plate/train/images/11xemay1197_jpg.rf.97eec8d57d726015c1f149f505ac1346.jpg,59F132210,2,9,True,roboflow_ocr_plate,ok;split=train
D:/DATN/datasets/raw/roboflow_ocr_plate/train/images/11xemay1324_jpg.rf.4febc40cb322fe485c0440112ef71106.jpg,54F16743,2,8,True,roboflow_ocr_plate,ok;split=train
D:/DATN/datasets/raw/roboflow_ocr_plate/train/images/11xemay137_jpg.rf.59c2f0ec930d0d54278b54e25b8bc0e8.jpg,60B801015,2,9,True,roboflow_ocr_plate,ok;split=train
D:/DATN/datasets/raw/roboflow_ocr_plate/train/images/11xemay308_jpg.rf.b0ea6fdaebd7e90681078dd0720c5877.jpg,59S218904,2,9,True,roboflow_ocr_plate,ok;split=train
D:/DATN/datasets/raw/roboflow_ocr_plate/train/images/11xemay317_jpg.rf.f02b797fa0eeac9abe5ac4cc0e2f284a.jpg,60B736638,2,9,True,roboflow_ocr_plate,ok;split=train
D:/DATN/datasets/raw/roboflow_ocr_plate/train/images/11xemay679_jpg.rf.0b48382bd4fd97b294352383afb2edef.jpg,59H167791,2,9,True,roboflow_ocr_plate,ok;split=train
D:/DATN/datasets/raw/roboflow_ocr_plate/train/images/11xemay702_jpg.rf.40159824988d4072e70b9f857d925f15.jpg,76G111649,2,9,True,roboflow_ocr_plate,ok;split=train
D:/DATN/datasets/raw/roboflow_ocr_plate/train/images/12xemay0_jpg.rf.00e9f740fd1387851d441825cd47f69e.jpg,59P166480,2,9,True,roboflow_ocr_plate,ok;split=train
D:/DATN/datasets/raw/roboflow_ocr_plate/train/images/12xemay1034_jpg.rf.2ea56256a5b8bc75354611a95656dffe.jpg,59F168564,2,9,True,roboflow_ocr_plate,ok;split=train
D:/DATN/datasets/raw/roboflow_ocr_plate/train/images/12xemay106_jpg.rf.0a805cfdef1c65c5944eedea946f7bc3.jpg,52L26661,2,8,True,roboflow_ocr_plate,ok;split=train
D:/DATN/datasets/raw/roboflow_ocr_plate/train/images/12xemay1090_jpg.rf.653f5ff852ddfeff327605feb7d4ebea.jpg,71C230079,2,9,True,roboflow_ocr_plate,ok;split=train
D:/DATN/datasets/raw/roboflow_ocr_plate/train/images/12xemay115_jpg.rf.c0987875dfa4c0f3b25ef39ad13b2f0e.jpg,77L137372,2,9,True,roboflow_ocr_plate,ok;split=train
D:/DATN/datasets/raw/roboflow_ocr_plate/train/images/12xemay1166_jpg.rf.3244e25c8f8afd5b70a0ba813ef12b65.jpg,51H22933,2,8,True,roboflow_ocr_plate,ok;split=train
D:/DATN/datasets/raw/roboflow_ocr_plate/train/images/12xemay1225_jpg.rf.425fd2568132152769c8d46435ee91a7.jpg,52U83666,2,8,True,roboflow_ocr_plate,ok;split=train
D:/DATN/datasets/raw/roboflow_ocr_plate/train/images/12xemay1241_jpg.rf.e4b08f801fe016508f89e2156ca41e4c.jpg,86C107261,2,9,True,roboflow_ocr_plate,ok;split=train
D:/DATN/datasets/raw/roboflow_ocr_plate/train/images/12xemay1259_jpg.rf.9a03d32449c027ffdcdc955a01c4a541.jpg,59Y167452,2,9,True,roboflow_ocr_plate,ok;split=train
D:/DATN/datasets/raw/roboflow_ocr_plate/train/images/12xemay130_jpg.rf.3fb036648309bef057500859d3a52be2.jpg,59X154497,2,9,True,roboflow_ocr_plate,ok;split=train
D:/DATN/datasets/raw/roboflow_ocr_plate/train/images/12xemay1326_jpg.rf.01e4a5d75bc7aeb56866ebee3c52f11d.jpg,59T120243,2,9,True,roboflow_ocr_plate,ok;split=train
D:/DATN/datasets/raw/roboflow_ocr_plate/train/images/12xemay1442_jpg.rf.513a55a4571b5b394231f179cf5c42bf.jpg,55P10009,2,8,True,roboflow_ocr_plate,ok;split=train
D:/DATN/datasets/raw/roboflow_ocr_plate/train/images/12xemay1499_jpg.rf.e311aaa05ae31fe6e375f969beddd9ad.jpg,59P166480,2,9,True,roboflow_ocr_plate,ok;split=train
D:/DATN/datasets/raw/roboflow_ocr_plate/train/images/12xemay1506_jpg.rf.9871f1b0430c2f7f706767d0d4feebb9.jpg,59F118461,2,9,True,roboflow_ocr_plate,ok;split=train
D:/DATN/datasets/raw/roboflow_ocr_plate/train/images/12xemay1521_jpg.rf.22c419ad2402bd4c686cccee9f123dd7.jpg,52U40050,2,8,True,roboflow_ocr_plate,ok;split=train
D:/DATN/datasets/raw/roboflow_ocr_plate/train/images/12xemay1605_jpg.rf.dadebf1e58294edf8563ad8016e4d5da.jpg,59E149285,2,9,True,roboflow_ocr_plate,ok;split=train
D:/DATN/datasets/raw/roboflow_ocr_plate/train/images/12xemay1612_jpg.rf.5288dbb32e88efa1b35899e0c2570691.jpg,59S149525,2,9,True,roboflow_ocr_plate,ok;split=train
D:/DATN/datasets/raw/roboflow_ocr_plate/train/images/12xemay1648_jpg.rf.d23694d79f94873277f4e17a9de1981b.jpg,54Y99149,2,8,True,roboflow_ocr_plate,ok;split=train
D:/DATN/datasets/raw/roboflow_ocr_plate/train/images/12xemay1692_jpg.rf.0fa4d395f29e77a641adf0302b09212a.jpg,59D206973,2,9,True,roboflow_ocr_plate,ok;split=train
D:/DATN/datasets/raw/roboflow_ocr_plate/train/images/12xemay179_jpg.rf.45581992facfe207cbed58bb4952872b.jpg,59H155699,2,9,True,roboflow_ocr_plate,ok;split=train
D:/DATN/datasets/raw/roboflow_ocr_plate/train/images/12xemay194_jpg.rf.5221743b90406d73ce538b594b509080.jpg,66P15739,2,8,True,roboflow_ocr_plate,ok;split=train
D:/DATN/datasets/raw/roboflow_ocr_plate/train/images/12xemay251_jpg.rf.f794cc57cc7c5a5c43c11308fcc24fd6.jpg,59L202084,2,9,True,roboflow_ocr_plate,ok;split=train
D:/DATN/datasets/raw/roboflow_ocr_plate/train/images/12xemay25_jpg.rf.8e15dee8d406d3b1ed634748074dcf0b.jpg,37M107918,2,9,True,roboflow_ocr_plate,ok;split=train
D:/DATN/datasets/raw/roboflow_ocr_plate/train/images/12xemay389_jpg.rf.6be95ace69b5e2b3348111fd259dbfeb.jpg,59T156987,2,9,True,roboflow_ocr_plate,ok;split=train
D:/DATN/datasets/raw/roboflow_ocr_plate/train/images/12xemay404_jpg.rf.0c2deb3aeb7d137c18821e9cbc59b6fe.jpg,66P15967,2,8,True,roboflow_ocr_plate,ok;split=train
D:/DATN/datasets/raw/roboflow_ocr_plate/train/images/12xemay408_jpg.rf.9a7a4ed31bc9acc9f824bee4d97b4d46.jpg,59M116054,2,9,True,roboflow_ocr_plate,ok;split=train
D:/DATN/datasets/raw/roboflow_ocr_plate/train/images/12xemay414_jpg.rf.08a8e0ed9df25b0394a236b350b54e5f.jpg,54L64897,2,8,True,roboflow_ocr_plate,ok;split=train
D:/DATN/datasets/raw/roboflow_ocr_plate/train/images/12xemay424_jpg.rf.4039cacd002556b53ecdaf432510bd1a.jpg,59C139916,2,9,True,roboflow_ocr_plate,ok;split=train
D:/DATN/datasets/raw/roboflow_ocr_plate/train/images/12xemay488_jpg.rf.fb2360d3673fa3e1ca3a6ff3d220b23c.jpg,59Y164831,2,9,True,roboflow_ocr_plate,ok;split=train
D:/DATN/datasets/raw/roboflow_ocr_plate/train/images/12xemay526_jpg.rf.1eabffa7224c10a17479fa1eea12667d.jpg,59T159973,2,9,True,roboflow_ocr_plate,ok;split=train
D:/DATN/datasets/raw/roboflow_ocr_plate/train/images/12xemay560_jpg.rf.a74e841eee7d16b502a6542deea07af4.jpg,59F103055,2,9,True,roboflow_ocr_plate,ok;split=train
D:/DATN/datasets/raw/roboflow_ocr_plate/train/images/12xemay594_jpg.rf.cf445dfa3b4de4a724b1e6f673da4db2.jpg,59S174203,2,9,True,roboflow_ocr_plate,ok;split=train
D:/DATN/datasets/raw/roboflow_ocr_plate/train/images/12xemay601_jpg.rf.545a77cfd0c10400b2d77d5b4cc7f2d0.jpg,60B236161,2,9,True,roboflow_ocr_plate,ok;split=train
D:/DATN/datasets/raw/roboflow_ocr_plate/train/images/12xemay638_jpg.rf.47f0a7593e6c06300b0b38933a5f3116.jpg,59K143840,2,9,True,roboflow_ocr_plate,ok;split=train
D:/DATN/datasets/raw/roboflow_ocr_plate/train/images/12xemay703_jpg.rf.2232b6bb25467bbea3029383e10c7b5a.jpg,59S181834,2,9,True,roboflow_ocr_plate,ok;split=train
D:/DATN/datasets/raw/roboflow_ocr_plate/train/images/12xemay737_jpg.rf.d20f69de17cbfadfeb03e89a32080069.jpg,59F162919,2,9,True,roboflow_ocr_plate,ok;split=train
D:/DATN/datasets/raw/roboflow_ocr_plate/train/images/12xemay818_jpg.rf.4035a2dddc792105094ddac9b2199837.jpg,70B132168,2,9,True,roboflow_ocr_plate,ok;split=train
D:/DATN/datasets/raw/roboflow_ocr_plate/train/images/12xemay873_jpg.rf.458b903effe90d00fda1e450a05f6b8a.jpg,59C246326,2,9,True,roboflow_ocr_plate,ok;split=train
D:/DATN/datasets/raw/roboflow_ocr_plate/train/images/12xemay894_jpg.rf.f0c2dd985a555cbaa706f3f6f3ce32a1.jpg,59F136564,2,9,True,roboflow_ocr_plate,ok;split=train
D:/DATN/datasets/raw/roboflow_ocr_plate/train/images/12xemay91_jpg.rf.c69d7fe25865be98ee7c4bc2de83041e.jpg,67B181846,2,9,True,roboflow_ocr_plate,ok;split=train
D:/DATN/datasets/raw/roboflow_ocr_plate/train/images/12xemay965_jpg.rf.67813640ed1391f813ec74d130600075.jpg,59P188847,2,9,True,roboflow_ocr_plate,ok;split=train
D:/DATN/datasets/raw/roboflow_ocr_plate/train/images/12xemay970_jpg.rf.d1c1e873c4ae8d9cd76aee5bb3d8c07b.jpg,71B207999,2,9,True,roboflow_ocr_plate,ok;split=train
D:/DATN/datasets/raw/roboflow_ocr_plate/train/images/12xemay976_jpg.rf.9234a68b0a989c195deb4f156b3e2f9f.jpg,52Z8327,2,7,True,roboflow_ocr_plate,ok;split=train
D:/DATN/datasets/raw/roboflow_ocr_plate/train/images/12xemay989_jpg.rf.62f3ff202a74ba86475ceb283f88cadf.jpg,54S54463,2,8,True,roboflow_ocr_plate,ok;split=train
D:/DATN/datasets/raw/roboflow_ocr_plate/train/images/13xemay1007_jpg.rf.6ea31de02f1325e750b6a36a9ab51e52.jpg,59M190208,2,9,True,roboflow_ocr_plate,ok;split=train
D:/DATN/datasets/raw/roboflow_ocr_plate/train/images/13xemay1086_jpg.rf.977d8c3cd40009bc9e74f7ec2838e5dc.jpg,59L167824,2,9,True,roboflow_ocr_plate,ok;split=train
D:/DATN/datasets/raw/roboflow_ocr_plate/train/images/13xemay1168_jpg.rf.8dda3274c05a2ba99e3238bcf02236c2.jpg,59G112671,2,9,True,roboflow_ocr_plate,ok;split=train
D:/DATN/datasets/raw/roboflow_ocr_plate/train/images/13xemay1263_jpg.rf.0d5aa80ad53aa943f2c107fbddb65ad9.jpg,54F44078,2,8,True,roboflow_ocr_plate,ok;split=train
D:/DATN/datasets/raw/roboflow_ocr_plate/train/images/13xemay155_jpg.rf.3f524437cc7d5536e86e54b835c7ab46.jpg,59L177693,2,9,True,roboflow_ocr_plate,ok;split=train
D:/DATN/datasets/raw/roboflow_ocr_plate/train/images/13xemay156_jpg.rf.7d4c38245ac434e3a4558c7a1058c7f0.jpg,59F120158,2,9,True,roboflow_ocr_plate,ok;split=train
D:/DATN/datasets/raw/roboflow_ocr_plate/train/images/13xemay1629_jpg.rf.001b51ee385eff39eca814d46eaa1078.jpg,93P179867,2,9,True,roboflow_ocr_plate,ok;split=train
D:/DATN/datasets/raw/roboflow_ocr_plate/train/images/13xemay282_jpg.rf.48195f6584c43c873e8225ea2d9338dd.jpg,60B628032,2,9,True,roboflow_ocr_plate,ok;split=train
D:/DATN/datasets/raw/roboflow_ocr_plate/train/images/13xemay313_jpg.rf.d99d82b5a28c9eb3fb98fcba439d7a66.jpg,59F131469,2,9,True,roboflow_ocr_plate,ok;split=train
D:/DATN/datasets/raw/roboflow_ocr_plate/train/images/13xemay359_jpg.rf.74f5fbc906cdd4bf6206bda454761f82.jpg,49B104182,2,9,True,roboflow_ocr_plate,ok;split=train
D:/DATN/datasets/raw/roboflow_ocr_plate/train/images/13xemay405_jpg.rf.9f1c32df100ff9dbf43758e50a72def3.jpg,54T16084,2,8,True,roboflow_ocr_plate,ok;split=train
D:/DATN/datasets/raw/roboflow_ocr_plate/train/images/13xemay489_jpg.rf.6e59c85c080cd26c02f744b37cb83de6.jpg,49K107320,2,9,True,roboflow_ocr_plate,ok;split=train
D:/DATN/datasets/raw/roboflow_ocr_plate/train/images/13xemay494_jpg.rf.e0dc9195ba39c08629caf919a2649e91.jpg,59T164417,2,9,True,roboflow_ocr_plate,ok;split=train
D:/DATN/datasets/raw/roboflow_ocr_plate/train/images/13xemay571_jpg.rf.efda15629538aa4ad4f89742d0320e69.jpg,92D142705,2,9,True,roboflow_ocr_plate,ok;split=train
D:/DATN/datasets/raw/roboflow_ocr_plate/train/images/13xemay683_jpg.rf.6145e714592061ba552d8ecdae68abcf.jpg,71B112522,2,9,True,roboflow_ocr_plate,ok;split=train
D:/DATN/datasets/raw/roboflow_ocr_plate/train/images/13xemay716_jpg.rf.28443f4ab5cc985fc42155c52e77379f.jpg,59B131489,2,9,True,roboflow_ocr_plate,ok;split=train
D:/DATN/datasets/raw/roboflow_ocr_plate/train/images/13xemay732_jpg.rf.70e6552441ddc04eb61c5a500d94860a.jpg,60B193113,2,9,True,roboflow_ocr_plate,ok;split=train
D:/DATN/datasets/raw/roboflow_ocr_plate/train/images/13xemay877_jpg.rf.5ac5a5e97af194d4dca352309d64405b.jpg,59VA00843,2,9,True,roboflow_ocr_plate,ok;split=train
D:/DATN/datasets/raw/roboflow_ocr_plate/train/images/13xemay920_jpg.rf.ae171b094518e3a5ffa32009a751de62.jpg,52F73840,2,8,True,roboflow_ocr_plate,ok;split=train
D:/DATN/datasets/raw/roboflow_ocr_plate/train/images/1xemay1035_jpg.rf.b292bc7930de216f08663a7bf8b53a3c.jpg,59M146204,2,9,True,roboflow_ocr_plate,ok;split=train
D:/DATN/datasets/raw/roboflow_ocr_plate/train/images/1xemay1037_jpg.rf.71b9fd14561e8eaba00ea603f522bd2d.jpg,67B169660,2,9,True,roboflow_ocr_plate,ok;split=train
D:/DATN/datasets/raw/roboflow_ocr_plate/train/images/1xemay1045_jpg.rf.9b464a6eb3a8706fc09d435bd70be2b8.jpg,59S221969,2,9,True,roboflow_ocr_plate,ok;split=train
D:/DATN/datasets/raw/roboflow_ocr_plate/train/images/1xemay1064_jpg.rf.868bec4a8cec43e5a54d42139a40f5ae.jpg,59V234815,2,9,True,roboflow_ocr_plate,ok;split=train
D:/DATN/datasets/raw/roboflow_ocr_plate/train/images/1xemay1088_jpg.rf.1c9436f94cdc15623dee77cb04dff628.jpg,59V244588,2,9,True,roboflow_ocr_plate,ok;split=train
D:/DATN/datasets/raw/roboflow_ocr_plate/train/images/1xemay1092_jpg.rf.68c8c20a19d54fc2334b8205af9b188e.jpg,54N46324,2,8,True,roboflow_ocr_plate,ok;split=train
D:/DATN/datasets/raw/roboflow_ocr_plate/train/images/1xemay1094_jpg.rf.55bc2f79be6cbc06c375507da4d54e74.jpg,59D167393,2,9,True,roboflow_ocr_plate,ok;split=train
D:/DATN/datasets/raw/roboflow_ocr_plate/train/images/1xemay1095_jpg.rf.a146a8df02843eb944f3fdc25ace8dac.jpg,16F26303,2,8,True,roboflow_ocr_plate,ok;split=train
D:/DATN/datasets/raw/roboflow_ocr_plate/train/images/1xemay1115_jpg.rf.d79f0cadc4d11859ddbca4cef86c04f4.jpg,54L51899,2,8,True,roboflow_ocr_plate,ok;split=train
D:/DATN/datasets/raw/roboflow_ocr_plate/train/images/1xemay1125_jpg.rf.bb7245ca28998e0d3d909a5c611241ce.jpg,54L18811,2,8,True,roboflow_ocr_plate,ok;split=train
D:/DATN/datasets/raw/roboflow_ocr_plate/train/images/1xemay1147_jpg.rf.d503a45bf0aeef8e6d5da7aa2d6dc22f.jpg,59K184015,2,9,True,roboflow_ocr_plate,ok;split=train
D:/DATN/datasets/raw/roboflow_ocr_plate/train/images/1xemay1196_jpg.rf.00f703d4f4a08b93defcca675032215e.jpg,51K21103,2,8,True,roboflow_ocr_plate,ok;split=train
D:/DATN/datasets/raw/roboflow_ocr_plate/train/images/1xemay1236_jpg.rf.b9eeccba16195b35e55b149657d8e8ab.jpg,54K34770,2,8,True,roboflow_ocr_plate,ok;split=train
D:/DATN/datasets/raw/roboflow_ocr_plate/train/images/1xemay1249_jpg.rf.a40a2f5e3460a2aed59887e291757800.jpg,59U172979,2,9,True,roboflow_ocr_plate,ok;split=train
D:/DATN/datasets/raw/roboflow_ocr_plate/train/images/1xemay1276_jpg.rf.3c5ec12ec291403dfdfe44e409bd18f8.jpg,59M160886,2,9,True,roboflow_ocr_plate,ok;split=train
D:/DATN/datasets/raw/roboflow_ocr_plate/train/images/1xemay1280_jpg.rf.c6fcb401b941199a9ef04f00b124b8c8.jpg,54F39952,2,8,True,roboflow_ocr_plate,ok;split=train
D:/DATN/datasets/raw/roboflow_ocr_plate/train/images/1xemay1303_jpg.rf.d9221e79a862883fa1d6c9d72b5e0ede.jpg,59P126989,2,9,True,roboflow_ocr_plate,ok;split=train
D:/DATN/datasets/raw/roboflow_ocr_plate/train/images/1xemay1325_jpg.rf.50edea593c1c09d3b717750990e59ca8.jpg,63H54588,2,8,True,roboflow_ocr_plate,ok;split=train
D:/DATN/datasets/raw/roboflow_ocr_plate/train/images/1xemay1360_jpg.rf.aba8e3d96ec66a925b50085dec4424e2.jpg,59S231606,2,9,True,roboflow_ocr_plate,ok;split=train
D:/DATN/datasets/raw/roboflow_ocr_plate/train/images/1xemay1364_jpg.rf.86d80ed072b849316b209a3061c4e5b0.jpg,59M197580,2,9,True,roboflow_ocr_plate,ok;split=train
D:/DATN/datasets/raw/roboflow_ocr_plate/train/images/1xemay1366_jpg.rf.17e14b6e3d41c756140f75b526064859.jpg,54T52159,2,8,True,roboflow_ocr_plate,ok;split=train
D:/DATN/datasets/raw/roboflow_ocr_plate/train/images/1xemay1453_jpg.rf.a439b4390da82bf4881978021b220a66.jpg,47K29950,2,8,True,roboflow_ocr_plate,ok;split=train
D:/DATN/datasets/raw/roboflow_ocr_plate/train/images/1xemay1454_jpg.rf.faad2ff03039cb44170dc79d7fec91c9.jpg,59V224614,2,9,True,roboflow_ocr_plate,ok;split=train
D:/DATN/datasets/raw/roboflow_ocr_plate/train/images/1xemay1458_jpg.rf.1444d664ef62790349b77f599397dc30.jpg,59G196577,2,9,True,roboflow_ocr_plate,ok;split=train
D:/DATN/datasets/raw/roboflow_ocr_plate/train/images/1xemay1500_jpg.rf.8cb9d93e06c620da759ca19f06425837.jpg,71S39276,2,8,True,roboflow_ocr_plate,ok;split=train
D:/DATN/datasets/raw/roboflow_ocr_plate/train/images/1xemay1519_jpg.rf.484ab69b2e12ee175c406c88262ad19c.jpg,51H32153,2,8,True,roboflow_ocr_plate,ok;split=train
D:/DATN/datasets/raw/roboflow_ocr_plate/train/images/1xemay1520_jpg.rf.57f9948b26262810c4f95da93bcc1db2.jpg,78K100677,2,9,True,roboflow_ocr_plate,ok;split=train
D:/DATN/datasets/raw/roboflow_ocr_plate/train/images/1xemay1524_jpg.rf.0795e865aecd2ae37bbce465a29712e2.jpg,54L55031,2,8,True,roboflow_ocr_plate,ok;split=train
D:/DATN/datasets/raw/roboflow_ocr_plate/train/images/1xemay1541_jpg.rf.52db42f0172147d82757f1848ad8ae4b.jpg,54P48871,2,8,True,roboflow_ocr_plate,ok;split=train
D:/DATN/datasets/raw/roboflow_ocr_plate/train/images/1xemay1542_jpg.rf.56d6337c8f93efa46eb279491a9fb36c.jpg,59T100381,2,9,True,roboflow_ocr_plate,ok;split=train
D:/DATN/datasets/raw/roboflow_ocr_plate/train/images/1xemay1543_jpg.rf.60ddb2482db07c7c716b983d6c7d0e40.jpg,59S208418,2,9,True,roboflow_ocr_plate,ok;split=train
D:/DATN/datasets/raw/roboflow_ocr_plate/train/images/1xemay1544_jpg.rf.be1e500a5196668e4d46cd706823a25c.jpg,59H146828,2,9,True,roboflow_ocr_plate,ok;split=train
D:/DATN/datasets/raw/roboflow_ocr_plate/train/images/1xemay1566_jpg.rf.942428c164e90ab12d07a14d768a2e7c.jpg,75H28428,2,8,True,roboflow_ocr_plate,ok;split=train
D:/DATN/datasets/raw/roboflow_ocr_plate/train/images/1xemay1599_jpg.rf.4244e47824e7177236c85e1f153a6410.jpg,66L126685,2,9,True,roboflow_ocr_plate,ok;split=train
D:/DATN/datasets/raw/roboflow_ocr_plate/train/images/1xemay1611_jpg.rf.b43f7cc4119a9b7b016b1077e7fabf4c.jpg,59B129117,2,9,True,roboflow_ocr_plate,ok;split=train
D:/DATN/datasets/raw/roboflow_ocr_plate/train/images/1xemay1620_jpg.rf.979b8f368ad187702e6db97c2a9277f8.jpg,59F159997,2,9,True,roboflow_ocr_plate,ok;split=train
D:/DATN/datasets/raw/roboflow_ocr_plate/train/images/1xemay1635_jpg.rf.1affe276cc057691bbb591b4616d6157.jpg,59D185619,2,9,True,roboflow_ocr_plate,ok;split=train
D:/DATN/datasets/raw/roboflow_ocr_plate/train/images/1xemay1649_jpg.rf.9f3238703f539510f1b8cca3a3b3d8e9.jpg,52M90589,2,8,True,roboflow_ocr_plate,ok;split=train
D:/DATN/datasets/raw/roboflow_ocr_plate/train/images/1xemay1671_jpg.rf.db9fdf958d05ad1d95eee698b17e71a2.jpg,59P213159,2,9,True,roboflow_ocr_plate,ok;split=train
D:/DATN/datasets/raw/roboflow_ocr_plate/train/images/1xemay1681_jpg.rf.88b9fbd272705e651a1d1fc836c69f3b.jpg,59L160778,2,9,True,roboflow_ocr_plate,ok;split=train
D:/DATN/datasets/raw/roboflow_ocr_plate/train/images/1xemay1690_jpg.rf.9a50b842fee9f255532bbbc4bdaf5ed3.jpg,59U184900,2,9,True,roboflow_ocr_plate,ok;split=train
D:/DATN/datasets/raw/roboflow_ocr_plate/train/images/1xemay1709_jpg.rf.64cee76e811a31f32e18a23e627d4029.jpg,64K104343,2,9,True,roboflow_ocr_plate,ok;split=train
D:/DATN/datasets/raw/roboflow_ocr_plate/train/images/1xemay1715_jpg.rf.7efdc8a21b990ac01d85bd9636c152ea.jpg,54S92073,2,8,True,roboflow_ocr_plate,ok;split=train
D:/DATN/datasets/raw/roboflow_ocr_plate/train/images/1xemay1716_jpg.rf.91fe336b12467cc22ec68bc7519227bb.jpg,66S112239,2,9,True,roboflow_ocr_plate,ok;split=train
D:/DATN/datasets/raw/roboflow_ocr_plate/train/images/1xemay1752_jpg.rf.707ca99504fb277a8d6df525d75ff443.jpg,59H154986,2,9,True,roboflow_ocr_plate,ok;split=train
D:/DATN/datasets/raw/roboflow_ocr_plate/train/images/1xemay1759_jpg.rf.e3e5949c81c7a9ff93269bb448ecd3f7.jpg,77L137372,2,9,True,roboflow_ocr_plate,ok;split=train
D:/DATN/datasets/raw/roboflow_ocr_plate/train/images/1xemay1787_jpg.rf.b189e4ada6a46c5a732128beb4d6a292.jpg,59K140650,2,9,True,roboflow_ocr_plate,ok;split=train
D:/DATN/datasets/raw/roboflow_ocr_plate/train/images/1xemay1803_jpg.rf.4cd951c3cf2c9ae85d25ef5825d6e12b.jpg,59L177693,2,9,True,roboflow_ocr_plate,ok;split=train
D:/DATN/datasets/raw/roboflow_ocr_plate/train/images/1xemay1818_jpg.rf.95ba55cc563ca4bef243a1373a3df0fa.jpg,59C165331,2,9,True,roboflow_ocr_plate,ok;split=train
D:/DATN/datasets/raw/roboflow_ocr_plate/train/images/1xemay1835_jpg.rf.38ba55e29e9d04e0114902ea5f2befe4.jpg,75K30899,2,8,True,roboflow_ocr_plate,ok;split=train
D:/DATN/datasets/raw/roboflow_ocr_plate/train/images/1xemay1838_jpg.rf.a2e8bfa4aab90974de0956aecc3d5348.jpg,79T26658,2,8,True,roboflow_ocr_plate,ok;split=train
D:/DATN/datasets/raw/roboflow_ocr_plate/train/images/1xemay1840_jpg.rf.4394d4a2953c59ecd7b2b79c9c9718a5.jpg,37M107918,2,9,True,roboflow_ocr_plate,ok;split=train
D:/DATN/datasets/raw/roboflow_ocr_plate/train/images/1xemay1865_jpg.rf.19bb3d311ec5c182c96dab47910a8bb2.jpg,60FP1469,2,8,True,roboflow_ocr_plate,ok;split=train
D:/DATN/datasets/raw/roboflow_ocr_plate/train/images/1xemay1913_jpg.rf.5c7f0a223fbeebfcfebcafc596b1358e.jpg,84K51618,2,8,True,roboflow_ocr_plate,ok;split=train
D:/DATN/datasets/raw/roboflow_ocr_plate/train/images/1xemay1917_jpg.rf.06dde4aa249bd1d65a4f6daf08e59ad3.jpg,59T192270,2,9,True,roboflow_ocr_plate,ok;split=train
D:/DATN/datasets/raw/roboflow_ocr_plate/train/images/1xemay1921_jpg.rf.ca4e751c346d58a31d887efd285c72ef.jpg,59E103640,2,9,True,roboflow_ocr_plate,ok;split=train
D:/DATN/datasets/raw/roboflow_ocr_plate/train/images/1xemay1965_jpg.rf.ef5ee0d0e88c65d6c3009a2aa050eefc.jpg,54L39902,2,8,True,roboflow_ocr_plate,ok;split=train
D:/DATN/datasets/raw/roboflow_ocr_plate/train/images/1xemay1983_jpg.rf.c206baa47cd0d01a10bdcb65dc48c320.jpg,60B736638,2,9,True,roboflow_ocr_plate,ok;split=train
D:/DATN/datasets/raw/roboflow_ocr_plate/train/images/1xemay2110_jpg.rf.00c0d855773e732095ab516863161f8c.jpg,59S138731,2,9,True,roboflow_ocr_plate,ok;split=train
D:/DATN/datasets/raw/roboflow_ocr_plate/train/images/1xemay2129_jpg.rf.8222d621c64f475a37dbd49fb33dcea4.jpg,81B126810,2,9,True,roboflow_ocr_plate,ok;split=train
D:/DATN/datasets/raw/roboflow_ocr_plate/train/images/1xemay2172_jpg.rf.8c3153dacaca207cc0c3e96e396bcb70.jpg,59T164831,2,9,True,roboflow_ocr_plate,ok;split=train
D:/DATN/datasets/raw/roboflow_ocr_plate/train/images/1xemay2195_jpg.rf.b123bc5eaabf981d4c3bac5cacf84cfb.jpg,51S25013,2,8,True,roboflow_ocr_plate,ok;split=train
D:/DATN/datasets/raw/roboflow_ocr_plate/train/images/1xemay2196_jpg.rf.25d60226ca9cdc25b1daa7fed928419a.jpg,84G122593,2,9,True,roboflow_ocr_plate,ok;split=train
D:/DATN/datasets/raw/roboflow_ocr_plate/train/images/1xemay2201_jpg.rf.e1374086f955e9e06b23dcbfc9f97b13.jpg,59Y187304,2,9,True,roboflow_ocr_plate,ok;split=train
D:/DATN/datasets/raw/roboflow_ocr_plate/train/images/1xemay2216_jpg.rf.35e4df3af337c7b0846349902b57cbe1.jpg,54H15326,2,8,True,roboflow_ocr_plate,ok;split=train
D:/DATN/datasets/raw/roboflow_ocr_plate/train/images/1xemay2223_jpg.rf.3f0ced80ceeb4b07c5fcd42964134431.jpg,59S135252,2,9,True,roboflow_ocr_plate,ok;split=train
D:/DATN/datasets/raw/roboflow_ocr_plate/train/images/1xemay2237_jpg.rf.055b346744169e8d118d8382d93c80f5.jpg,59N176654,2,9,True,roboflow_ocr_plate,ok;split=train
D:/DATN/datasets/raw/roboflow_ocr_plate/train/images/1xemay2248_jpg.rf.9e3475a7e82017632436d3b8be09a846.jpg,51L34827,2,8,True,roboflow_ocr_plate,ok;split=train
D:/DATN/datasets/raw/roboflow_ocr_plate/train/images/1xemay2258_jpg.rf.5c4815f2e503a0788fa466ad60e727e8.jpg,53K107625,2,9,True,roboflow_ocr_plate,ok;split=train
D:/DATN/datasets/raw/roboflow_ocr_plate/train/images/1xemay2268_jpg.rf.fa125ee2d1ec16813986ec93181fae77.jpg,59P115042,2,9,True,roboflow_ocr_plate,ok;split=train
D:/DATN/datasets/raw/roboflow_ocr_plate/train/images/1xemay2316_jpg.rf.95a2250ec04c84ed5d28278ef9850318.jpg,51U83423,2,8,True,roboflow_ocr_plate,ok;split=train
D:/DATN/datasets/raw/roboflow_ocr_plate/train/images/1xemay2335_jpg.rf.cfc3adb6e5d06ffc9aa1a71b7705f0ff.jpg,71S55600,2,8,True,roboflow_ocr_plate,ok;split=train
D:/DATN/datasets/raw/roboflow_ocr_plate/train/images/1xemay233_jpg.rf.bc9c976c8d17888a260308c15ea28e1d.jpg,64D113241,2,9,True,roboflow_ocr_plate,ok;split=train
D:/DATN/datasets/raw/roboflow_ocr_plate/train/images/1xemay2343_jpg.rf.57b491fb2a3302164d0cd52c400de341.jpg,79C122177,2,9,True,roboflow_ocr_plate,ok;split=train
D:/DATN/datasets/raw/roboflow_ocr_plate/train/images/1xemay2344_jpg.rf.4c37308ea89291a23509d93164749d3b.jpg,54S22148,2,8,True,roboflow_ocr_plate,ok;split=train
D:/DATN/datasets/raw/roboflow_ocr_plate/train/images/1xemay2359_jpg.rf.196aa7358990faf6d8b66ec2813a042f.jpg,59E153127,2,9,True,roboflow_ocr_plate,ok;split=train
D:/DATN/datasets/raw/roboflow_ocr_plate/train/images/1xemay2365_jpg.rf.7d92cc923559af9c07df1eed5f229f49.jpg,59T105297,2,9,True,roboflow_ocr_plate,ok;split=train
D:/DATN/datasets/raw/roboflow_ocr_plate/train/images/1xemay2373_jpg.rf.51b7f460e8142ba5e9b153a024d7705f.jpg,59U170392,2,9,True,roboflow_ocr_plate,ok;split=train
D:/DATN/datasets/raw/roboflow_ocr_plate/train/images/1xemay2375_jpg.rf.f5a6eea2a92f6359e3061b95096ad237.jpg,54P72138,2,8,True,roboflow_ocr_plate,ok;split=train
D:/DATN/datasets/raw/roboflow_ocr_plate/train/images/1xemay238_jpg.rf.6bed0a253f445c0e8fe2c2db86820168.jpg,60B816455,2,9,True,roboflow_ocr_plate,ok;split=train
D:/DATN/datasets/raw/roboflow_ocr_plate/train/images/1xemay2449_jpg.rf.02c90270070cc817db0d039d2a16d9b2.jpg,36F42678,2,8,True,roboflow_ocr_plate,ok;split=train
D:/DATN/datasets/raw/roboflow_ocr_plate/train/images/1xemay2452_jpg.rf.31f95deeaf91b4cea2f1ea22e8336465.jpg,59F162919,2,9,True,roboflow_ocr_plate,ok;split=train
D:/DATN/datasets/raw/roboflow_ocr_plate/train/images/1xemay2468_jpg.rf.67a5ddc5631e46b862efd0168a6bc4d9.jpg,59F168955,2,9,True,roboflow_ocr_plate,ok;split=train
D:/DATN/datasets/raw/roboflow_ocr_plate/train/images/1xemay2478_jpg.rf.7a8f229996315e647e17f19241f61f79.jpg,65F131532,2,9,True,roboflow_ocr_plate,ok;split=train
D:/DATN/datasets/raw/roboflow_ocr_plate/train/images/1xemay278_jpg.rf.b2425ad225ff9d1e5ff09cc370862be0.jpg,77C139373,2,9,True,roboflow_ocr_plate,ok;split=train
D:/DATN/datasets/raw/roboflow_ocr_plate/train/images/1xemay319_jpg.rf.9e30a9004c0792859a8e05dcf332fe79.jpg,72E101515,2,9,True,roboflow_ocr_plate,ok;split=train
D:/DATN/datasets/raw/roboflow_ocr_plate/train/images/1xemay322_jpg.rf.b32fb7ac0ad3bcaa67a6132461be2fec.jpg,59D146288,2,9,True,roboflow_ocr_plate,ok;split=train
D:/DATN/datasets/raw/roboflow_ocr_plate/train/images/1xemay328_jpg.rf.3ed3e304f6cfd70ee4f6aa730b875da5.jpg,59S227831,2,9,True,roboflow_ocr_plate,ok;split=train
D:/DATN/datasets/raw/roboflow_ocr_plate/train/images/1xemay356_jpg.rf.08517f324842a3cd40b4fa15c58877ca.jpg,59M136452,2,9,True,roboflow_ocr_plate,ok;split=train
D:/DATN/datasets/raw/roboflow_ocr_plate/train/images/1xemay358_jpg.rf.a3b27ce8a5e09d8d75735af9aa50bbcd.jpg,59N118063,2,9,True,roboflow_ocr_plate,ok;split=train
D:/DATN/datasets/raw/roboflow_ocr_plate/train/images/1xemay362_jpg.rf.cdabe830cc52b1f552940848737baf7e.jpg,85B117851,2,9,True,roboflow_ocr_plate,ok;split=train
D:/DATN/datasets/raw/roboflow_ocr_plate/train/images/1xemay374_jpg.rf.1115b24805eb3b230a6558daf6a699aa.jpg,59S153418,2,9,True,roboflow_ocr_plate,ok;split=train
D:/DATN/datasets/raw/roboflow_ocr_plate/train/images/1xemay376_jpg.rf.40c2eec9e7a6ed435e9e73e06346db99.jpg,59T162133,2,9,True,roboflow_ocr_plate,ok;split=train
D:/DATN/datasets/raw/roboflow_ocr_plate/train/images/1xemay383_jpg.rf.d3c2e180ffa4e60e969725f9b5e29e8e.jpg,60C123774,2,9,True,roboflow_ocr_plate,ok;split=train
D:/DATN/datasets/raw/roboflow_ocr_plate/train/images/1xemay399_jpg.rf.e33e6397ed12fb90517519903beca4b7.jpg,59U145781,2,9,True,roboflow_ocr_plate,ok;split=train
D:/DATN/datasets/raw/roboflow_ocr_plate/train/images/1xemay415_jpg.rf.4e16dffa154e877d1c2fa5c17de3846d.jpg,34K23664,2,8,True,roboflow_ocr_plate,ok;split=train
D:/DATN/datasets/raw/roboflow_ocr_plate/train/images/1xemay420_jpg.rf.f899b18fde6e7c12a91505c2ba8ab474.jpg,62N132746,2,9,True,roboflow_ocr_plate,ok;split=train
D:/DATN/datasets/raw/roboflow_ocr_plate/train/images/1xemay482_jpg.rf.915176c43e59f14bf3354f54d1103ecf.jpg,59C113183,2,9,True,roboflow_ocr_plate,ok;split=train
D:/DATN/datasets/raw/roboflow_ocr_plate/train/images/1xemay495_jpg.rf.082356c0e0817091b48db4801c0bf37b.jpg,72X18179,2,8,True,roboflow_ocr_plate,ok;split=train
D:/DATN/datasets/raw/roboflow_ocr_plate/train/images/1xemay506_jpg.rf.5d701d4e4903a95ec867c7b358d978a9.jpg,59L144716,2,9,True,roboflow_ocr_plate,ok;split=train
D:/DATN/datasets/raw/roboflow_ocr_plate/train/images/1xemay542_jpg.rf.c1c01a4d312231ed4ac10ca25e75af38.jpg,81B126810,2,9,True,roboflow_ocr_plate,ok;split=train
D:/DATN/datasets/raw/roboflow_ocr_plate/train/images/1xemay544_jpg.rf.5005a880639d6a5479f461690697bbfd.jpg,59P211120,2,9,True,roboflow_ocr_plate,ok;split=train
D:/DATN/datasets/raw/roboflow_ocr_plate/train/images/1xemay552_jpg.rf.88f854119a7d0f0b133a81fdc74b1c85.jpg,59P200263,2,9,True,roboflow_ocr_plate,ok;split=train
D:/DATN/datasets/raw/roboflow_ocr_plate/train/images/1xemay565_jpg.rf.a8bc94316667ce2c91c0863a8e9a2a01.jpg,59K102625,2,9,True,roboflow_ocr_plate,ok;split=train
D:/DATN/datasets/raw/roboflow_ocr_plate/train/images/1xemay572_jpg.rf.0ec56614b55babdd049d6750f4695669.jpg,59S228834,2,9,True,roboflow_ocr_plate,ok;split=train
D:/DATN/datasets/raw/roboflow_ocr_plate/train/images/1xemay573_jpg.rf.0652ba70eb7fbb1956999613b41c2ccc.jpg,59E156347,2,9,True,roboflow_ocr_plate,ok;split=train
D:/DATN/datasets/raw/roboflow_ocr_plate/train/images/1xemay585_jpg.rf.db7ef64bc96f2205c4e80ed67ae0002d.jpg,86C133139,2,9,True,roboflow_ocr_plate,ok;split=train
D:/DATN/datasets/raw/roboflow_ocr_plate/train/images/1xemay587_jpg.rf.8e1d9c52ec21ef0d0b5267bf4729151a.jpg,59H154289,2,9,True,roboflow_ocr_plate,ok;split=train
D:/DATN/datasets/raw/roboflow_ocr_plate/train/images/1xemay617_jpg.rf.6b3910d91df985f923a919cf86a62855.jpg,51U83423,2,8,True,roboflow_ocr_plate,ok;split=train
D:/DATN/datasets/raw/roboflow_ocr_plate/train/images/1xemay619_jpg.rf.b4912ddc2474841d3f5a5fbee38e7adb.jpg,59D143820,2,9,True,roboflow_ocr_plate,ok;split=train
D:/DATN/datasets/raw/roboflow_ocr_plate/train/images/1xemay645_jpg.rf.f5e4a001f310360159d9908c45fdd765.jpg,59E129565,2,9,True,roboflow_ocr_plate,ok;split=train
D:/DATN/datasets/raw/roboflow_ocr_plate/train/images/1xemay661_jpg.rf.df7b49d328ee185d4bbca5ab39704607.jpg,59T105297,2,9,True,roboflow_ocr_plate,ok;split=train
D:/DATN/datasets/raw/roboflow_ocr_plate/train/images/1xemay666_jpg.rf.c7ddfef4ab37ba07f928360283e84dd6.jpg,59H167791,2,9,True,roboflow_ocr_plate,ok;split=train
D:/DATN/datasets/raw/roboflow_ocr_plate/train/images/1xemay667_jpg.rf.4e4eff0a1304f39f514677bbcac55f1d.jpg,54Z73400,2,8,True,roboflow_ocr_plate,ok;split=train
D:/DATN/datasets/raw/roboflow_ocr_plate/train/images/1xemay677_jpg.rf.ba3bfda3a95e5c45c750087f0932cb03.jpg,59C130923,2,9,True,roboflow_ocr_plate,ok;split=train
D:/DATN/datasets/raw/roboflow_ocr_plate/train/images/1xemay682_jpg.rf.43cca1d7bc281cb30d7cb76e4e06101a.jpg,59Y171364,2,9,True,roboflow_ocr_plate,ok;split=train
D:/DATN/datasets/raw/roboflow_ocr_plate/train/images/1xemay693_jpg.rf.a0ff54a3a24f0c2102a07acfedca3b9e.jpg,54P72138,2,8,True,roboflow_ocr_plate,ok;split=train
D:/DATN/datasets/raw/roboflow_ocr_plate/train/images/1xemay723_jpg.rf.9b8fba5eb9ebec2d7726015cae978ea0.jpg,62S35031,2,8,True,roboflow_ocr_plate,ok;split=train
D:/DATN/datasets/raw/roboflow_ocr_plate/train/images/1xemay729_jpg.rf.92695147345f3236a4ebe636daf8ce66.jpg,54L42443,2,8,True,roboflow_ocr_plate,ok;split=train
D:/DATN/datasets/raw/roboflow_ocr_plate/train/images/1xemay740_jpg.rf.364be9018342731f076ae7af77ed518e.jpg,59C249200,2,9,True,roboflow_ocr_plate,ok;split=train
D:/DATN/datasets/raw/roboflow_ocr_plate/train/images/1xemay745_jpg.rf.6f7b089728a34d2f7b55f9a3c873331a.jpg,59H104425,2,9,True,roboflow_ocr_plate,ok;split=train
D:/DATN/datasets/raw/roboflow_ocr_plate/train/images/1xemay761_jpg.rf.5f165da5432e787ab51c164023f2533a.jpg,52S24832,2,8,True,roboflow_ocr_plate,ok;split=train
D:/DATN/datasets/raw/roboflow_ocr_plate/train/images/1xemay763_jpg.rf.d3f5dd6abdad62660808e7935c5527c9.jpg,60Z77813,2,8,True,roboflow_ocr_plate,ok;split=train
D:/DATN/datasets/raw/roboflow_ocr_plate/train/images/1xemay776_jpg.rf.75b8e01ab37d607d9c628e13a0b9b200.jpg,59F131316,2,9,True,roboflow_ocr_plate,ok;split=train
D:/DATN/datasets/raw/roboflow_ocr_plate/train/images/1xemay779_jpg.rf.7a87e6ed4f4866a855e4b96aff6d5812.jpg,54Y99149,2,8,True,roboflow_ocr_plate,ok;split=train
D:/DATN/datasets/raw/roboflow_ocr_plate/train/images/1xemay785_jpg.rf.e355c49c5f4bd57ac6dad036c5e8e548.jpg,54P76117,2,8,True,roboflow_ocr_plate,ok;split=train
D:/DATN/datasets/raw/roboflow_ocr_plate/train/images/1xemay791_jpg.rf.aa4cb2f97be4eb38e11d871d42cfc278.jpg,59Y191982,2,9,True,roboflow_ocr_plate,ok;split=train
D:/DATN/datasets/raw/roboflow_ocr_plate/train/images/1xemay807_jpg.rf.5d1f7b1c82ca6d9178d7f90a24a3f99e.jpg,95E117763,2,9,True,roboflow_ocr_plate,ok;split=train
D:/DATN/datasets/raw/roboflow_ocr_plate/train/images/1xemay808_jpg.rf.eac47b66f2b5060913904117a96ace4e.jpg,51L38385,2,8,True,roboflow_ocr_plate,ok;split=train
D:/DATN/datasets/raw/roboflow_ocr_plate/train/images/1xemay879_jpg.rf.29e4a521d1e367069186ac499ab83278.jpg,52T56177,2,8,True,roboflow_ocr_plate,ok;split=train
D:/DATN/datasets/raw/roboflow_ocr_plate/train/images/1xemay907_jpg.rf.29624acae37ce7fcf7956473853ec515.jpg,59L214999,2,9,True,roboflow_ocr_plate,ok;split=train
D:/DATN/datasets/raw/roboflow_ocr_plate/train/images/1xemay915_jpg.rf.96bbcf5921e6dc0d2681049c7096d1ee.jpg,59U178039,2,9,True,roboflow_ocr_plate,ok;split=train
D:/DATN/datasets/raw/roboflow_ocr_plate/train/images/2xemay1004_jpg.rf.c205ef86fcfb5d9dfa407098ec40bd05.jpg,59C201208,2,9,True,roboflow_ocr_plate,ok;split=train
D:/DATN/datasets/raw/roboflow_ocr_plate/train/images/2xemay1005_jpg.rf.83af412a7338af01a12d10a7abc59712.jpg,78G104308,2,9,True,roboflow_ocr_plate,ok;split=train
D:/DATN/datasets/raw/roboflow_ocr_plate/train/images/2xemay1017_jpg.rf.866e7259bc6bb8e8ee79359565be50d8.jpg,59M194458,2,9,True,roboflow_ocr_plate,ok;split=train
D:/DATN/datasets/raw/roboflow_ocr_plate/train/images/2xemay104_jpg.rf.fa60aca2d12d244cad98d79878ec64ea.jpg,59F138151,2,9,True,roboflow_ocr_plate,ok;split=train
D:/DATN/datasets/raw/roboflow_ocr_plate/train/images/2xemay1098_jpg.rf.87b9abf53b85e0f5636d768f4f1d1c31.jpg,59B137858,2,9,True,roboflow_ocr_plate,ok;split=train
D:/DATN/datasets/raw/roboflow_ocr_plate/train/images/2xemay1100_jpg.rf.e1fe51b20ee096b874ee014cf5a4c87d.jpg,47D118716,2,9,True,roboflow_ocr_plate,ok;split=train
D:/DATN/datasets/raw/roboflow_ocr_plate/train/images/2xemay1135_jpg.rf.c1477e8ca98a4de65e7c2d21f4d373e5.jpg,52K38683,2,8,True,roboflow_ocr_plate,ok;split=train
D:/DATN/datasets/raw/roboflow_ocr_plate/train/images/2xemay113_jpg.rf.31c20c78f733e99472e9cd05faa29dd3.jpg,59F138151,2,9,True,roboflow_ocr_plate,ok;split=train
D:/DATN/datasets/raw/roboflow_ocr_plate/train/images/2xemay1148_jpg.rf.76cb0a8d16a4d5e0524070d93116dcf0.jpg,59H135460,2,9,True,roboflow_ocr_plate,ok;split=train
D:/DATN/datasets/raw/roboflow_ocr_plate/train/images/2xemay1156_jpg.rf.f2802558e4f95092ec7080e7f6ae9e47.jpg,59F103055,2,9,True,roboflow_ocr_plate,ok;split=train
D:/DATN/datasets/raw/roboflow_ocr_plate/train/images/2xemay1171_jpg.rf.497339499096d9f993b9424f2d1a3912.jpg,55P23999,2,8,True,roboflow_ocr_plate,ok;split=train
D:/DATN/datasets/raw/roboflow_ocr_plate/train/images/2xemay1188_jpg.rf.a0b75666b464bbf70f98d413b0b3fc26.jpg,59V185584,2,9,True,roboflow_ocr_plate,ok;split=train
D:/DATN/datasets/raw/roboflow_ocr_plate/train/images/2xemay1201_jpg.rf.58744b595a518fcb2f0236299776d311.jpg,59P236511,2,9,True,roboflow_ocr_plate,ok;split=train
D:/DATN/datasets/raw/roboflow_ocr_plate/train/images/2xemay1242_jpg.rf.a25c1dc3c4bf2209e964386a02db8e5b.jpg,67B140833,2,9,True,roboflow_ocr_plate,ok;split=train
D:/DATN/datasets/raw/roboflow_ocr_plate/train/images/2xemay1246_jpg.rf.d11919a2816c14e5890a76f5c8fb4401.jpg,54Y93476,2,8,True,roboflow_ocr_plate,ok;split=train
D:/DATN/datasets/raw/roboflow_ocr_plate/train/images/2xemay1248_jpg.rf.4cb64dc27294426282e23cc4be3cffe5.jpg,52F38889,2,8,True,roboflow_ocr_plate,ok;split=train
D:/DATN/datasets/raw/roboflow_ocr_plate/train/images/2xemay124_jpg.rf.294571f5f4adf552ac0f0a8f86500c48.jpg,85D121869,2,9,True,roboflow_ocr_plate,ok;split=train
D:/DATN/datasets/raw/roboflow_ocr_plate/train/images/2xemay1253_jpg.rf.ae7340e4ffde343084fcde0aa72fc4ce.jpg,59T179742,2,9,True,roboflow_ocr_plate,ok;split=train
D:/DATN/datasets/raw/roboflow_ocr_plate/train/images/2xemay125_jpg.rf.5b0e1f0d7ec1d483eb253e2d52144587.jpg,71S35011,2,8,True,roboflow_ocr_plate,ok;split=train
D:/DATN/datasets/raw/roboflow_ocr_plate/train/images/2xemay1266_jpg.rf.c53ddce47831457581b6183cf5cfbd3b.jpg,59V155321,2,9,True,roboflow_ocr_plate,ok;split=train
D:/DATN/datasets/raw/roboflow_ocr_plate/train/images/2xemay1271_jpg.rf.2691234730b348df7fc3f7728fd07056.jpg,70K105963,2,9,True,roboflow_ocr_plate,ok;split=train
D:/DATN/datasets/raw/roboflow_ocr_plate/train/images/2xemay1290_jpg.rf.a1aeddcff0997dab794d3c6738d1e732.jpg,54L53913,2,8,True,roboflow_ocr_plate,ok;split=train
D:/DATN/datasets/raw/roboflow_ocr_plate/train/images/2xemay131_jpg.rf.297775ee645c2ccaaaeaebba3eff99d8.jpg,59N209050,2,9,True,roboflow_ocr_plate,ok;split=train
D:/DATN/datasets/raw/roboflow_ocr_plate/train/images/2xemay1342_jpg.rf.598d1046e1c2e158a6f316f329ebf4f6.jpg,59V256589,2,9,True,roboflow_ocr_plate,ok;split=train
D:/DATN/datasets/raw/roboflow_ocr_plate/train/images/2xemay1348_jpg.rf.eba38476dc2c8ea0c8833f7c1913c864.jpg,59S245275,2,9,True,roboflow_ocr_plate,ok;split=train
D:/DATN/datasets/raw/roboflow_ocr_plate/train/images/2xemay1365_jpg.rf.9e13926538475f0993abec563ad90f54.jpg,59C262872,2,9,True,roboflow_ocr_plate,ok;split=train
D:/DATN/datasets/raw/roboflow_ocr_plate/train/images/2xemay1381_jpg.rf.4c9fab83b5c1c557af427c84e2821b82.jpg,51S57559,2,8,True,roboflow_ocr_plate,ok;split=train
D:/DATN/datasets/raw/roboflow_ocr_plate/train/images/2xemay1382_jpg.rf.476c76ee3ffe8def5ff182d1492b6d62.jpg,47C115294,2,9,True,roboflow_ocr_plate,ok;split=train
D:/DATN/datasets/raw/roboflow_ocr_plate/train/images/2xemay1416_jpg.rf.4150a3e724d194513ddae45f34c9eabc.jpg,47C105644,2,9,True,roboflow_ocr_plate,ok;split=train
D:/DATN/datasets/raw/roboflow_ocr_plate/train/images/2xemay1418_jpg.rf.d4aac9384e6a97c0ae67055f09bbe9ce.jpg,59P198663,2,9,True,roboflow_ocr_plate,ok;split=train
D:/DATN/datasets/raw/roboflow_ocr_plate/train/images/2xemay1419_jpg.rf.f4d190b64be3a98138930699f4e34c59.jpg,76K33694,2,8,True,roboflow_ocr_plate,ok;split=train
D:/DATN/datasets/raw/roboflow_ocr_plate/train/images/2xemay1432_jpg.rf.a1869b764877cf715b61289b95649457.jpg,59L211547,2,9,True,roboflow_ocr_plate,ok;split=train
D:/DATN/datasets/raw/roboflow_ocr_plate/train/images/2xemay144_jpg.rf.74a48dae47d56a0b2394e0bf2336f589.jpg,59P183257,2,9,True,roboflow_ocr_plate,ok;split=train
D:/DATN/datasets/raw/roboflow_ocr_plate/train/images/2xemay148_jpg.rf.f0aa2cd2fde16859dce6212f6ec22eed.jpg,59P133202,2,9,True,roboflow_ocr_plate,ok;split=train
D:/DATN/datasets/raw/roboflow_ocr_plate/train/images/2xemay149_jpg.rf.6924a8358c1047ad508fb51961806a55.jpg,59S131886,2,9,True,roboflow_ocr_plate,ok;split=train
D:/DATN/datasets/raw/roboflow_ocr_plate/train/images/2xemay1516_jpg.rf.0bd51913c80d9c639aed412502182176.jpg,63H31295,2,8,True,roboflow_ocr_plate,ok;split=train
D:/DATN/datasets/raw/roboflow_ocr_plate/train/images/2xemay1552_jpg.rf.baba429263d0ddfdae778cc35c5fc022.jpg,59S167082,2,9,True,roboflow_ocr_plate,ok;split=train
D:/DATN/datasets/raw/roboflow_ocr_plate/train/images/2xemay1556_jpg.rf.773d744813c47e055768d190e1786212.jpg,30F14765,2,8,True,roboflow_ocr_plate,ok;split=train
D:/DATN/datasets/raw/roboflow_ocr_plate/train/images/2xemay1567_jpg.rf.c90742561554813539048cd03cdf4565.jpg,59U149726,2,9,True,roboflow_ocr_plate,ok;split=train
D:/DATN/datasets/raw/roboflow_ocr_plate/train/images/2xemay1585_jpg.rf.cdc8ba42abac5681f752e963dd71e695.jpg,59C232477,2,9,True,roboflow_ocr_plate,ok;split=train
D:/DATN/datasets/raw/roboflow_ocr_plate/train/images/2xemay1606_jpg.rf.473c8b5eae9e70c8d63ced8165364225.jpg,59C143689,2,9,True,roboflow_ocr_plate,ok;split=train
D:/DATN/datasets/raw/roboflow_ocr_plate/train/images/2xemay1638_jpg.rf.8e537cd594fc7e0fa0e2015d5b3f2cac.jpg,59S163497,2,9,True,roboflow_ocr_plate,ok;split=train
D:/DATN/datasets/raw/roboflow_ocr_plate/train/images/2xemay164_jpg.rf.cbcecb4881f7af9c23825df4dc9b035e.jpg,47B142872,2,9,True,roboflow_ocr_plate,ok;split=train
D:/DATN/datasets/raw/roboflow_ocr_plate/train/images/2xemay1666_jpg.rf.1cd94f91ed0ee9d9f3481f3b89c079fb.jpg,72F131144,2,9,True,roboflow_ocr_plate,ok;split=train
D:/DATN/datasets/raw/roboflow_ocr_plate/train/images/2xemay1698_jpg.rf.8c92fd37ffb4983a9abc901c33d89437.jpg,59N187173,2,9,True,roboflow_ocr_plate,ok;split=train
D:/DATN/datasets/raw/roboflow_ocr_plate/train/images/2xemay1717_jpg.rf.0be97fd033d0c5b04c59249ef02499bb.jpg,54S92073,2,8,True,roboflow_ocr_plate,ok;split=train
D:/DATN/datasets/raw/roboflow_ocr_plate/train/images/2xemay1746_jpg.rf.db18e981c0a26fafb7141676693551eb.jpg,59S236623,2,9,True,roboflow_ocr_plate,ok;split=train
D:/DATN/datasets/raw/roboflow_ocr_plate/train/images/2xemay174_jpg.rf.87568d12896af77f5b991ac407e3487e.jpg,59L106458,2,9,True,roboflow_ocr_plate,ok;split=train
D:/DATN/datasets/raw/roboflow_ocr_plate/train/images/2xemay1761_jpg.rf.472a1fa31caa2f722b4c50c9c0126ea2.jpg,59S236623,2,9,True,roboflow_ocr_plate,ok;split=train
D:/DATN/datasets/raw/roboflow_ocr_plate/train/images/2xemay1764_jpg.rf.1e86c3f161dfaa93e0d3275a2f077e04.jpg,59C221098,2,9,True,roboflow_ocr_plate,ok;split=train
D:/DATN/datasets/raw/roboflow_ocr_plate/train/images/2xemay1770_jpg.rf.3bba668acf589b3bf4b31e5b61bf404e.jpg,71S35011,2,8,True,roboflow_ocr_plate,ok;split=train
D:/DATN/datasets/raw/roboflow_ocr_plate/train/images/2xemay1789_jpg.rf.85341c3f396d53b5c052f480c31bb39c.jpg,59E164239,2,9,True,roboflow_ocr_plate,ok;split=train
D:/DATN/datasets/raw/roboflow_ocr_plate/train/images/2xemay1791_jpg.rf.f89676a40e5a51ff44525d53bcdcdafe.jpg,59P183257,2,9,True,roboflow_ocr_plate,ok;split=train
D:/DATN/datasets/raw/roboflow_ocr_plate/train/images/2xemay1792_jpg.rf.c9883a9e6036617384ad6b3ffbf09310.jpg,59F149271,2,9,True,roboflow_ocr_plate,ok;split=train
D:/DATN/datasets/raw/roboflow_ocr_plate/train/images/2xemay1794_jpg.rf.57fb2b2eca6180ebee3e5718b4fb8222.jpg,59C139780,2,9,True,roboflow_ocr_plate,ok;split=train
D:/DATN/datasets/raw/roboflow_ocr_plate/train/images/2xemay1832_jpg.rf.c455872d787dd321996f2d48dd4062d2.jpg,59P133202,2,9,True,roboflow_ocr_plate,ok;split=train
D:/DATN/datasets/raw/roboflow_ocr_plate/train/images/2xemay1836_jpg.rf.a9064f3719118b91cf435bf158e1af53.jpg,71B158070,2,9,True,roboflow_ocr_plate,ok;split=train
D:/DATN/datasets/raw/roboflow_ocr_plate/train/images/2xemay1837_jpg.rf.12de2978d02eb27e08584462b69ae2c6.jpg,60F140494,2,9,True,roboflow_ocr_plate,ok;split=train
D:/DATN/datasets/raw/roboflow_ocr_plate/train/images/2xemay183_jpg.rf.b127d711e64a19ba8deb3f1ed75d35fe.jpg,59U135226,2,9,True,roboflow_ocr_plate,ok;split=train
D:/DATN/datasets/raw/roboflow_ocr_plate/train/images/2xemay1859_jpg.rf.9c298ad7a3abda13fb51e3c115d33a1f.jpg,59P133202,2,9,True,roboflow_ocr_plate,ok;split=train
D:/DATN/datasets/raw/roboflow_ocr_plate/train/images/2xemay1866_jpg.rf.ba293de492f2ef7615e9b2f9b5163714.jpg,59C149744,2,9,True,roboflow_ocr_plate,ok;split=train
D:/DATN/datasets/raw/roboflow_ocr_plate/train/images/2xemay1868_jpg.rf.81b6399eb636cb669d864b4e70a14dfd.jpg,54T56168,2,8,True,roboflow_ocr_plate,ok;split=train
D:/DATN/datasets/raw/roboflow_ocr_plate/train/images/2xemay1872_jpg.rf.d2496e5d45389ceb29dab79e234bb315.jpg,50B628032,2,9,True,roboflow_ocr_plate,ok;split=train
D:/DATN/datasets/raw/roboflow_ocr_plate/train/images/2xemay1877_jpg.rf.539f693b829ac44d2f40baf3f8f7da97.jpg,59E112903,2,9,True,roboflow_ocr_plate,ok;split=train
D:/DATN/datasets/raw/roboflow_ocr_plate/train/images/2xemay1888_jpg.rf.492161a4b2df8bd2f78cbd30b29f6054.jpg,59X160210,2,9,True,roboflow_ocr_plate,ok;split=train
D:/DATN/datasets/raw/roboflow_ocr_plate/train/images/2xemay1903_jpg.rf.01ec6139de3afef909e3c91f67d9d3fd.jpg,59L229477,2,9,True,roboflow_ocr_plate,ok;split=train
D:/DATN/datasets/raw/roboflow_ocr_plate/train/images/2xemay1906_jpg.rf.bacb342a35818b08c665fe19713cc219.jpg,72F120741,2,9,True,roboflow_ocr_plate,ok;split=train
D:/DATN/datasets/raw/roboflow_ocr_plate/train/images/2xemay1908_jpg.rf.2ddbbf2f9bfed9e9f9ae67d71be0e834.jpg,76V63429,2,8,True,roboflow_ocr_plate,ok;split=train
D:/DATN/datasets/raw/roboflow_ocr_plate/train/images/2xemay1912_jpg.rf.eb35ff2e54e11607f9800956ae8ae7ee.jpg,59X281467,2,9,True,roboflow_ocr_plate,ok;split=train
D:/DATN/datasets/raw/roboflow_ocr_plate/train/images/2xemay1915_jpg.rf.f4992d4617e6f423aeffb5231f907c24.jpg,54S89169,2,8,True,roboflow_ocr_plate,ok;split=train
D:/DATN/datasets/raw/roboflow_ocr_plate/train/images/2xemay1918_jpg.rf.a009b33ebfc24a0bc55b2f2bdfbe6d41.jpg,37H107918,2,9,True,roboflow_ocr_plate,ok;split=train
D:/DATN/datasets/raw/roboflow_ocr_plate/train/images/2xemay1920_jpg.rf.b6d98828d6f2504d3d0205a543d7a6ff.jpg,59P231316,2,9,True,roboflow_ocr_plate,ok;split=train
D:/DATN/datasets/raw/roboflow_ocr_plate/train/images/2xemay1924_jpg.rf.4749346bc6730ae73753bf07562b08dc.jpg,59C224729,2,9,True,roboflow_ocr_plate,ok;split=train
D:/DATN/datasets/raw/roboflow_ocr_plate/train/images/2xemay1933_jpg.rf.866b998f8c4528c451d4dff55ad0dfe1.jpg,59M121704,2,9,True,roboflow_ocr_plate,ok;split=train
D:/DATN/datasets/raw/roboflow_ocr_plate/train/images/2xemay1941_jpg.rf.6684f63fd8b12592b9d838d6c9e00fc7.jpg,59U179751,2,9,True,roboflow_ocr_plate,ok;split=train
D:/DATN/datasets/raw/roboflow_ocr_plate/train/images/2xemay1942_jpg.rf.7014a3a1fa8ddd75f0d8634d39d17624.jpg,59T161654,2,9,True,roboflow_ocr_plate,ok;split=train
D:/DATN/datasets/raw/roboflow_ocr_plate/train/images/2xemay1945_jpg.rf.364d582a5a34b68c1a72be6f40311c84.jpg,59Y160811,2,9,True,roboflow_ocr_plate,ok;split=train
D:/DATN/datasets/raw/roboflow_ocr_plate/train/images/2xemay1946_jpg.rf.2c20bc85c09db52c25ed7879971a6c77.jpg,70SA0367,2,8,True,roboflow_ocr_plate,ok;split=train
D:/DATN/datasets/raw/roboflow_ocr_plate/train/images/2xemay1949_jpg.rf.37431d168beea82f8748975dd55bc0a9.jpg,50Y38211,2,8,True,roboflow_ocr_plate,ok;split=train
D:/DATN/datasets/raw/roboflow_ocr_plate/train/images/2xemay1950_jpg.rf.4fc3f21efb9d88c17ef5f70b2115e47e.jpg,59P187149,2,9,True,roboflow_ocr_plate,ok;split=train
D:/DATN/datasets/raw/roboflow_ocr_plate/train/images/2xemay1952_jpg.rf.b59b0734c176bc95b7885f8f759fe252.jpg,60B523822,2,9,True,roboflow_ocr_plate,ok;split=train
D:/DATN/datasets/raw/roboflow_ocr_plate/train/images/2xemay1966_jpg.rf.a80d89c01a2d83b339666099093681fa.jpg,52F39280,2,8,True,roboflow_ocr_plate,ok;split=train
D:/DATN/datasets/raw/roboflow_ocr_plate/train/images/2xemay1969_jpg.rf.c7fef9e5c3dc849913d9455ab8d0f977.jpg,59P189739,2,9,True,roboflow_ocr_plate,ok;split=train
D:/DATN/datasets/raw/roboflow_ocr_plate/train/images/2xemay1980_jpg.rf.4e516bfed134772c7ecbf6e80e551f66.jpg,59Y160811,2,9,True,roboflow_ocr_plate,ok;split=train
D:/DATN/datasets/raw/roboflow_ocr_plate/train/images/2xemay1985_jpg.rf.a7a25338c8fa78c4ab4994782c2d2ce9.jpg,59E113417,2,9,True,roboflow_ocr_plate,ok;split=train
D:/DATN/datasets/raw/roboflow_ocr_plate/train/images/2xemay1997_jpg.rf.2ed8bc1a39fb198d728f9d87afe88614.jpg,59P155811,2,9,True,roboflow_ocr_plate,ok;split=train
D:/DATN/datasets/raw/roboflow_ocr_plate/train/images/2xemay2009_jpg.rf.358f742ba49794746c901f7b2dd598fb.jpg,54P11482,2,8,True,roboflow_ocr_plate,ok;split=train
D:/DATN/datasets/raw/roboflow_ocr_plate/train/images/2xemay2013_jpg.rf.8ac5fe047bd39871d4c4c95e480cdca4.jpg,59F131469,2,9,True,roboflow_ocr_plate,ok;split=train
D:/DATN/datasets/raw/roboflow_ocr_plate/train/images/2xemay2026_jpg.rf.d9a89f7881e466955fcdddc2f96d1b3e.jpg,59M136452,2,9,True,roboflow_ocr_plate,ok;split=train
D:/DATN/datasets/raw/roboflow_ocr_plate/train/images/2xemay2028_jpg.rf.a9f51effdde2af88594dc057104c1faf.jpg,59N118063,2,9,True,roboflow_ocr_plate,ok;split=train
D:/DATN/datasets/raw/roboflow_ocr_plate/train/images/2xemay2029_jpg.rf.ce06b23da0048f103b31abe47110ab92.jpg,59N169575,2,9,True,roboflow_ocr_plate,ok;split=train
D:/DATN/datasets/raw/roboflow_ocr_plate/train/images/2xemay2034_jpg.rf.b4e131ace303fbc12ae90673827204a4.jpg,51T42133,2,8,True,roboflow_ocr_plate,ok;split=train
D:/DATN/datasets/raw/roboflow_ocr_plate/train/images/2xemay2041_jpg.rf.b008843966fc02336e293d25600e818d.jpg,51Y67665,2,8,True,roboflow_ocr_plate,ok;split=train
D:/DATN/datasets/raw/roboflow_ocr_plate/train/images/2xemay2048_jpg.rf.9b98e7e0a7e2c129504948e60d4a58c8.jpg,59T162133,2,9,True,roboflow_ocr_plate,ok;split=train
D:/DATN/datasets/raw/roboflow_ocr_plate/train/images/2xemay2049_jpg.rf.241d1ce88572f5e0309ffc7890c815e9.jpg,59M121704,2,9,True,roboflow_ocr_plate,ok;split=train
D:/DATN/datasets/raw/roboflow_ocr_plate/train/images/2xemay2057_jpg.rf.3a7f3c4ba9de6f5dd61f8cf575d53f3f.jpg,59X256462,2,9,True,roboflow_ocr_plate,ok;split=train
D:/DATN/datasets/raw/roboflow_ocr_plate/train/images/2xemay2061_jpg.rf.ad412e1676b65d2c4011d6cbfa67ffd9.jpg,59U145476,2,9,True,roboflow_ocr_plate,ok;split=train
D:/DATN/datasets/raw/roboflow_ocr_plate/train/images/2xemay2063_jpg.rf.3a14ddf1c1234df1bb520e7e90512339.jpg,59T156987,2,9,True,roboflow_ocr_plate,ok;split=train
D:/DATN/datasets/raw/roboflow_ocr_plate/train/images/2xemay2064_jpg.rf.6f12662f570dab6b5d83e6ab6e4fca93.jpg,70EA00557,2,9,True,roboflow_ocr_plate,ok;split=train
D:/DATN/datasets/raw/roboflow_ocr_plate/train/images/2xemay2068_jpg.rf.72b400e4bc40bda0dda81e5ae04e1fca.jpg,54X95114,2,8,True,roboflow_ocr_plate,ok;split=train
D:/DATN/datasets/raw/roboflow_ocr_plate/train/images/2xemay2073_jpg.rf.00d229169f5d5b5271d371cc59225730.jpg,59C165331,2,9,True,roboflow_ocr_plate,ok;split=train
D:/DATN/datasets/raw/roboflow_ocr_plate/train/images/2xemay2075_jpg.rf.886235e20fb72975d15462cfc1b7acb3.jpg,59U145781,2,9,True,roboflow_ocr_plate,ok;split=train
D:/DATN/datasets/raw/roboflow_ocr_plate/train/images/2xemay2076_jpg.rf.9ed85dd39f9887ce7eb9f00f90c314bc.jpg,59H143986,2,9,True,roboflow_ocr_plate,ok;split=train
D:/DATN/datasets/raw/roboflow_ocr_plate/train/images/2xemay2079_jpg.rf.d095f34684174d33ef7a41219d74e19a.jpg,59T101439,2,9,True,roboflow_ocr_plate,ok;split=train
D:/DATN/datasets/raw/roboflow_ocr_plate/train/images/2xemay2081_jpg.rf.7bd34c672a2fb3fb54c31c21265cde60.jpg,54T16084,2,8,True,roboflow_ocr_plate,ok;split=train
D:/DATN/datasets/raw/roboflow_ocr_plate/train/images/2xemay2082_jpg.rf.93971079ac2b0c1c361363b7a5d3864c.jpg,79K78987,2,8,True,roboflow_ocr_plate,ok;split=train
D:/DATN/datasets/raw/roboflow_ocr_plate/train/images/2xemay2083_jpg.rf.b5475e20f3f5ff84414f2cb3a9d45391.jpg,59L231395,2,9,True,roboflow_ocr_plate,ok;split=train
D:/DATN/datasets/raw/roboflow_ocr_plate/train/images/2xemay2086_jpg.rf.c4bb8c77cdd1910eb7ffa9284716f6b8.jpg,59E168785,2,9,True,roboflow_ocr_plate,ok;split=train
D:/DATN/datasets/raw/roboflow_ocr_plate/train/images/2xemay2095_jpg.rf.7ecd0ec6783d20eb42531f1fcf96632a.jpg,59V188114,2,9,True,roboflow_ocr_plate,ok;split=train
D:/DATN/datasets/raw/roboflow_ocr_plate/train/images/2xemay2099_jpg.rf.83de671c71cd47a28e5660bb7359b4b7.jpg,81B161386,2,9,True,roboflow_ocr_plate,ok;split=train
D:/DATN/datasets/raw/roboflow_ocr_plate/train/images/2xemay2108_jpg.rf.4f96905c732e4a43047f6468525211ed.jpg,59M156378,2,9,True,roboflow_ocr_plate,ok;split=train
D:/DATN/datasets/raw/roboflow_ocr_plate/train/images/2xemay2114_jpg.rf.0317cc1aacad8f3b2742f4b822ea19ed.jpg,59P189267,2,9,True,roboflow_ocr_plate,ok;split=train
D:/DATN/datasets/raw/roboflow_ocr_plate/train/images/2xemay211_jpg.rf.e3da43cc46c2081a79d4202022f01145.jpg,59C149744,2,9,True,roboflow_ocr_plate,ok;split=train
D:/DATN/datasets/raw/roboflow_ocr_plate/train/images/2xemay2130_jpg.rf.e040c5a492055ff439c825ff585d756b.jpg,59P224979,2,9,True,roboflow_ocr_plate,ok;split=train
D:/DATN/datasets/raw/roboflow_ocr_plate/train/images/2xemay2137_jpg.rf.7c36163db29a7b62677bea8961661931.jpg,59L194176,2,9,True,roboflow_ocr_plate,ok;split=train
D:/DATN/datasets/raw/roboflow_ocr_plate/train/images/2xemay2145_jpg.rf.912c5280cec91e63ae5852a8fc499922.jpg,59D206428,2,9,True,roboflow_ocr_plate,ok;split=train
D:/DATN/datasets/raw/roboflow_ocr_plate/train/images/2xemay2146_jpg.rf.ea4e9d207a5e9d72f85d845f3dd6b77c.jpg,49M71975,2,8,True,roboflow_ocr_plate,ok;split=train
D:/DATN/datasets/raw/roboflow_ocr_plate/train/images/2xemay2147_jpg.rf.404d8bf1cc1157770bb88e88ab33e8bd.jpg,59N174939,2,9,True,roboflow_ocr_plate,ok;split=train
D:/DATN/datasets/raw/roboflow_ocr_plate/train/images/2xemay2148_jpg.rf.b57c484628bbe7dbf93e21b8622cc993.jpg,68T90223,2,8,True,roboflow_ocr_plate,ok;split=train
D:/DATN/datasets/raw/roboflow_ocr_plate/train/images/2xemay2149_jpg.rf.173df8f3bd7b1512d8a86fd48277fa60.jpg,59X145128,2,9,True,roboflow_ocr_plate,ok;split=train
D:/DATN/datasets/raw/roboflow_ocr_plate/train/images/2xemay2164_jpg.rf.149bdfb633a0790e0b75d425487d360b.jpg,59E134192,2,9,True,roboflow_ocr_plate,ok;split=train
D:/DATN/datasets/raw/roboflow_ocr_plate/train/images/2xemay2165_jpg.rf.43689e70d08fec7765fa692d3923f72f.jpg,59T184807,2,9,True,roboflow_ocr_plate,ok;split=train
D:/DATN/datasets/raw/roboflow_ocr_plate/train/images/2xemay2166_jpg.rf.486b06b2bd2285b689dd85e932f949f9.jpg,59C113183,2,9,True,roboflow_ocr_plate,ok;split=train
D:/DATN/datasets/raw/roboflow_ocr_plate/train/images/2xemay2170_jpg.rf.c755843db868a7d2c65a06cc67c24578.jpg,49B120807,2,9,True,roboflow_ocr_plate,ok;split=train
D:/DATN/datasets/raw/roboflow_ocr_plate/train/images/2xemay2180_jpg.rf.8caa6ab4ed2b854769c1b66bab150d7c.jpg,72X18179,2,8,True,roboflow_ocr_plate,ok;split=train
D:/DATN/datasets/raw/roboflow_ocr_plate/train/images/2xemay2183_jpg.rf.4a884f8e19241b2c507a0a3141fb1352.jpg,60B562583,2,9,True,roboflow_ocr_plate,ok;split=train
D:/DATN/datasets/raw/roboflow_ocr_plate/train/images/2xemay2187_jpg.rf.ea8211a6b3c0fd27ed79de5d050cd778.jpg,94D104771,2,9,True,roboflow_ocr_plate,ok;split=train
D:/DATN/datasets/raw/roboflow_ocr_plate/train/images/2xemay2204_jpg.rf.ff80fe667199daca311ab4fe0ca239ca.jpg,48B128807,2,9,True,roboflow_ocr_plate,ok;split=train
D:/DATN/datasets/raw/roboflow_ocr_plate/train/images/2xemay2208_jpg.rf.c2dd92647140d14d984fbcd0c3d02c91.jpg,72K125476,2,9,True,roboflow_ocr_plate,ok;split=train
D:/DATN/datasets/raw/roboflow_ocr_plate/train/images/2xemay2213_jpg.rf.15f36dd54f62ecdd8d078cea9a15c7a4.jpg,59P112875,2,9,True,roboflow_ocr_plate,ok;split=train
D:/DATN/datasets/raw/roboflow_ocr_plate/train/images/2xemay2219_jpg.rf.0be8c67483721315a5aba578e0ea740c.jpg,59M160077,2,9,True,roboflow_ocr_plate,ok;split=train
D:/DATN/datasets/raw/roboflow_ocr_plate/train/images/2xemay221_jpg.rf.d7da6757e5658057ec30d870f31bd511.jpg,59E112903,2,9,True,roboflow_ocr_plate,ok;split=train
D:/DATN/datasets/raw/roboflow_ocr_plate/train/images/2xemay2220_jpg.rf.dd4f4bb5171d2da73b8178ff22c2d21c.jpg,50N107428,2,9,True,roboflow_ocr_plate,ok;split=train
D:/DATN/datasets/raw/roboflow_ocr_plate/train/images/2xemay2221_jpg.rf.482ad2ed19dd4ace0960ab817dfa0bc3.jpg,55P62004,2,8,True,roboflow_ocr_plate,ok;split=train
D:/DATN/datasets/raw/roboflow_ocr_plate/train/images/2xemay2225_jpg.rf.f036d6862d9095534200902764bd3581.jpg,64K47483,2,8,True,roboflow_ocr_plate,ok;split=train
D:/DATN/datasets/raw/roboflow_ocr_plate/train/images/2xemay2226_jpg.rf.7cda906f08c10d63a51e53ae0726beeb.jpg,51V44579,2,8,True,roboflow_ocr_plate,ok;split=train
D:/DATN/datasets/raw/roboflow_ocr_plate/train/images/2xemay2228_jpg.rf.ba0fa31c78badfcafc91b36482f93c03.jpg,54P72138,2,8,True,roboflow_ocr_plate,ok;split=train
D:/DATN/datasets/raw/roboflow_ocr_plate/train/images/2xemay2231_jpg.rf.66754fef1fe7a761522cc11ddc22c69e.jpg,60X94808,2,8,True,roboflow_ocr_plate,ok;split=train
D:/DATN/datasets/raw/roboflow_ocr_plate/train/images/2xemay2232_jpg.rf.7920eb92998989f484f0898c099693a0.jpg,63B132004,2,9,True,roboflow_ocr_plate,ok;split=train
D:/DATN/datasets/raw/roboflow_ocr_plate/train/images/2xemay2235_jpg.rf.a196a972e5b4b4163ca6a9e2796dce0f.jpg,59P211120,2,9,True,roboflow_ocr_plate,ok;split=train
D:/DATN/datasets/raw/roboflow_ocr_plate/train/images/2xemay2238_jpg.rf.328dd2a391c1e4567f00299449de7142.jpg,59T156150,2,9,True,roboflow_ocr_plate,ok;split=train
D:/DATN/datasets/raw/roboflow_ocr_plate/train/images/2xemay2239_jpg.rf.ea2da81c9e2672fadd13e6d0b650b158.jpg,59H159324,2,9,True,roboflow_ocr_plate,ok;split=train
D:/DATN/datasets/raw/roboflow_ocr_plate/train/images/2xemay2261_jpg.rf.dbb74daec0c23856985bb48622047eaa.jpg,59F103568,2,9,True,roboflow_ocr_plate,ok;split=train
D:/DATN/datasets/raw/roboflow_ocr_plate/train/images/2xemay2267_jpg.rf.c1acecc2d75ea50cfef1becadee2fc8c.jpg,59E156347,2,9,True,roboflow_ocr_plate,ok;split=train
D:/DATN/datasets/raw/roboflow_ocr_plate/train/images/2xemay2272_jpg.rf.c7ea150e9722a276ef766b6e57dd17ee.jpg,59C153993,2,9,True,roboflow_ocr_plate,ok;split=train
D:/DATN/datasets/raw/roboflow_ocr_plate/train/images/2xemay2277_jpg.rf.3d2f8c5c98c04b36ce6b92591f8f3d91.jpg,59S153418,2,9,True,roboflow_ocr_plate,ok;split=train
D:/DATN/datasets/raw/roboflow_ocr_plate/train/images/2xemay2279_jpg.rf.7909b7650114e9cc7ae26ef5ac9cf086.jpg,59S244712,2,9,True,roboflow_ocr_plate,ok;split=train
D:/DATN/datasets/raw/roboflow_ocr_plate/train/images/2xemay2282_jpg.rf.9114b6416adff40f5c1f506edef90143.jpg,59H154289,2,9,True,roboflow_ocr_plate,ok;split=train
D:/DATN/datasets/raw/roboflow_ocr_plate/train/images/2xemay2284_jpg.rf.293a3a4d7972733446c404bf3b59eaff.jpg,59T188808,2,9,True,roboflow_ocr_plate,ok;split=train
D:/DATN/datasets/raw/roboflow_ocr_plate/train/images/2xemay2290_jpg.rf.aed25ba2d8eb828821a1282be95c82f2.jpg,59S174203,2,9,True,roboflow_ocr_plate,ok;split=train
D:/DATN/datasets/raw/roboflow_ocr_plate/train/images/2xemay2297_jpg.rf.eeb6436ba66290c87eab61b741dbe692.jpg,47B142642,2,9,True,roboflow_ocr_plate,ok;split=train
D:/DATN/datasets/raw/roboflow_ocr_plate/train/images/2xemay2302_jpg.rf.9d2bb0cda3ac5a30ed25591525c8232e.jpg,59C161891,2,9,True,roboflow_ocr_plate,ok;split=train
D:/DATN/datasets/raw/roboflow_ocr_plate/train/images/2xemay2310_jpg.rf.b85de86654255fd17bba2eeb51b157e9.jpg,59U139997,2,9,True,roboflow_ocr_plate,ok;split=train
D:/DATN/datasets/raw/roboflow_ocr_plate/train/images/2xemay2312_jpg.rf.18ae5937755b34034201b59657c7687a.jpg,59NZ43756,2,9,True,roboflow_ocr_plate,ok;split=train
D:/DATN/datasets/raw/roboflow_ocr_plate/train/images/2xemay2321_jpg.rf.6047a48b62f5dae8c9bef46de071f64a.jpg,54S85489,2,8,True,roboflow_ocr_plate,ok;split=train
D:/DATN/datasets/raw/roboflow_ocr_plate/train/images/2xemay2330_jpg.rf.98dab76c9673c50e2898175f37293f58.jpg,59B122119,2,9,True,roboflow_ocr_plate,ok;split=train
D:/DATN/datasets/raw/roboflow_ocr_plate/train/images/2xemay2334_jpg.rf.38df1bbca1bbfcfa0aef0dc2241b93a5.jpg,59N161776,2,9,True,roboflow_ocr_plate,ok;split=train
D:/DATN/datasets/raw/roboflow_ocr_plate/train/images/2xemay2347_jpg.rf.69bee68124975d42e152dc31e22a3a71.jpg,59E129565,2,9,True,roboflow_ocr_plate,ok;split=train
D:/DATN/datasets/raw/roboflow_ocr_plate/train/images/2xemay2349_jpg.rf.a4bd570f576a6b6e9fc5aa66a23fbb62.jpg,59S110393,2,9,True,roboflow_ocr_plate,ok;split=train
D:/DATN/datasets/raw/roboflow_ocr_plate/train/images/2xemay2351_jpg.rf.04ba99dc4ceda3d7b8f36a125284a301.jpg,59C116274,2,9,True,roboflow_ocr_plate,ok;split=train
D:/DATN/datasets/raw/roboflow_ocr_plate/train/images/2xemay2354_jpg.rf.5fc2619b4e1e79f5070ede8c6582a6d2.jpg,59E117936,2,9,True,roboflow_ocr_plate,ok;split=train
D:/DATN/datasets/raw/roboflow_ocr_plate/train/images/2xemay2358_jpg.rf.d652d982ae9310c0bcb4f164ce2b26be.jpg,59V208347,2,9,True,roboflow_ocr_plate,ok;split=train
D:/DATN/datasets/raw/roboflow_ocr_plate/train/images/2xemay2366_jpg.rf.a9fc6ff7d92058b90a8e043692e30fc4.jpg,63B963040,2,9,True,roboflow_ocr_plate,ok;split=train
D:/DATN/datasets/raw/roboflow_ocr_plate/train/images/2xemay236_jpg.rf.09299c10a91f3597a5b7cfc06523c4c2.jpg,59S174613,2,9,True,roboflow_ocr_plate,ok;split=train
D:/DATN/datasets/raw/roboflow_ocr_plate/train/images/2xemay2376_jpg.rf.39b5fb4279fcf005b19e6de9d83f0191.jpg,59H119374,2,9,True,roboflow_ocr_plate,ok;split=train
D:/DATN/datasets/raw/roboflow_ocr_plate/train/images/2xemay2387_jpg.rf.44fc6cee3fbef164e33bff219a0178b3.jpg,59L145900,2,9,True,roboflow_ocr_plate,ok;split=train
D:/DATN/datasets/raw/roboflow_ocr_plate/train/images/2xemay2390_jpg.rf.98d213ae59d917e32dc163f8989a3f6c.jpg,81H12204,2,8,True,roboflow_ocr_plate,ok;split=train
D:/DATN/datasets/raw/roboflow_ocr_plate/train/images/2xemay2391_jpg.rf.603e39268c18e811bb6c10f99811c55a.jpg,55X17546,2,8,True,roboflow_ocr_plate,ok;split=train
D:/DATN/datasets/raw/roboflow_ocr_plate/train/images/2xemay2400_jpg.rf.f98b58e46011b7f0053459b45710c155.jpg,59E142530,2,9,True,roboflow_ocr_plate,ok;split=train
D:/DATN/datasets/raw/roboflow_ocr_plate/train/images/2xemay2401_jpg.rf.5d6c908870463616b585a3330c928126.jpg,54F72138,2,8,True,roboflow_ocr_plate,ok;split=train
D:/DATN/datasets/raw/roboflow_ocr_plate/train/images/2xemay2403_jpg.rf.f88d3bb47af3e3071693ac12b21a2aa5.jpg,59X137438,2,9,True,roboflow_ocr_plate,ok;split=train
D:/DATN/datasets/raw/roboflow_ocr_plate/train/images/2xemay2405_jpg.rf.3be96c50cc249b2d7e00433313a93732.jpg,59L205442,2,9,True,roboflow_ocr_plate,ok;split=train
D:/DATN/datasets/raw/roboflow_ocr_plate/train/images/2xemay2407_jpg.rf.fc9749d4f861e1d94367e106d39baa29.jpg,62H27327,2,8,True,roboflow_ocr_plate,ok;split=train
D:/DATN/datasets/raw/roboflow_ocr_plate/train/images/2xemay2420_jpg.rf.01d021ae4af542e92be27f1cd8090271.jpg,54P83069,2,8,True,roboflow_ocr_plate,ok;split=train
D:/DATN/datasets/raw/roboflow_ocr_plate/train/images/2xemay2426_jpg.rf.e32ff8a32f8c62976953e30783809187.jpg,16M90826,2,8,True,roboflow_ocr_plate,ok;split=train
D:/DATN/datasets/raw/roboflow_ocr_plate/train/images/2xemay2429_jpg.rf.4d8f2ccc614f1a72f1803f3b89f63190.jpg,59C165331,2,9,True,roboflow_ocr_plate,ok;split=train
D:/DATN/datasets/raw/roboflow_ocr_plate/train/images/2xemay2432_jpg.rf.0f0e5a6611b4e7a4030377d06705a5a9.jpg,59P218900,2,9,True,roboflow_ocr_plate,ok;split=train
D:/DATN/datasets/raw/roboflow_ocr_plate/train/images/2xemay2443_jpg.rf.da3ff0ebce5d903e4edcf1e296d60cda.jpg,54L42443,2,8,True,roboflow_ocr_plate,ok;split=train
D:/DATN/datasets/raw/roboflow_ocr_plate/train/images/2xemay2444_jpg.rf.031e31ba4d0e9bede6be53e64caf3e73.jpg,54K16483,2,8,True,roboflow_ocr_plate,ok;split=train
D:/DATN/datasets/raw/roboflow_ocr_plate/train/images/2xemay2461_jpg.rf.e4ddc06cc89c30a584c9896e35cc71c3.jpg,59N101425,2,9,True,roboflow_ocr_plate,ok;split=train
D:/DATN/datasets/raw/roboflow_ocr_plate/train/images/2xemay2464_jpg.rf.d478a5d4fd041710a9e853714b47d58f.jpg,59P152934,2,9,True,roboflow_ocr_plate,ok;split=train
D:/DATN/datasets/raw/roboflow_ocr_plate/train/images/2xemay2469_jpg.rf.bd442b1580c240de1d46fa6a8d257e3c.jpg,59G198907,2,9,True,roboflow_ocr_plate,ok;split=train
D:/DATN/datasets/raw/roboflow_ocr_plate/train/images/2xemay2477_jpg.rf.42525c639c3fd2a91ba30c8cfa8bd044.jpg,59V216023,2,9,True,roboflow_ocr_plate,ok;split=train
D:/DATN/datasets/raw/roboflow_ocr_plate/train/images/2xemay2479_jpg.rf.8e81a6ea755a3eb60d4bb0c6e74693b5.jpg,63B957926,2,9,True,roboflow_ocr_plate,ok;split=train
D:/DATN/datasets/raw/roboflow_ocr_plate/train/images/2xemay2487_jpg.rf.1ae0d7e9dd21305d28013e6c185aadde.jpg,51L73998,2,8,True,roboflow_ocr_plate,ok;split=train
D:/DATN/datasets/raw/roboflow_ocr_plate/train/images/2xemay2489_jpg.rf.b99a00a1c7a5ecce27628f7171185ca5.jpg,59C15610,2,8,True,roboflow_ocr_plate,ok;split=train
D:/DATN/datasets/raw/roboflow_ocr_plate/train/images/2xemay273_jpg.rf.78387d94076c65d0d7b2282fee048942.jpg,59C105899,2,9,True,roboflow_ocr_plate,ok;split=train
D:/DATN/datasets/raw/roboflow_ocr_plate/train/images/2xemay279_jpg.rf.946d9b3f75a05ec893bb2f9e5bd46033.jpg,59U179751,2,9,True,roboflow_ocr_plate,ok;split=train
D:/DATN/datasets/raw/roboflow_ocr_plate/train/images/2xemay288_jpg.rf.50f6effe648694b3559d0785a529c036.jpg,59P187149,2,9,True,roboflow_ocr_plate,ok;split=train
D:/DATN/datasets/raw/roboflow_ocr_plate/train/images/2xemay303_jpg.rf.56972d65b7806b4a1bd227cddd562519.jpg,72K59221,2,8,True,roboflow_ocr_plate,ok;split=train
D:/DATN/datasets/raw/roboflow_ocr_plate/train/images/2xemay321_jpg.rf.f806ea09f0a685542b6eba30241cab8a.jpg,59V243654,2,9,True,roboflow_ocr_plate,ok;split=train
D:/DATN/datasets/raw/roboflow_ocr_plate/train/images/2xemay326_jpg.rf.a48ed6adb3a2fa723facc0be3d87adca.jpg,59S220617,2,9,True,roboflow_ocr_plate,ok;split=train
D:/DATN/datasets/raw/roboflow_ocr_plate/train/images/2xemay329_jpg.rf.3729b3577623fe1221a90f605deaeb0e.jpg,59P155811,2,9,True,roboflow_ocr_plate,ok;split=train
D:/DATN/datasets/raw/roboflow_ocr_plate/train/images/2xemay341_jpg.rf.7189da0a1e4594d74ce4c0e4d70cbe9e.jpg,85S15378,2,8,True,roboflow_ocr_plate,ok;split=train
D:/DATN/datasets/raw/roboflow_ocr_plate/train/images/2xemay363_jpg.rf.8db9b74d7d8de16986093db83245d4e6.jpg,51T42133,2,8,True,roboflow_ocr_plate,ok;split=train
D:/DATN/datasets/raw/roboflow_ocr_plate/train/images/2xemay385_jpg.rf.d628ae3205c5de2fe9ace8345711c915.jpg,60P71246,2,8,True,roboflow_ocr_plate,ok;split=train
D:/DATN/datasets/raw/roboflow_ocr_plate/train/images/2xemay386_jpg.rf.5a1b157004a64f90b36d75c25a738465.jpg,72L86035,2,8,True,roboflow_ocr_plate,ok;split=train
D:/DATN/datasets/raw/roboflow_ocr_plate/train/images/2xemay390_jpg.rf.e940db91abb25c7d6f084cdb156f2c25.jpg,70EA00557,2,9,True,roboflow_ocr_plate,ok;split=train
D:/DATN/datasets/raw/roboflow_ocr_plate/train/images/2xemay392_jpg.rf.285877b7b3c35a05920e87008c0deeb2.jpg,59K114468,2,9,True,roboflow_ocr_plate,ok;split=train
D:/DATN/datasets/raw/roboflow_ocr_plate/train/images/2xemay400_jpg.rf.014070951f12159a9fe876c8cd4375f4.jpg,59H143986,2,9,True,roboflow_ocr_plate,ok;split=train
D:/DATN/datasets/raw/roboflow_ocr_plate/train/images/2xemay401_jpg.rf.c2f8ebbd2d636a84f3daf2759308bf92.jpg,61D107911,2,9,True,roboflow_ocr_plate,ok;split=train
D:/DATN/datasets/raw/roboflow_ocr_plate/train/images/2xemay412_jpg.rf.5bb36621f0bf15a48dfbbc73a79fc8ce.jpg,79Z118589,2,9,True,roboflow_ocr_plate,ok;split=train
D:/DATN/datasets/raw/roboflow_ocr_plate/train/images/2xemay413_jpg.rf.4504d57459761af77669f9bb97f4172d.jpg,51M21719,2,8,True,roboflow_ocr_plate,ok;split=train
D:/DATN/datasets/raw/roboflow_ocr_plate/train/images/2xemay428_jpg.rf.f88621326f42763f89186d933bf47399.jpg,59C142818,2,9,True,roboflow_ocr_plate,ok;split=train
D:/DATN/datasets/raw/roboflow_ocr_plate/train/images/2xemay430_jpg.rf.c711576e2abb9722b9d6767ffec8ce82.jpg,60B223567,2,9,True,roboflow_ocr_plate,ok;split=train
D:/DATN/datasets/raw/roboflow_ocr_plate/train/images/2xemay438_jpg.rf.ed128857e2f3d5779a32b857c939ceb9.jpg,59H102876,2,9,True,roboflow_ocr_plate,ok;split=train
D:/DATN/datasets/raw/roboflow_ocr_plate/train/images/2xemay479_jpg.rf.c471a9a7695302146cca372878f67773.jpg,59B133968,2,9,True,roboflow_ocr_plate,ok;split=train
D:/DATN/datasets/raw/roboflow_ocr_plate/train/images/2xemay490_jpg.rf.2f6f3dbb197ccdca2fa25cda3a30f160.jpg,60C236687,2,9,True,roboflow_ocr_plate,ok;split=train
D:/DATN/datasets/raw/roboflow_ocr_plate/train/images/2xemay504_jpg.rf.03267479e4449ba9a646cbd5465be898.jpg,66K120670,2,9,True,roboflow_ocr_plate,ok;split=train
D:/DATN/datasets/raw/roboflow_ocr_plate/train/images/2xemay517_jpg.rf.8cf36a0283277550425140d3eb4e0f71.jpg,37K46713,2,8,True,roboflow_ocr_plate,ok;split=train
D:/DATN/datasets/raw/roboflow_ocr_plate/train/images/2xemay518_jpg.rf.623a9ea2096673c0033a81e7a918373e.jpg,59E165903,2,9,True,roboflow_ocr_plate,ok;split=train
D:/DATN/datasets/raw/roboflow_ocr_plate/train/images/2xemay519_jpg.rf.a3f57b18c1b23e101d119f47ea6da72f.jpg,72K125476,2,9,True,roboflow_ocr_plate,ok;split=train
D:/DATN/datasets/raw/roboflow_ocr_plate/train/images/2xemay51_jpg.rf.c0821555cde7430cf39ce65839dc2e23.jpg,59M103519,2,9,True,roboflow_ocr_plate,ok;split=train
D:/DATN/datasets/raw/roboflow_ocr_plate/train/images/2xemay522_jpg.rf.91e5e26693e62751645fdab3bcad344a.jpg,59S223546,2,9,True,roboflow_ocr_plate,ok;split=train
D:/DATN/datasets/raw/roboflow_ocr_plate/train/images/2xemay546_jpg.rf.39531ac87e94f1f1bcd446e1acbcfb39.jpg,59N176654,2,9,True,roboflow_ocr_plate,ok;split=train
D:/DATN/datasets/raw/roboflow_ocr_plate/train/images/2xemay55_jpg.rf.70c3a445ab0c04d1182d6499b42bc2ec.jpg,62V16814,2,8,True,roboflow_ocr_plate,ok;split=train
D:/DATN/datasets/raw/roboflow_ocr_plate/train/images/2xemay562_jpg.rf.b6d64adbd6786d91faa8305ae4efb48a.jpg,59U165072,2,9,True,roboflow_ocr_plate,ok;split=train
D:/DATN/datasets/raw/roboflow_ocr_plate/train/images/2xemay599_jpg.rf.ef800fc824626424e2e98ab7c1656d7e.jpg,47B142642,2,9,True,roboflow_ocr_plate,ok;split=train
D:/DATN/datasets/raw/roboflow_ocr_plate/train/images/2xemay605_jpg.rf.1352c0669577b6a9f03511d8dd026f91.jpg,59S131197,2,9,True,roboflow_ocr_plate,ok;split=train
D:/DATN/datasets/raw/roboflow_ocr_plate/train/images/2xemay608_jpg.rf.cfce824f34230d4c993b2dbb0dab65a8.jpg,59C104054,2,9,True,roboflow_ocr_plate,ok;split=train
D:/DATN/datasets/raw/roboflow_ocr_plate/train/images/2xemay616_jpg.rf.a1835b0cb69b85f544ff66e25ea3e135.jpg,59N176049,2,9,True,roboflow_ocr_plate,ok;split=train
D:/DATN/datasets/raw/roboflow_ocr_plate/train/images/2xemay622_jpg.rf.9efacf5e5ed151e9c3ebcd67591fdf33.jpg,54N56409,2,8,True,roboflow_ocr_plate,ok;split=train
D:/DATN/datasets/raw/roboflow_ocr_plate/train/images/2xemay642_jpg.rf.3b9f4cb81e28c0c27456b7f84787416b.jpg,54S22148,2,8,True,roboflow_ocr_plate,ok;split=train
D:/DATN/datasets/raw/roboflow_ocr_plate/train/images/2xemay66_jpg.rf.a0d7ad6d4a49894e916e570cb646f9c6.jpg,59U170392,2,9,True,roboflow_ocr_plate,ok;split=train
D:/DATN/datasets/raw/roboflow_ocr_plate/train/images/2xemay674_jpg.rf.004779f67076e7b76af52ce02f1cd1be.jpg,79Z104811,2,9,True,roboflow_ocr_plate,ok;split=train
D:/DATN/datasets/raw/roboflow_ocr_plate/train/images/2xemay675_jpg.rf.08641ef5429a309216ae1415f2e893c4.jpg,59M108275,2,9,True,roboflow_ocr_plate,ok;split=train
D:/DATN/datasets/raw/roboflow_ocr_plate/train/images/2xemay728_jpg.rf.84d03abff56ff00ce496e4c9d91d6b08.jpg,66P15739,2,8,True,roboflow_ocr_plate,ok;split=train
D:/DATN/datasets/raw/roboflow_ocr_plate/train/images/2xemay778_jpg.rf.aaf237342bf370908246bc7f0bca2bdc.jpg,59H152512,2,9,True,roboflow_ocr_plate,ok;split=train
D:/DATN/datasets/raw/roboflow_ocr_plate/train/images/2xemay796_jpg.rf.1c4b66a4b68d8212b84829504bf1ce14.jpg,59P208324,2,9,True,roboflow_ocr_plate,ok;split=train
D:/DATN/datasets/raw/roboflow_ocr_plate/train/images/2xemay7_jpg.rf.0aacc6df21b8796ce8bbcb8423c8b0ed.jpg,59F168955,2,9,True,roboflow_ocr_plate,ok;split=train
D:/DATN/datasets/raw/roboflow_ocr_plate/train/images/2xemay809_jpg.rf.72739a44a7a798c5756200ae88adf1d7.jpg,59X267178,2,9,True,roboflow_ocr_plate,ok;split=train
D:/DATN/datasets/raw/roboflow_ocr_plate/train/images/2xemay850_jpg.rf.97187515a35c3f657ba34c20fe78d0f4.jpg,59P183738,2,9,True,roboflow_ocr_plate,ok;split=train
D:/DATN/datasets/raw/roboflow_ocr_plate/train/images/2xemay88_jpg.rf.fa68d678a1a8eb92488c8ccf03f63c51.jpg,65F131532,2,9,True,roboflow_ocr_plate,ok;split=train
D:/DATN/datasets/raw/roboflow_ocr_plate/train/images/2xemay890_jpg.rf.6a4d40021a1e92b66731b5ea0fc5c77f.jpg,60B511827,2,9,True,roboflow_ocr_plate,ok;split=train
D:/DATN/datasets/raw/roboflow_ocr_plate/train/images/2xemay896_jpg.rf.40f13237ba4753d3bb9a43e25f89824d.jpg,59P231316,2,9,True,roboflow_ocr_plate,ok;split=train
D:/DATN/datasets/raw/roboflow_ocr_plate/train/images/2xemay910_jpg.rf.e405f6a47128377fb670eb36e76a3668.jpg,59L148183,2,9,True,roboflow_ocr_plate,ok;split=train
D:/DATN/datasets/raw/roboflow_ocr_plate/train/images/2xemay938_jpg.rf.f2048e77a295fde95feec2bd8f637811.jpg,51S93114,2,8,True,roboflow_ocr_plate,ok;split=train
D:/DATN/datasets/raw/roboflow_ocr_plate/train/images/2xemay960_jpg.rf.16cf2842c72bd2e2680961002e48413b.jpg,51L68446,2,8,True,roboflow_ocr_plate,ok;split=train
D:/DATN/datasets/raw/roboflow_ocr_plate/train/images/2xemay971_jpg.rf.e8ccd4a70ef8a06d3e6aeee2df78ecd7.jpg,60B149139,2,9,True,roboflow_ocr_plate,ok;split=train
D:/DATN/datasets/raw/roboflow_ocr_plate/train/images/2xemay972_jpg.rf.221a0b08f32f160c3abef6aed20fcac8.jpg,54S85452,2,8,True,roboflow_ocr_plate,ok;split=train
D:/DATN/datasets/raw/roboflow_ocr_plate/train/images/2xemay988_jpg.rf.8bfdad0633c700855d96bc4c26c81a11.jpg,59F149759,2,9,True,roboflow_ocr_plate,ok;split=train
D:/DATN/datasets/raw/roboflow_ocr_plate/train/images/3CarLongPlate226_jpg.rf.2a864bd439197972bda39b86a8b3cb83.jpg,51F06532,1,8,True,roboflow_ocr_plate,ok;split=train
D:/DATN/datasets/raw/roboflow_ocr_plate/train/images/3CarLongPlate230_jpg.rf.58031500b626674a77b25d44de8a8666.jpg,51A77529,1,8,True,roboflow_ocr_plate,ok;split=train
D:/DATN/datasets/raw/roboflow_ocr_plate/train/images/3CarLongPlate231_jpg.rf.c71e9c4f41b61fd38f996fa384782f68.jpg,62A05772,1,8,True,roboflow_ocr_plate,ok;split=train
D:/DATN/datasets/raw/roboflow_ocr_plate/train/images/3CarLongPlate233_jpg.rf.5d58fb1bea04209cae99f0b5e0800c7c.jpg,60LD00584,1,9,True,roboflow_ocr_plate,ok;split=train
D:/DATN/datasets/raw/roboflow_ocr_plate/train/images/3CarLongPlate236_jpg.rf.404a2add609011b073328fe9075ec6d3.jpg,60A21418,1,8,True,roboflow_ocr_plate,ok;split=train
D:/DATN/datasets/raw/roboflow_ocr_plate/train/images/3CarLongPlate240_jpg.rf.138dd4ab94a1ff85280b6a59a17cbafd.jpg,51A05227,1,8,True,roboflow_ocr_plate,ok;split=train
D:/DATN/datasets/raw/roboflow_ocr_plate/train/images/3CarLongPlate241_jpg.rf.4510e2721c670aff6cf2abb7804ab408.jpg,51A05227,1,8,True,roboflow_ocr_plate,ok;split=train
D:/DATN/datasets/raw/roboflow_ocr_plate/train/images/3CarLongPlate255_jpg.rf.8b511a75abf0fb64138136eb72710a77.jpg,51G42971,1,8,True,roboflow_ocr_plate,ok;split=train
D:/DATN/datasets/raw/roboflow_ocr_plate/train/images/3CarLongPlate256_jpg.rf.baff203a482d8b82b1977e7fd05472bc.jpg,51G37307,1,8,True,roboflow_ocr_plate,ok;split=train
D:/DATN/datasets/raw/roboflow_ocr_plate/train/images/3CarLongPlate261_jpg.rf.7a06759dc59ebb2ae75a4f3e43733126.jpg,51A69172,1,8,True,roboflow_ocr_plate,ok;split=train
D:/DATN/datasets/raw/roboflow_ocr_plate/train/images/3CarLongPlate262_jpg.rf.1202f42242157a60c29a3345fcf26c62.jpg,51A69172,1,8,True,roboflow_ocr_plate,ok;split=train
D:/DATN/datasets/raw/roboflow_ocr_plate/train/images/3CarLongPlate263_jpg.rf.07371dff585b75ad4ee6771f819e3232.jpg,52Y6490,1,7,True,roboflow_ocr_plate,ok;split=train
D:/DATN/datasets/raw/roboflow_ocr_plate/train/images/3CarLongPlate266_jpg.rf.7361b11a25ee01c85196cb4bd683cda6.jpg,51F16159,1,8,True,roboflow_ocr_plate,ok;split=train
D:/DATN/datasets/raw/roboflow_ocr_plate/train/images/3CarLongPlate269_jpg.rf.d485df75a0ac71b2e4bda1b4ccf6cdc7.jpg,51F06609,1,8,True,roboflow_ocr_plate,ok;split=train
D:/DATN/datasets/raw/roboflow_ocr_plate/train/images/3CarLongPlate280_jpg.rf.7348fe83acebda2b661c3d8c5860c883.jpg,51G31691,1,8,True,roboflow_ocr_plate,ok;split=train
D:/DATN/datasets/raw/roboflow_ocr_plate/train/images/3CarLongPlate281_jpg.rf.305e8c961275628d2d7db812e2c2c920.jpg,51G31691,1,8,True,roboflow_ocr_plate,ok;split=train
D:/DATN/datasets/raw/roboflow_ocr_plate/train/images/3CarLongPlate283_jpg.rf.93f9c9fd5d0e417dff7e6db1936b7913.jpg,50Z1630,1,7,True,roboflow_ocr_plate,ok;split=train
D:/DATN/datasets/raw/roboflow_ocr_plate/train/images/3CarLongPlate284_jpg.rf.0ddf01843b74becfcbca3889e86ee426.jpg,50Z1630,1,7,True,roboflow_ocr_plate,ok;split=train
D:/DATN/datasets/raw/roboflow_ocr_plate/train/images/3CarLongPlate294_jpg.rf.9e25df3f9afe6447aabcbd2dc674e33f.jpg,60A35981,1,8,True,roboflow_ocr_plate,ok;split=train
D:/DATN/datasets/raw/roboflow_ocr_plate/train/images/3CarLongPlate297_jpg.rf.50132fcd54b0c4a8106d310894dd798c.jpg,51F59011,1,8,True,roboflow_ocr_plate,ok;split=train
D:/DATN/datasets/raw/roboflow_ocr_plate/train/images/3CarLongPlate325_jpg.rf.f22f9519686a659422ba1fd81748cf70.jpg,60M8965,2,7,True,roboflow_ocr_plate,ok;split=train
D:/DATN/datasets/raw/roboflow_ocr_plate/train/images/3CarLongPlate326_jpg.rf.e2cb54940e255f81a0b5b002659d74e2.jpg,51F20754,1,8,True,roboflow_ocr_plate,ok;split=train
D:/DATN/datasets/raw/roboflow_ocr_plate/train/images/3CarLongPlate328_jpg.rf.11992e569ffdb4a4fbf998a36db0d965.jpg,51F31118,1,8,True,roboflow_ocr_plate,ok;split=train
D:/DATN/datasets/raw/roboflow_ocr_plate/train/images/3CarLongPlate329_jpg.rf.ed05ca33f115ab46d807f20cbbd73e7f.jpg,51F31118,1,8,True,roboflow_ocr_plate,ok;split=train
D:/DATN/datasets/raw/roboflow_ocr_plate/train/images/3CarLongPlate331_jpg.rf.c2ea3a82210c74405bdb97df1f15a68f.jpg,50LD04411,1,9,True,roboflow_ocr_plate,ok;split=train
D:/DATN/datasets/raw/roboflow_ocr_plate/train/images/3CarLongPlate334_jpg.rf.9a92af0b61a2bf310d9f1b3a807c7c56.jpg,51G51936,1,8,True,roboflow_ocr_plate,ok;split=train
D:/DATN/datasets/raw/roboflow_ocr_plate/train/images/3CarLongPlate337_jpg.rf.34099c8ce69499c24737ab26815aff25.jpg,51G10096,1,8,True,roboflow_ocr_plate,ok;split=train
D:/DATN/datasets/raw/roboflow_ocr_plate/train/images/3CarLongPlate339_jpg.rf.39d8d3bbc028f068b841db9010d8f8b9.jpg,51F82606,1,8,True,roboflow_ocr_plate,ok;split=train
D:/DATN/datasets/raw/roboflow_ocr_plate/train/images/3CarLongPlate345_jpg.rf.bec921829894341be0072f35c607f238.jpg,60A39951,1,8,True,roboflow_ocr_plate,ok;split=train
D:/DATN/datasets/raw/roboflow_ocr_plate/train/images/3CarLongPlate350_jpg.rf.704ad25adbe16228fa4b51c54d6257c7.jpg,51A77529,1,8,True,roboflow_ocr_plate,ok;split=train
D:/DATN/datasets/raw/roboflow_ocr_plate/train/images/3CarLongPlate351_jpg.rf.07abc49cf7192681a4ec04e236c779f6.jpg,51A77529,1,8,True,roboflow_ocr_plate,ok;split=train
D:/DATN/datasets/raw/roboflow_ocr_plate/train/images/3CarLongPlate352_jpg.rf.f46f0fb36362c48a6f46eb0c2a277b44.jpg,62A05772,1,8,True,roboflow_ocr_plate,ok;split=train
D:/DATN/datasets/raw/roboflow_ocr_plate/train/images/3CarLongPlate356_jpg.rf.fca2f55f844acc69e8d26a2f6c702938.jpg,51F22029,1,8,True,roboflow_ocr_plate,ok;split=train
D:/DATN/datasets/raw/roboflow_ocr_plate/train/images/3CarLongPlate359_jpg.rf.f3f7b59fe0bffe6e4a4dab50382c9126.jpg,51F61712,1,8,True,roboflow_ocr_plate,ok;split=train
D:/DATN/datasets/raw/roboflow_ocr_plate/train/images/3CarLongPlate360_jpg.rf.c05bd73284804b2d206488bb9f59a75f.jpg,51A05227,1,8,True,roboflow_ocr_plate,ok;split=train
D:/DATN/datasets/raw/roboflow_ocr_plate/train/images/3CarLongPlate385_jpg.rf.d3e5f597fc118d4f9ce167b77d9e1432.jpg,51G21797,1,8,True,roboflow_ocr_plate,ok;split=train
D:/DATN/datasets/raw/roboflow_ocr_plate/train/images/3CarLongPlate388_jpg.rf.707b4625ce216665c9ae852394380fe4.jpg,86A06844,1,8,True,roboflow_ocr_plate,ok;split=train
D:/DATN/datasets/raw/roboflow_ocr_plate/train/images/3CarLongPlate391_jpg.rf.9599151de7fb96a51007280f0c134a72.jpg,56N7186,1,7,True,roboflow_ocr_plate,ok;split=train
D:/DATN/datasets/raw/roboflow_ocr_plate/train/images/3CarLongPlate392_jpg.rf.dafb600e92ae85de7fa3dfcdef779728.jpg,51F20754,1,8,True,roboflow_ocr_plate,ok;split=train
D:/DATN/datasets/raw/roboflow_ocr_plate/train/images/3CarLongPlate393_jpg.rf.32b8500e533ec9d44f4dbcac0b0d0291.jpg,93LD00103,1,9,True,roboflow_ocr_plate,ok;split=train
D:/DATN/datasets/raw/roboflow_ocr_plate/train/images/3CarLongPlate404_jpg.rf.739eb57da304a25e4593cd48712c75e9.jpg,51G37307,1,8,True,roboflow_ocr_plate,ok;split=train
D:/DATN/datasets/raw/roboflow_ocr_plate/train/images/3CarLongPlate411_jpg.rf.bcdf880dc36468b2e04f6d94debfc98a.jpg,51F88270,1,8,True,roboflow_ocr_plate,ok;split=train
D:/DATN/datasets/raw/roboflow_ocr_plate/train/images/3CarLongPlate414_jpg.rf.89d99f5fbfb5580a620757e4a8bb4b3c.jpg,51F88270,1,8,True,roboflow_ocr_plate,ok;split=train
D:/DATN/datasets/raw/roboflow_ocr_plate/train/images/3CarLongPlate417_jpg.rf.1aef91406c809183fe5d1bc20e25ab2a.jpg,51A05227,1,8,True,roboflow_ocr_plate,ok;split=train
D:/DATN/datasets/raw/roboflow_ocr_plate/train/images/3CarLongPlate418_jpg.rf.1eb327835f50b3c2effc407f6aaac278.jpg,51A05227,1,8,True,roboflow_ocr_plate,ok;split=train
D:/DATN/datasets/raw/roboflow_ocr_plate/train/images/3CarLongPlate420_jpg.rf.23b050350e5230d2dae9cdd9dd11a502.jpg,51G21670,1,8,True,roboflow_ocr_plate,ok;split=train
D:/DATN/datasets/raw/roboflow_ocr_plate/train/images/3CarLongPlate424_jpg.rf.c4914b7bae29918b496849b363008855.jpg,51F59881,1,8,True,roboflow_ocr_plate,ok;split=train
D:/DATN/datasets/raw/roboflow_ocr_plate/train/images/3CarLongPlate427_jpg.rf.4983447ef171f9dd792d96a402aa8772.jpg,51A01204,1,8,True,roboflow_ocr_plate,ok;split=train
D:/DATN/datasets/raw/roboflow_ocr_plate/train/images/3CarLongPlate429_jpg.rf.46505a5bf780d88053a55fbe342ee0a9.jpg,51A01204,1,8,True,roboflow_ocr_plate,ok;split=train
D:/DATN/datasets/raw/roboflow_ocr_plate/train/images/3CarLongPlate439_jpg.rf.5163a20192857f18a01c970b075ea6ce.jpg,51F61712,1,8,True,roboflow_ocr_plate,ok;split=train
D:/DATN/datasets/raw/roboflow_ocr_plate/train/images/3CarLongPlate440_jpg.rf.e76616f0230b52d2fe19033be02e7329.jpg,51F88270,1,8,True,roboflow_ocr_plate,ok;split=train
D:/DATN/datasets/raw/roboflow_ocr_plate/train/images/3CarLongPlate441_jpg.rf.9c8e8c4105956fe58d4453aca2f436c3.jpg,51F88270,1,8,True,roboflow_ocr_plate,ok;split=train
D:/DATN/datasets/raw/roboflow_ocr_plate/train/images/3CarLongPlate442_jpg.rf.7b601f91cb7d608b8dbf35de5acc7dad.jpg,51F88270,1,8,True,roboflow_ocr_plate,ok;split=train
D:/DATN/datasets/raw/roboflow_ocr_plate/train/images/3CarLongPlate444_jpg.rf.aec88499722b65076e688b77dbea2b88.jpg,51A25668,1,8,True,roboflow_ocr_plate,ok;split=train
D:/DATN/datasets/raw/roboflow_ocr_plate/train/images/3CarLongPlate446_jpg.rf.17034a6cce728dfc2036ea387307a152.jpg,30N4616,1,7,True,roboflow_ocr_plate,ok;split=train
D:/DATN/datasets/raw/roboflow_ocr_plate/train/images/3CarLongPlate449_jpg.rf.ef05e90a33062e362a2140630887ae03.jpg,51A69172,1,8,True,roboflow_ocr_plate,ok;split=train
D:/DATN/datasets/raw/roboflow_ocr_plate/train/images/3CarLongPlate454_jpg.rf.9062f3dabb69386071acf26173e9c0e0.jpg,61A22959,1,8,True,roboflow_ocr_plate,ok;split=train
D:/DATN/datasets/raw/roboflow_ocr_plate/train/images/3CarLongPlate457_jpg.rf.f52c86874833f978c03f0a05e271abd3.jpg,48A02866,1,8,True,roboflow_ocr_plate,ok;split=train
D:/DATN/datasets/raw/roboflow_ocr_plate/train/images/3CarLongPlate461_jpg.rf.436593bd4e5bc2b1d73893991c60ff60.jpg,51A89714,1,8,True,roboflow_ocr_plate,ok;split=train
D:/DATN/datasets/raw/roboflow_ocr_plate/train/images/3CarLongPlate466_jpg.rf.deffa25aab0f85fe618865d4ac15bca7.jpg,51F44614,1,8,True,roboflow_ocr_plate,ok;split=train
D:/DATN/datasets/raw/roboflow_ocr_plate/train/images/3CarLongPlate467_jpg.rf.eeedcd18a7d9db7e9539c2d1de2c84ac.jpg,51F44614,1,8,True,roboflow_ocr_plate,ok;split=train
D:/DATN/datasets/raw/roboflow_ocr_plate/train/images/3CarLongPlate468_jpg.rf.b04cece5d32d8aaa8cee064f726f1fc8.jpg,48A02866,1,8,True,roboflow_ocr_plate,ok;split=train
D:/DATN/datasets/raw/roboflow_ocr_plate/train/images/3CarLongPlate471_jpg.rf.fce07c05893a5da930ca7e9639d5466f.jpg,51F24403,1,8,True,roboflow_ocr_plate,ok;split=train
D:/DATN/datasets/raw/roboflow_ocr_plate/train/images/3CarLongPlate475_jpg.rf.a24c498c030d97dc893f73a846fdb5b0.jpg,51G51332,1,8,True,roboflow_ocr_plate,ok;split=train
D:/DATN/datasets/raw/roboflow_ocr_plate/train/images/3CarLongPlate476_jpg.rf.bc31fca40239087af984a0365dc60837.jpg,51F15585,1,8,True,roboflow_ocr_plate,ok;split=train
D:/DATN/datasets/raw/roboflow_ocr_plate/train/images/3CarLongPlate480_jpg.rf.f6124c228e268f2bf2729ace3d8f20fb.jpg,51F15585,1,8,True,roboflow_ocr_plate,ok;split=train
D:/DATN/datasets/raw/roboflow_ocr_plate/train/images/3CarLongPlate484_jpg.rf.7cb8d88e4d80a341fedc35948f2ee801.jpg,30V3993,1,7,True,roboflow_ocr_plate,ok;split=train
D:/DATN/datasets/raw/roboflow_ocr_plate/train/images/3CarLongPlate485_jpg.rf.b3e75daf6deea1d17b4d3be19c59d6da.jpg,60A35981,1,8,True,roboflow_ocr_plate,ok;split=train
D:/DATN/datasets/raw/roboflow_ocr_plate/train/images/3CarLongPlate488_jpg.rf.74ebee2f62cc463feb7878ceffc4688e.jpg,51F59011,1,8,True,roboflow_ocr_plate,ok;split=train
D:/DATN/datasets/raw/roboflow_ocr_plate/train/images/3CarLongPlate490_jpg.rf.69dd0be37fa24ee1396d90191dc5f032.jpg,51G49539,1,8,True,roboflow_ocr_plate,ok;split=train
D:/DATN/datasets/raw/roboflow_ocr_plate/train/images/3CarLongPlate492_jpg.rf.a57122edff96b94728ce3bb73958a95c.jpg,51F04275,1,8,True,roboflow_ocr_plate,ok;split=train
D:/DATN/datasets/raw/roboflow_ocr_plate/train/images/3CarLongPlate500_jpg.rf.a4848cb89004ffecbc97ed31c3859616.jpg,62A05516,1,8,True,roboflow_ocr_plate,ok;split=train
D:/DATN/datasets/raw/roboflow_ocr_plate/train/images/3CarLongPlate503_jpg.rf.f6605c632f5c67aec6bd8c9bd6166130.jpg,51F59881,1,8,True,roboflow_ocr_plate,ok;split=train
D:/DATN/datasets/raw/roboflow_ocr_plate/train/images/3CarLongPlate511_jpg.rf.736077135395b1dcc684e816cbff13a3.jpg,51F31118,1,8,True,roboflow_ocr_plate,ok;split=train
D:/DATN/datasets/raw/roboflow_ocr_plate/train/images/3CarLongPlate514_jpg.rf.c5f1436b01802d0002934f215216aa3b.jpg,51G25481,1,8,True,roboflow_ocr_plate,ok;split=train
D:/DATN/datasets/raw/roboflow_ocr_plate/train/images/3CarLongPlate515_jpg.rf.be76b0d5ac5fc6cd74045e30b99db5ff.jpg,51A01204,1,8,True,roboflow_ocr_plate,ok;split=train
D:/DATN/datasets/raw/roboflow_ocr_plate/train/images/3CarLongPlate522_jpg.rf.c77230d20c0ae905bac0f8a2212b8de9.jpg,51F64619,1,8,True,roboflow_ocr_plate,ok;split=train
D:/DATN/datasets/raw/roboflow_ocr_plate/train/images/3CarLongPlate524_jpg.rf.c59d224b901015f0e94e161e1c290fde.jpg,51F64619,1,8,True,roboflow_ocr_plate,ok;split=train
D:/DATN/datasets/raw/roboflow_ocr_plate/train/images/3CarLongPlate528_jpg.rf.2b8f46ea28d658ee33d4f2cf3ca1b4ea.jpg,51G21748,1,8,True,roboflow_ocr_plate,ok;split=train
D:/DATN/datasets/raw/roboflow_ocr_plate/train/images/3CarLongPlate529_jpg.rf.51d9a6c7b274300d957062f3c6d05bdc.jpg,51G10096,1,8,True,roboflow_ocr_plate,ok;split=train
D:/DATN/datasets/raw/roboflow_ocr_plate/train/images/3CarLongPlate531_jpg.rf.835ef8663b76233783988c1489457682.jpg,51G37307,1,8,True,roboflow_ocr_plate,ok;split=train
D:/DATN/datasets/raw/roboflow_ocr_plate/train/images/3CarLongPlate534_jpg.rf.1cbb9f9b252d52effb2b0344a29d9937.jpg,51G21670,1,8,True,roboflow_ocr_plate,ok;split=train
D:/DATN/datasets/raw/roboflow_ocr_plate/train/images/3CarLongPlate539_jpg.rf.9b41618f00496061249adcfe6eeea2dc.jpg,51F06532,1,8,True,roboflow_ocr_plate,ok;split=train
D:/DATN/datasets/raw/roboflow_ocr_plate/train/images/3CarLongPlate541_jpg.rf.c3efd770794f94cf27ff01c18eae8fdd.jpg,51F61712,1,8,True,roboflow_ocr_plate,ok;split=train
D:/DATN/datasets/raw/roboflow_ocr_plate/train/images/3CarLongPlate544_jpg.rf.e2efcaf8cc8ee88019eb8ef8ef2c468e.jpg,86A06844,1,8,True,roboflow_ocr_plate,ok;split=train
D:/DATN/datasets/raw/roboflow_ocr_plate/train/images/3CarLongPlate550_jpg.rf.1468c87b49d02d75350b38aa7d812b14.jpg,51F88270,1,8,True,roboflow_ocr_plate,ok;split=train
D:/DATN/datasets/raw/roboflow_ocr_plate/train/images/3CarLongPlate554_jpg.rf.03544afc90571b5321dee19b212299ab.jpg,51F22029,1,8,True,roboflow_ocr_plate,ok;split=train
D:/DATN/datasets/raw/roboflow_ocr_plate/train/images/3CarLongPlate557_jpg.rf.f0179e4b2e7b3f360c4f286a450c54bc.jpg,51A05227,1,8,True,roboflow_ocr_plate,ok;split=train
D:/DATN/datasets/raw/roboflow_ocr_plate/train/images/3CarLongPlate561_jpg.rf.10e83821a4a1c0b0ed7ef1a528b14f2d.jpg,51A05227,1,8,True,roboflow_ocr_plate,ok;split=train
D:/DATN/datasets/raw/roboflow_ocr_plate/train/images/3CarLongPlate565_jpg.rf.3564aeec999478ef148e6b92c8081fb3.jpg,51F59881,1,8,True,roboflow_ocr_plate,ok;split=train
D:/DATN/datasets/raw/roboflow_ocr_plate/train/images/3CarLongPlate566_jpg.rf.ef4aeebdec0480a0cceb33e35eb217fb.jpg,51F63034,1,8,True,roboflow_ocr_plate,ok;split=train
D:/DATN/datasets/raw/roboflow_ocr_plate/train/images/3CarLongPlate568_jpg.rf.2cafdc1a669892c9c2de89b50beef886.jpg,51A05227,1,8,True,roboflow_ocr_plate,ok;split=train
D:/DATN/datasets/raw/roboflow_ocr_plate/train/images/3CarLongPlate582_jpg.rf.2cbb37b98f87b4f0f8fea4cb138efbe9.jpg,51A60216,1,8,True,roboflow_ocr_plate,ok;split=train
D:/DATN/datasets/raw/roboflow_ocr_plate/train/images/3CarLongPlate588_jpg.rf.dbe6d3f2e9a5531e6ec41486fdbfe99c.jpg,51A60216,1,8,True,roboflow_ocr_plate,ok;split=train
D:/DATN/datasets/raw/roboflow_ocr_plate/train/images/3CarLongPlate591_jpg.rf.f96d1f7f39cc40db8d9c98e6f77747ec.jpg,51F24403,1,8,True,roboflow_ocr_plate,ok;split=train
D:/DATN/datasets/raw/roboflow_ocr_plate/train/images/3CarLongPlate592_jpg.rf.a8546cc0f56fcaa9fc069ccafaf727e4.jpg,51A69172,1,8,True,roboflow_ocr_plate,ok;split=train
D:/DATN/datasets/raw/roboflow_ocr_plate/train/images/3CarLongPlate593_jpg.rf.370a0f7465c58bf2d1afbdfec2a8a71c.jpg,51A69172,1,8,True,roboflow_ocr_plate,ok;split=train
D:/DATN/datasets/raw/roboflow_ocr_plate/train/images/3CarLongPlate599_jpg.rf.fc8b7b1a7461d554251bedfa7257fcdb.jpg,51F22261,1,8,True,roboflow_ocr_plate,ok;split=train
D:/DATN/datasets/raw/roboflow_ocr_plate/train/images/3CarLongPlate604_jpg.rf.09bd4ff8079d66258e1dad9b4808fa9b.jpg,51G47281,1,8,True,roboflow_ocr_plate,ok;split=train
D:/DATN/datasets/raw/roboflow_ocr_plate/train/images/3CarLongPlate612_jpg.rf.09ca5a365b46f609f1e1f59f3d1fc1fa.jpg,51A01204,1,8,True,roboflow_ocr_plate,ok;split=train
D:/DATN/datasets/raw/roboflow_ocr_plate/train/images/3CarLongPlate615_jpg.rf.3adb8ead2d4dfa3fc67304c0adc77d5b.jpg,51A89714,1,8,True,roboflow_ocr_plate,ok;split=train
D:/DATN/datasets/raw/roboflow_ocr_plate/train/images/3CarLongPlate619_jpg.rf.3ff18839e8f55ff1ee1652335a3dec67.jpg,51B21666,1,8,True,roboflow_ocr_plate,ok;split=train
D:/DATN/datasets/raw/roboflow_ocr_plate/train/images/3CarLongPlate624_jpg.rf.bb3b205d03a2265d0eabab1b0497817b.jpg,51F20754,1,8,True,roboflow_ocr_plate,ok;split=train
D:/DATN/datasets/raw/roboflow_ocr_plate/train/images/3CarLongPlate635_jpg.rf.f9d109973fc889fb40326bae11e82293.jpg,51A85325,1,8,True,roboflow_ocr_plate,ok;split=train
D:/DATN/datasets/raw/roboflow_ocr_plate/train/images/3CarLongPlate636_jpg.rf.4be95d1b5df3fe1c60effc044a645f69.jpg,51F44614,1,8,True,roboflow_ocr_plate,ok;split=train
D:/DATN/datasets/raw/roboflow_ocr_plate/train/images/3CarLongPlate637_jpg.rf.37b0e3f7562c85eb0164e0b4272885cf.jpg,51F44614,1,8,True,roboflow_ocr_plate,ok;split=train
D:/DATN/datasets/raw/roboflow_ocr_plate/train/images/3CarLongPlate640_jpg.rf.d6c422674c21c2d5fa31d3ea4fd55bae.jpg,51F63034,1,8,True,roboflow_ocr_plate,ok;split=train
D:/DATN/datasets/raw/roboflow_ocr_plate/train/images/3CarLongPlate641_jpg.rf.ef363c827ccf958da49be5a814762e8b.jpg,51F24403,1,8,True,roboflow_ocr_plate,ok;split=train
D:/DATN/datasets/raw/roboflow_ocr_plate/train/images/3CarLongPlate642_jpg.rf.2aff8643b343ec06a0d44450c5b47176.jpg,51F24403,1,8,True,roboflow_ocr_plate,ok;split=train
D:/DATN/datasets/raw/roboflow_ocr_plate/train/images/3CarLongPlate646_jpg.rf.5542ea1c783c16786f9592dc02984ae2.jpg,51G51332,1,8,True,roboflow_ocr_plate,ok;split=train
D:/DATN/datasets/raw/roboflow_ocr_plate/train/images/3CarLongPlate648_jpg.rf.78b831b4745863a24d5e0f47fb8d79bc.jpg,51F15585,1,8,True,roboflow_ocr_plate,ok;split=train
D:/DATN/datasets/raw/roboflow_ocr_plate/train/images/3CarLongPlate649_jpg.rf.600aa1c1a72572eaaad31cb43ff2d7d7.jpg,51F15585,1,8,True,roboflow_ocr_plate,ok;split=train
D:/DATN/datasets/raw/roboflow_ocr_plate/train/images/3CarLongPlate661_jpg.rf.7476c29fdde46590215e5973c1199483.jpg,51F59881,1,8,True,roboflow_ocr_plate,ok;split=train
D:/DATN/datasets/raw/roboflow_ocr_plate/train/images/3CarLongPlate663_jpg.rf.b7cb981b522e4f39196435bd8a4e3c66.jpg,51A01204,1,8,True,roboflow_ocr_plate,ok;split=train
D:/DATN/datasets/raw/roboflow_ocr_plate/train/images/3CarLongPlate664_jpg.rf.91e2796367afca1050931ef719acfb61.jpg,51A01204,1,8,True,roboflow_ocr_plate,ok;split=train
D:/DATN/datasets/raw/roboflow_ocr_plate/train/images/3CarLongPlate666_jpg.rf.df4afedf527d8aa1d4e050e93bc6de1b.jpg,51F06948,1,8,True,roboflow_ocr_plate,ok;split=train
D:/DATN/datasets/raw/roboflow_ocr_plate/train/images/3CarLongPlate667_jpg.rf.b71531af6ebbf5386576604f65ed3003.jpg,51F86988,1,8,True,roboflow_ocr_plate,ok;split=train
D:/DATN/datasets/raw/roboflow_ocr_plate/train/images/3CarLongPlate670_jpg.rf.1a5912db63a8da83e438afbf5071345b.jpg,30V3993,1,7,True,roboflow_ocr_plate,ok;split=train
D:/DATN/datasets/raw/roboflow_ocr_plate/train/images/3CarLongPlate675_jpg.rf.693259b5e2b5bba8bb92911a648cfb5b.jpg,51F07973,1,8,True,roboflow_ocr_plate,ok;split=train
D:/DATN/datasets/raw/roboflow_ocr_plate/train/images/3CarLongPlate678_jpg.rf.508842afd5bee6173623fe7a4937b722.jpg,51F61712,1,8,True,roboflow_ocr_plate,ok;split=train
D:/DATN/datasets/raw/roboflow_ocr_plate/train/images/3CarLongPlate681_jpg.rf.659a55d1f9b98aeded9f83836b9dc113.jpg,51F88270,1,8,True,roboflow_ocr_plate,ok;split=train
D:/DATN/datasets/raw/roboflow_ocr_plate/train/images/3CarLongPlate682_jpg.rf.963fe31754d1cb3e16ecc45bbd9a13de.jpg,51F55827,1,8,True,roboflow_ocr_plate,ok;split=train
D:/DATN/datasets/raw/roboflow_ocr_plate/train/images/3CarLongPlate684_jpg.rf.6035b23d22e97f2db4f27751cebd8457.jpg,51F63034,1,8,True,roboflow_ocr_plate,ok;split=train
D:/DATN/datasets/raw/roboflow_ocr_plate/train/images/3CarLongPlate688_jpg.rf.79a923774dcacdc102c5bc46b15acc7d.jpg,51F16159,1,8,True,roboflow_ocr_plate,ok;split=train
D:/DATN/datasets/raw/roboflow_ocr_plate/train/images/3CarLongPlate689_jpg.rf.5fed2c28bb8d70bd6b81dbc1491ed32a.jpg,61A22959,1,8,True,roboflow_ocr_plate,ok;split=train
D:/DATN/datasets/raw/roboflow_ocr_plate/train/images/3CarLongPlate691_jpg.rf.ff693d6e9a19e554f736f4a7751186fc.jpg,61A22959,1,8,True,roboflow_ocr_plate,ok;split=train
D:/DATN/datasets/raw/roboflow_ocr_plate/train/images/3CarLongPlate692_jpg.rf.6a8fb94f05f8d4b9fe753bf6c750cde7.jpg,51G10209,1,8,True,roboflow_ocr_plate,ok;split=train
D:/DATN/datasets/raw/roboflow_ocr_plate/train/images/3CarLongPlate698_jpg.rf.fc3b0974763a7b1948cacb5ab9114979.jpg,60A35981,1,8,True,roboflow_ocr_plate,ok;split=train
D:/DATN/datasets/raw/roboflow_ocr_plate/train/images/3CarLongPlate705_jpg.rf.edbc0369ad17c661f00c4a96529a7043.jpg,51A96141,1,8,True,roboflow_ocr_plate,ok;split=train
D:/DATN/datasets/raw/roboflow_ocr_plate/train/images/3CarLongPlate707_jpg.rf.c4a37d2c1cc8ad11086560bff5e1b00c.jpg,29A51796,1,8,True,roboflow_ocr_plate,ok;split=train
D:/DATN/datasets/raw/roboflow_ocr_plate/train/images/3CarLongPlate710_jpg.rf.504e835bc3065041d9a8e83635c4fe1e.jpg,51F44614,1,8,True,roboflow_ocr_plate,ok;split=train
D:/DATN/datasets/raw/roboflow_ocr_plate/train/images/3CarLongPlate711_jpg.rf.05f3fa5506279baafe60cae2d5783a43.jpg,51F44614,1,8,True,roboflow_ocr_plate,ok;split=train
D:/DATN/datasets/raw/roboflow_ocr_plate/train/images/3CarLongPlate718_jpg.rf.22d2e3ffa6b16dcace28907cd6851ca0.jpg,51A60216,1,8,True,roboflow_ocr_plate,ok;split=train
D:/DATN/datasets/raw/roboflow_ocr_plate/train/images/3CarLongPlate720_jpg.rf.05a71f0bb3e25b6cee2c57b5078ab583.jpg,62A05195,1,8,True,roboflow_ocr_plate,ok;split=train
D:/DATN/datasets/raw/roboflow_ocr_plate/train/images/3CarLongPlate725_jpg.rf.fe08780db6125428c6319fa863859909.jpg,61A39534,1,8,True,roboflow_ocr_plate,ok;split=train
D:/DATN/datasets/raw/roboflow_ocr_plate/train/images/3CarLongPlate730_jpg.rf.fb884f1dd0e8aecd0b95e0ab0f22250c.jpg,51F22261,1,8,True,roboflow_ocr_plate,ok;split=train
D:/DATN/datasets/raw/roboflow_ocr_plate/train/images/3CarLongPlate731_jpg.rf.92dd51c39a5dd96009590334d1259ee4.jpg,51F22261,1,8,True,roboflow_ocr_plate,ok;split=train
D:/DATN/datasets/raw/roboflow_ocr_plate/train/images/3CarLongPlate734_jpg.rf.956929edcb64638d0eea735919e6ac09.jpg,51F76354,1,8,True,roboflow_ocr_plate,ok;split=train
D:/DATN/datasets/raw/roboflow_ocr_plate/train/images/3CarLongPlate742_jpg.rf.fd33d57b66c68467a9bef614d81fef66.jpg,51F04275,1,8,True,roboflow_ocr_plate,ok;split=train
D:/DATN/datasets/raw/roboflow_ocr_plate/train/images/3CarLongPlate746_jpg.rf.eee72eafecefc7a94a0509858721d58b.jpg,51G51936,1,8,True,roboflow_ocr_plate,ok;split=train
D:/DATN/datasets/raw/roboflow_ocr_plate/train/images/3CarLongPlate747_jpg.rf.a487b45d456d2f945dcbaaa486caf910.jpg,51G51936,1,8,True,roboflow_ocr_plate,ok;split=train
D:/DATN/datasets/raw/roboflow_ocr_plate/train/images/3CarLongPlate751_jpg.rf.bf4df57cc03d4b2dfc021ac8d921e40e.jpg,51F16159,1,8,True,roboflow_ocr_plate,ok;split=train
D:/DATN/datasets/raw/roboflow_ocr_plate/train/images/3CarLongPlate758_jpg.rf.a8df6d88ad9d494dbc10830ed2e62071.jpg,51F20754,1,8,True,roboflow_ocr_plate,ok;split=train
D:/DATN/datasets/raw/roboflow_ocr_plate/train/images/3CarLongPlate759_jpg.rf.71a1f67fd9a2a4d854518e6f1ef13f36.jpg,51F20754,1,8,True,roboflow_ocr_plate,ok;split=train
D:/DATN/datasets/raw/roboflow_ocr_plate/train/images/3CarLongPlate769_jpg.rf.e4fd9cec98f00edeedf29d981cc1896a.jpg,51F49142,1,8,True,roboflow_ocr_plate,ok;split=train
D:/DATN/datasets/raw/roboflow_ocr_plate/train/images/3CarLongPlate773_jpg.rf.fdf09b0c2c35f0f421c10875c7ca1a5d.jpg,51A90905,1,8,True,roboflow_ocr_plate,ok;split=train
D:/DATN/datasets/raw/roboflow_ocr_plate/train/images/3CarLongPlate774_jpg.rf.5bb75403fa953ffc47016936ad7671c8.jpg,51G10096,1,8,True,roboflow_ocr_plate,ok;split=train
D:/DATN/datasets/raw/roboflow_ocr_plate/train/images/3CarLongPlate775_jpg.rf.fb18ea488ba05831ad55dbe6feea14ab.jpg,51G10096,1,8,True,roboflow_ocr_plate,ok;split=train
D:/DATN/datasets/raw/roboflow_ocr_plate/train/images/3CarLongPlate777_jpg.rf.0a11147dd9ba6257613f434f6424e612.jpg,48A05177,1,8,True,roboflow_ocr_plate,ok;split=train
D:/DATN/datasets/raw/roboflow_ocr_plate/train/images/3CarLongPlate782_jpg.rf.5e09ed71cabb030716ed2501c36eec99.jpg,51A72110,1,8,True,roboflow_ocr_plate,ok;split=train
D:/DATN/datasets/raw/roboflow_ocr_plate/train/images/3CarLongPlate788_jpg.rf.e364e74c8b657137965fbf239382f890.jpg,51G47340,1,8,True,roboflow_ocr_plate,ok;split=train
D:/DATN/datasets/raw/roboflow_ocr_plate/train/images/3CarLongPlate789_jpg.rf.3f7e194e8c8eaa6d565cf113ce7aa02d.jpg,51A96141,1,8,True,roboflow_ocr_plate,ok;split=train
D:/DATN/datasets/raw/roboflow_ocr_plate/train/images/3CarLongPlate795_jpg.rf.d44ceb521a3e351d51ef25d897eaf1be.jpg,60LD00584,1,9,True,roboflow_ocr_plate,ok;split=train
D:/DATN/datasets/raw/roboflow_ocr_plate/train/images/3CarLongPlate799_jpg.rf.060b0c7a557f892675a1edff254744b0.jpg,51A72078,1,8,True,roboflow_ocr_plate,ok;split=train
D:/DATN/datasets/raw/roboflow_ocr_plate/train/images/3CarLongPlate800_jpg.rf.31cbc584f4b72133c056dbc21bd95940.jpg,51A77529,1,8,True,roboflow_ocr_plate,ok;split=train
D:/DATN/datasets/raw/roboflow_ocr_plate/train/images/3CarLongPlate802_jpg.rf.1c445b793e35fd997566d9baa10a1c39.jpg,51A77529,1,8,True,roboflow_ocr_plate,ok;split=train
D:/DATN/datasets/raw/roboflow_ocr_plate/train/images/3CarLongPlate806_jpg.rf.271177896d9886983e2d9bcd585b9090.jpg,51G51008,1,8,True,roboflow_ocr_plate,ok;split=train
D:/DATN/datasets/raw/roboflow_ocr_plate/train/images/3CarLongPlate810_jpg.rf.7f5915572efe2a1981705634c15a6c15.jpg,51A05227,1,8,True,roboflow_ocr_plate,ok;split=train
D:/DATN/datasets/raw/roboflow_ocr_plate/train/images/3CarLongPlate812_jpg.rf.3687a548bd017d4cfddd64e7fbef3584.jpg,52Y6490,1,7,True,roboflow_ocr_plate,ok;split=train
D:/DATN/datasets/raw/roboflow_ocr_plate/train/images/3CarLongPlate825_jpg.rf.e36b145d8bf9901dae19189b870d6f5a.jpg,30E00090,1,8,True,roboflow_ocr_plate,ok;split=train
D:/DATN/datasets/raw/roboflow_ocr_plate/train/images/3CarLongPlate840_jpg.rf.89d2cbf00c752713f15cf6346d87206d.jpg,51F44614,1,8,True,roboflow_ocr_plate,ok;split=train
D:/DATN/datasets/raw/roboflow_ocr_plate/train/images/3CarLongPlate855_jpg.rf.7d1d1be9feb20c7e3ad8e8afef6c744c.jpg,29A51796,1,8,True,roboflow_ocr_plate,ok;split=train
D:/DATN/datasets/raw/roboflow_ocr_plate/train/images/3CarLongPlate858_jpg.rf.84c6d3a2ae5c0d5ef162ad03e80aab75.jpg,51F04877,1,8,True,roboflow_ocr_plate,ok;split=train
D:/DATN/datasets/raw/roboflow_ocr_plate/train/images/3CarLongPlate872_jpg.rf.ed877ca1861ad0a1e38dea08c7b4f4cc.jpg,51F13251,1,8,True,roboflow_ocr_plate,ok;split=train
D:/DATN/datasets/raw/roboflow_ocr_plate/train/images/3CarLongPlate874_jpg.rf.df0c498e94052f4d4f44ade5e658a471.jpg,51F1555,1,7,True,roboflow_ocr_plate,ok;split=train
D:/DATN/datasets/raw/roboflow_ocr_plate/train/images/3CarLongPlate877_jpg.rf.bf6491ea141571011608f8f7286ee1f4.jpg,51F15585,1,8,True,roboflow_ocr_plate,ok;split=train
D:/DATN/datasets/raw/roboflow_ocr_plate/train/images/3CarLongPlate881_jpg.rf.d2e4cfb72da4a69453e0309335912070.jpg,51G48154,1,8,True,roboflow_ocr_plate,ok;split=train
D:/DATN/datasets/raw/roboflow_ocr_plate/train/images/3CarLongPlate885_jpg.rf.515f7dffddfbcb73ed4f78b9704cdadb.jpg,51F98466,1,8,True,roboflow_ocr_plate,ok;split=train
D:/DATN/datasets/raw/roboflow_ocr_plate/train/images/3CarLongPlate892_jpg.rf.4820df5ef69000c606216497adf3a248.jpg,51F27809,1,8,True,roboflow_ocr_plate,ok;split=train
D:/DATN/datasets/raw/roboflow_ocr_plate/train/images/3CarLongPlate901_jpg.rf.a4c8921e34b0f7acad982cbb24e7e8dd.jpg,51A89714,1,8,True,roboflow_ocr_plate,ok;split=train
D:/DATN/datasets/raw/roboflow_ocr_plate/train/images/3CarLongPlate902_jpg.rf.674ea3a6a7d8ce206b3e63e6801d3eae.jpg,60LD4379,1,8,True,roboflow_ocr_plate,ok;split=train
D:/DATN/datasets/raw/roboflow_ocr_plate/train/images/3CarLongPlate919_jpg.rf.70e6d4771c956b4e20aa7309c89c1519.jpg,51A01204,1,8,True,roboflow_ocr_plate,ok;split=train
D:/DATN/datasets/raw/roboflow_ocr_plate/train/images/3CarLongPlate920_jpg.rf.423bab62498f0e861fce55ee9bceb071.jpg,51A01204,1,8,True,roboflow_ocr_plate,ok;split=train
D:/DATN/datasets/raw/roboflow_ocr_plate/train/images/3CarLongPlate924_jpg.rf.e04a3a812623c339c11aaf697a5c3c8c.jpg,51F07973,1,8,True,roboflow_ocr_plate,ok;split=train
D:/DATN/datasets/raw/roboflow_ocr_plate/train/images/3CarLongPlate930_jpg.rf.cc916cd1de351ad2cd444f940c3a58ce.jpg,30E00090,1,8,True,roboflow_ocr_plate,ok;split=train
D:/DATN/datasets/raw/roboflow_ocr_plate/train/images/3CarLongPlate932_jpg.rf.68203d6c4bcc82f59e19c169b7f81f82.jpg,51F63034,1,8,True,roboflow_ocr_plate,ok;split=train
D:/DATN/datasets/raw/roboflow_ocr_plate/train/images/3CarLongPlate936_jpg.rf.f72db2a6bf494d24f75c6be5c4691612.jpg,61A22959,1,8,True,roboflow_ocr_plate,ok;split=train
D:/DATN/datasets/raw/roboflow_ocr_plate/train/images/3CarLongPlate940_jpg.rf.6b20a7f5b13be7c96f5a05656dae4475.jpg,51F35613,1,8,True,roboflow_ocr_plate,ok;split=train
D:/DATN/datasets/raw/roboflow_ocr_plate/train/images/3CarLongPlate941_jpg.rf.18308d93e59fad24044961608008e99f.jpg,51F35613,1,8,True,roboflow_ocr_plate,ok;split=train
D:/DATN/datasets/raw/roboflow_ocr_plate/train/images/3CarLongPlate945_jpg.rf.678138b434645e228cb7511ea56290da.jpg,51F24403,1,8,True,roboflow_ocr_plate,ok;split=train
D:/DATN/datasets/raw/roboflow_ocr_plate/train/images/3CarLongPlate950_jpg.rf.3164baeafa2d696a796688a8706b17e7.jpg,51F44614,1,8,True,roboflow_ocr_plate,ok;split=train
D:/DATN/datasets/raw/roboflow_ocr_plate/train/images/3CarLongPlate975_jpg.rf.1380a94c0617b82ff4d89c5fff73c60a.jpg,51G51936,1,8,True,roboflow_ocr_plate,ok;split=train
D:/DATN/datasets/raw/roboflow_ocr_plate/train/images/3CarLongPlate977_jpg.rf.2f0d243c24f1823ea7c898c4fdbae68a.jpg,51F21255,1,8,True,roboflow_ocr_plate,ok;split=train
D:/DATN/datasets/raw/roboflow_ocr_plate/train/images/3CarLongPlate986_jpg.rf.48622a837e9fa4928bbfec9d3b035c07.jpg,51G48154,1,8,True,roboflow_ocr_plate,ok;split=train
D:/DATN/datasets/raw/roboflow_ocr_plate/train/images/3CarLongPlate998_jpg.rf.0e3f62ac706ece4ca1f847600397ee24.jpg,51F27809,1,8,True,roboflow_ocr_plate,ok;split=train
D:/DATN/datasets/raw/roboflow_ocr_plate/train/images/3xemay1001_jpg.rf.f9c7650d1b9d5f55ac203b9f50b8d383.jpg,62H57108,2,8,True,roboflow_ocr_plate,ok;split=train
D:/DATN/datasets/raw/roboflow_ocr_plate/train/images/3xemay1008_jpg.rf.147af37df27b44826d12fff33123b762.jpg,59B138559,2,9,True,roboflow_ocr_plate,ok;split=train
D:/DATN/datasets/raw/roboflow_ocr_plate/train/images/3xemay1014_jpg.rf.de02a24e28834d4b9c2fa0b20fe66e71.jpg,76H106161,2,9,True,roboflow_ocr_plate,ok;split=train
D:/DATN/datasets/raw/roboflow_ocr_plate/train/images/3xemay1018_jpg.rf.53e28259b7ed14d82be3f87802404035.jpg,60B104034,2,9,True,roboflow_ocr_plate,ok;split=train
D:/DATN/datasets/raw/roboflow_ocr_plate/train/images/3xemay1019_jpg.rf.7a1b3345a0bf1e490eca2774dd129ccb.jpg,54L36961,2,8,True,roboflow_ocr_plate,ok;split=train
D:/DATN/datasets/raw/roboflow_ocr_plate/train/images/3xemay1026_jpg.rf.cae0ba44c3602c31847f6081e1133940.jpg,59V226310,2,9,True,roboflow_ocr_plate,ok;split=train
D:/DATN/datasets/raw/roboflow_ocr_plate/train/images/3xemay1027_jpg.rf.6a6552fa1812cb572eea0cfd945b655a.jpg,59F173270,2,9,True,roboflow_ocr_plate,ok;split=train
D:/DATN/datasets/raw/roboflow_ocr_plate/train/images/3xemay1028_jpg.rf.dae34ae53367a0eed081659d61854139.jpg,51H49707,2,8,True,roboflow_ocr_plate,ok;split=train
D:/DATN/datasets/raw/roboflow_ocr_plate/train/images/3xemay1039_jpg.rf.eeb941634486bc422a22e60477d65544.jpg,59F163186,2,9,True,roboflow_ocr_plate,ok;split=train
D:/DATN/datasets/raw/roboflow_ocr_plate/train/images/3xemay1041_jpg.rf.cf994a2b81ee71cd04ef2687311b299d.jpg,54U54316,2,8,True,roboflow_ocr_plate,ok;split=train
D:/DATN/datasets/raw/roboflow_ocr_plate/train/images/3xemay1050_jpg.rf.b79feb9e3a9ba29dc64164b3a5e3c5d1.jpg,59L116511,2,9,True,roboflow_ocr_plate,ok;split=train
D:/DATN/datasets/raw/roboflow_ocr_plate/train/images/3xemay1052_jpg.rf.558aa5f9c66a0aff74518c2134ee9bd3.jpg,59K122323,2,9,True,roboflow_ocr_plate,ok;split=train
D:/DATN/datasets/raw/roboflow_ocr_plate/train/images/3xemay1055_jpg.rf.1b9325b6548eb9cb2ea660da239e19f4.jpg,59N100569,2,9,True,roboflow_ocr_plate,ok;split=train
D:/DATN/datasets/raw/roboflow_ocr_plate/train/images/3xemay1062_jpg.rf.2dbf83814d95d3e79f30e2288bd81b76.jpg,59X121394,2,9,True,roboflow_ocr_plate,ok;split=train
D:/DATN/datasets/raw/roboflow_ocr_plate/train/images/3xemay1065_jpg.rf.d4b4d3108a07f50b32e68e465e278d4a.jpg,59X267951,2,9,True,roboflow_ocr_plate,ok;split=train
D:/DATN/datasets/raw/roboflow_ocr_plate/train/images/3xemay1068_jpg.rf.d55077982d8c6ad6c87fa674dd30a820.jpg,55X82215,2,8,True,roboflow_ocr_plate,ok;split=train
D:/DATN/datasets/raw/roboflow_ocr_plate/train/images/3xemay1070_jpg.rf.c6a8b58d8a83912ee4e4d3b2d9b0d965.jpg,71C232149,2,9,True,roboflow_ocr_plate,ok;split=train
D:/DATN/datasets/raw/roboflow_ocr_plate/train/images/3xemay1079_jpg.rf.a7d61c2dabc3c5c44dff676da6ce6469.jpg,59E162847,2,9,True,roboflow_ocr_plate,ok;split=train
D:/DATN/datasets/raw/roboflow_ocr_plate/train/images/3xemay1087_jpg.rf.306f27105850ebf89349e1395c50801e.jpg,75F129830,2,9,True,roboflow_ocr_plate,ok;split=train
D:/DATN/datasets/raw/roboflow_ocr_plate/train/images/3xemay109_jpg.rf.ae5ad668a62a83841acb4f396dcb1675.jpg,59U159897,2,9,True,roboflow_ocr_plate,ok;split=train
D:/DATN/datasets/raw/roboflow_ocr_plate/train/images/3xemay1102_jpg.rf.4bb60bb474528a4cceb13af6f52d9c5f.jpg,49K127144,2,9,True,roboflow_ocr_plate,ok;split=train
D:/DATN/datasets/raw/roboflow_ocr_plate/train/images/3xemay1106_jpg.rf.e49246649ea8d511d8822cd2d5309910.jpg,22H51198,2,8,True,roboflow_ocr_plate,ok;split=train
D:/DATN/datasets/raw/roboflow_ocr_plate/train/images/3xemay1114_jpg.rf.0fc4cb9f10146cee9ddc0a40c796c082.jpg,72H58794,2,8,True,roboflow_ocr_plate,ok;split=train
D:/DATN/datasets/raw/roboflow_ocr_plate/train/images/3xemay1116_jpg.rf.b252f32a38a0a9ec683ebfa45455f45e.jpg,59S212978,2,9,True,roboflow_ocr_plate,ok;split=train
D:/DATN/datasets/raw/roboflow_ocr_plate/train/images/3xemay111_jpg.rf.973684df72ce91684bcf9b00520ad74a.jpg,60U23465,2,8,True,roboflow_ocr_plate,ok;split=train
D:/DATN/datasets/raw/roboflow_ocr_plate/train/images/3xemay1122_jpg.rf.b24c817e3d10009e0624d02d3ea10752.jpg,79N209854,2,9,True,roboflow_ocr_plate,ok;split=train
D:/DATN/datasets/raw/roboflow_ocr_plate/train/images/3xemay1128_jpg.rf.c66fa65bf53b5c9d08ce6b3b1640877c.jpg,72C105018,2,9,True,roboflow_ocr_plate,ok;split=train
D:/DATN/datasets/raw/roboflow_ocr_plate/train/images/3xemay1139_jpg.rf.8ea5db77bd73531f2eda558d4f5e5cab.jpg,79Z116792,2,9,True,roboflow_ocr_plate,ok;split=train
D:/DATN/datasets/raw/roboflow_ocr_plate/train/images/3xemay1140_jpg.rf.86b456540f84a31762f2f8fe9c034280.jpg,54S13034,2,8,True,roboflow_ocr_plate,ok;split=train
D:/DATN/datasets/raw/roboflow_ocr_plate/train/images/3xemay1141_jpg.rf.392bc1ee2f6c2a173d8a047db03a92ab.jpg,72K108550,2,9,True,roboflow_ocr_plate,ok;split=train
D:/DATN/datasets/raw/roboflow_ocr_plate/train/images/3xemay1152_jpg.rf.ba1cbb6050142b3ba517e1085464440a.jpg,61B161878,2,9,True,roboflow_ocr_plate,ok;split=train
D:/DATN/datasets/raw/roboflow_ocr_plate/train/images/3xemay1154_jpg.rf.6cbb54accf6c54094e3a24ffcd9aeca2.jpg,59T187564,2,9,True,roboflow_ocr_plate,ok;split=train
D:/DATN/datasets/raw/roboflow_ocr_plate/train/images/3xemay1155_jpg.rf.fdf5eb04d6220105a8ead3471fc825d5.jpg,59L178582,2,9,True,roboflow_ocr_plate,ok;split=train
D:/DATN/datasets/raw/roboflow_ocr_plate/train/images/3xemay1167_jpg.rf.89a6bedf3feb109cded71204bf78a39f.jpg,54T54498,2,8,True,roboflow_ocr_plate,ok;split=train
D:/DATN/datasets/raw/roboflow_ocr_plate/train/images/3xemay1170_jpg.rf.b4c73db62205aa9ef3a254e0d7bf5190.jpg,59T174443,2,9,True,roboflow_ocr_plate,ok;split=train
D:/DATN/datasets/raw/roboflow_ocr_plate/train/images/3xemay1178_jpg.rf.a13f0f7da14bd9508bebad0eb3e14efe.jpg,54P11782,2,8,True,roboflow_ocr_plate,ok;split=train
D:/DATN/datasets/raw/roboflow_ocr_plate/train/images/3xemay1180_jpg.rf.ef5aa129da92c68ad590201819eea42a.jpg,59E153139,2,9,True,roboflow_ocr_plate,ok;split=train
D:/DATN/datasets/raw/roboflow_ocr_plate/train/images/3xemay1183_jpg.rf.f2b05db035a1644fe0fe5114c0466d60.jpg,60B422155,2,9,True,roboflow_ocr_plate,ok;split=train
D:/DATN/datasets/raw/roboflow_ocr_plate/train/images/3xemay1209_jpg.rf.605e02f393ec50a0a3b683028fb35615.jpg,59M188418,2,9,True,roboflow_ocr_plate,ok;split=train
D:/DATN/datasets/raw/roboflow_ocr_plate/train/images/3xemay1211_jpg.rf.966b4e38fa956c17ec86441f6f5fbdf9.jpg,54S50882,2,8,True,roboflow_ocr_plate,ok;split=train
D:/DATN/datasets/raw/roboflow_ocr_plate/train/images/3xemay1213_jpg.rf.f35b3983fcff9452717e87744e472a07.jpg,59F111299,2,9,True,roboflow_ocr_plate,ok;split=train
D:/DATN/datasets/raw/roboflow_ocr_plate/train/images/3xemay1221_jpg.rf.aa98e1c0dfddd1392ba3454d4973d966.jpg,59T123977,2,9,True,roboflow_ocr_plate,ok;split=train
D:/DATN/datasets/raw/roboflow_ocr_plate/train/images/3xemay1223_jpg.rf.03ffc3dedae50c4b64bcf78a35153e1b.jpg,59C161110,2,9,True,roboflow_ocr_plate,ok;split=train
D:/DATN/datasets/raw/roboflow_ocr_plate/train/images/3xemay1227_jpg.rf.ef2f38a301aeee8e72932c6b76cc5342.jpg,59M197489,2,9,True,roboflow_ocr_plate,ok;split=train
D:/DATN/datasets/raw/roboflow_ocr_plate/train/images/3xemay1234_jpg.rf.83546dee9a87d08ed65b64f4ca815722.jpg,59S232928,2,9,True,roboflow_ocr_plate,ok;split=train
D:/DATN/datasets/raw/roboflow_ocr_plate/train/images/3xemay1264_jpg.rf.3b9e0ae2094df16bf62745d0a8e68386.jpg,53V48609,2,8,True,roboflow_ocr_plate,ok;split=train
D:/DATN/datasets/raw/roboflow_ocr_plate/train/images/3xemay1265_jpg.rf.bae165eb5d4b6c1162ffc038f6136416.jpg,59E170762,2,9,True,roboflow_ocr_plate,ok;split=train
D:/DATN/datasets/raw/roboflow_ocr_plate/train/images/3xemay1269_jpg.rf.425a5a05899044b2206fc4fb340a81e3.jpg,78N25203,2,8,True,roboflow_ocr_plate,ok;split=train
D:/DATN/datasets/raw/roboflow_ocr_plate/train/images/3xemay127_jpg.rf.3a7de52b1d4161b0316c462db0a06999.jpg,59H133046,2,9,True,roboflow_ocr_plate,ok;split=train
D:/DATN/datasets/raw/roboflow_ocr_plate/train/images/3xemay1281_jpg.rf.737a33de83b2ca048cec00f4d618b5d6.jpg,59F108501,2,9,True,roboflow_ocr_plate,ok;split=train
D:/DATN/datasets/raw/roboflow_ocr_plate/train/images/3xemay1283_jpg.rf.e13d877d5133fe31bbd8952582a8389e.jpg,85D105960,2,9,True,roboflow_ocr_plate,ok;split=train
D:/DATN/datasets/raw/roboflow_ocr_plate/train/images/3xemay1288_jpg.rf.5b5860600bacec921208e476f5756287.jpg,62P153221,2,9,True,roboflow_ocr_plate,ok;split=train
D:/DATN/datasets/raw/roboflow_ocr_plate/train/images/3xemay128_jpg.rf.a36307306b2c625dfb53d13167d93a06.jpg,48F1856,2,7,True,roboflow_ocr_plate,ok;split=train
D:/DATN/datasets/raw/roboflow_ocr_plate/train/images/3xemay1299_jpg.rf.2010f84788eaf198d6d6df6ac44a4458.jpg,67E106661,2,9,True,roboflow_ocr_plate,ok;split=train
D:/DATN/datasets/raw/roboflow_ocr_plate/train/images/3xemay1304_jpg.rf.2c4f7b5ab6980bc03008a08c3cbe398e.jpg,63B346905,2,9,True,roboflow_ocr_plate,ok;split=train
D:/DATN/datasets/raw/roboflow_ocr_plate/train/images/3xemay1305_jpg.rf.efd69a621350d0d29cf27024b69b9daf.jpg,83P213173,2,9,True,roboflow_ocr_plate,ok;split=train
D:/DATN/datasets/raw/roboflow_ocr_plate/train/images/3xemay1309_jpg.rf.e053d00cd4c782c309af4f9b269ddf2a.jpg,59K120173,2,9,True,roboflow_ocr_plate,ok;split=train
D:/DATN/datasets/raw/roboflow_ocr_plate/train/images/3xemay1310_jpg.rf.e389b5f7d1714f6f646d9d00a63fa361.jpg,47L109977,2,9,True,roboflow_ocr_plate,ok;split=train
D:/DATN/datasets/raw/roboflow_ocr_plate/train/images/3xemay1315_jpg.rf.bd5e9d671437f41dc48c4d6ca4effc91.jpg,63B436920,2,9,True,roboflow_ocr_plate,ok;split=train
D:/DATN/datasets/raw/roboflow_ocr_plate/train/images/3xemay1323_jpg.rf.ecabc37d240a4b8e81615366ded61d3a.jpg,59E158284,2,9,True,roboflow_ocr_plate,ok;split=train
D:/DATN/datasets/raw/roboflow_ocr_plate/train/images/3xemay1327_jpg.rf.739d8768eb936f7adade8b537fa42083.jpg,59M148700,2,9,True,roboflow_ocr_plate,ok;split=train
D:/DATN/datasets/raw/roboflow_ocr_plate/train/images/3xemay1330_jpg.rf.b79d366d77b8331c9fefe84e424f272f.jpg,59D217148,2,9,True,roboflow_ocr_plate,ok;split=train
D:/DATN/datasets/raw/roboflow_ocr_plate/train/images/3xemay1331_jpg.rf.c00dc2e2715a0f2b791fe4806299fb5b.jpg,52F31770,2,8,True,roboflow_ocr_plate,ok;split=train
D:/DATN/datasets/raw/roboflow_ocr_plate/train/images/3xemay1335_jpg.rf.07363fa930178ad99f73c562cde13b3a.jpg,59P200263,2,9,True,roboflow_ocr_plate,ok;split=train
D:/DATN/datasets/raw/roboflow_ocr_plate/train/images/3xemay1339_jpg.rf.4a0361e91cdff3173a6ff5eca87ff1e5.jpg,59T127957,2,9,True,roboflow_ocr_plate,ok;split=train
D:/DATN/datasets/raw/roboflow_ocr_plate/train/images/3xemay1345_jpg.rf.9ef15eab60b1b2bbe01ffd9b10707e0c.jpg,59C139113,2,9,True,roboflow_ocr_plate,ok;split=train
D:/DATN/datasets/raw/roboflow_ocr_plate/train/images/3xemay1349_jpg.rf.e60b7777961a261eb61a055427c66ba5.jpg,59X149553,2,9,True,roboflow_ocr_plate,ok;split=train
D:/DATN/datasets/raw/roboflow_ocr_plate/train/images/3xemay1352_jpg.rf.500c4c570db4c8003d42b2d4168e77c4.jpg,55P60839,2,8,True,roboflow_ocr_plate,ok;split=train
D:/DATN/datasets/raw/roboflow_ocr_plate/train/images/3xemay1368_jpg.rf.6f82844f8115c0d6ee78971cda77aa93.jpg,59H143727,2,9,True,roboflow_ocr_plate,ok;split=train
D:/DATN/datasets/raw/roboflow_ocr_plate/train/images/3xemay1372_jpg.rf.f2cf23761dc40fa76e5442425bcf92ec.jpg,59H160919,2,9,True,roboflow_ocr_plate,ok;split=train
D:/DATN/datasets/raw/roboflow_ocr_plate/train/images/3xemay1374_jpg.rf.233216990ccf91be4ca5de7da6e93248.jpg,59T135415,2,9,True,roboflow_ocr_plate,ok;split=train
D:/DATN/datasets/raw/roboflow_ocr_plate/train/images/3xemay1376_jpg.rf.f6dd980c53b69027c4f0d7c735b6f14a.jpg,59X291011,2,9,True,roboflow_ocr_plate,ok;split=train
D:/DATN/datasets/raw/roboflow_ocr_plate/train/images/3xemay1385_jpg.rf.4cabc90643227a540b2a90549e65a785.jpg,59Y154776,2,9,True,roboflow_ocr_plate,ok;split=train
D:/DATN/datasets/raw/roboflow_ocr_plate/train/images/3xemay1393_jpg.rf.25f6ca5c7594ab3263282fb2fd540aa3.jpg,59D178262,2,9,True,roboflow_ocr_plate,ok;split=train
D:/DATN/datasets/raw/roboflow_ocr_plate/train/images/3xemay13_jpg.rf.34b97a990fb9181402eab0d95639dae6.jpg,59C251109,2,9,True,roboflow_ocr_plate,ok;split=train
D:/DATN/datasets/raw/roboflow_ocr_plate/train/images/3xemay1401_jpg.rf.d5a061e7f94d927b051976b5df3f474f.jpg,54U39055,2,8,True,roboflow_ocr_plate,ok;split=train
D:/DATN/datasets/raw/roboflow_ocr_plate/train/images/3xemay1405_jpg.rf.6a87fb8edd206cb6c34f537edc53bff4.jpg,52P39520,2,8,True,roboflow_ocr_plate,ok;split=train
D:/DATN/datasets/raw/roboflow_ocr_plate/train/images/3xemay1406_jpg.rf.8c05d4e06b5a522585caa0d308901fca.jpg,63B304426,2,9,True,roboflow_ocr_plate,ok;split=train
D:/DATN/datasets/raw/roboflow_ocr_plate/train/images/3xemay1413_jpg.rf.1aa0f2622a6da257670bc8cccf7cc6e9.jpg,92L87156,2,8,True,roboflow_ocr_plate,ok;split=train
D:/DATN/datasets/raw/roboflow_ocr_plate/train/images/3xemay1420_jpg.rf.0444e6f625c8bec192066f4c8bc7b4ea.jpg,54N46324,2,8,True,roboflow_ocr_plate,ok;split=train
D:/DATN/datasets/raw/roboflow_ocr_plate/train/images/3xemay1429_jpg.rf.b0811d92b48b103909feea56ad049834.jpg,59S159694,2,9,True,roboflow_ocr_plate,ok;split=train
D:/DATN/datasets/raw/roboflow_ocr_plate/train/images/3xemay1434_jpg.rf.4c740ed3685bb81fa1f60fa0b2b35ff3.jpg,49K138886,2,9,True,roboflow_ocr_plate,ok;split=train
D:/DATN/datasets/raw/roboflow_ocr_plate/train/images/3xemay1437_jpg.rf.42fe23676fef83ac19be8924caf5f9aa.jpg,62K51250,2,8,True,roboflow_ocr_plate,ok;split=train
D:/DATN/datasets/raw/roboflow_ocr_plate/train/images/3xemay1441_jpg.rf.0df4e2a9132f8c753e21ca35274ba527.jpg,59S144895,2,9,True,roboflow_ocr_plate,ok;split=train
D:/DATN/datasets/raw/roboflow_ocr_plate/train/images/3xemay1456_jpg.rf.c3b770bf203e3ec1fa5cd6519b40372a.jpg,59S175715,2,9,True,roboflow_ocr_plate,ok;split=train
D:/DATN/datasets/raw/roboflow_ocr_plate/train/images/3xemay1475_jpg.rf.acfcacee756b9f47d2d066c9278e93c8.jpg,54P24739,2,8,True,roboflow_ocr_plate,ok;split=train
D:/DATN/datasets/raw/roboflow_ocr_plate/train/images/3xemay1476_jpg.rf.eb7648796c289abeb2d2462fc9be7176.jpg,59H163602,2,9,True,roboflow_ocr_plate,ok;split=train
D:/DATN/datasets/raw/roboflow_ocr_plate/train/images/3xemay1480_jpg.rf.da3a5d5218e20d6ffc222458394b0f69.jpg,59L118044,2,9,True,roboflow_ocr_plate,ok;split=train
D:/DATN/datasets/raw/roboflow_ocr_plate/train/images/3xemay1484_jpg.rf.e23a0c91805723aa829d6c76a880a6c5.jpg,47M76992,2,8,True,roboflow_ocr_plate,ok;split=train
D:/DATN/datasets/raw/roboflow_ocr_plate/train/images/3xemay1492_jpg.rf.3aea819d0a421ec0b89e499de506ace4.jpg,59B135294,2,9,True,roboflow_ocr_plate,ok;split=train
D:/DATN/datasets/raw/roboflow_ocr_plate/train/images/3xemay1496_jpg.rf.7d26eee357fc3f241a3fc4b523f26ac2.jpg,85B102836,2,9,True,roboflow_ocr_plate,ok;split=train
D:/DATN/datasets/raw/roboflow_ocr_plate/train/images/3xemay1511_jpg.rf.d48a948d914b9720cad949419e084c02.jpg,59T162133,2,9,True,roboflow_ocr_plate,ok;split=train
D:/DATN/datasets/raw/roboflow_ocr_plate/train/images/3xemay1525_jpg.rf.7a221e416837ff11c7c94cc17a061ee4.jpg,59M187668,2,9,True,roboflow_ocr_plate,ok;split=train
D:/DATN/datasets/raw/roboflow_ocr_plate/train/images/3xemay1534_jpg.rf.12eeafb18c7d06bd50eecf08d4e53a7c.jpg,59D106399,2,9,True,roboflow_ocr_plate,ok;split=train
D:/DATN/datasets/raw/roboflow_ocr_plate/train/images/3xemay1546_jpg.rf.6f7dc7c154918cffd3127f0e49fc2b68.jpg,60V77002,2,8,True,roboflow_ocr_plate,ok;split=train
D:/DATN/datasets/raw/roboflow_ocr_plate/train/images/3xemay1557_jpg.rf.8112f5940325d4598cb75317363939fb.jpg,59H155556,2,9,True,roboflow_ocr_plate,ok;split=train
D:/DATN/datasets/raw/roboflow_ocr_plate/train/images/3xemay1559_jpg.rf.c1998351a7de9b4c7fbde40edc325453.jpg,59S246039,2,9,True,roboflow_ocr_plate,ok;split=train
D:/DATN/datasets/raw/roboflow_ocr_plate/train/images/3xemay1562_jpg.rf.fddf8c46353e8e515ec7196ffb1a1892.jpg,79D115814,2,9,True,roboflow_ocr_plate,ok;split=train
D:/DATN/datasets/raw/roboflow_ocr_plate/train/images/3xemay1565_jpg.rf.d00fce3b05bfd17393347e9b244e4d33.jpg,29B110559,2,9,True,roboflow_ocr_plate,ok;split=train
D:/DATN/datasets/raw/roboflow_ocr_plate/train/images/3xemay1570_jpg.rf.47d89a5e5303d9d673e3fd4e802b7c28.jpg,68K49407,2,8,True,roboflow_ocr_plate,ok;split=train
D:/DATN/datasets/raw/roboflow_ocr_plate/train/images/3xemay1574_jpg.rf.03a23d483f610c2ef9e653a1600be82e.jpg,65U24787,2,8,True,roboflow_ocr_plate,ok;split=train
D:/DATN/datasets/raw/roboflow_ocr_plate/train/images/3xemay157_jpg.rf.493a129dc26d37e29c02ac7d4b37740e.jpg,47D117237,2,9,True,roboflow_ocr_plate,ok;split=train
D:/DATN/datasets/raw/roboflow_ocr_plate/train/images/3xemay1582_jpg.rf.3fb9380fd768ea4a8fcefb29dbb7a5a3.jpg,55X20010,2,8,True,roboflow_ocr_plate,ok;split=train
D:/DATN/datasets/raw/roboflow_ocr_plate/train/images/3xemay1587_jpg.rf.4af3d1d6dbb66b28ce7f8427e2c5d37d.jpg,16L95425,2,8,True,roboflow_ocr_plate,ok;split=train
D:/DATN/datasets/raw/roboflow_ocr_plate/train/images/3xemay1589_jpg.rf.ff5b6e93f90da8757aa7d08d57c13397.jpg,54L53444,2,8,True,roboflow_ocr_plate,ok;split=train
D:/DATN/datasets/raw/roboflow_ocr_plate/train/images/3xemay1597_jpg.rf.5388abcfb4ed8d9512fb7b002471a753.jpg,59M197372,2,9,True,roboflow_ocr_plate,ok;split=train
D:/DATN/datasets/raw/roboflow_ocr_plate/train/images/3xemay159_jpg.rf.d4c0c0017dfee193eb349b6001946354.jpg,59F129346,2,9,True,roboflow_ocr_plate,ok;split=train
D:/DATN/datasets/raw/roboflow_ocr_plate/train/images/3xemay1604_jpg.rf.17aaf67fc222bbab77c39dc594f4c7df.jpg,77F128472,2,9,True,roboflow_ocr_plate,ok;split=train
D:/DATN/datasets/raw/roboflow_ocr_plate/train/images/3xemay1607_jpg.rf.40f1abcc32f61610e369457130ac2715.jpg,59H141296,2,9,True,roboflow_ocr_plate,ok;split=train
D:/DATN/datasets/raw/roboflow_ocr_plate/train/images/3xemay1613_jpg.rf.cb2f8bf5fdcfc095956c9ab58643a0c9.jpg,59T146457,2,9,True,roboflow_ocr_plate,ok;split=train
D:/DATN/datasets/raw/roboflow_ocr_plate/train/images/3xemay1625_jpg.rf.5330631a47d6afb253d447b806fde1e9.jpg,59B101554,2,9,True,roboflow_ocr_plate,ok;split=train
D:/DATN/datasets/raw/roboflow_ocr_plate/train/images/3xemay1628_jpg.rf.331580b2cb43c37add1775f298346748.jpg,93F94406,2,8,True,roboflow_ocr_plate,ok;split=train
D:/DATN/datasets/raw/roboflow_ocr_plate/train/images/3xemay1634_jpg.rf.de36712e9dca847580e772dcdf2a5b6c.jpg,29B122701,2,9,True,roboflow_ocr_plate,ok;split=train
D:/DATN/datasets/raw/roboflow_ocr_plate/train/images/3xemay1637_jpg.rf.3df1c84413a5ce0ca5a5900013b71dd9.jpg,86B340430,2,9,True,roboflow_ocr_plate,ok;split=train
D:/DATN/datasets/raw/roboflow_ocr_plate/train/images/3xemay1652_jpg.rf.7677b78265b5fc768856c11794975667.jpg,59S100685,2,9,True,roboflow_ocr_plate,ok;split=train
D:/DATN/datasets/raw/roboflow_ocr_plate/train/images/3xemay1654_jpg.rf.d3ff3ec40a08c7cffd2be65928f86d7c.jpg,59G161590,2,9,True,roboflow_ocr_plate,ok;split=train
D:/DATN/datasets/raw/roboflow_ocr_plate/train/images/3xemay1662_jpg.rf.e184a55b0305b6a7f6be436912c43e59.jpg,59T186782,2,9,True,roboflow_ocr_plate,ok;split=train
D:/DATN/datasets/raw/roboflow_ocr_plate/train/images/3xemay1665_jpg.rf.608009866270f16f5dc4b760637d409a.jpg,52P28146,2,8,True,roboflow_ocr_plate,ok;split=train
D:/DATN/datasets/raw/roboflow_ocr_plate/train/images/3xemay1667_jpg.rf.97843c427a2b547db89fe4061241531e.jpg,84G122593,2,9,True,roboflow_ocr_plate,ok;split=train
D:/DATN/datasets/raw/roboflow_ocr_plate/train/images/3xemay1669_jpg.rf.54da1942e7003210f43aad2f15d94de6.jpg,54P46793,2,8,True,roboflow_ocr_plate,ok;split=train
D:/DATN/datasets/raw/roboflow_ocr_plate/train/images/3xemay1670_jpg.rf.9d00865c0610897e6387fa3630e8ccf0.jpg,54T14995,2,8,True,roboflow_ocr_plate,ok;split=train
D:/DATN/datasets/raw/roboflow_ocr_plate/train/images/3xemay1673_jpg.rf.3982416e102e2283b765f9c42af7166d.jpg,59C131162,2,9,True,roboflow_ocr_plate,ok;split=train
D:/DATN/datasets/raw/roboflow_ocr_plate/train/images/3xemay1676_jpg.rf.7334918941545816c5aec0d14c9cf360.jpg,54Z31084,2,8,True,roboflow_ocr_plate,ok;split=train
D:/DATN/datasets/raw/roboflow_ocr_plate/train/images/3xemay1677_jpg.rf.76d063850759c39ac23f23e2139942eb.jpg,54L48348,2,8,True,roboflow_ocr_plate,ok;split=train
D:/DATN/datasets/raw/roboflow_ocr_plate/train/images/3xemay1684_jpg.rf.ffd29343b17c61f24b5ba9c11adfab27.jpg,59C259392,2,9,True,roboflow_ocr_plate,ok;split=train
D:/DATN/datasets/raw/roboflow_ocr_plate/train/images/3xemay168_jpg.rf.f1fdb5a3fc345b88da9b27ebde326a79.jpg,60B734176,2,9,True,roboflow_ocr_plate,ok;split=train
D:/DATN/datasets/raw/roboflow_ocr_plate/train/images/3xemay1695_jpg.rf.e0615275a8e8ba11b2fa65065ef63658.jpg,67L133525,2,9,True,roboflow_ocr_plate,ok;split=train
D:/DATN/datasets/raw/roboflow_ocr_plate/train/images/3xemay1703_jpg.rf.cdd8289bf12a4fd26cfc21da1049eeb9.jpg,59N231428,2,9,True,roboflow_ocr_plate,ok;split=train
D:/DATN/datasets/raw/roboflow_ocr_plate/train/images/3xemay1704_jpg.rf.b10feee89874848466fcc6f5abd03298.jpg,59Z202768,2,9,True,roboflow_ocr_plate,ok;split=train
D:/DATN/datasets/raw/roboflow_ocr_plate/train/images/3xemay170_jpg.rf.09ff902ae3d3eccffc49d469be30d78b.jpg,59B100002,2,9,True,roboflow_ocr_plate,ok;split=train
D:/DATN/datasets/raw/roboflow_ocr_plate/train/images/3xemay1714_jpg.rf.0845f07259900fe5aec29c01e9389e40.jpg,59D167023,2,9,True,roboflow_ocr_plate,ok;split=train
D:/DATN/datasets/raw/roboflow_ocr_plate/train/images/3xemay1725_jpg.rf.2f938297aac994314ba10b7c9ab7f479.jpg,54T11850,2,8,True,roboflow_ocr_plate,ok;split=train
D:/DATN/datasets/raw/roboflow_ocr_plate/train/images/3xemay1730_jpg.rf.0d3dcc09185b6804184e359090a775ac.jpg,59C156086,2,9,True,roboflow_ocr_plate,ok;split=train
D:/DATN/datasets/raw/roboflow_ocr_plate/train/images/3xemay1731_jpg.rf.f27f42d4df68113e27cd9816ff98ef46.jpg,59U145267,2,9,True,roboflow_ocr_plate,ok;split=train
D:/DATN/datasets/raw/roboflow_ocr_plate/train/images/3xemay1733_jpg.rf.1dfb62af0afcdf9f5ddd748e9537a846.jpg,55P85535,2,8,True,roboflow_ocr_plate,ok;split=train
D:/DATN/datasets/raw/roboflow_ocr_plate/train/images/3xemay173_jpg.rf.c7a4307e9c13066c3d321f8a9f0a25b8.jpg,54S89169,2,8,True,roboflow_ocr_plate,ok;split=train
D:/DATN/datasets/raw/roboflow_ocr_plate/train/images/3xemay1740_jpg.rf.220e56eb0e2fb43511f5b2f90c327ae9.jpg,59P166480,2,9,True,roboflow_ocr_plate,ok;split=train
D:/DATN/datasets/raw/roboflow_ocr_plate/train/images/3xemay1749_jpg.rf.7f597b58b77ba8ba3dea1cc43b41f0cb.jpg,52L26661,2,8,True,roboflow_ocr_plate,ok;split=train
D:/DATN/datasets/raw/roboflow_ocr_plate/train/images/3xemay1765_jpg.rf.cf235c5313e960963aba1e72fc9a3434.jpg,67L106669,2,9,True,roboflow_ocr_plate,ok;split=train
D:/DATN/datasets/raw/roboflow_ocr_plate/train/images/3xemay1771_jpg.rf.137ef08ddae1f6f1f80435d6e1b18b81.jpg,60B813705,2,9,True,roboflow_ocr_plate,ok;split=train
D:/DATN/datasets/raw/roboflow_ocr_plate/train/images/3xemay1780_jpg.rf.40a37389829136ab61feff9d199402bd.jpg,59F138151,2,9,True,roboflow_ocr_plate,ok;split=train
D:/DATN/datasets/raw/roboflow_ocr_plate/train/images/3xemay1795_jpg.rf.43851b67a1f2d11c42b7cf6c5ef069a3.jpg,59P133202,2,9,True,roboflow_ocr_plate,ok;split=train
D:/DATN/datasets/raw/roboflow_ocr_plate/train/images/3xemay17_jpg.rf.f1e80758f8f079809cb99fbbacf5f1ac.jpg,60B555723,2,9,True,roboflow_ocr_plate,ok;split=train
D:/DATN/datasets/raw/roboflow_ocr_plate/train/images/3xemay1801_jpg.rf.f7ca607ceadc11dfeb668e595ee35daf.jpg,54S22148,2,8,True,roboflow_ocr_plate,ok;split=train
D:/DATN/datasets/raw/roboflow_ocr_plate/train/images/3xemay1805_jpg.rf.56f088d4cf2b7448ccbd6c0aba90c696.jpg,47D117237,2,9,True,roboflow_ocr_plate,ok;split=train
D:/DATN/datasets/raw/roboflow_ocr_plate/train/images/3xemay1815_jpg.rf.3cd7605d02c21589b3d24053a4b7e20e.jpg,47K108279,2,9,True,roboflow_ocr_plate,ok;split=train
D:/DATN/datasets/raw/roboflow_ocr_plate/train/images/3xemay1842_jpg.rf.af487c88816b80279144a4875ac707fe.jpg,52Z79752,2,8,True,roboflow_ocr_plate,ok;split=train
D:/DATN/datasets/raw/roboflow_ocr_plate/train/images/3xemay1849_jpg.rf.06c9526851d874805adccf6c31f8e140.jpg,54L39902,2,8,True,roboflow_ocr_plate,ok;split=train
D:/DATN/datasets/raw/roboflow_ocr_plate/train/images/3xemay184_jpg.rf.52225705aa5b0f49cda049de5da6031b.jpg,75K30899,2,8,True,roboflow_ocr_plate,ok;split=train
D:/DATN/datasets/raw/roboflow_ocr_plate/train/images/3xemay1852_jpg.rf.a5e257bb3bddffd06de3991bd23a40ac.jpg,59F113860,2,9,True,roboflow_ocr_plate,ok;split=train
D:/DATN/datasets/raw/roboflow_ocr_plate/train/images/3xemay1855_jpg.rf.4887cb1e5b18c68f3bf4cc6ba5425abb.jpg,59H146704,2,9,True,roboflow_ocr_plate,ok;split=train
D:/DATN/datasets/raw/roboflow_ocr_plate/train/images/3xemay1858_jpg.rf.774efb442ac305dc73d72fe5ebbc4b09.jpg,59B131149,2,9,True,roboflow_ocr_plate,ok;split=train
D:/DATN/datasets/raw/roboflow_ocr_plate/train/images/3xemay1919_jpg.rf.1db8667f58e900bd3569ef5c64c2eee8.jpg,59T103506,2,9,True,roboflow_ocr_plate,ok;split=train
D:/DATN/datasets/raw/roboflow_ocr_plate/train/images/3xemay1925_jpg.rf.8a901634264577c22dc3cabd29d56903.jpg,93P106312,2,9,True,roboflow_ocr_plate,ok;split=train
D:/DATN/datasets/raw/roboflow_ocr_plate/train/images/3xemay1928_jpg.rf.d2a31d1ddf89ad3ec662e182787d4b68.jpg,54V14819,2,8,True,roboflow_ocr_plate,ok;split=train
D:/DATN/datasets/raw/roboflow_ocr_plate/train/images/3xemay192_jpg.rf.a3e7ab3339b6fb818d9b5cf34fa9a1ff.jpg,59V200884,2,9,True,roboflow_ocr_plate,ok;split=train
D:/DATN/datasets/raw/roboflow_ocr_plate/train/images/3xemay1934_jpg.rf.452fbbb29b31a3d80be8b301a2a8dac1.jpg,59C105899,2,9,True,roboflow_ocr_plate,ok;split=train
D:/DATN/datasets/raw/roboflow_ocr_plate/train/images/3xemay1937_jpg.rf.572abc95d9500ac1a6aee4d938d9ff22.jpg,55P56876,2,8,True,roboflow_ocr_plate,ok;split=train
D:/DATN/datasets/raw/roboflow_ocr_plate/train/images/3xemay1956_jpg.rf.bc8c97efb4c6519310730b8f82bc3bc7.jpg,29C120902,2,9,True,roboflow_ocr_plate,ok;split=train
D:/DATN/datasets/raw/roboflow_ocr_plate/train/images/3xemay1974_jpg.rf.4a1c81e59fd3b1bde5e3bb6244f85435.jpg,59V184031,2,9,True,roboflow_ocr_plate,ok;split=train
D:/DATN/datasets/raw/roboflow_ocr_plate/train/images/3xemay198_jpg.rf.70634fb39ead0e05d19ddade1cfe81b9.jpg,47B142872,2,9,True,roboflow_ocr_plate,ok;split=train
D:/DATN/datasets/raw/roboflow_ocr_plate/train/images/3xemay1990_jpg.rf.027c5e1c883011da1c3c2577629ff9e1.jpg,59L223714,2,9,True,roboflow_ocr_plate,ok;split=train
D:/DATN/datasets/raw/roboflow_ocr_plate/train/images/3xemay2007_jpg.rf.c97bde21515cd3614d3165c865207902.jpg,67C105355,2,9,True,roboflow_ocr_plate,ok;split=train
D:/DATN/datasets/raw/roboflow_ocr_plate/train/images/3xemay2012_jpg.rf.3a2656fcfae37666651a497101b1c66e.jpg,72L21703,2,8,True,roboflow_ocr_plate,ok;split=train
D:/DATN/datasets/raw/roboflow_ocr_plate/train/images/3xemay2038_jpg.rf.7d10e8896d62937c70e05447510a6d09.jpg,59S168287,2,9,True,roboflow_ocr_plate,ok;split=train
D:/DATN/datasets/raw/roboflow_ocr_plate/train/images/3xemay2085_jpg.rf.d78864e0c1cd23193217fa36bce81188.jpg,85F100417,2,9,True,roboflow_ocr_plate,ok;split=train
D:/DATN/datasets/raw/roboflow_ocr_plate/train/images/3xemay2096_jpg.rf.391edd47b129e8042aeb4a6250353bc9.jpg,65S21319,2,8,True,roboflow_ocr_plate,ok;split=train
D:/DATN/datasets/raw/roboflow_ocr_plate/train/images/3xemay2132_jpg.rf.111309f8e57f3ed08fabf9084921da54.jpg,83B66954,2,8,True,roboflow_ocr_plate,ok;split=train
D:/DATN/datasets/raw/roboflow_ocr_plate/train/images/3xemay2152_jpg.rf.a07a04f489c0887ecf696d843e13d862.jpg,51L80104,2,8,True,roboflow_ocr_plate,ok;split=train
D:/DATN/datasets/raw/roboflow_ocr_plate/train/images/3xemay2154_jpg.rf.d9d6a4c67f310ca814a21270c8374b1c.jpg,59X278848,2,9,True,roboflow_ocr_plate,ok;split=train
D:/DATN/datasets/raw/roboflow_ocr_plate/train/images/3xemay217_jpg.rf.40bf86677534575ab9c1ce487b4cc055.jpg,60B628032,2,9,True,roboflow_ocr_plate,ok;split=train
D:/DATN/datasets/raw/roboflow_ocr_plate/train/images/3xemay220_jpg.rf.a920dd49ef5198ddcfaaf96e68c1b397.jpg,59C245928,2,9,True,roboflow_ocr_plate,ok;split=train
D:/DATN/datasets/raw/roboflow_ocr_plate/train/images/3xemay2214_jpg.rf.238a60b613d3701d86be656d6c10ef60.jpg,59L136261,2,9,True,roboflow_ocr_plate,ok;split=train
D:/DATN/datasets/raw/roboflow_ocr_plate/train/images/3xemay2229_jpg.rf.4cba6a6ce4a498a6741c6da2269677cf.jpg,72C112511,2,9,True,roboflow_ocr_plate,ok;split=train
D:/DATN/datasets/raw/roboflow_ocr_plate/train/images/3xemay222_jpg.rf.121aa6c6c14456705f40355bed9ff408.jpg,61C106403,2,9,True,roboflow_ocr_plate,ok;split=train
D:/DATN/datasets/raw/roboflow_ocr_plate/train/images/3xemay2242_jpg.rf.679f1ba298904c7918f3fef56c061756.jpg,59U157674,2,9,True,roboflow_ocr_plate,ok;split=train
D:/DATN/datasets/raw/roboflow_ocr_plate/train/images/3xemay2247_jpg.rf.6dc51525754eba27396466affe399d97.jpg,77C139373,2,9,True,roboflow_ocr_plate,ok;split=train
D:/DATN/datasets/raw/roboflow_ocr_plate/train/images/3xemay2251_jpg.rf.ce1750be84ed942593d7de3cdeda4b60.jpg,62V16814,2,8,True,roboflow_ocr_plate,ok;split=train
D:/DATN/datasets/raw/roboflow_ocr_plate/train/images/3xemay2254_jpg.rf.f37ff6456097c1c4188b122f5ae59221.jpg,59F164516,2,9,True,roboflow_ocr_plate,ok;split=train
D:/DATN/datasets/raw/roboflow_ocr_plate/train/images/3xemay2263_jpg.rf.104669ed45fc0d118a2fc5eaefb13ca4.jpg,51L34827,2,8,True,roboflow_ocr_plate,ok;split=train
D:/DATN/datasets/raw/roboflow_ocr_plate/train/images/3xemay226_jpg.rf.fc33743b599c195e34b816e71a98983b.jpg,76G112000,2,9,True,roboflow_ocr_plate,ok;split=train
D:/DATN/datasets/raw/roboflow_ocr_plate/train/images/3xemay2286_jpg.rf.97178f85203f57e9be439f143c2f5bff.jpg,67E105420,2,9,True,roboflow_ocr_plate,ok;split=train
D:/DATN/datasets/raw/roboflow_ocr_plate/train/images/3xemay2296_jpg.rf.439505081778a5cc6497fb193f2bedfd.jpg,59H10571,2,8,True,roboflow_ocr_plate,ok;split=train
D:/DATN/datasets/raw/roboflow_ocr_plate/train/images/3xemay2307_jpg.rf.cd1bddf6e7e930363e6c9125dd8f5b81.jpg,59C162293,2,9,True,roboflow_ocr_plate,ok;split=train
D:/DATN/datasets/raw/roboflow_ocr_plate/train/images/3xemay2314_jpg.rf.dd4bd542e77ef924e9931b5e26bd50fe.jpg,71B289897,2,9,True,roboflow_ocr_plate,ok;split=train
D:/DATN/datasets/raw/roboflow_ocr_plate/train/images/3xemay2328_jpg.rf.a11c0f2a78cbcaeb7c9e9f571b16d092.jpg,59T166153,2,9,True,roboflow_ocr_plate,ok;split=train
D:/DATN/datasets/raw/roboflow_ocr_plate/train/images/3xemay2370_jpg.rf.1082f494e71bb33a490df70429b11baf.jpg,59H167791,2,9,True,roboflow_ocr_plate,ok;split=train
D:/DATN/datasets/raw/roboflow_ocr_plate/train/images/3xemay237_jpg.rf.279834c6dc286655658d7d8d1b124a4b.jpg,59C123968,2,9,True,roboflow_ocr_plate,ok;split=train
D:/DATN/datasets/raw/roboflow_ocr_plate/train/images/3xemay2383_jpg.rf.b014367da4c8cbc5e32ecfbc1bef7331.jpg,77H62229,2,8,True,roboflow_ocr_plate,ok;split=train
D:/DATN/datasets/raw/roboflow_ocr_plate/train/images/3xemay2394_jpg.rf.0a80ae4dbda85ef3c8d3332251bef134.jpg,59E170535,2,9,True,roboflow_ocr_plate,ok;split=train
D:/DATN/datasets/raw/roboflow_ocr_plate/train/images/3xemay241_jpg.rf.f0e90b4b91c597fd719c5601d864d9b7.jpg,59P163138,2,9,True,roboflow_ocr_plate,ok;split=train
D:/DATN/datasets/raw/roboflow_ocr_plate/train/images/3xemay2421_jpg.rf.57d5c4e850356d77b7533a7f52b145f4.jpg,47H75226,2,8,True,roboflow_ocr_plate,ok;split=train
D:/DATN/datasets/raw/roboflow_ocr_plate/train/images/3xemay2462_jpg.rf.0f47b12231e42d07d43968757dcb497a.jpg,54S16312,2,8,True,roboflow_ocr_plate,ok;split=train
D:/DATN/datasets/raw/roboflow_ocr_plate/train/images/3xemay2476_jpg.rf.5e3033b36ae4beea507b4a1bf93fa8a8.jpg,59F170424,2,9,True,roboflow_ocr_plate,ok;split=train
D:/DATN/datasets/raw/roboflow_ocr_plate/train/images/3xemay2482_jpg.rf.01054d239aaceca827bb67db6388f1e2.jpg,67B181846,2,9,True,roboflow_ocr_plate,ok;split=train
D:/DATN/datasets/raw/roboflow_ocr_plate/train/images/3xemay2485_jpg.rf.36c9c5ba65ab2340840364c12e0b467b.jpg,54X45969,2,8,True,roboflow_ocr_plate,ok;split=train
D:/DATN/datasets/raw/roboflow_ocr_plate/train/images/3xemay2486_jpg.rf.08a2b083f8bb50730e6cacc852b5a5d1.jpg,59S216555,2,9,True,roboflow_ocr_plate,ok;split=train
D:/DATN/datasets/raw/roboflow_ocr_plate/train/images/3xemay24_jpg.rf.3033c374185d304c323fbfb4c317fbd9.jpg,60X46482,2,8,True,roboflow_ocr_plate,ok;split=train
D:/DATN/datasets/raw/roboflow_ocr_plate/train/images/3xemay254_jpg.rf.25dc3aa456c391fdd0aa4bdf596082e9.jpg,84K51618,2,8,True,roboflow_ocr_plate,ok;split=train
D:/DATN/datasets/raw/roboflow_ocr_plate/train/images/3xemay258_jpg.rf.e43b7fdf378b01f33e6f03729e39d4bf.jpg,59T192270,2,9,True,roboflow_ocr_plate,ok;split=train
D:/DATN/datasets/raw/roboflow_ocr_plate/train/images/3xemay259_jpg.rf.53c63dfd6b3a48b77b65fbbc8c297ec5.jpg,59T103506,2,9,True,roboflow_ocr_plate,ok;split=train
D:/DATN/datasets/raw/roboflow_ocr_plate/train/images/3xemay260_jpg.rf.76e4ea52afb0b5ab39a204c5225a1c8c.jpg,59P231316,2,9,True,roboflow_ocr_plate,ok;split=train
D:/DATN/datasets/raw/roboflow_ocr_plate/train/images/3xemay267_jpg.rf.d859b56dcef883d2c1ae22d9b5ba821d.jpg,59D149489,2,9,True,roboflow_ocr_plate,ok;split=train
D:/DATN/datasets/raw/roboflow_ocr_plate/train/images/3xemay268_jpg.rf.b6ddeac5d4f857e522a39ef1930fc777.jpg,54V14819,2,8,True,roboflow_ocr_plate,ok;split=train
D:/DATN/datasets/raw/roboflow_ocr_plate/train/images/3xemay269_jpg.rf.21570e5838271cdff939e2c763393f96.jpg,59L154063,2,9,True,roboflow_ocr_plate,ok;split=train
D:/DATN/datasets/raw/roboflow_ocr_plate/train/images/3xemay270_jpg.rf.ef9c651a9df2fdc1202c7b09396f20f9.jpg,52F86932,2,8,True,roboflow_ocr_plate,ok;split=train
D:/DATN/datasets/raw/roboflow_ocr_plate/train/images/3xemay276_jpg.rf.383a7f043af6d03c98e3497cf58139a7.jpg,55P56876,2,8,True,roboflow_ocr_plate,ok;split=train
D:/DATN/datasets/raw/roboflow_ocr_plate/train/images/3xemay277_jpg.rf.2992052abeef08dc8df9351e48527aca.jpg,59C244011,2,9,True,roboflow_ocr_plate,ok;split=train
D:/DATN/datasets/raw/roboflow_ocr_plate/train/images/3xemay281_jpg.rf.ee3e2eb6277cb8de82257db20f7683d9.jpg,53V97976,2,8,True,roboflow_ocr_plate,ok;split=train
D:/DATN/datasets/raw/roboflow_ocr_plate/train/images/3xemay292_jpg.rf.179816c872535c6381509876a6eb0d7d.jpg,86B608797,2,9,True,roboflow_ocr_plate,ok;split=train
D:/DATN/datasets/raw/roboflow_ocr_plate/train/images/3xemay293_jpg.rf.fda7f00b1233591871c2451cca357c95.jpg,29C120902,2,9,True,roboflow_ocr_plate,ok;split=train
D:/DATN/datasets/raw/roboflow_ocr_plate/train/images/3xemay300_jpg.rf.36e095c6495b557c4ebe711cf4fcde8f.jpg,54L39902,2,8,True,roboflow_ocr_plate,ok;split=train
D:/DATN/datasets/raw/roboflow_ocr_plate/train/images/3xemay304_jpg.rf.1f1977c781b7306ac74a605ece7f804c.jpg,59P189739,2,9,True,roboflow_ocr_plate,ok;split=train
D:/DATN/datasets/raw/roboflow_ocr_plate/train/images/3xemay307_jpg.rf.e73596a50df2e0abf711af0ada679d4b.jpg,62L122767,2,9,True,roboflow_ocr_plate,ok;split=train
D:/DATN/datasets/raw/roboflow_ocr_plate/train/images/3xemay311_jpg.rf.416475de664ff78dcbbf43bf1bfaa0d5.jpg,59M103519,2,9,True,roboflow_ocr_plate,ok;split=train
D:/DATN/datasets/raw/roboflow_ocr_plate/train/images/3xemay31_jpg.rf.7bd1105f06c46d420a1276a4d7c85126.jpg,59E113417,2,9,True,roboflow_ocr_plate,ok;split=train
D:/DATN/datasets/raw/roboflow_ocr_plate/train/images/3xemay323_jpg.rf.64d8a498234dd9b7da84ed12c48077bb.jpg,59L223714,2,9,True,roboflow_ocr_plate,ok;split=train
D:/DATN/datasets/raw/roboflow_ocr_plate/train/images/3xemay337_jpg.rf.fc8e9cb38b92153d3dcf8610ccbd2bb7.jpg,59F147404,2,9,True,roboflow_ocr_plate,ok;split=train
D:/DATN/datasets/raw/roboflow_ocr_plate/train/images/3xemay348_jpg.rf.1309a35eef3a0a114b258bd58c223183.jpg,59H272061,2,9,True,roboflow_ocr_plate,ok;split=train
D:/DATN/datasets/raw/roboflow_ocr_plate/train/images/3xemay351_jpg.rf.c36356f3536d53b3b746f1313b5913d8.jpg,60B628032,2,9,True,roboflow_ocr_plate,ok;split=train
D:/DATN/datasets/raw/roboflow_ocr_plate/train/images/3xemay355_jpg.rf.833024c46b841a6c2d2017309f3ab789.jpg,59P230351,2,9,True,roboflow_ocr_plate,ok;split=train
D:/DATN/datasets/raw/roboflow_ocr_plate/train/images/3xemay361_jpg.rf.5721f533f7575cfd1226c8c9d8a8f2cf.jpg,54S14959,2,8,True,roboflow_ocr_plate,ok;split=train
D:/DATN/datasets/raw/roboflow_ocr_plate/train/images/3xemay36_jpg.rf.83b52531d2047c245debfbe60eb6f751.jpg,59V107473,2,9,True,roboflow_ocr_plate,ok;split=train
D:/DATN/datasets/raw/roboflow_ocr_plate/train/images/3xemay373_jpg.rf.d74218cfdb45cad67522b6a07a5a2a35.jpg,59K165072,2,9,True,roboflow_ocr_plate,ok;split=train
D:/DATN/datasets/raw/roboflow_ocr_plate/train/images/3xemay378_jpg.rf.01394613d4bd893f06948b61ea90c3b4.jpg,65S21319,2,8,True,roboflow_ocr_plate,ok;split=train
D:/DATN/datasets/raw/roboflow_ocr_plate/train/images/3xemay396_jpg.rf.cbce6a767be66e07c61cd419d7069aeb.jpg,59F123865,2,9,True,roboflow_ocr_plate,ok;split=train
D:/DATN/datasets/raw/roboflow_ocr_plate/train/images/3xemay403_jpg.rf.3df897ed0637cf9e2a59ced2b4625b0a.jpg,59T101439,2,9,True,roboflow_ocr_plate,ok;split=train
D:/DATN/datasets/raw/roboflow_ocr_plate/train/images/3xemay411_jpg.rf.ba5b91f71d5bce43ac10a1680764f583.jpg,65H90714,2,8,True,roboflow_ocr_plate,ok;split=train
D:/DATN/datasets/raw/roboflow_ocr_plate/train/images/3xemay417_jpg.rf.740d5ebe26ba83f9cbca4319e95e30a7.jpg,71B251318,2,9,True,roboflow_ocr_plate,ok;split=train
D:/DATN/datasets/raw/roboflow_ocr_plate/train/images/3xemay431_jpg.rf.cdc2a982654a0570662af0d0f4b10618.jpg,59S138731,2,9,True,roboflow_ocr_plate,ok;split=train
D:/DATN/datasets/raw/roboflow_ocr_plate/train/images/3xemay434_jpg.rf.f384320160730a01f7f6b6b2cc11053f.jpg,70L137096,2,9,True,roboflow_ocr_plate,ok;split=train
D:/DATN/datasets/raw/roboflow_ocr_plate/train/images/3xemay439_jpg.rf.22853f6ac3d14c68cbb788196ae2f07f.jpg,78H117550,2,9,True,roboflow_ocr_plate,ok;split=train
D:/DATN/datasets/raw/roboflow_ocr_plate/train/images/3xemay445_jpg.rf.d6cd1adc8d930473b2ee5f807e6db6cf.jpg,72K108989,2,9,True,roboflow_ocr_plate,ok;split=train
D:/DATN/datasets/raw/roboflow_ocr_plate/train/images/3xemay459_jpg.rf.358345aa87563f9b5eadb74c212d3759.jpg,49F108660,2,9,True,roboflow_ocr_plate,ok;split=train
D:/DATN/datasets/raw/roboflow_ocr_plate/train/images/3xemay465_jpg.rf.1b8fbd9fd4392f959557e46bbd130019.jpg,59N174939,2,9,True,roboflow_ocr_plate,ok;split=train
D:/DATN/datasets/raw/roboflow_ocr_plate/train/images/3xemay469_jpg.rf.98cc0d6f7ccfbbc1b737bc4fa40390a2.jpg,51L80104,2,8,True,roboflow_ocr_plate,ok;split=train
D:/DATN/datasets/raw/roboflow_ocr_plate/train/images/3xemay471_jpg.rf.1da0a2cdf70b37faa0209093d4a794bb.jpg,59X278848,2,9,True,roboflow_ocr_plate,ok;split=train
D:/DATN/datasets/raw/roboflow_ocr_plate/train/images/3xemay483_jpg.rf.77a4657168f90319d92e4a517b9a2b8d.jpg,59U177792,2,9,True,roboflow_ocr_plate,ok;split=train
D:/DATN/datasets/raw/roboflow_ocr_plate/train/images/3xemay499_jpg.rf.7052c1e725796e5620abb019ce159641.jpg,59T159973,2,9,True,roboflow_ocr_plate,ok;split=train
D:/DATN/datasets/raw/roboflow_ocr_plate/train/images/3xemay507_jpg.rf.564ebbfc030b67eb8024e4ab0c572239.jpg,59N147102,2,9,True,roboflow_ocr_plate,ok;split=train
D:/DATN/datasets/raw/roboflow_ocr_plate/train/images/3xemay513_jpg.rf.21cf5e563a20c33f052a97428368df3e.jpg,59Y187304,2,9,True,roboflow_ocr_plate,ok;split=train
D:/DATN/datasets/raw/roboflow_ocr_plate/train/images/3xemay514_jpg.rf.91ffc7b7d1b4a8ec0b1eedeaf04d94d4.jpg,93P117409,2,9,True,roboflow_ocr_plate,ok;split=train
D:/DATN/datasets/raw/roboflow_ocr_plate/train/images/3xemay521_jpg.rf.fc01ab81f9830883b9d9ca653bdd5ef5.jpg,59E134192,2,9,True,roboflow_ocr_plate,ok;split=train
D:/DATN/datasets/raw/roboflow_ocr_plate/train/images/3xemay530_jpg.rf.401785bbf44a36e24baea4c54581b39c.jpg,50N107428,2,9,True,roboflow_ocr_plate,ok;split=train
D:/DATN/datasets/raw/roboflow_ocr_plate/train/images/3xemay539_jpg.rf.cd673aa186f6031c6f6c974ac917b960.jpg,61D107911,2,9,True,roboflow_ocr_plate,ok;split=train
D:/DATN/datasets/raw/roboflow_ocr_plate/train/images/3xemay543_jpg.rf.eb59bf5ce05cf74094c199fe31f50d4c.jpg,59N147102,2,9,True,roboflow_ocr_plate,ok;split=train
D:/DATN/datasets/raw/roboflow_ocr_plate/train/images/3xemay545_jpg.rf.9aa99794b14429499e63bfb59ff6703f.jpg,54X41983,2,8,True,roboflow_ocr_plate,ok;split=train
D:/DATN/datasets/raw/roboflow_ocr_plate/train/images/3xemay547_jpg.rf.4272753ea708d8c340247a1afef9103a.jpg,59T156150,2,9,True,roboflow_ocr_plate,ok;split=train
D:/DATN/datasets/raw/roboflow_ocr_plate/train/images/3xemay556_jpg.rf.162db34f3b47859905571b8b01606f90.jpg,51L34827,2,8,True,roboflow_ocr_plate,ok;split=train
D:/DATN/datasets/raw/roboflow_ocr_plate/train/images/3xemay558_jpg.rf.bb50d2cd4d8d8b8d474922b26b260d3b.jpg,59T102309,2,9,True,roboflow_ocr_plate,ok;split=train
D:/DATN/datasets/raw/roboflow_ocr_plate/train/images/3xemay570_jpg.rf.08eb7a3b760246f8d2963c9f12e9fef4.jpg,79N179117,2,9,True,roboflow_ocr_plate,ok;split=train
D:/DATN/datasets/raw/roboflow_ocr_plate/train/images/3xemay591_jpg.rf.0f6b4049c9ea9ba9924c5cde6e9d92f3.jpg,51Z30606,2,8,True,roboflow_ocr_plate,ok;split=train
D:/DATN/datasets/raw/roboflow_ocr_plate/train/images/3xemay596_jpg.rf.127827dde59df8b14ad04442ac92e750.jpg,59S232928,2,9,True,roboflow_ocr_plate,ok;split=train
D:/DATN/datasets/raw/roboflow_ocr_plate/train/images/3xemay604_jpg.rf.f00cca07d6c1a72b2fec68a9ece2ddc9.jpg,59C161891,2,9,True,roboflow_ocr_plate,ok;split=train
D:/DATN/datasets/raw/roboflow_ocr_plate/train/images/3xemay60_jpg.rf.855908793aa8ce8f996034b0182b6718.jpg,59C162293,2,9,True,roboflow_ocr_plate,ok;split=train
D:/DATN/datasets/raw/roboflow_ocr_plate/train/images/3xemay633_jpg.rf.a50515ee45db7223977015daa4aea38c.jpg,59N161776,2,9,True,roboflow_ocr_plate,ok;split=train
D:/DATN/datasets/raw/roboflow_ocr_plate/train/images/3xemay634_jpg.rf.cdd0e8924c0540c09f323f9d790b3a61.jpg,71S55600,2,8,True,roboflow_ocr_plate,ok;split=train
D:/DATN/datasets/raw/roboflow_ocr_plate/train/images/3xemay636_jpg.rf.195be865f817c86a85ca6d43288780e3.jpg,59F109596,2,9,True,roboflow_ocr_plate,ok;split=train
D:/DATN/datasets/raw/roboflow_ocr_plate/train/images/3xemay639_jpg.rf.9f169d76757a9e99b5cfbf926d0c7cfe.jpg,59F126626,2,9,True,roboflow_ocr_plate,ok;split=train
D:/DATN/datasets/raw/roboflow_ocr_plate/train/images/3xemay646_jpg.rf.cac29cb1a0370b896df447fd5e3bc5e6.jpg,64D121888,2,9,True,roboflow_ocr_plate,ok;split=train
D:/DATN/datasets/raw/roboflow_ocr_plate/train/images/3xemay65_jpg.rf.2dab875d6a65e7109476723b7fdc3654.jpg,84K34900,2,8,True,roboflow_ocr_plate,ok;split=train
D:/DATN/datasets/raw/roboflow_ocr_plate/train/images/3xemay665_jpg.rf.3d5f66640efa75a0a1a56a54b18612d9.jpg,71H15518,2,8,True,roboflow_ocr_plate,ok;split=train
D:/DATN/datasets/raw/roboflow_ocr_plate/train/images/3xemay672_jpg.rf.ab235cbf9f1e6ed3422fd4272ce99360.jpg,51S63577,2,8,True,roboflow_ocr_plate,ok;split=train
D:/DATN/datasets/raw/roboflow_ocr_plate/train/images/3xemay678_jpg.rf.3bec22638cf6269728d129c28d384c4d.jpg,77H62229,2,8,True,roboflow_ocr_plate,ok;split=train
D:/DATN/datasets/raw/roboflow_ocr_plate/train/images/3xemay685_jpg.rf.e3c7a0dd49aff950e8260412ab2efb07.jpg,55X17546,2,8,True,roboflow_ocr_plate,ok;split=train
D:/DATN/datasets/raw/roboflow_ocr_plate/train/images/3xemay688_jpg.rf.c37c70f0883de6a7e8e79c5b653a1e5d.jpg,59E170535,2,9,True,roboflow_ocr_plate,ok;split=train
D:/DATN/datasets/raw/roboflow_ocr_plate/train/images/3xemay692_jpg.rf.7dd81f8ae30dd6752bbf19af5bb57086.jpg,59E142530,2,9,True,roboflow_ocr_plate,ok;split=train
D:/DATN/datasets/raw/roboflow_ocr_plate/train/images/3xemay694_jpg.rf.91ec0b7182fcfcb836c0c7a6145d01c9.jpg,59X296553,2,9,True,roboflow_ocr_plate,ok;split=train
D:/DATN/datasets/raw/roboflow_ocr_plate/train/images/3xemay698_jpg.rf.318ad62a1a41abce212e16874a4975df.jpg,68X121002,2,9,True,roboflow_ocr_plate,ok;split=train
D:/DATN/datasets/raw/roboflow_ocr_plate/train/images/3xemay701_jpg.rf.b054622d016d45c8019c8ff22edfc4e6.jpg,52F41035,2,8,True,roboflow_ocr_plate,ok;split=train
D:/DATN/datasets/raw/roboflow_ocr_plate/train/images/3xemay707_jpg.rf.30d36213f7cf2e6e6d1106ddae96ef37.jpg,59V245387,2,9,True,roboflow_ocr_plate,ok;split=train
D:/DATN/datasets/raw/roboflow_ocr_plate/train/images/3xemay708_jpg.rf.8044c6405099cbb630407261f363ded9.jpg,67M23789,2,8,True,roboflow_ocr_plate,ok;split=train
D:/DATN/datasets/raw/roboflow_ocr_plate/train/images/3xemay709_jpg.rf.cef92b3cb07abb8d50ddc9aaf4d869e3.jpg,54P83069,2,8,True,roboflow_ocr_plate,ok;split=train
D:/DATN/datasets/raw/roboflow_ocr_plate/train/images/3xemay71_jpg.rf.d7c4bf1292e3df92980660bce889be2c.jpg,59C165331,2,9,True,roboflow_ocr_plate,ok;split=train
D:/DATN/datasets/raw/roboflow_ocr_plate/train/images/3xemay724_jpg.rf.76eb4207cb0a6db5df14de5599399a78.jpg,59L232473,2,9,True,roboflow_ocr_plate,ok;split=train
D:/DATN/datasets/raw/roboflow_ocr_plate/train/images/3xemay725_jpg.rf.28ca3fea98473c37c6bdba456889b77a.jpg,77L100895,2,9,True,roboflow_ocr_plate,ok;split=train
D:/DATN/datasets/raw/roboflow_ocr_plate/train/images/3xemay727_jpg.rf.b629bde4324f09b20ea64ec831516677.jpg,51H58092,2,8,True,roboflow_ocr_plate,ok;split=train
D:/DATN/datasets/raw/roboflow_ocr_plate/train/images/3xemay735_jpg.rf.d1e9addef196edd7c9c2a79cb8a1d18b.jpg,36F42678,2,8,True,roboflow_ocr_plate,ok;split=train
D:/DATN/datasets/raw/roboflow_ocr_plate/train/images/3xemay74_jpg.rf.1248e2e71e4190c9de6898c639a3db5e.jpg,54S16312,2,8,True,roboflow_ocr_plate,ok;split=train
D:/DATN/datasets/raw/roboflow_ocr_plate/train/images/3xemay754_jpg.rf.f304bb88117a81b9fe29a09be0ff2008.jpg,59S187231,2,9,True,roboflow_ocr_plate,ok;split=train
D:/DATN/datasets/raw/roboflow_ocr_plate/train/images/3xemay75_jpg.rf.26270ec615791e8019fc4b6e9ce56461.jpg,59P152934,2,9,True,roboflow_ocr_plate,ok;split=train
D:/DATN/datasets/raw/roboflow_ocr_plate/train/images/3xemay765_jpg.rf.26a968eac5204ccea9562a63a49215a0.jpg,63B140991,2,9,True,roboflow_ocr_plate,ok;split=train
D:/DATN/datasets/raw/roboflow_ocr_plate/train/images/3xemay76_jpg.rf.2c3b73af2d497fb8195ebe7105baa760.jpg,59F170424,2,9,True,roboflow_ocr_plate,ok;split=train
D:/DATN/datasets/raw/roboflow_ocr_plate/train/images/3xemay770_jpg.rf.4ae4947c9318e0bacba563a371c6dc68.jpg,59D120255,2,9,True,roboflow_ocr_plate,ok;split=train
D:/DATN/datasets/raw/roboflow_ocr_plate/train/images/3xemay771_jpg.rf.af25247749f086b6fe0644c40a0218ff.jpg,59Y171364,2,9,True,roboflow_ocr_plate,ok;split=train
D:/DATN/datasets/raw/roboflow_ocr_plate/train/images/3xemay777_jpg.rf.5f7822496692178bc9ff1ed956b645c2.jpg,55Y19833,2,8,True,roboflow_ocr_plate,ok;split=train
D:/DATN/datasets/raw/roboflow_ocr_plate/train/images/3xemay77_jpg.rf.7bde90e45ba2072508c05b1d942f4a56.jpg,51L41138,2,8,True,roboflow_ocr_plate,ok;split=train
D:/DATN/datasets/raw/roboflow_ocr_plate/train/images/3xemay781_jpg.rf.c1defc8b3a5d52e7ff05e87268b3d9a5.jpg,54T19588,2,8,True,roboflow_ocr_plate,ok;split=train
D:/DATN/datasets/raw/roboflow_ocr_plate/train/images/3xemay783_jpg.rf.99a62bfe26e07dc2a6cd60627d4796a4.jpg,59E165653,2,9,True,roboflow_ocr_plate,ok;split=train
D:/DATN/datasets/raw/roboflow_ocr_plate/train/images/3xemay801_jpg.rf.e2d0cfda309f6ca7fdbf8d4d7739961e.jpg,59P197255,2,9,True,roboflow_ocr_plate,ok;split=train
D:/DATN/datasets/raw/roboflow_ocr_plate/train/images/3xemay806_jpg.rf.d7f5d5c4376582c98f6c628dbd736ed0.jpg,54P28057,2,8,True,roboflow_ocr_plate,ok;split=train
D:/DATN/datasets/raw/roboflow_ocr_plate/train/images/3xemay814_jpg.rf.eacdd1ed826d38c5bf3f0cd53f8727ec.jpg,59F132246,2,9,True,roboflow_ocr_plate,ok;split=train
D:/DATN/datasets/raw/roboflow_ocr_plate/train/images/3xemay824_jpg.rf.dc54aff2c014a7c5454216ed4e7b5e5a.jpg,59P125512,2,9,True,roboflow_ocr_plate,ok;split=train
D:/DATN/datasets/raw/roboflow_ocr_plate/train/images/3xemay828_jpg.rf.abab76fda1e66644ffb3ccf0aca35d64.jpg,59Y171364,2,9,True,roboflow_ocr_plate,ok;split=train
D:/DATN/datasets/raw/roboflow_ocr_plate/train/images/3xemay829_jpg.rf.eff058228a163fae7f068311b24d12ba.jpg,72C170989,2,9,True,roboflow_ocr_plate,ok;split=train
D:/DATN/datasets/raw/roboflow_ocr_plate/train/images/3xemay834_jpg.rf.c6cd149de643224d3383da49ea4ebfc8.jpg,59S229969,2,9,True,roboflow_ocr_plate,ok;split=train
D:/DATN/datasets/raw/roboflow_ocr_plate/train/images/3xemay835_jpg.rf.acc829003d6238161936b4e2080c0e9a.jpg,60C161975,2,9,True,roboflow_ocr_plate,ok;split=train
D:/DATN/datasets/raw/roboflow_ocr_plate/train/images/3xemay838_jpg.rf.d7fe4f0ccb2344b2db64c1bc0b64ad4f.jpg,79H57630,2,8,True,roboflow_ocr_plate,ok;split=train
D:/DATN/datasets/raw/roboflow_ocr_plate/train/images/3xemay83_jpg.rf.cf8e407fa2eab4476c195f738adf5453.jpg,94H41831,2,8,True,roboflow_ocr_plate,ok;split=train
D:/DATN/datasets/raw/roboflow_ocr_plate/train/images/3xemay843_jpg.rf.09002623d439097b1453995bf70dea6c.jpg,59C227415,2,9,True,roboflow_ocr_plate,ok;split=train
D:/DATN/datasets/raw/roboflow_ocr_plate/train/images/3xemay857_jpg.rf.ce3c7a5477514c15595e7e20eb0ce994.jpg,59S231606,2,9,True,roboflow_ocr_plate,ok;split=train
D:/DATN/datasets/raw/roboflow_ocr_plate/train/images/3xemay864_jpg.rf.7be02175c7ff1502cb34958a109682d7.jpg,59U184366,2,9,True,roboflow_ocr_plate,ok;split=train
D:/DATN/datasets/raw/roboflow_ocr_plate/train/images/3xemay876_jpg.rf.da0bfcb5e680cc7cb53529444939262a.jpg,60C200684,2,9,True,roboflow_ocr_plate,ok;split=train
D:/DATN/datasets/raw/roboflow_ocr_plate/train/images/3xemay903_jpg.rf.73554c8f5c69c0782592d0e63eb00220.jpg,59Y192533,2,9,True,roboflow_ocr_plate,ok;split=train
D:/DATN/datasets/raw/roboflow_ocr_plate/train/images/3xemay909_jpg.rf.56ec3b0840d5b9cb98e3c1564894c8dc.jpg,52Y35969,2,8,True,roboflow_ocr_plate,ok;split=train
D:/DATN/datasets/raw/roboflow_ocr_plate/train/images/3xemay918_jpg.rf.07dfae8df9a747b43b75c6a47a6cc15e.jpg,76G122607,2,9,True,roboflow_ocr_plate,ok;split=train
D:/DATN/datasets/raw/roboflow_ocr_plate/train/images/3xemay925_jpg.rf.31d333c15f19611c33cbbdd07c1bcda6.jpg,59F154719,2,9,True,roboflow_ocr_plate,ok;split=train
D:/DATN/datasets/raw/roboflow_ocr_plate/train/images/3xemay929_jpg.rf.ce2062258c1163cd5a3df5887e00abcd.jpg,54S25505,2,8,True,roboflow_ocr_plate,ok;split=train
D:/DATN/datasets/raw/roboflow_ocr_plate/train/images/3xemay940_jpg.rf.9b8e8ce3ac9cedabfda8ea064b903c8a.jpg,77H106830,2,9,True,roboflow_ocr_plate,ok;split=train
D:/DATN/datasets/raw/roboflow_ocr_plate/train/images/3xemay942_jpg.rf.3cc3b1ea29184d252d070bdb006ab7ac.jpg,59Z126553,2,9,True,roboflow_ocr_plate,ok;split=train
D:/DATN/datasets/raw/roboflow_ocr_plate/train/images/3xemay945_jpg.rf.6d925992f7ff9c85ec5558886e4172d3.jpg,59L231318,2,9,True,roboflow_ocr_plate,ok;split=train
D:/DATN/datasets/raw/roboflow_ocr_plate/train/images/3xemay950_jpg.rf.e4eee2857d7c32119177d729873db346.jpg,59P185700,2,9,True,roboflow_ocr_plate,ok;split=train
D:/DATN/datasets/raw/roboflow_ocr_plate/train/images/3xemay954_jpg.rf.e3a3abce43265d15058830070ecce782.jpg,60C135331,2,9,True,roboflow_ocr_plate,ok;split=train
D:/DATN/datasets/raw/roboflow_ocr_plate/train/images/3xemay968_jpg.rf.6d3b5e82c2c5efd1343ceed0c0af800e.jpg,59L231395,2,9,True,roboflow_ocr_plate,ok;split=train
D:/DATN/datasets/raw/roboflow_ocr_plate/train/images/3xemay977_jpg.rf.0fc8b0fe930ac513fa932ce66b66caea.jpg,79K102061,2,9,True,roboflow_ocr_plate,ok;split=train
D:/DATN/datasets/raw/roboflow_ocr_plate/train/images/3xemay981_jpg.rf.265f48637f24525ec7b0462b4d9c9b58.jpg,54F23213,2,8,True,roboflow_ocr_plate,ok;split=train
D:/DATN/datasets/raw/roboflow_ocr_plate/train/images/3xemay986_jpg.rf.a3eb1f8b533954627463efb124b11f57.jpg,54F45279,2,8,True,roboflow_ocr_plate,ok;split=train
D:/DATN/datasets/raw/roboflow_ocr_plate/train/images/3xemay98_jpg.rf.5058fb542a6062a821afaa9aff8b137e.jpg,59C15610,2,8,True,roboflow_ocr_plate,ok;split=train
D:/DATN/datasets/raw/roboflow_ocr_plate/train/images/3xemay991_jpg.rf.4d7753ad25137f2b8e09c2055839fb62.jpg,54S16830,2,8,True,roboflow_ocr_plate,ok;split=train
D:/DATN/datasets/raw/roboflow_ocr_plate/train/images/3xemay995_jpg.rf.d9ffe6971f986e24b9c7d3ff0235200f.jpg,52Z67766,2,8,True,roboflow_ocr_plate,ok;split=train
D:/DATN/datasets/raw/roboflow_ocr_plate/train/images/3xemay9_jpg.rf.30c3c6d21fc418580b1045cfe54bc370.jpg,59V107473,2,9,True,roboflow_ocr_plate,ok;split=train
D:/DATN/datasets/raw/roboflow_ocr_plate/train/images/4CarLongPlate0_jpg.rf.62f9e7782f13c972f446e2012dd0309a.jpg,51G10096,1,8,True,roboflow_ocr_plate,ok;split=train
D:/DATN/datasets/raw/roboflow_ocr_plate/train/images/4CarLongPlate105_jpg.rf.1a618396ebb90ebee1c894ef9671aedc.jpg,51G49539,1,8,True,roboflow_ocr_plate,ok;split=train
D:/DATN/datasets/raw/roboflow_ocr_plate/train/images/4CarLongPlate108_jpg.rf.d4d329ffd64c6dfebd26ceeca29140b2.jpg,51F20754,1,8,True,roboflow_ocr_plate,ok;split=train
D:/DATN/datasets/raw/roboflow_ocr_plate/train/images/4CarLongPlate111_jpg.rf.ee92664f17d6ae509a95a0162f7e1b66.jpg,51F31118,1,8,True,roboflow_ocr_plate,ok;split=train
D:/DATN/datasets/raw/roboflow_ocr_plate/train/images/4CarLongPlate112_jpg.rf.9a42dc349d77dee4a204da3b17d64d07.jpg,51A65474,1,8,True,roboflow_ocr_plate,ok;split=train
D:/DATN/datasets/raw/roboflow_ocr_plate/train/images/4CarLongPlate139_jpg.rf.98b47a09ec07f535586bd33cce445f51.jpg,51G21670,1,8,True,roboflow_ocr_plate,ok;split=train
D:/DATN/datasets/raw/roboflow_ocr_plate/train/images/4CarLongPlate193_jpg.rf.20620a358894047f7180297e01132750.jpg,51G00672,1,8,True,roboflow_ocr_plate,ok;split=train
D:/DATN/datasets/raw/roboflow_ocr_plate/train/images/4CarLongPlate218_jpg.rf.ad595f0e48c3836968f48f5fb56078a2.jpg,50LD04411,1,9,True,roboflow_ocr_plate,ok;split=train
D:/DATN/datasets/raw/roboflow_ocr_plate/train/images/4CarLongPlate264_jpg.rf.aa1c7d2e690e2d2c9a33571a2d43232a.jpg,52Y6490,1,7,True,roboflow_ocr_plate,ok;split=train
D:/DATN/datasets/raw/roboflow_ocr_plate/train/images/4CarLongPlate268_jpg.rf.0b7a32c5f25513625becb80a4c76b352.jpg,51A64826,1,8,True,roboflow_ocr_plate,ok;split=train
D:/DATN/datasets/raw/roboflow_ocr_plate/train/images/4CarLongPlate278_jpg.rf.bc1f7b8d29f977293f9f38ea519190f6.jpg,51F24403,1,8,True,roboflow_ocr_plate,ok;split=train
D:/DATN/datasets/raw/roboflow_ocr_plate/train/images/4CarLongPlate312_jpg.rf.3e5c88516673b822060a392c05c47dba.jpg,52Y6490,1,7,True,roboflow_ocr_plate,ok;split=train
D:/DATN/datasets/raw/roboflow_ocr_plate/train/images/4CarLongPlate319_jpg.rf.7baed1e98a00037711c6d06c807970e7.jpg,51F07973,1,8,True,roboflow_ocr_plate,ok;split=train
D:/DATN/datasets/raw/roboflow_ocr_plate/train/images/4CarLongPlate336_jpg.rf.977aef4f089edfcffb491530d580425f.jpg,51G10096,1,8,True,roboflow_ocr_plate,ok;split=train
D:/DATN/datasets/raw/roboflow_ocr_plate/train/images/4CarLongPlate34_jpg.rf.e36696c400fab4bd068d4f309939f072.jpg,51F82606,1,8,True,roboflow_ocr_plate,ok;split=train
D:/DATN/datasets/raw/roboflow_ocr_plate/train/images/4CarLongPlate364_jpg.rf.aa68ba4798900a0068263bc88b903157.jpg,51A01204,1,8,True,roboflow_ocr_plate,ok;split=train
D:/DATN/datasets/raw/roboflow_ocr_plate/train/images/4CarLongPlate383_jpg.rf.7310909bab506fa35df36b5e49f50fe7.jpg,51F59011,1,8,True,roboflow_ocr_plate,ok;split=train
D:/DATN/datasets/raw/roboflow_ocr_plate/train/images/4CarLongPlate410_jpg.rf.c674effccf415720c0e9ab5cecb5ab68.jpg,51F88270,1,8,True,roboflow_ocr_plate,ok;split=train
D:/DATN/datasets/raw/roboflow_ocr_plate/train/images/4CarLongPlate426_jpg.rf.6a45bccba84d1d430736dd8b4d2c6e14.jpg,51F59881,1,8,True,roboflow_ocr_plate,ok;split=train
D:/DATN/datasets/raw/roboflow_ocr_plate/train/images/4CarLongPlate428_jpg.rf.f1dd5512512829f4939b4c4572cbe845.jpg,51A01204,1,8,True,roboflow_ocr_plate,ok;split=train
D:/DATN/datasets/raw/roboflow_ocr_plate/train/images/4CarLongPlate430_jpg.rf.ca02938e93036abc96d153f709b70306.jpg,51A01204,1,8,True,roboflow_ocr_plate,ok;split=train
D:/DATN/datasets/raw/roboflow_ocr_plate/train/images/4CarLongPlate435_jpg.rf.d6fdf7f134ce2d94dab23fb22a9c3eba.jpg,51G39466,1,8,True,roboflow_ocr_plate,ok;split=train
D:/DATN/datasets/raw/roboflow_ocr_plate/train/images/4CarLongPlate43_jpg.rf.054a4f9345cad2295030e2f2330abaff.jpg,51G21670,1,8,True,roboflow_ocr_plate,ok;split=train
D:/DATN/datasets/raw/roboflow_ocr_plate/train/images/4CarLongPlate456_jpg.rf.a07c640fa2dcf70d0a71276b40312fce.jpg,51G10209,1,8,True,roboflow_ocr_plate,ok;split=train
D:/DATN/datasets/raw/roboflow_ocr_plate/train/images/4CarLongPlate46_jpg.rf.760d8e953f3eabea31d3efbd593e5c4a.jpg,51F79512,1,8,True,roboflow_ocr_plate,ok;split=train
D:/DATN/datasets/raw/roboflow_ocr_plate/train/images/4CarLongPlate477_jpg.rf.e479f754ae7a3703122452780aba932d.jpg,51F15585,1,8,True,roboflow_ocr_plate,ok;split=train
D:/DATN/datasets/raw/roboflow_ocr_plate/train/images/4CarLongPlate479_jpg.rf.36517c5256d846ea1ca1cf03369153a8.jpg,51G49539,1,8,True,roboflow_ocr_plate,ok;split=train
D:/DATN/datasets/raw/roboflow_ocr_plate/train/images/4CarLongPlate497_jpg.rf.b99f5d9bbcc9edfd19e7996f9b7ebd71.jpg,51F78396,1,8,True,roboflow_ocr_plate,ok;split=train
D:/DATN/datasets/raw/roboflow_ocr_plate/train/images/4CarLongPlate504_jpg.rf.480f55e5c3d060aab47e2bbac70c6c50.jpg,51F59881,1,8,True,roboflow_ocr_plate,ok;split=train
D:/DATN/datasets/raw/roboflow_ocr_plate/train/images/4CarLongPlate505_jpg.rf.a1c8b78bd632b2d14281540df0e05751.jpg,51F24476,1,8,True,roboflow_ocr_plate,ok;split=train
D:/DATN/datasets/raw/roboflow_ocr_plate/train/images/4CarLongPlate507_jpg.rf.a48cdbfc87a4e06189a746032c9016cc.jpg,56N7186,1,7,True,roboflow_ocr_plate,ok;split=train
D:/DATN/datasets/raw/roboflow_ocr_plate/train/images/4CarLongPlate510_jpg.rf.96e2a9773ea94b783be6a168b9e20c5c.jpg,51F31118,1,8,True,roboflow_ocr_plate,ok;split=train
D:/DATN/datasets/raw/roboflow_ocr_plate/train/images/4CarLongPlate530_jpg.rf.591df2c2937365c5293e592c9b006598.jpg,51G10096,1,8,True,roboflow_ocr_plate,ok;split=train
D:/DATN/datasets/raw/roboflow_ocr_plate/train/images/4CarLongPlate542_jpg.rf.a7a273d2af549a2c740f0e94326be8bf.jpg,51A77529,1,8,True,roboflow_ocr_plate,ok;split=train
D:/DATN/datasets/raw/roboflow_ocr_plate/train/images/4CarLongPlate556_jpg.rf.3c556fc82207a8782c80e0be917caa3a.jpg,51A64826,1,8,True,roboflow_ocr_plate,ok;split=train
D:/DATN/datasets/raw/roboflow_ocr_plate/train/images/4CarLongPlate558_jpg.rf.cca5b60a06eb35f1e7e464eba2f55918.jpg,51F22029,1,8,True,roboflow_ocr_plate,ok;split=train
D:/DATN/datasets/raw/roboflow_ocr_plate/train/images/4CarLongPlate570_jpg.rf.caeebc08f14d17d774e03acea8a57c04.jpg,51G39466,1,8,True,roboflow_ocr_plate,ok;split=train
D:/DATN/datasets/raw/roboflow_ocr_plate/train/images/4CarLongPlate576_jpg.rf.fa2da66d7d42ceb8b18d67bedaafd4d9.jpg,51A69172,1,8,True,roboflow_ocr_plate,ok;split=train
D:/DATN/datasets/raw/roboflow_ocr_plate/train/images/4CarLongPlate630_jpg.rf.ae7ec4bdae8b03285df7f1d8a76c7a59.jpg,51A96141,1,8,True,roboflow_ocr_plate,ok;split=train
D:/DATN/datasets/raw/roboflow_ocr_plate/train/images/4CarLongPlate655_jpg.rf.3b23309734626cb7245b2f1ef9920e01.jpg,51A05227,1,8,True,roboflow_ocr_plate,ok;split=train
D:/DATN/datasets/raw/roboflow_ocr_plate/train/images/4CarLongPlate662_jpg.rf.ecb38bfe5bf3f46e19df00c7df280322.jpg,51F22261,1,8,True,roboflow_ocr_plate,ok;split=train
D:/DATN/datasets/raw/roboflow_ocr_plate/train/images/4CarLongPlate680_jpg.rf.a8dc2f1d8915cd6b4baac203885c58a4.jpg,51F61712,1,8,True,roboflow_ocr_plate,ok;split=train
D:/DATN/datasets/raw/roboflow_ocr_plate/train/images/4CarLongPlate68_jpg.rf.840189ec3933e1f0a5b8d7f6a1224f8d.jpg,29A51796,1,8,True,roboflow_ocr_plate,ok;split=train
D:/DATN/datasets/raw/roboflow_ocr_plate/train/images/4CarLongPlate701_jpg.rf.a3c13f6b8832a1f6ca1c92898dd081f6.jpg,51F61712,1,8,True,roboflow_ocr_plate,ok;split=train
D:/DATN/datasets/raw/roboflow_ocr_plate/train/images/4CarLongPlate722_jpg.rf.cab027fdbfa731329ae49148e2a11b0b.jpg,51F24403,1,8,True,roboflow_ocr_plate,ok;split=train
D:/DATN/datasets/raw/roboflow_ocr_plate/train/images/4CarLongPlate723_jpg.rf.093c351aa1069a71356cd8de22521d2a.jpg,48A05177,1,8,True,roboflow_ocr_plate,ok;split=train
D:/DATN/datasets/raw/roboflow_ocr_plate/train/images/4CarLongPlate727_jpg.rf.351b5986677ac98938b4df9f8d30a333.jpg,51G51332,1,8,True,roboflow_ocr_plate,ok;split=train
D:/DATN/datasets/raw/roboflow_ocr_plate/train/images/4CarLongPlate728_jpg.rf.2d1e0750f09737ee99ca290d510c4894.jpg,51F15585,1,8,True,roboflow_ocr_plate,ok;split=train
D:/DATN/datasets/raw/roboflow_ocr_plate/train/images/4CarLongPlate744_jpg.rf.8ceaef2f1cc18cdb1952c72d5936c67b.jpg,51F02687,1,8,True,roboflow_ocr_plate,ok;split=train
D:/DATN/datasets/raw/roboflow_ocr_plate/train/images/4CarLongPlate749_jpg.rf.b4b746f1d956d5ce4313672dbb6f852f.jpg,51A69172,1,8,True,roboflow_ocr_plate,ok;split=train
D:/DATN/datasets/raw/roboflow_ocr_plate/train/images/4CarLongPlate750_jpg.rf.be937621fd1da8ebfe4a3e9f11be3336.jpg,51A69172,1,8,True,roboflow_ocr_plate,ok;split=train
D:/DATN/datasets/raw/roboflow_ocr_plate/train/images/4CarLongPlate768_jpg.rf.209702836115ca0d9206ac762e5a28f9.jpg,51G25181,1,8,True,roboflow_ocr_plate,ok;split=train
D:/DATN/datasets/raw/roboflow_ocr_plate/train/images/4CarLongPlate778_jpg.rf.8cc1b0e9c2d4f493b562c27619165624.jpg,51F86988,1,8,True,roboflow_ocr_plate,ok;split=train
D:/DATN/datasets/raw/roboflow_ocr_plate/train/images/4CarLongPlate787_jpg.rf.e2637fb5ccc6aca3e4cf81931c489049.jpg,51G47340,1,8,True,roboflow_ocr_plate,ok;split=train
D:/DATN/datasets/raw/roboflow_ocr_plate/train/images/4CarLongPlate791_jpg.rf.e96fea32338a3c8d28457b60792dd9c4.jpg,51A96141,1,8,True,roboflow_ocr_plate,ok;split=train
D:/DATN/datasets/raw/roboflow_ocr_plate/train/images/4CarLongPlate822_jpg.rf.5c778e6471f56d7293bb61a187230c0d.jpg,51F88270,1,8,True,roboflow_ocr_plate,ok;split=train
D:/DATN/datasets/raw/roboflow_ocr_plate/train/images/4CarLongPlate835_jpg.rf.e420b853a723b3805b127c391de85ee2.jpg,51F35613,1,8,True,roboflow_ocr_plate,ok;split=train
D:/DATN/datasets/raw/roboflow_ocr_plate/train/images/4CarLongPlate836_jpg.rf.bac66a83738837c1d76e9a70306ed09d.jpg,51A72110,1,8,True,roboflow_ocr_plate,ok;split=train
D:/DATN/datasets/raw/roboflow_ocr_plate/train/images/4CarLongPlate837_jpg.rf.5517788181aef051d83ddde1ae559782.jpg,51A96141,1,8,True,roboflow_ocr_plate,ok;split=train
D:/DATN/datasets/raw/roboflow_ocr_plate/train/images/4CarLongPlate842_jpg.rf.57a75fd480f185da9b4b6d8b3cf6fc7c.jpg,51F75326,1,8,True,roboflow_ocr_plate,ok;split=train
D:/DATN/datasets/raw/roboflow_ocr_plate/train/images/4CarLongPlate846_jpg.rf.1d8237e21aaa949f23d37cf74cb84ff1.jpg,51G51332,1,8,True,roboflow_ocr_plate,ok;split=train
D:/DATN/datasets/raw/roboflow_ocr_plate/train/images/4CarLongPlate847_jpg.rf.c5927fde412deb2183092258efab87e5.jpg,51F15585,1,8,True,roboflow_ocr_plate,ok;split=train
D:/DATN/datasets/raw/roboflow_ocr_plate/train/images/4CarLongPlate870_jpg.rf.173cf3b1acaf775db8ba7b5ccb60191c.jpg,51F69259,1,8,True,roboflow_ocr_plate,ok;split=train
D:/DATN/datasets/raw/roboflow_ocr_plate/train/images/4CarLongPlate891_jpg.rf.2f3ae293074a22efc86938f8e3ee91e5.jpg,51F21255,1,8,True,roboflow_ocr_plate,ok;split=train
D:/DATN/datasets/raw/roboflow_ocr_plate/train/images/4CarLongPlate896_jpg.rf.2fe5ae6dc04375d852b17b3aaa065020.jpg,30V3993,1,7,True,roboflow_ocr_plate,ok;split=train
D:/DATN/datasets/raw/roboflow_ocr_plate/train/images/4CarLongPlate897_jpg.rf.941025f12fca8986e84ee2fcf99511ea.jpg,30V3993,1,7,True,roboflow_ocr_plate,ok;split=train
D:/DATN/datasets/raw/roboflow_ocr_plate/train/images/4CarLongPlate900_jpg.rf.83bd03d76d8684377f0139817ec1ddf5.jpg,51A75932,1,8,True,roboflow_ocr_plate,ok;split=train
D:/DATN/datasets/raw/roboflow_ocr_plate/train/images/4CarLongPlate911_jpg.rf.e3532cf0a11e7d5bded703e77e43d510.jpg,51F59011,1,8,True,roboflow_ocr_plate,ok;split=train
D:/DATN/datasets/raw/roboflow_ocr_plate/train/images/4CarLongPlate912_jpg.rf.f5245392c00b9bf0600271e295f93136.jpg,59F175758,2,9,True,roboflow_ocr_plate,ok;split=train
D:/DATN/datasets/raw/roboflow_ocr_plate/train/images/4CarLongPlate913_jpg.rf.8c653223311128e7a4a258bc973737e1.jpg,51F59011,1,8,True,roboflow_ocr_plate,ok;split=train
D:/DATN/datasets/raw/roboflow_ocr_plate/train/images/4CarLongPlate916_jpg.rf.1c79ebf79f10f862a60b28e475be84b4.jpg,51A05227,1,8,True,roboflow_ocr_plate,ok;split=train
D:/DATN/datasets/raw/roboflow_ocr_plate/train/images/4CarLongPlate927_jpg.rf.7189bc7ad5707705b94a178739c2e19e.jpg,51F61712,1,8,True,roboflow_ocr_plate,ok;split=train
D:/DATN/datasets/raw/roboflow_ocr_plate/train/images/4CarLongPlate933_jpg.rf.be67837fd2f743034583a79cefc1b1a4.jpg,51A69172,1,8,True,roboflow_ocr_plate,ok;split=train
D:/DATN/datasets/raw/roboflow_ocr_plate/train/images/4CarLongPlate937_jpg.rf.0c19402c27badfb7dbcc3a9c2303f473.jpg,61A22959,1,8,True,roboflow_ocr_plate,ok;split=train
D:/DATN/datasets/raw/roboflow_ocr_plate/train/images/4CarLongPlate962_jpg.rf.9f8c57b9b8efd3b2014597514120a011.jpg,60A35981,1,8,True,roboflow_ocr_plate,ok;split=train
D:/DATN/datasets/raw/roboflow_ocr_plate/train/images/4CarLongPlate973_jpg.rf.b56b3fbed6bc35e5335c5b26907cb159.jpg,51F78904,1,8,True,roboflow_ocr_plate,ok;split=train
D:/DATN/datasets/raw/roboflow_ocr_plate/train/images/4CarLongPlate984_jpg.rf.377152b10613317f44e1a6ec76a59ef4.jpg,29A23950,1,8,True,roboflow_ocr_plate,ok;split=train
D:/DATN/datasets/raw/roboflow_ocr_plate/train/images/4CarLongPlate987_jpg.rf.7338255b020f3ffff6f0bb8966da0d1e.jpg,51F77836,1,8,True,roboflow_ocr_plate,ok;split=train
D:/DATN/datasets/raw/roboflow_ocr_plate/train/images/4xemay1944_jpg.rf.2a1895611ec81316367db3e9e569fe23.jpg,60B628032,2,9,True,roboflow_ocr_plate,ok;split=train
D:/DATN/datasets/raw/roboflow_ocr_plate/train/images/4xemay1954_jpg.rf.8b54b6435cb8a30018f4fe41a3e00dda.jpg,47N69618,2,8,True,roboflow_ocr_plate,ok;split=train
D:/DATN/datasets/raw/roboflow_ocr_plate/train/images/4xemay1955_jpg.rf.8aab401c85f2bf828fc97e641b5371de.jpg,80B608797,2,9,True,roboflow_ocr_plate,ok;split=train
D:/DATN/datasets/raw/roboflow_ocr_plate/train/images/4xemay1958_jpg.rf.c473a47b87c8921e8f19d188a86d2f9f.jpg,59E164141,2,9,True,roboflow_ocr_plate,ok;split=train
D:/DATN/datasets/raw/roboflow_ocr_plate/train/images/4xemay1961_jpg.rf.266e4c7b362e164b5a244ba39e79ed9c.jpg,59X203954,2,9,True,roboflow_ocr_plate,ok;split=train
D:/DATN/datasets/raw/roboflow_ocr_plate/train/images/4xemay1967_jpg.rf.a3cd5848aeff4f3206ffc30b6c3eadec.jpg,59H170791,2,9,True,roboflow_ocr_plate,ok;split=train
D:/DATN/datasets/raw/roboflow_ocr_plate/train/images/4xemay1972_jpg.rf.e4d67c2a072c27d546bbd4f43c803d22.jpg,62L122766,2,9,True,roboflow_ocr_plate,ok;split=train
D:/DATN/datasets/raw/roboflow_ocr_plate/train/images/4xemay1991_jpg.rf.1801aba23151718995f6d4bf23aca692.jpg,59P231316,2,9,True,roboflow_ocr_plate,ok;split=train
D:/DATN/datasets/raw/roboflow_ocr_plate/train/images/4xemay1992_jpg.rf.b461e1b5a4fea0037dc0d9063c700217.jpg,59E125297,2,9,True,roboflow_ocr_plate,ok;split=train
D:/DATN/datasets/raw/roboflow_ocr_plate/train/images/4xemay1998_jpg.rf.60ebddfd3a093f02b63e330fd3b492b3.jpg,59C201909,2,9,True,roboflow_ocr_plate,ok;split=train
D:/DATN/datasets/raw/roboflow_ocr_plate/train/images/4xemay1999_jpg.rf.83e29e75fc1d49213e2b2eb76b65e4b6.jpg,71C236423,2,9,True,roboflow_ocr_plate,ok;split=train
D:/DATN/datasets/raw/roboflow_ocr_plate/train/images/4xemay2000_jpg.rf.70fa6803bcc697151b06ed5a87f68fd4.jpg,59T155500,2,9,True,roboflow_ocr_plate,ok;split=train
D:/DATN/datasets/raw/roboflow_ocr_plate/train/images/4xemay2001_jpg.rf.4f054776fe7aeb1c8e3c53760846cf2f.jpg,77C139373,2,9,True,roboflow_ocr_plate,ok;split=train
D:/DATN/datasets/raw/roboflow_ocr_plate/train/images/4xemay2002_jpg.rf.6902e1308621526ec4d5f412bef42182.jpg,93P117409,2,9,True,roboflow_ocr_plate,ok;split=train
D:/DATN/datasets/raw/roboflow_ocr_plate/train/images/4xemay2005_jpg.rf.2bb749fb49b869e2c409fe0e8cc489f9.jpg,59F147404,2,9,True,roboflow_ocr_plate,ok;split=train
D:/DATN/datasets/raw/roboflow_ocr_plate/train/images/4xemay2020_jpg.rf.a3fc215ccc3ee0ac6c291a7584ee6a26.jpg,51H25512,2,8,True,roboflow_ocr_plate,ok;split=train
D:/DATN/datasets/raw/roboflow_ocr_plate/train/images/4xemay2025_jpg.rf.d0ee068cf7e6dd7e1f7d843cff83a52e.jpg,59P230351,2,9,True,roboflow_ocr_plate,ok;split=train
D:/DATN/datasets/raw/roboflow_ocr_plate/train/images/4xemay2032_jpg.rf.34cca0a905076ea135b48ba9c4c5c549.jpg,54S1459,2,7,True,roboflow_ocr_plate,ok;split=train
D:/DATN/datasets/raw/roboflow_ocr_plate/train/images/4xemay2033_jpg.rf.cf67a124f78cda5c00f866f8e9e32f3c.jpg,85B117851,2,9,True,roboflow_ocr_plate,ok;split=train
D:/DATN/datasets/raw/roboflow_ocr_plate/train/images/4xemay2035_jpg.rf.7cf01e695536869b8ad0a2579d3c1e0d.jpg,62M136169,2,9,True,roboflow_ocr_plate,ok;split=train
D:/DATN/datasets/raw/roboflow_ocr_plate/train/images/4xemay2036_jpg.rf.0a88a4e769fcac692afc8f026abdb662.jpg,60D628032,2,9,True,roboflow_ocr_plate,ok;split=train
D:/DATN/datasets/raw/roboflow_ocr_plate/train/images/4xemay2037_jpg.rf.7727d814264611a55ea45ac6aa93e619.jpg,59E108058,2,9,True,roboflow_ocr_plate,ok;split=train
D:/DATN/datasets/raw/roboflow_ocr_plate/train/images/4xemay2044_jpg.rf.49d0dd87623006fa568cf2ecea3d4924.jpg,59T151002,2,9,True,roboflow_ocr_plate,ok;split=train
D:/DATN/datasets/raw/roboflow_ocr_plate/train/images/4xemay2055_jpg.rf.db765d4caeea7e4f14e02dd44d3295d6.jpg,79N160529,2,9,True,roboflow_ocr_plate,ok;split=train
D:/DATN/datasets/raw/roboflow_ocr_plate/train/images/4xemay2056_jpg.rf.c849fdd2a33742142737dc55ccc85713.jpg,60C123774,2,9,True,roboflow_ocr_plate,ok;split=train
D:/DATN/datasets/raw/roboflow_ocr_plate/train/images/4xemay2059_jpg.rf.c89d3ebf080705f489766996c78a2c63.jpg,72L86035,2,8,True,roboflow_ocr_plate,ok;split=train
D:/DATN/datasets/raw/roboflow_ocr_plate/train/images/4xemay2067_jpg.rf.982efed0e87b12c623b5ae8c30d4ce75.jpg,56N100018,2,9,True,roboflow_ocr_plate,ok;split=train
D:/DATN/datasets/raw/roboflow_ocr_plate/train/images/4xemay2077_jpg.rf.5a6e01d7c615a0274fba0afe99aebc39.jpg,61D107911,2,9,True,roboflow_ocr_plate,ok;split=train
D:/DATN/datasets/raw/roboflow_ocr_plate/train/images/4xemay2080_jpg.rf.0dbb04be05312509da995a2af031834c.jpg,66P15967,2,8,True,roboflow_ocr_plate,ok;split=train
D:/DATN/datasets/raw/roboflow_ocr_plate/train/images/4xemay2089_jpg.rf.0266d4de29431a62b195492337b0c37a.jpg,79Z118589,2,9,True,roboflow_ocr_plate,ok;split=train
D:/DATN/datasets/raw/roboflow_ocr_plate/train/images/4xemay2100_jpg.rf.489c98fe7515dea66ebbae1d479287c8.jpg,59N125521,2,9,True,roboflow_ocr_plate,ok;split=train
D:/DATN/datasets/raw/roboflow_ocr_plate/train/images/4xemay2101_jpg.rf.7e01ac21ea20d39d581a47d3c28a8a5c.jpg,71B217757,2,9,True,roboflow_ocr_plate,ok;split=train
D:/DATN/datasets/raw/roboflow_ocr_plate/train/images/4xemay2102_jpg.rf.75aa7e2d68442f5a430817d0b1972b4a.jpg,59C139916,2,9,True,roboflow_ocr_plate,ok;split=train
D:/DATN/datasets/raw/roboflow_ocr_plate/train/images/4xemay2105_jpg.rf.0de9f589ccb6ec46724ca5044d1ea2a9.jpg,59C230513,2,9,True,roboflow_ocr_plate,ok;split=train
D:/DATN/datasets/raw/roboflow_ocr_plate/train/images/4xemay2107_jpg.rf.d18591177b6f91c98d13ee189a658f96.jpg,59V200285,2,9,True,roboflow_ocr_plate,ok;split=train
D:/DATN/datasets/raw/roboflow_ocr_plate/train/images/4xemay2111_jpg.rf.f9db525b00e9c2431ec94cd7fd8a592c.jpg,59H121704,2,9,True,roboflow_ocr_plate,ok;split=train
D:/DATN/datasets/raw/roboflow_ocr_plate/train/images/4xemay2113_jpg.rf.4d3bb845ef4f6e0c61ca97376b2c64dc.jpg,70L137096,2,9,True,roboflow_ocr_plate,ok;split=train
D:/DATN/datasets/raw/roboflow_ocr_plate/train/images/4xemay2115_jpg.rf.bb08e3ef527d839be5ee73bc65e0082e.jpg,54X26487,2,8,True,roboflow_ocr_plate,ok;split=train
D:/DATN/datasets/raw/roboflow_ocr_plate/train/images/4xemay2118_jpg.rf.eb1357c7275c329678ddc2af9377d429.jpg,59C100507,2,9,True,roboflow_ocr_plate,ok;split=train
D:/DATN/datasets/raw/roboflow_ocr_plate/train/images/4xemay2122_jpg.rf.88ab7b90e25fefd522ad78d1ced3f027.jpg,59G187671,2,9,True,roboflow_ocr_plate,ok;split=train
D:/DATN/datasets/raw/roboflow_ocr_plate/train/images/4xemay2126_jpg.rf.56e130830215ae941e7b989ae50359c8.jpg,59K162404,2,9,True,roboflow_ocr_plate,ok;split=train
D:/DATN/datasets/raw/roboflow_ocr_plate/train/images/4xemay2127_jpg.rf.4c340d2e102190ca8723e981978531a4.jpg,59S241737,2,9,True,roboflow_ocr_plate,ok;split=train
D:/DATN/datasets/raw/roboflow_ocr_plate/train/images/4xemay2133_jpg.rf.4a25a457219d2095d18985bf908ef3c9.jpg,59T179742,2,9,True,roboflow_ocr_plate,ok;split=train
D:/DATN/datasets/raw/roboflow_ocr_plate/train/images/4xemay2134_jpg.rf.a26189e7c5c56b6193a8c52d04454bba.jpg,59X149369,2,9,True,roboflow_ocr_plate,ok;split=train
D:/DATN/datasets/raw/roboflow_ocr_plate/train/images/4xemay2136_jpg.rf.a821fa431eeb613712e4309c0c7c58d4.jpg,59X295479,2,9,True,roboflow_ocr_plate,ok;split=train
D:/DATN/datasets/raw/roboflow_ocr_plate/train/images/4xemay2138_jpg.rf.dae7314228562ceffd0ffc9f07fe5dce.jpg,59P201920,2,9,True,roboflow_ocr_plate,ok;split=train
D:/DATN/datasets/raw/roboflow_ocr_plate/train/images/4xemay2139_jpg.rf.854ebc4eecdba7239c599ef795529c62.jpg,59V200884,2,9,True,roboflow_ocr_plate,ok;split=train
D:/DATN/datasets/raw/roboflow_ocr_plate/train/images/4xemay2151_jpg.rf.ac3764ea1624ece0189cf27483846174.jpg,54L24264,2,8,True,roboflow_ocr_plate,ok;split=train
D:/DATN/datasets/raw/roboflow_ocr_plate/train/images/4xemay2159_jpg.rf.df2c76ff61d41497c56a5a1554d3a76a.jpg,59S232386,2,9,True,roboflow_ocr_plate,ok;split=train
D:/DATN/datasets/raw/roboflow_ocr_plate/train/images/4xemay2161_jpg.rf.9db931bf1692c7927ee56acfb6bb620f.jpg,66S109018,2,9,True,roboflow_ocr_plate,ok;split=train
D:/DATN/datasets/raw/roboflow_ocr_plate/train/images/4xemay2163_jpg.rf.345e7679a2ecfc397ddf151d236b7334.jpg,59B133968,2,9,True,roboflow_ocr_plate,ok;split=train
D:/DATN/datasets/raw/roboflow_ocr_plate/train/images/4xemay2171_jpg.rf.85c23975b09f63510f45fe450a57f2c8.jpg,62V16814,2,8,True,roboflow_ocr_plate,ok;split=train
D:/DATN/datasets/raw/roboflow_ocr_plate/train/images/4xemay2174_jpg.rf.ea7c7643ee59745cc2ca5fa75b146d15.jpg,49K107320,2,9,True,roboflow_ocr_plate,ok;split=train
D:/DATN/datasets/raw/roboflow_ocr_plate/train/images/4xemay2182_jpg.rf.8f8e17e1d6f24cb558097ef5c48d352f.jpg,69U120415,2,9,True,roboflow_ocr_plate,ok;split=train
D:/DATN/datasets/raw/roboflow_ocr_plate/train/images/4xemay2188_jpg.rf.a0d16c972b2409ea646f1e716c0a7ee9.jpg,59N125521,2,9,True,roboflow_ocr_plate,ok;split=train
D:/DATN/datasets/raw/roboflow_ocr_plate/train/images/4xemay2189_jpg.rf.7a5054ed9e9a6937de2f73a0ba5574e5.jpg,76V63429,2,8,True,roboflow_ocr_plate,ok;split=train
D:/DATN/datasets/raw/roboflow_ocr_plate/train/images/4xemay2190_jpg.rf.0402eaa2e0e96a9b98281f2b39be2c3b.jpg,59V200884,2,9,True,roboflow_ocr_plate,ok;split=train
D:/DATN/datasets/raw/roboflow_ocr_plate/train/images/4xemay2197_jpg.rf.060b73e510516692f5e123284a734767.jpg,63H27326,2,8,True,roboflow_ocr_plate,ok;split=train
D:/DATN/datasets/raw/roboflow_ocr_plate/train/images/4xemay2200_jpg.rf.5282b2fa6708d50e3b2e2e134506b251.jpg,60B206370,2,9,True,roboflow_ocr_plate,ok;split=train
D:/DATN/datasets/raw/roboflow_ocr_plate/train/images/4xemay2205_jpg.rf.0901fefec31df50526badbd98b6c3529.jpg,37K46713,2,8,True,roboflow_ocr_plate,ok;split=train
D:/DATN/datasets/raw/roboflow_ocr_plate/train/images/4xemay2207_jpg.rf.f3d2634748ff93a3e11dc060b0d9bab1.jpg,59H103519,2,9,True,roboflow_ocr_plate,ok;split=train
D:/DATN/datasets/raw/roboflow_ocr_plate/train/images/4xemay2209_jpg.rf.e2b860071fb19856623b6a63139b0695.jpg,52S37078,2,8,True,roboflow_ocr_plate,ok;split=train
D:/DATN/datasets/raw/roboflow_ocr_plate/train/images/4xemay2210_jpg.rf.b00ce37174aff922db304ccc9093cea3.jpg,59E134192,2,9,True,roboflow_ocr_plate,ok;split=train
D:/DATN/datasets/raw/roboflow_ocr_plate/train/images/4xemay2211_jpg.rf.2ab4205cdfbc7ec4d9087d88fff8c28b.jpg,59S273546,2,9,True,roboflow_ocr_plate,ok;split=train
D:/DATN/datasets/raw/roboflow_ocr_plate/train/images/4xemay2217_jpg.rf.241ec22d45c22ed55ad14197da1e8be9.jpg,59V189158,2,9,True,roboflow_ocr_plate,ok;split=train
D:/DATN/datasets/raw/roboflow_ocr_plate/train/images/4xemay2224_jpg.rf.d0f0ba30e5fd9897d952e94c15299b9e.jpg,59D143391,2,9,True,roboflow_ocr_plate,ok;split=train
D:/DATN/datasets/raw/roboflow_ocr_plate/train/images/4xemay2234_jpg.rf.7d9adb3f41ee2c261a0afa3336df89f9.jpg,59N147102,2,9,True,roboflow_ocr_plate,ok;split=train
D:/DATN/datasets/raw/roboflow_ocr_plate/train/images/4xemay2240_jpg.rf.8994a2b1a55e5f85a363771e4f45bb00.jpg,54Z87524,2,8,True,roboflow_ocr_plate,ok;split=train
D:/DATN/datasets/raw/roboflow_ocr_plate/train/images/4xemay2241_jpg.rf.b1487c9b5e686cef7a58bf0a848cd570.jpg,54L42110,2,8,True,roboflow_ocr_plate,ok;split=train
D:/DATN/datasets/raw/roboflow_ocr_plate/train/images/4xemay2243_jpg.rf.21dcb43304a5361b0f0a792355960f83.jpg,86C107261,2,9,True,roboflow_ocr_plate,ok;split=train
D:/DATN/datasets/raw/roboflow_ocr_plate/train/images/4xemay2244_jpg.rf.69a675d9291c5b3a6d9a978a945236cb.jpg,59P200263,2,9,True,roboflow_ocr_plate,ok;split=train
D:/DATN/datasets/raw/roboflow_ocr_plate/train/images/4xemay2246_jpg.rf.37839a93651e231fec6c76231d9df196.jpg,69D105661,2,9,True,roboflow_ocr_plate,ok;split=train
D:/DATN/datasets/raw/roboflow_ocr_plate/train/images/4xemay2250_jpg.rf.dcc01684227999899a159e9a5f72a5be.jpg,59T102309,2,9,True,roboflow_ocr_plate,ok;split=train
D:/DATN/datasets/raw/roboflow_ocr_plate/train/images/4xemay2253_jpg.rf.d617bb18c31e16b1dbb6dbe497baef64.jpg,59F103055,2,9,True,roboflow_ocr_plate,ok;split=train
D:/DATN/datasets/raw/roboflow_ocr_plate/train/images/4xemay2255_jpg.rf.1b4ac1d719d053cfc98783cd8e7d30ce.jpg,59U165072,2,9,True,roboflow_ocr_plate,ok;split=train
D:/DATN/datasets/raw/roboflow_ocr_plate/train/images/4xemay2256_jpg.rf.71c7779f1057da494da44d26dcb37811.jpg,59E119803,2,9,True,roboflow_ocr_plate,ok;split=train
D:/DATN/datasets/raw/roboflow_ocr_plate/train/images/4xemay2264_jpg.rf.b705b22d9b3e96b229e294d3ddc0d758.jpg,79N179117,2,9,True,roboflow_ocr_plate,ok;split=train
D:/DATN/datasets/raw/roboflow_ocr_plate/train/images/4xemay2269_jpg.rf.8cad797f3ef9b9f386b2bb9e28f5b279.jpg,59K154227,2,9,True,roboflow_ocr_plate,ok;split=train
D:/DATN/datasets/raw/roboflow_ocr_plate/train/images/4xemay2270_jpg.rf.2f333ff616f8fd3073bb63049a538af9.jpg,56P25963,2,8,True,roboflow_ocr_plate,ok;split=train
D:/DATN/datasets/raw/roboflow_ocr_plate/train/images/4xemay2278_jpg.rf.49a2528244e78066aafeecce2ae0390e.jpg,59S195382,2,9,True,roboflow_ocr_plate,ok;split=train
D:/DATN/datasets/raw/roboflow_ocr_plate/train/images/4xemay2283_jpg.rf.60328516d5aa78de18024ac7b523feae.jpg,59F109031,2,9,True,roboflow_ocr_plate,ok;split=train
D:/DATN/datasets/raw/roboflow_ocr_plate/train/images/4xemay2288_jpg.rf.b97a57447318a7e85da5442b16d12bc1.jpg,59H140639,2,9,True,roboflow_ocr_plate,ok;split=train
D:/DATN/datasets/raw/roboflow_ocr_plate/train/images/4xemay2294_jpg.rf.e896a56f6a3292ed08214598bbb99a75.jpg,59S254455,2,9,True,roboflow_ocr_plate,ok;split=train
D:/DATN/datasets/raw/roboflow_ocr_plate/train/images/4xemay2300_jpg.rf.4fe2e211951436ecb53d1f1ec6f463e4.jpg,59T165550,2,9,True,roboflow_ocr_plate,ok;split=train
D:/DATN/datasets/raw/roboflow_ocr_plate/train/images/4xemay2306_jpg.rf.08faaca6e87e6a44b79018603a2bc6ec.jpg,59C104054,2,9,True,roboflow_ocr_plate,ok;split=train
D:/DATN/datasets/raw/roboflow_ocr_plate/train/images/4xemay2311_jpg.rf.a148352ec6013415ca0bdbc37e1c4a2a.jpg,59T105297,2,9,True,roboflow_ocr_plate,ok;split=train
D:/DATN/datasets/raw/roboflow_ocr_plate/train/images/4xemay2315_jpg.rf.797357b87c9f597a66c0038e9c021438.jpg,59N176049,2,9,True,roboflow_ocr_plate,ok;split=train
D:/DATN/datasets/raw/roboflow_ocr_plate/train/images/4xemay2318_jpg.rf.660790ba6a5f715ab200258f0015a33e.jpg,59U139619,2,9,True,roboflow_ocr_plate,ok;split=train
D:/DATN/datasets/raw/roboflow_ocr_plate/train/images/4xemay2322_jpg.rf.1c093c7b3e6fb9c96a53ef54d3605115.jpg,54N56409,2,8,True,roboflow_ocr_plate,ok;split=train
D:/DATN/datasets/raw/roboflow_ocr_plate/train/images/4xemay2326_jpg.rf.b9319f8e06bdd14cd3b6aa82e8a45be8.jpg,61H59381,2,8,True,roboflow_ocr_plate,ok;split=train
D:/DATN/datasets/raw/roboflow_ocr_plate/train/images/4xemay2327_jpg.rf.9b94769f1ff32519c7fc62c43f7a1afe.jpg,59H152850,2,9,True,roboflow_ocr_plate,ok;split=train
D:/DATN/datasets/raw/roboflow_ocr_plate/train/images/4xemay2329_jpg.rf.a09da60dfe47d5ca5f29f56c095aaa48.jpg,54S24522,2,8,True,roboflow_ocr_plate,ok;split=train
D:/DATN/datasets/raw/roboflow_ocr_plate/train/images/4xemay2337_jpg.rf.f496d9fa82b3dbae42b608c54971a3c0.jpg,59F109596,2,9,True,roboflow_ocr_plate,ok;split=train
D:/DATN/datasets/raw/roboflow_ocr_plate/train/images/4xemay2338_jpg.rf.ce00900ec8210093d7fb1b8307c6150d.jpg,59F118814,2,9,True,roboflow_ocr_plate,ok;split=train
D:/DATN/datasets/raw/roboflow_ocr_plate/train/images/4xemay2346_jpg.rf.396fc3aacb6fd64c73b78c75bd54078d.jpg,59C149684,2,9,True,roboflow_ocr_plate,ok;split=train
D:/DATN/datasets/raw/roboflow_ocr_plate/train/images/4xemay2348_jpg.rf.abfc86350ac36f6f97429b5df47d68bf.jpg,64U121888,2,9,True,roboflow_ocr_plate,ok;split=train
D:/DATN/datasets/raw/roboflow_ocr_plate/train/images/4xemay2353_jpg.rf.24e2c4df2642cf2f5ffc0cf181fc11e8.jpg,62K117929,2,9,True,roboflow_ocr_plate,ok;split=train
D:/DATN/datasets/raw/roboflow_ocr_plate/train/images/4xemay2357_jpg.rf.f6d81eff9df2a1a57589271c415d263d.jpg,59K167891,2,9,True,roboflow_ocr_plate,ok;split=train
D:/DATN/datasets/raw/roboflow_ocr_plate/train/images/4xemay2361_jpg.rf.f439d977520418d7372278a1db3c33f1.jpg,67H103655,2,9,True,roboflow_ocr_plate,ok;split=train
D:/DATN/datasets/raw/roboflow_ocr_plate/train/images/4xemay2363_jpg.rf.8860effc1f948427b71b99b03ebf2dc5.jpg,69U13670,2,8,True,roboflow_ocr_plate,ok;split=train
D:/DATN/datasets/raw/roboflow_ocr_plate/train/images/4xemay2367_jpg.rf.dadff7635185e9c9074e94aee90944b6.jpg,59H167791,2,9,True,roboflow_ocr_plate,ok;split=train
D:/DATN/datasets/raw/roboflow_ocr_plate/train/images/4xemay2371_jpg.rf.6ddb89e5546ea67e72f3f781402b9543.jpg,57Z73400,2,8,True,roboflow_ocr_plate,ok;split=train
D:/DATN/datasets/raw/roboflow_ocr_plate/train/images/4xemay2382_jpg.rf.d978297997a6d75a4575ed7e3fecf5d3.jpg,59C130923,2,9,True,roboflow_ocr_plate,ok;split=train
D:/DATN/datasets/raw/roboflow_ocr_plate/train/images/4xemay2385_jpg.rf.4b3be6bbfa29eed2b91db766ed9dfc89.jpg,59H177791,2,9,True,roboflow_ocr_plate,ok;split=train
D:/DATN/datasets/raw/roboflow_ocr_plate/train/images/4xemay2396_jpg.rf.5f1cbd8732e4ef4150a170d311cccd9f.jpg,59L116392,2,9,True,roboflow_ocr_plate,ok;split=train
D:/DATN/datasets/raw/roboflow_ocr_plate/train/images/4xemay2399_jpg.rf.ece2dd0cc1b280bdca2629e17d649189.jpg,63B216353,2,9,True,roboflow_ocr_plate,ok;split=train
D:/DATN/datasets/raw/roboflow_ocr_plate/train/images/4xemay2402_jpg.rf.98fb70d25549daf21e0a71c806810ed8.jpg,59X296553,2,9,True,roboflow_ocr_plate,ok;split=train
D:/DATN/datasets/raw/roboflow_ocr_plate/train/images/4xemay2408_jpg.rf.59e65bf820b2b4cec89b0f7df95bbbfd.jpg,68X121002,2,9,True,roboflow_ocr_plate,ok;split=train
D:/DATN/datasets/raw/roboflow_ocr_plate/train/images/4xemay2409_jpg.rf.6a511ee15feba68b00b2920f96f0fcc2.jpg,59S251095,2,9,True,roboflow_ocr_plate,ok;split=train
D:/DATN/datasets/raw/roboflow_ocr_plate/train/images/4xemay2410_jpg.rf.ba3d1b068fb245e796a4c68030ec908c.jpg,59M107790,2,9,True,roboflow_ocr_plate,ok;split=train
D:/DATN/datasets/raw/roboflow_ocr_plate/train/images/4xemay2413_jpg.rf.d9ac6e40f491bd7bd8fb9cd36c8d13f9.jpg,59S181834,2,9,True,roboflow_ocr_plate,ok;split=train
D:/DATN/datasets/raw/roboflow_ocr_plate/train/images/4xemay2415_jpg.rf.3fc1879e510e4b5d08fff0547a8744da.jpg,52P20878,2,8,True,roboflow_ocr_plate,ok;split=train
D:/DATN/datasets/raw/roboflow_ocr_plate/train/images/4xemay2416_jpg.rf.e25e2add477569980aff174f2f03e020.jpg,66L36400,2,8,True,roboflow_ocr_plate,ok;split=train
D:/DATN/datasets/raw/roboflow_ocr_plate/train/images/4xemay2419_jpg.rf.111a750cfafa4996c87c0791fd54bb9f.jpg,67M23789,2,8,True,roboflow_ocr_plate,ok;split=train
D:/DATN/datasets/raw/roboflow_ocr_plate/train/images/4xemay2422_jpg.rf.7750a45f81ea7f2751a2d180aadd6b1b.jpg,59P232334,2,9,True,roboflow_ocr_plate,ok;split=train
D:/DATN/datasets/raw/roboflow_ocr_plate/train/images/4xemay2427_jpg.rf.c9b8b18398398954dd98dd24a69ed02b.jpg,59S228834,2,9,True,roboflow_ocr_plate,ok;split=train
D:/DATN/datasets/raw/roboflow_ocr_plate/train/images/4xemay2446_jpg.rf.eea302269dcfdc0e502a2919d1822bca.jpg,60D193113,2,9,True,roboflow_ocr_plate,ok;split=train
D:/DATN/datasets/raw/roboflow_ocr_plate/train/images/4xemay2448_jpg.rf.1388a08da7cb77be2757ac4f794e8195.jpg,59B138559,2,9,True,roboflow_ocr_plate,ok;split=train
D:/DATN/datasets/raw/roboflow_ocr_plate/train/images/4xemay2453_jpg.rf.48051063b1fb9de7a1b0f8289539702b.jpg,59F147404,2,9,True,roboflow_ocr_plate,ok;split=train
D:/DATN/datasets/raw/roboflow_ocr_plate/train/images/4xemay2455_jpg.rf.4babef9e6c4acefb4cd951fd3d0efe68.jpg,59C249200,2,9,True,roboflow_ocr_plate,ok;split=train
D:/DATN/datasets/raw/roboflow_ocr_plate/train/images/4xemay2457_jpg.rf.8ae237b908b93a8c2d98d1b0a86c62ee.jpg,71B111345,2,9,True,roboflow_ocr_plate,ok;split=train
D:/DATN/datasets/raw/roboflow_ocr_plate/train/images/4xemay2458_jpg.rf.4b866dcd64f3b3df65298f81ac465c23.jpg,59P234276,2,9,True,roboflow_ocr_plate,ok;split=train
D:/DATN/datasets/raw/roboflow_ocr_plate/train/images/4xemay2460_jpg.rf.7bebbb0a8823a63724c6b126155d61bf.jpg,59H104425,2,9,True,roboflow_ocr_plate,ok;split=train
D:/DATN/datasets/raw/roboflow_ocr_plate/train/images/4xemay2465_jpg.rf.962f87d746450d34113b1a26fa7eff4b.jpg,59F170424,2,9,True,roboflow_ocr_plate,ok;split=train
D:/DATN/datasets/raw/roboflow_ocr_plate/train/images/4xemay2472_jpg.rf.dd579335e5ccab866be63f1bde52dba5.jpg,86B341492,2,9,True,roboflow_ocr_plate,ok;split=train
D:/DATN/datasets/raw/roboflow_ocr_plate/train/images/4xemay2483_jpg.rf.3055037a8ecd33f1b2b6396e588452f8.jpg,59L154063,2,9,True,roboflow_ocr_plate,ok;split=train
D:/DATN/datasets/raw/roboflow_ocr_plate/train/images/5CarLongPlate143_jpg.rf.d6cb3c72eff1eb3ac0a3994c912e20d4.jpg,51A01204,1,8,True,roboflow_ocr_plate,ok;split=train
D:/DATN/datasets/raw/roboflow_ocr_plate/train/images/5CarLongPlate169_jpg.rf.350b424ae0b104ac7623850118f06939.jpg,60A03868,1,8,True,roboflow_ocr_plate,ok;split=train
D:/DATN/datasets/raw/roboflow_ocr_plate/train/images/5CarLongPlate173_jpg.rf.545f7d715ad2365d1dac418d00ed031a.jpg,51A96141,1,8,True,roboflow_ocr_plate,ok;split=train
D:/DATN/datasets/raw/roboflow_ocr_plate/train/images/5CarLongPlate175_jpg.rf.d32d1794bd618889ec3fc9465e632533.jpg,51F44614,1,8,True,roboflow_ocr_plate,ok;split=train
D:/DATN/datasets/raw/roboflow_ocr_plate/train/images/5CarLongPlate179_jpg.rf.281eb9263ca03819f8a638279ea4fdad.jpg,43A18650,1,8,True,roboflow_ocr_plate,ok;split=train
D:/DATN/datasets/raw/roboflow_ocr_plate/train/images/5CarLongPlate184_jpg.rf.e52a5fcbe35a02e325a02245a850f88e.jpg,51F22261,1,8,True,roboflow_ocr_plate,ok;split=train
D:/DATN/datasets/raw/roboflow_ocr_plate/train/images/5CarLongPlate197_jpg.rf.890348d221df720cde12d7f7ce7d821c.jpg,51F06998,1,8,True,roboflow_ocr_plate,ok;split=train
D:/DATN/datasets/raw/roboflow_ocr_plate/train/images/5CarLongPlate201_jpg.rf.28048f49ed4cf3fe7467a38e0a95d394.jpg,51F73420,1,8,True,roboflow_ocr_plate,ok;split=train
D:/DATN/datasets/raw/roboflow_ocr_plate/train/images/5CarLongPlate210_jpg.rf.646fac83e29cdb435c2c7f6d4ee4b0cb.jpg,51G01177,1,8,True,roboflow_ocr_plate,ok;split=train
D:/DATN/datasets/raw/roboflow_ocr_plate/train/images/5CarLongPlate220_jpg.rf.50da11bf068f5cc8cb73cec2efa40d8c.jpg,51G47340,1,8,True,roboflow_ocr_plate,ok;split=train
D:/DATN/datasets/raw/roboflow_ocr_plate/train/images/5CarLongPlate237_jpg.rf.4174f1c7e2438a3b425d67bf115ece00.jpg,51F22029,1,8,True,roboflow_ocr_plate,ok;split=train
D:/DATN/datasets/raw/roboflow_ocr_plate/train/images/5CarLongPlate23_jpg.rf.b2fbc59ccd6c34b625e4558839c41ee0.jpg,51G47281,1,8,True,roboflow_ocr_plate,ok;split=train
D:/DATN/datasets/raw/roboflow_ocr_plate/train/images/5CarLongPlate251_jpg.rf.51bb3b07136e4d14121f4809317755a5.jpg,51F07973,1,8,True,roboflow_ocr_plate,ok;split=train
D:/DATN/datasets/raw/roboflow_ocr_plate/train/images/5CarLongPlate271_jpg.rf.29b5a1c494c02e1651903120d4165e84.jpg,51A89714,1,8,True,roboflow_ocr_plate,ok;split=train
D:/DATN/datasets/raw/roboflow_ocr_plate/train/images/5CarLongPlate273_jpg.rf.8d7270cf854b98a3a0f066cf1f632996.jpg,51A89714,1,8,True,roboflow_ocr_plate,ok;split=train
D:/DATN/datasets/raw/roboflow_ocr_plate/train/images/5CarLongPlate282_jpg.rf.9dbbbe72fa756416c15fd7c45d10c383.jpg,51G43630,1,8,True,roboflow_ocr_plate,ok;split=train
D:/DATN/datasets/raw/roboflow_ocr_plate/train/images/5CarLongPlate287_jpg.rf.0f96b10cf7ab2ad6e32d52e2db223cd8.jpg,51G51332,1,8,True,roboflow_ocr_plate,ok;split=train
D:/DATN/datasets/raw/roboflow_ocr_plate/train/images/5CarLongPlate302_jpg.rf.c52464871716fed3df2b6afa91d981bd.jpg,51F04275,1,8,True,roboflow_ocr_plate,ok;split=train
D:/DATN/datasets/raw/roboflow_ocr_plate/train/images/5CarLongPlate30_jpg.rf.0cd43d822cb86d10794bda9241f3bc38.jpg,50LD04411,1,9,True,roboflow_ocr_plate,ok;split=train
D:/DATN/datasets/raw/roboflow_ocr_plate/train/images/5CarLongPlate314_jpg.rf.800b9a28927845e65803099bfd14b7c1.jpg,51A02923,1,8,True,roboflow_ocr_plate,ok;split=train
D:/DATN/datasets/raw/roboflow_ocr_plate/train/images/5CarLongPlate330_jpg.rf.c2231226576d1b3453d4f4ada7f0b07c.jpg,50LD04411,1,9,True,roboflow_ocr_plate,ok;split=train
D:/DATN/datasets/raw/roboflow_ocr_plate/train/images/5CarLongPlate344_jpg.rf.0467a2dc56eb88850fa3de66a1eb3a70.jpg,60A39951,1,8,True,roboflow_ocr_plate,ok;split=train
D:/DATN/datasets/raw/roboflow_ocr_plate/train/images/5CarLongPlate346_jpg.rf.78d375e8d3809d1ec8755e5fba0c1982.jpg,51G49524,1,8,True,roboflow_ocr_plate,ok;split=train
D:/DATN/datasets/raw/roboflow_ocr_plate/train/images/5CarLongPlate423_jpg.rf.2c55eb21e268f8b9cc4c868371b7b4ad.jpg,51F68784,1,8,True,roboflow_ocr_plate,ok;split=train
D:/DATN/datasets/raw/roboflow_ocr_plate/train/images/5CarLongPlate432_jpg.rf.2452f021a3b393e2c45bb88c44ff990f.jpg,51F06948,1,8,True,roboflow_ocr_plate,ok;split=train
D:/DATN/datasets/raw/roboflow_ocr_plate/train/images/5CarLongPlate491_jpg.rf.ca03edc0d9b1eafaff2f9bdb7ec59397.jpg,51F04225,1,8,True,roboflow_ocr_plate,ok;split=train
D:/DATN/datasets/raw/roboflow_ocr_plate/train/images/5CarLongPlate508_jpg.rf.07ef3fcfd6fd57d0c34719b167b174a4.jpg,51A72444,1,8,True,roboflow_ocr_plate,ok;split=train
D:/DATN/datasets/raw/roboflow_ocr_plate/train/images/5CarLongPlate516_jpg.rf.04474df1a1942dc264eb00260f147176.jpg,51A01204,1,8,True,roboflow_ocr_plate,ok;split=train
D:/DATN/datasets/raw/roboflow_ocr_plate/train/images/5CarLongPlate521_jpg.rf.f9f160b5b51b6ac51d89fc3ed369efc0.jpg,51A85325,1,8,True,roboflow_ocr_plate,ok;split=train
D:/DATN/datasets/raw/roboflow_ocr_plate/train/images/5CarLongPlate548_jpg.rf.2007481ee88e0c12126a53f247987c81.jpg,51F88220,1,8,True,roboflow_ocr_plate,ok;split=train
D:/DATN/datasets/raw/roboflow_ocr_plate/train/images/5CarLongPlate553_jpg.rf.412907587bbdf888980b9f1cb2b28390.jpg,51F22029,1,8,True,roboflow_ocr_plate,ok;split=train
D:/DATN/datasets/raw/roboflow_ocr_plate/train/images/5CarLongPlate555_jpg.rf.58aa55f2151741ace0802b9614159c69.jpg,51F22029,1,8,True,roboflow_ocr_plate,ok;split=train
D:/DATN/datasets/raw/roboflow_ocr_plate/train/images/5CarLongPlate571_jpg.rf.2d9208f516f98c1b7825150d48b1b82e.jpg,11F07973,1,8,True,roboflow_ocr_plate,ok;split=train
D:/DATN/datasets/raw/roboflow_ocr_plate/train/images/5CarLongPlate578_jpg.rf.700d3caaab3f36f0423652da46d11979.jpg,61A22959,1,8,True,roboflow_ocr_plate,ok;split=train
D:/DATN/datasets/raw/roboflow_ocr_plate/train/images/5CarLongPlate590_jpg.rf.4ea717229b5085b7d52dd506354cd2cc.jpg,51G21670,1,8,True,roboflow_ocr_plate,ok;split=train
D:/DATN/datasets/raw/roboflow_ocr_plate/train/images/5CarLongPlate627_jpg.rf.5ffee5090ae9b23f9ac6fe6ac90335ac.jpg,51F31118,1,8,True,roboflow_ocr_plate,ok;split=train
D:/DATN/datasets/raw/roboflow_ocr_plate/train/images/5CarLongPlate634_jpg.rf.52b74a561c8d02ca1ad607d0f7f8ae28.jpg,51F06948,1,8,True,roboflow_ocr_plate,ok;split=train
D:/DATN/datasets/raw/roboflow_ocr_plate/train/images/5CarLongPlate643_jpg.rf.770a41887eebd3482b0f0dff4d3c4bc1.jpg,51A72078,1,8,True,roboflow_ocr_plate,ok;split=train
D:/DATN/datasets/raw/roboflow_ocr_plate/train/images/5CarLongPlate645_jpg.rf.6a9e2cf81d056b6569ca9ffe005faf55.jpg,51F06948,1,8,True,roboflow_ocr_plate,ok;split=train
D:/DATN/datasets/raw/roboflow_ocr_plate/train/images/5CarLongPlate690_jpg.rf.e20e6fd15204d6be876780bc0ea31d2f.jpg,51G49160,1,8,True,roboflow_ocr_plate,ok;split=train
D:/DATN/datasets/raw/roboflow_ocr_plate/train/images/5CarLongPlate700_jpg.rf.856a46af6f1b78e98129241922870ad5.jpg,51A60216,1,8,True,roboflow_ocr_plate,ok;split=train
D:/DATN/datasets/raw/roboflow_ocr_plate/train/images/5CarLongPlate706_jpg.rf.6d194b8588976897f445a3f3c321f187.jpg,29A51796,1,8,True,roboflow_ocr_plate,ok;split=train
D:/DATN/datasets/raw/roboflow_ocr_plate/train/images/5CarLongPlate766_jpg.rf.76bb9a06d00ae5d66423366104f71f3b.jpg,51G2181,1,7,True,roboflow_ocr_plate,ok;split=train
D:/DATN/datasets/raw/roboflow_ocr_plate/train/images/5CarLongPlate767_jpg.rf.1c2f94386d1b97660568331e348e5676.jpg,56S4698,1,7,True,roboflow_ocr_plate,ok;split=train
D:/DATN/datasets/raw/roboflow_ocr_plate/train/images/5CarLongPlate78_jpg.rf.4326e608a23e50af4626c2c5c18c0e0e.jpg,51A89714,1,8,True,roboflow_ocr_plate,ok;split=train
D:/DATN/datasets/raw/roboflow_ocr_plate/train/images/5CarLongPlate801_jpg.rf.c4a200ec8342b2f7607e311d4cdee170.jpg,51A69172,1,8,True,roboflow_ocr_plate,ok;split=train
D:/DATN/datasets/raw/roboflow_ocr_plate/train/images/5CarLongPlate807_jpg.rf.8f8cad73fd99fb6c592f5e81fc8d23c2.jpg,51F24403,1,8,True,roboflow_ocr_plate,ok;split=train
D:/DATN/datasets/raw/roboflow_ocr_plate/train/images/5CarLongPlate816_jpg.rf.d1ad4a9f14829c5202566a2f75ec5116.jpg,51A01204,1,8,True,roboflow_ocr_plate,ok;split=train
D:/DATN/datasets/raw/roboflow_ocr_plate/train/images/5CarLongPlate827_jpg.rf.acf3c38e166e10313bc13932aced998d.jpg,51F63034,1,8,True,roboflow_ocr_plate,ok;split=train
D:/DATN/datasets/raw/roboflow_ocr_plate/train/images/5CarLongPlate829_jpg.rf.4685fa34bfd00142ccb8700d8e62d8f0.jpg,51A69172,1,8,True,roboflow_ocr_plate,ok;split=train
D:/DATN/datasets/raw/roboflow_ocr_plate/train/images/5CarLongPlate838_jpg.rf.d2ceb8f7413628211e72f8e8b5b05fbb.jpg,51A96141,1,8,True,roboflow_ocr_plate,ok;split=train
D:/DATN/datasets/raw/roboflow_ocr_plate/train/images/5CarLongPlate83_jpg.rf.1495962d043a60db8c2b76c7dcd53e36.jpg,51F24403,1,8,True,roboflow_ocr_plate,ok;split=train
D:/DATN/datasets/raw/roboflow_ocr_plate/train/images/5CarLongPlate859_jpg.rf.a47ce50fd124168ab58a1b10d9d26eca.jpg,86A06642,1,8,True,roboflow_ocr_plate,ok;split=train
D:/DATN/datasets/raw/roboflow_ocr_plate/train/images/5CarLongPlate865_jpg.rf.a4b1e36349eecd003f95fab12dadccb1.jpg,51F15380,1,8,True,roboflow_ocr_plate,ok;split=train
D:/DATN/datasets/raw/roboflow_ocr_plate/train/images/5CarLongPlate879_jpg.rf.8aaca189d66154f1a6a6c2c6ff36a901.jpg,51F1555,1,7,True,roboflow_ocr_plate,ok;split=train
D:/DATN/datasets/raw/roboflow_ocr_plate/train/images/5CarLongPlate893_jpg.rf.af6b5dbb1346cabce639c76e17d0a79e.jpg,51F27809,1,8,True,roboflow_ocr_plate,ok;split=train
D:/DATN/datasets/raw/roboflow_ocr_plate/train/images/5CarLongPlate904_jpg.rf.ac707f71b86fbe14bb23a6c1bed04c36.jpg,60A35981,1,8,True,roboflow_ocr_plate,ok;split=train
D:/DATN/datasets/raw/roboflow_ocr_plate/train/images/5CarLongPlate917_jpg.rf.de9af39520e1021a6a36682b2a31da6f.jpg,51F59881,1,8,True,roboflow_ocr_plate,ok;split=train
D:/DATN/datasets/raw/roboflow_ocr_plate/train/images/5CarLongPlate91_jpg.rf.51a178cd64209a55128eeebfa44d6772.jpg,51G51332,1,8,True,roboflow_ocr_plate,ok;split=train
D:/DATN/datasets/raw/roboflow_ocr_plate/train/images/5CarLongPlate929_jpg.rf.3595f3efa418c3c9dbb3f6c57d37572e.jpg,51A55433,1,8,True,roboflow_ocr_plate,ok;split=train
D:/DATN/datasets/raw/roboflow_ocr_plate/train/images/5CarLongPlate935_jpg.rf.034bc145e115d271f76aa346d2098652.jpg,51A69172,1,8,True,roboflow_ocr_plate,ok;split=train
D:/DATN/datasets/raw/roboflow_ocr_plate/train/images/5CarLongPlate939_jpg.rf.6638e99fd408baf915a9d078d4904421.jpg,11G51008,1,8,True,roboflow_ocr_plate,ok;split=train
D:/DATN/datasets/raw/roboflow_ocr_plate/train/images/5CarLongPlate943_jpg.rf.f56e7a104830ed8d101b4e24ed9e395e.jpg,51F04275,1,8,True,roboflow_ocr_plate,ok;split=train
D:/DATN/datasets/raw/roboflow_ocr_plate/train/images/5CarLongPlate949_jpg.rf.73d5e27d0a3f97ff870468c48650cd77.jpg,51F44614,1,8,True,roboflow_ocr_plate,ok;split=train
D:/DATN/datasets/raw/roboflow_ocr_plate/train/images/5CarLongPlate960_jpg.rf.4df927275255f11d5eb2987bb696e625.jpg,51F15585,1,8,True,roboflow_ocr_plate,ok;split=train
D:/DATN/datasets/raw/roboflow_ocr_plate/train/images/5CarLongPlate999_jpg.rf.a516224d6eb5f46545552d84a11f1bde.jpg,51G20536,1,8,True,roboflow_ocr_plate,ok;split=train
D:/DATN/datasets/raw/roboflow_ocr_plate/train/images/5xemay1022_jpg.rf.fa43f175aa2386dd0d0ec836c344a51d.jpg,78H102133,2,9,True,roboflow_ocr_plate,ok;split=train
D:/DATN/datasets/raw/roboflow_ocr_plate/train/images/5xemay1036_jpg.rf.abfdeaa85acee1832e55b414ec3f91ff.jpg,59D150216,2,9,True,roboflow_ocr_plate,ok;split=train
D:/DATN/datasets/raw/roboflow_ocr_plate/train/images/5xemay1040_jpg.rf.ada90a0a4bab84e383eb9861de6d2fcd.jpg,77F79919,2,8,True,roboflow_ocr_plate,ok;split=train
D:/DATN/datasets/raw/roboflow_ocr_plate/train/images/5xemay1048_jpg.rf.d49f33c393ae6d67ef328445aaae0430.jpg,59V204212,2,9,True,roboflow_ocr_plate,ok;split=train
D:/DATN/datasets/raw/roboflow_ocr_plate/train/images/5xemay1082_jpg.rf.b655aeb70ee3da2e54c86a7b4d1d809b.jpg,59B134682,2,9,True,roboflow_ocr_plate,ok;split=train
D:/DATN/datasets/raw/roboflow_ocr_plate/train/images/5xemay1107_jpg.rf.86d3e8859ebc6a8a0ea60d61a24d42b3.jpg,59M154192,2,9,True,roboflow_ocr_plate,ok;split=train
D:/DATN/datasets/raw/roboflow_ocr_plate/train/images/5xemay1110_jpg.rf.b88bf3f4ff36c0320e17a4c225658bc4.jpg,83P199696,2,9,True,roboflow_ocr_plate,ok;split=train
D:/DATN/datasets/raw/roboflow_ocr_plate/train/images/5xemay1120_jpg.rf.fe81258676715b59ffd0fbe3749183e6.jpg,60F204565,2,9,True,roboflow_ocr_plate,ok;split=train
D:/DATN/datasets/raw/roboflow_ocr_plate/train/images/5xemay1187_jpg.rf.9e54cf0b351d60e3c6860f27e0671fca.jpg,59V122709,2,9,True,roboflow_ocr_plate,ok;split=train
D:/DATN/datasets/raw/roboflow_ocr_plate/train/images/5xemay1195_jpg.rf.bafd68348c379456a1a5fa6f406e67c2.jpg,59A308011,2,9,True,roboflow_ocr_plate,ok;split=train
D:/DATN/datasets/raw/roboflow_ocr_plate/train/images/5xemay11_jpg.rf.37871967afc87299e0c03e19e0bd99f9.jpg,59F113860,2,9,True,roboflow_ocr_plate,ok;split=train
D:/DATN/datasets/raw/roboflow_ocr_plate/train/images/5xemay1200_jpg.rf.67775171cc28eeb8d241eb176eedb10e.jpg,59P214706,2,9,True,roboflow_ocr_plate,ok;split=train
D:/DATN/datasets/raw/roboflow_ocr_plate/train/images/5xemay1207_jpg.rf.8b1a55627e18f76339b486a2ef29da61.jpg,62K85607,2,8,True,roboflow_ocr_plate,ok;split=train
D:/DATN/datasets/raw/roboflow_ocr_plate/train/images/5xemay120_jpg.rf.ccf99c7262280e1f95ea5f34144fd0ce.jpg,67L106669,2,9,True,roboflow_ocr_plate,ok;split=train
D:/DATN/datasets/raw/roboflow_ocr_plate/train/images/5xemay1210_jpg.rf.7638ce5388737be3c857d181ac72ed1c.jpg,59E118310,2,9,True,roboflow_ocr_plate,ok;split=train
D:/DATN/datasets/raw/roboflow_ocr_plate/train/images/5xemay1215_jpg.rf.9c95f6bf92869d46043ab4964bd7fb1b.jpg,49K139272,2,9,True,roboflow_ocr_plate,ok;split=train
D:/DATN/datasets/raw/roboflow_ocr_plate/train/images/5xemay1222_jpg.rf.1a20c5047b169e12a7ca17d88bc6fff1.jpg,59S191667,2,9,True,roboflow_ocr_plate,ok;split=train
D:/DATN/datasets/raw/roboflow_ocr_plate/train/images/5xemay1232_jpg.rf.b0d09e0fa7374241b5780e4ca8fbdb7b.jpg,59S159559,2,9,True,roboflow_ocr_plate,ok;split=train
D:/DATN/datasets/raw/roboflow_ocr_plate/train/images/5xemay1235_jpg.rf.62a73fa975ba83b076d6b8584c215efd.jpg,59S201572,2,9,True,roboflow_ocr_plate,ok;split=train
D:/DATN/datasets/raw/roboflow_ocr_plate/train/images/5xemay1247_jpg.rf.7492c16026905a5dbc258ea0f799917b.jpg,59T185717,2,9,True,roboflow_ocr_plate,ok;split=train
D:/DATN/datasets/raw/roboflow_ocr_plate/train/images/5xemay1255_jpg.rf.3f808652a220c221a20285536d1c96fe.jpg,55P48426,2,8,True,roboflow_ocr_plate,ok;split=train
D:/DATN/datasets/raw/roboflow_ocr_plate/train/images/5xemay1258_jpg.rf.31b576c385bd2efbdf2bcffef0d44862.jpg,60Y22445,2,8,True,roboflow_ocr_plate,ok;split=train
D:/DATN/datasets/raw/roboflow_ocr_plate/train/images/5xemay1261_jpg.rf.7c0a6f54315f7cf28707fe34155c3f46.jpg,70P15900,2,8,True,roboflow_ocr_plate,ok;split=train
D:/DATN/datasets/raw/roboflow_ocr_plate/train/images/5xemay126_jpg.rf.c7d112c31c1e9286523e198fb191bd12.jpg,60B813705,2,9,True,roboflow_ocr_plate,ok;split=train
D:/DATN/datasets/raw/roboflow_ocr_plate/train/images/5xemay1292_jpg.rf.fa7e47e7d6ab28fccaa758446cf2c388.jpg,39F15014,2,8,True,roboflow_ocr_plate,ok;split=train
D:/DATN/datasets/raw/roboflow_ocr_plate/train/images/5xemay1321_jpg.rf.85c00ce2429e07a05b098e1a9058d04e.jpg,59S208338,2,9,True,roboflow_ocr_plate,ok;split=train
D:/DATN/datasets/raw/roboflow_ocr_plate/train/images/5xemay1347_jpg.rf.9f8f081a04ee872791e0fa4ec9154afc.jpg,99L123882,2,9,True,roboflow_ocr_plate,ok;split=train
D:/DATN/datasets/raw/roboflow_ocr_plate/train/images/5xemay1367_jpg.rf.d0f652babf3753678fd095c40a422c3c.jpg,59X297772,2,9,True,roboflow_ocr_plate,ok;split=train
D:/DATN/datasets/raw/roboflow_ocr_plate/train/images/5xemay1388_jpg.rf.81a494ce7723406b94c9c8b04babf053.jpg,93F124985,2,9,True,roboflow_ocr_plate,ok;split=train
D:/DATN/datasets/raw/roboflow_ocr_plate/train/images/5xemay1414_jpg.rf.f96e9b14975f421670b83baafb0836dc.jpg,59H132122,2,9,True,roboflow_ocr_plate,ok;split=train
D:/DATN/datasets/raw/roboflow_ocr_plate/train/images/5xemay141_jpg.rf.7f82250d941eb741b5b94cc64f8e03df.jpg,59S131386,2,9,True,roboflow_ocr_plate,ok;split=train
D:/DATN/datasets/raw/roboflow_ocr_plate/train/images/5xemay1422_jpg.rf.7d0f0e2fe3c66e1c2072041d6f1e2462.jpg,59V109869,2,9,True,roboflow_ocr_plate,ok;split=train
D:/DATN/datasets/raw/roboflow_ocr_plate/train/images/5xemay1430_jpg.rf.f102d8d67612ae1c8adb769d12115a5b.jpg,49B151183,2,9,True,roboflow_ocr_plate,ok;split=train
D:/DATN/datasets/raw/roboflow_ocr_plate/train/images/5xemay1444_jpg.rf.28caa8e199b3d759fb7fd19d72102071.jpg,71C236563,2,9,True,roboflow_ocr_plate,ok;split=train
D:/DATN/datasets/raw/roboflow_ocr_plate/train/images/5xemay1450_jpg.rf.283bb040b1cd5a48f19904d741a63506.jpg,59F176597,2,9,True,roboflow_ocr_plate,ok;split=train
D:/DATN/datasets/raw/roboflow_ocr_plate/train/images/5xemay1493_jpg.rf.c8db548eeb77f2afd59a23b5b7c0f167.jpg,59F182787,2,9,True,roboflow_ocr_plate,ok;split=train
D:/DATN/datasets/raw/roboflow_ocr_plate/train/images/5xemay1503_jpg.rf.da7e76bc1ee9df589b49ebb163c18802.jpg,51F69090,2,8,True,roboflow_ocr_plate,ok;split=train
D:/DATN/datasets/raw/roboflow_ocr_plate/train/images/5xemay1505_jpg.rf.4291653bd289d0720b0d668ae1fb8ade.jpg,59S199891,2,9,True,roboflow_ocr_plate,ok;split=train
D:/DATN/datasets/raw/roboflow_ocr_plate/train/images/5xemay1535_jpg.rf.56f56dc040de8dcd5cb9c6e235c8410a.jpg,59C256237,2,9,True,roboflow_ocr_plate,ok;split=train
D:/DATN/datasets/raw/roboflow_ocr_plate/train/images/5xemay1538_jpg.rf.81255c882dafc5d9485f9e0574b6b7a4.jpg,43G113684,2,9,True,roboflow_ocr_plate,ok;split=train
D:/DATN/datasets/raw/roboflow_ocr_plate/train/images/5xemay1547_jpg.rf.e762d7c4c76bd57f18c739db6953edb8.jpg,59G186895,2,9,True,roboflow_ocr_plate,ok;split=train
D:/DATN/datasets/raw/roboflow_ocr_plate/train/images/5xemay1561_jpg.rf.f74c4238e71af57a0b645435a814153a.jpg,59K18301,2,8,True,roboflow_ocr_plate,ok;split=train
D:/DATN/datasets/raw/roboflow_ocr_plate/train/images/5xemay1575_jpg.rf.c771021dc5212723d79fce07bb610e88.jpg,59F113230,2,9,True,roboflow_ocr_plate,ok;split=train
D:/DATN/datasets/raw/roboflow_ocr_plate/train/images/5xemay1588_jpg.rf.e2d7102f44db1c10b45c916174489b91.jpg,59H152576,2,9,True,roboflow_ocr_plate,ok;split=train
D:/DATN/datasets/raw/roboflow_ocr_plate/train/images/5xemay1590_jpg.rf.900fa7a13e1c593d3865ee4af3c975bd.jpg,49B145348,2,9,True,roboflow_ocr_plate,ok;split=train
D:/DATN/datasets/raw/roboflow_ocr_plate/train/images/5xemay1592_jpg.rf.a7b931f68b3d67ba405eb47b6910f495.jpg,92H142107,2,9,True,roboflow_ocr_plate,ok;split=train
D:/DATN/datasets/raw/roboflow_ocr_plate/train/images/5xemay1594_jpg.rf.49219367d6132921dc5549b267f7ffdd.jpg,16P96204,2,8,True,roboflow_ocr_plate,ok;split=train
D:/DATN/datasets/raw/roboflow_ocr_plate/train/images/5xemay15_jpg.rf.6e4606481a03a8bda6b0661da88ac2a7.jpg,59U139619,2,9,True,roboflow_ocr_plate,ok;split=train
D:/DATN/datasets/raw/roboflow_ocr_plate/train/images/5xemay163_jpg.rf.b76cbc60fd3faf8652464a4241057dc3.jpg,47M74206,2,8,True,roboflow_ocr_plate,ok;split=train
D:/DATN/datasets/raw/roboflow_ocr_plate/train/images/5xemay1646_jpg.rf.69b6bc5d2f56b65f66fad9096be1d0c4.jpg,79M22094,2,8,True,roboflow_ocr_plate,ok;split=train
D:/DATN/datasets/raw/roboflow_ocr_plate/train/images/5xemay1694_jpg.rf.564a717876b95ea55125f26eb13cfc6b.jpg,59C170773,2,9,True,roboflow_ocr_plate,ok;split=train
D:/DATN/datasets/raw/roboflow_ocr_plate/train/images/5xemay1697_jpg.rf.fe6997c00d7891fefe089f309168b357.jpg,59V177832,2,9,True,roboflow_ocr_plate,ok;split=train
D:/DATN/datasets/raw/roboflow_ocr_plate/train/images/5xemay1699_jpg.rf.c1ff6447dfe0f15636daa0fd2940ee67.jpg,52M90589,2,8,True,roboflow_ocr_plate,ok;split=train
D:/DATN/datasets/raw/roboflow_ocr_plate/train/images/5xemay1735_jpg.rf.9a7e0ca8b48e89c174edfdd0a8afb8e6.jpg,52Y65446,2,8,True,roboflow_ocr_plate,ok;split=train
D:/DATN/datasets/raw/roboflow_ocr_plate/train/images/5xemay1745_jpg.rf.6a55092790b2a85e04d560cd6ade877d.jpg,30N45882,2,8,True,roboflow_ocr_plate,ok;split=train
D:/DATN/datasets/raw/roboflow_ocr_plate/train/images/5xemay1747_jpg.rf.06e3a6a8db3b2a70649660e0ef24d681.jpg,59F138151,2,9,True,roboflow_ocr_plate,ok;split=train
D:/DATN/datasets/raw/roboflow_ocr_plate/train/images/5xemay1754_jpg.rf.57633b8411304d94177c47aabb63c728.jpg,59V183357,2,9,True,roboflow_ocr_plate,ok;split=train
D:/DATN/datasets/raw/roboflow_ocr_plate/train/images/5xemay1767_jpg.rf.eff2074d564a410d393aecffdb0dbc8e.jpg,61D100626,2,9,True,roboflow_ocr_plate,ok;split=train
D:/DATN/datasets/raw/roboflow_ocr_plate/train/images/5xemay1774_jpg.rf.ffaae497282af4fbaba80dc0a1eac1e4.jpg,68F55727,2,8,True,roboflow_ocr_plate,ok;split=train
D:/DATN/datasets/raw/roboflow_ocr_plate/train/images/5xemay1793_jpg.rf.9f252e28c332893f4d596dd2833dbb86.jpg,59H119374,2,9,True,roboflow_ocr_plate,ok;split=train
D:/DATN/datasets/raw/roboflow_ocr_plate/train/images/5xemay1824_jpg.rf.2971232e574c181df08d58e96c1633f1.jpg,59L106458,2,9,True,roboflow_ocr_plate,ok;split=train
D:/DATN/datasets/raw/roboflow_ocr_plate/train/images/5xemay1827_jpg.rf.b65fa033c2f360f138e067fc4e86b3f2.jpg,59Y144665,2,9,True,roboflow_ocr_plate,ok;split=train
D:/DATN/datasets/raw/roboflow_ocr_plate/train/images/5xemay1829_jpg.rf.94677e7a7a459932591782e3599d98c8.jpg,60B555723,2,9,True,roboflow_ocr_plate,ok;split=train
D:/DATN/datasets/raw/roboflow_ocr_plate/train/images/5xemay182_jpg.rf.2935856fad920da192bb6fd5071c6b39.jpg,59U166141,2,9,True,roboflow_ocr_plate,ok;split=train
D:/DATN/datasets/raw/roboflow_ocr_plate/train/images/5xemay1843_jpg.rf.e855c4fd98c380e9d07e2de7338106f5.jpg,72F120741,2,9,True,roboflow_ocr_plate,ok;split=train
D:/DATN/datasets/raw/roboflow_ocr_plate/train/images/5xemay1904_jpg.rf.c8e28e0ae1563087b6c7462772fdd294.jpg,95G101643,2,9,True,roboflow_ocr_plate,ok;split=train
D:/DATN/datasets/raw/roboflow_ocr_plate/train/images/5xemay1910_jpg.rf.5c81bd5a4ff22f7b047690857de6e33f.jpg,59L202084,2,9,True,roboflow_ocr_plate,ok;split=train
D:/DATN/datasets/raw/roboflow_ocr_plate/train/images/5xemay1940_jpg.rf.8dfe7382e0c1542fe489a67e3f104a60.jpg,52U44702,2,8,True,roboflow_ocr_plate,ok;split=train
D:/DATN/datasets/raw/roboflow_ocr_plate/train/images/5xemay1951_jpg.rf.388930a4dbdf48403abbfa04d8c4987f.jpg,59M190977,2,9,True,roboflow_ocr_plate,ok;split=train
D:/DATN/datasets/raw/roboflow_ocr_plate/train/images/5xemay1957_jpg.rf.be6b8e4fdf3dd4c81a8280d1510ec298.jpg,60B33534,2,8,True,roboflow_ocr_plate,ok;split=train
D:/DATN/datasets/raw/roboflow_ocr_plate/train/images/5xemay1962_jpg.rf.8960c82d08ca88f4aab1e3ff124f5820.jpg,59L206377,2,9,True,roboflow_ocr_plate,ok;split=train
D:/DATN/datasets/raw/roboflow_ocr_plate/train/images/5xemay1971_jpg.rf.bcee839738a652f33601088475beea93.jpg,67F111317,2,9,True,roboflow_ocr_plate,ok;split=train
D:/DATN/datasets/raw/roboflow_ocr_plate/train/images/5xemay1977_jpg.rf.9dad6c551e4de4d1905a7021af703cbc.jpg,59M103519,2,9,True,roboflow_ocr_plate,ok;split=train
D:/DATN/datasets/raw/roboflow_ocr_plate/train/images/5xemay1993_jpg.rf.22e38053a4ff396634cf6893a88be2ee.jpg,59S220617,2,9,True,roboflow_ocr_plate,ok;split=train
D:/DATN/datasets/raw/roboflow_ocr_plate/train/images/5xemay1996_jpg.rf.0c43b2e135519e449e4537c386eac361.jpg,59H154986,2,9,True,roboflow_ocr_plate,ok;split=train
D:/DATN/datasets/raw/roboflow_ocr_plate/train/images/5xemay2008_jpg.rf.940575270f51d83306a4b28a155c7b2f.jpg,51L74255,2,8,True,roboflow_ocr_plate,ok;split=train
D:/DATN/datasets/raw/roboflow_ocr_plate/train/images/5xemay2023_jpg.rf.fde5cae9ecdace9ce78732a739695d6c.jpg,38Z10084,2,8,True,roboflow_ocr_plate,ok;split=train
D:/DATN/datasets/raw/roboflow_ocr_plate/train/images/5xemay2051_jpg.rf.79dfeb62caa96936b89b089712ed8a48.jpg,66G115723,2,9,True,roboflow_ocr_plate,ok;split=train
D:/DATN/datasets/raw/roboflow_ocr_plate/train/images/5xemay207_jpg.rf.3895bd2403228ad575efb993e6b79475.jpg,59P229729,2,9,True,roboflow_ocr_plate,ok;split=train
D:/DATN/datasets/raw/roboflow_ocr_plate/train/images/5xemay2106_jpg.rf.224d5f044a491baddd7f6398868e0edc.jpg,59C142818,2,9,True,roboflow_ocr_plate,ok;split=train
D:/DATN/datasets/raw/roboflow_ocr_plate/train/images/5xemay2120_jpg.rf.7c5a267ebe3489b2276b5e8bc9b8ec9d.jpg,59X277399,2,9,True,roboflow_ocr_plate,ok;split=train
D:/DATN/datasets/raw/roboflow_ocr_plate/train/images/5xemay2143_jpg.rf.d2fd6171ac04e010191e312cdf0d417f.jpg,54S73211,2,8,True,roboflow_ocr_plate,ok;split=train
D:/DATN/datasets/raw/roboflow_ocr_plate/train/images/5xemay2168_jpg.rf.300e79bc434ca230865068a0fbca9553.jpg,49K107370,2,9,True,roboflow_ocr_plate,ok;split=train
D:/DATN/datasets/raw/roboflow_ocr_plate/train/images/5xemay2177_jpg.rf.37b3c5626aacbf434816ad9d0d2d4627.jpg,52T76433,2,8,True,roboflow_ocr_plate,ok;split=train
D:/DATN/datasets/raw/roboflow_ocr_plate/train/images/5xemay2181_jpg.rf.6ac99904ee7763bcdc1be0112c24edf1.jpg,71H19657,2,8,True,roboflow_ocr_plate,ok;split=train
D:/DATN/datasets/raw/roboflow_ocr_plate/train/images/5xemay2262_jpg.rf.5944db51bdfc1097d6ecd6db8b9a0c79.jpg,52H99892,2,8,True,roboflow_ocr_plate,ok;split=train
D:/DATN/datasets/raw/roboflow_ocr_plate/train/images/5xemay2309_jpg.rf.9e2160683e336f342bef5bfacc4aca21.jpg,59T118362,2,9,True,roboflow_ocr_plate,ok;split=train
D:/DATN/datasets/raw/roboflow_ocr_plate/train/images/5xemay2317_jpg.rf.3ae5982314506459845fc5fc1dfb96ad.jpg,54T12473,2,8,True,roboflow_ocr_plate,ok;split=train
D:/DATN/datasets/raw/roboflow_ocr_plate/train/images/5xemay231_jpg.rf.efc4a32d3c5e404cb3b59275a6f3ca66.jpg,59X160210,2,9,True,roboflow_ocr_plate,ok;split=train
D:/DATN/datasets/raw/roboflow_ocr_plate/train/images/5xemay232_jpg.rf.f2f047438cea21d82223c874d625e53d.jpg,59L223714,2,9,True,roboflow_ocr_plate,ok;split=train
D:/DATN/datasets/raw/roboflow_ocr_plate/train/images/5xemay234_jpg.rf.16102aafe07eb674befb4f4868d55653.jpg,59S114883,2,9,True,roboflow_ocr_plate,ok;split=train
D:/DATN/datasets/raw/roboflow_ocr_plate/train/images/5xemay2350_jpg.rf.37db3d9a8fe01285b0aed9759925af10.jpg,59P211206,2,9,True,roboflow_ocr_plate,ok;split=train
D:/DATN/datasets/raw/roboflow_ocr_plate/train/images/5xemay2355_jpg.rf.3160a3605f960f4ab1891745197672cd.jpg,66L135224,2,9,True,roboflow_ocr_plate,ok;split=train
D:/DATN/datasets/raw/roboflow_ocr_plate/train/images/5xemay2384_jpg.rf.40d01011f479256c90d5c7ef87b1d859.jpg,59C168612,2,9,True,roboflow_ocr_plate,ok;split=train
D:/DATN/datasets/raw/roboflow_ocr_plate/train/images/5xemay242_jpg.rf.40eaf49713d7413b6501eea895426467.jpg,59Z127275,2,9,True,roboflow_ocr_plate,ok;split=train
D:/DATN/datasets/raw/roboflow_ocr_plate/train/images/5xemay2438_jpg.rf.f8c950e8b585675291bf5da068c2354d.jpg,77L100895,2,9,True,roboflow_ocr_plate,ok;split=train
D:/DATN/datasets/raw/roboflow_ocr_plate/train/images/5xemay253_jpg.rf.74eb875e799bb889b6ddd56fd4c1b109.jpg,59X281467,2,9,True,roboflow_ocr_plate,ok;split=train
D:/DATN/datasets/raw/roboflow_ocr_plate/train/images/5xemay255_jpg.rf.745f8ff913881d5449220ae65545d39c.jpg,59F114760,2,9,True,roboflow_ocr_plate,ok;split=train
D:/DATN/datasets/raw/roboflow_ocr_plate/train/images/5xemay26_jpg.rf.02fdae689380389cf1e82e39e5e53ac8.jpg,59F116711,2,9,True,roboflow_ocr_plate,ok;split=train
D:/DATN/datasets/raw/roboflow_ocr_plate/train/images/5xemay274_jpg.rf.1bf277d689f7f3737e6b7598f68b75e3.jpg,59C139780,2,9,True,roboflow_ocr_plate,ok;split=train
D:/DATN/datasets/raw/roboflow_ocr_plate/train/images/5xemay295_jpg.rf.96f8a6efde236fd694d036784ae843e0.jpg,59E164141,2,9,True,roboflow_ocr_plate,ok;split=train
D:/DATN/datasets/raw/roboflow_ocr_plate/train/images/5xemay296_jpg.rf.fac6a8e4a0578d58c5c73b5c8ee099e0.jpg,55X17546,2,8,True,roboflow_ocr_plate,ok;split=train
D:/DATN/datasets/raw/roboflow_ocr_plate/train/images/5xemay309_jpg.rf.ae37adfb8651ff85e6a7160f994333e8.jpg,59V187754,2,9,True,roboflow_ocr_plate,ok;split=train
D:/DATN/datasets/raw/roboflow_ocr_plate/train/images/5xemay324_jpg.rf.b9b397d46194779b479bddebfecbbd6f.jpg,59P231316,2,9,True,roboflow_ocr_plate,ok;split=train
D:/DATN/datasets/raw/roboflow_ocr_plate/train/images/5xemay325_jpg.rf.bc66998b35c1549face319f0977e2e70.jpg,59E125297,2,9,True,roboflow_ocr_plate,ok;split=train
D:/DATN/datasets/raw/roboflow_ocr_plate/train/images/5xemay340_jpg.rf.7e85fba933e5fbbccd7603cf4fd15beb.jpg,54P11782,2,8,True,roboflow_ocr_plate,ok;split=train
D:/DATN/datasets/raw/roboflow_ocr_plate/train/images/5xemay342_jpg.rf.1c5e03692c0f16b78d8c9c7485e33bb6.jpg,51L33664,2,8,True,roboflow_ocr_plate,ok;split=train
D:/DATN/datasets/raw/roboflow_ocr_plate/train/images/5xemay346_jpg.rf.9387f8f96c147a405f9f14a35d637895.jpg,59P220947,2,9,True,roboflow_ocr_plate,ok;split=train
D:/DATN/datasets/raw/roboflow_ocr_plate/train/images/5xemay367_jpg.rf.bc500f3dc744c66f115ef6c14684be91.jpg,59S168287,2,9,True,roboflow_ocr_plate,ok;split=train
D:/DATN/datasets/raw/roboflow_ocr_plate/train/images/5xemay406_jpg.rf.0ea61d7c90a57eda55fcfb2d77707e6e.jpg,79K78987,2,8,True,roboflow_ocr_plate,ok;split=train
D:/DATN/datasets/raw/roboflow_ocr_plate/train/images/5xemay40_jpg.rf.301fa0df0e5d9e376ce27176d0a30cad.jpg,85F100417,2,9,True,roboflow_ocr_plate,ok;split=train
D:/DATN/datasets/raw/roboflow_ocr_plate/train/images/5xemay450_jpg.rf.77f117b9d0ab155e1e1c584b1814885e.jpg,59C245633,2,9,True,roboflow_ocr_plate,ok;split=train
D:/DATN/datasets/raw/roboflow_ocr_plate/train/images/5xemay453_jpg.rf.ec02c63c7e0ea8cc00102100cf35596d.jpg,59X149369,2,9,True,roboflow_ocr_plate,ok;split=train
D:/DATN/datasets/raw/roboflow_ocr_plate/train/images/5xemay473_jpg.rf.8643450c45083baeec2e80f96851a0c2.jpg,49K107320,2,9,True,roboflow_ocr_plate,ok;split=train
D:/DATN/datasets/raw/roboflow_ocr_plate/train/images/5xemay491_jpg.rf.a0caf8125d9f089784d50455cc43e694.jpg,59C131162,2,9,True,roboflow_ocr_plate,ok;split=train
D:/DATN/datasets/raw/roboflow_ocr_plate/train/images/5xemay492_jpg.rf.244cb3b14046abd617e3796d4a57dc88.jpg,52T76433,2,8,True,roboflow_ocr_plate,ok;split=train
D:/DATN/datasets/raw/roboflow_ocr_plate/train/images/5xemay4_jpg.rf.64515f8a7f9cb9152c3570bbb2772a43.jpg,59T108264,2,9,True,roboflow_ocr_plate,ok;split=train
D:/DATN/datasets/raw/roboflow_ocr_plate/train/images/5xemay531_jpg.rf.ddc2dc8e8d139daf7543dfacb7fde8dc.jpg,55P62004,2,8,True,roboflow_ocr_plate,ok;split=train
D:/DATN/datasets/raw/roboflow_ocr_plate/train/images/5xemay541_jpg.rf.994ae0a34c691c3d063be5eae2c40569.jpg,63B132004,2,9,True,roboflow_ocr_plate,ok;split=train
D:/DATN/datasets/raw/roboflow_ocr_plate/train/images/5xemay550_jpg.rf.ea0fcc0b077fe8f86f4d3cb4fee9971b.jpg,59U157674,2,9,True,roboflow_ocr_plate,ok;split=train
D:/DATN/datasets/raw/roboflow_ocr_plate/train/images/5xemay563_jpg.rf.4879b91f576da112841937549fd331e6.jpg,59E119803,2,9,True,roboflow_ocr_plate,ok;split=train
D:/DATN/datasets/raw/roboflow_ocr_plate/train/images/5xemay576_jpg.rf.96255354461bc273f34d00b5bceb4c4e.jpg,56P25963,2,8,True,roboflow_ocr_plate,ok;split=train
D:/DATN/datasets/raw/roboflow_ocr_plate/train/images/5xemay580_jpg.rf.89b4a05222b7391327dc5b3f321d795b.jpg,63HH1295,2,8,True,roboflow_ocr_plate,ok;split=train
D:/DATN/datasets/raw/roboflow_ocr_plate/train/images/5xemay583_jpg.rf.5cb078c1e188a062805fb9be555333a6.jpg,59S195382,2,9,True,roboflow_ocr_plate,ok;split=train
D:/DATN/datasets/raw/roboflow_ocr_plate/train/images/5xemay597_jpg.rf.64217eda69297662ae914ed7bd6752fc.jpg,79U24621,2,8,True,roboflow_ocr_plate,ok;split=train
D:/DATN/datasets/raw/roboflow_ocr_plate/train/images/5xemay606_jpg.rf.da864acc384c15805e30188c92dfc550.jpg,59L205442,2,9,True,roboflow_ocr_plate,ok;split=train
D:/DATN/datasets/raw/roboflow_ocr_plate/train/images/5xemay620_jpg.rf.5c92852d950483cd468f68cc68121d4b.jpg,59L156722,2,9,True,roboflow_ocr_plate,ok;split=train
D:/DATN/datasets/raw/roboflow_ocr_plate/train/images/5xemay625_jpg.rf.0535f5bbe25e59c6a16dd9dcc71e6a0b.jpg,59P152639,2,9,True,roboflow_ocr_plate,ok;split=train
D:/DATN/datasets/raw/roboflow_ocr_plate/train/images/5xemay628_jpg.rf.c60e9f680195b86bfd177301aa9afffc.jpg,59T166153,2,9,True,roboflow_ocr_plate,ok;split=train
D:/DATN/datasets/raw/roboflow_ocr_plate/train/images/5xemay656_jpg.rf.128ccf44881da6802982f1ee16ab96bb.jpg,59E153127,2,9,True,roboflow_ocr_plate,ok;split=train
D:/DATN/datasets/raw/roboflow_ocr_plate/train/images/5xemay662_jpg.rf.a7ba29931149b4575f8cf0e3b1d87211.jpg,63B963040,2,9,True,roboflow_ocr_plate,ok;split=train
D:/DATN/datasets/raw/roboflow_ocr_plate/train/images/5xemay669_jpg.rf.5d5034b8d33532b89003c57ad28dfe8a.jpg,52F73880,2,8,True,roboflow_ocr_plate,ok;split=train
D:/DATN/datasets/raw/roboflow_ocr_plate/train/images/5xemay689_jpg.rf.bbfe61539b4930be9d27b49ba1d5d27c.jpg,59L116392,2,9,True,roboflow_ocr_plate,ok;split=train
D:/DATN/datasets/raw/roboflow_ocr_plate/train/images/5xemay695_jpg.rf.00ed523fd3e435beff975f8893d4ce0d.jpg,59X137438,2,9,True,roboflow_ocr_plate,ok;split=train
D:/DATN/datasets/raw/roboflow_ocr_plate/train/images/5xemay715_jpg.rf.72d793caf3ce99ee9de4fa56b44c6b39.jpg,16M90826,2,8,True,roboflow_ocr_plate,ok;split=train
D:/DATN/datasets/raw/roboflow_ocr_plate/train/images/5xemay726_jpg.rf.7b8fa55e02afb3e61c090606d249725c.jpg,60B337846,2,9,True,roboflow_ocr_plate,ok;split=train
D:/DATN/datasets/raw/roboflow_ocr_plate/train/images/5xemay733_jpg.rf.fb10474a6620f2b37d6fae30437cf186.jpg,59E153127,2,9,True,roboflow_ocr_plate,ok;split=train
D:/DATN/datasets/raw/roboflow_ocr_plate/train/images/5xemay734_jpg.rf.eadd4d27562adb2cbfc2a6cbf9e11c11.jpg,59B138559,2,9,True,roboflow_ocr_plate,ok;split=train
D:/DATN/datasets/raw/roboflow_ocr_plate/train/images/5xemay753_jpg.rf.1c92f20a5a8db2589a6792df95121e94.jpg,54Z12997,2,8,True,roboflow_ocr_plate,ok;split=train
D:/DATN/datasets/raw/roboflow_ocr_plate/train/images/5xemay767_jpg.rf.e1b0f77bf1a48fcc8b2c87c17933d7b8.jpg,59P192893,2,9,True,roboflow_ocr_plate,ok;split=train
D:/DATN/datasets/raw/roboflow_ocr_plate/train/images/5xemay804_jpg.rf.d9880b49339ea869343811fe4797208e.jpg,59F142819,2,9,True,roboflow_ocr_plate,ok;split=train
D:/DATN/datasets/raw/roboflow_ocr_plate/train/images/5xemay811_jpg.rf.5c1dc14b74ee42ef97579ef2770f992c.jpg,59L181006,2,9,True,roboflow_ocr_plate,ok;split=train
D:/DATN/datasets/raw/roboflow_ocr_plate/train/images/5xemay82_jpg.rf.f5ff3e1b6d5f7552941a22867bb59af3.jpg,86B341492,2,9,True,roboflow_ocr_plate,ok;split=train
D:/DATN/datasets/raw/roboflow_ocr_plate/train/images/5xemay851_jpg.rf.2b84fe1896fec634e78bc9ae8449bebb.jpg,59H135460,2,9,True,roboflow_ocr_plate,ok;split=train
D:/DATN/datasets/raw/roboflow_ocr_plate/train/images/5xemay863_jpg.rf.d9c3413172aada887b1e28c607fa20a2.jpg,59L211500,2,9,True,roboflow_ocr_plate,ok;split=train
D:/DATN/datasets/raw/roboflow_ocr_plate/train/images/5xemay868_jpg.rf.d08797f7a7116aef562d537e8a33f7b4.jpg,53Y35614,2,8,True,roboflow_ocr_plate,ok;split=train
D:/DATN/datasets/raw/roboflow_ocr_plate/train/images/5xemay86_jpg.rf.9b4ec424d9979eebaee900f3a215c35e.jpg,59F170424,2,9,True,roboflow_ocr_plate,ok;split=train
D:/DATN/datasets/raw/roboflow_ocr_plate/train/images/5xemay878_jpg.rf.48f9ab97eb2225abe0326754b8090fa8.jpg,49L101241,2,9,True,roboflow_ocr_plate,ok;split=train
D:/DATN/datasets/raw/roboflow_ocr_plate/train/images/5xemay889_jpg.rf.ca3db0aa813dfaa5b0bee558dd329218.jpg,59P186084,2,9,True,roboflow_ocr_plate,ok;split=train
D:/DATN/datasets/raw/roboflow_ocr_plate/train/images/5xemay891_jpg.rf.6e0eac45ddcf8a5b49892ba2e879861f.jpg,59C252795,2,9,True,roboflow_ocr_plate,ok;split=train
D:/DATN/datasets/raw/roboflow_ocr_plate/train/images/5xemay897_jpg.rf.0674dd12c20abbe38d1459709b557808.jpg,54P72138,2,8,True,roboflow_ocr_plate,ok;split=train
D:/DATN/datasets/raw/roboflow_ocr_plate/train/images/5xemay943_jpg.rf.ffceeeb6322b7a41b08e955fcd5a2b9c.jpg,59X255150,2,9,True,roboflow_ocr_plate,ok;split=train
D:/DATN/datasets/raw/roboflow_ocr_plate/train/images/5xemay959_jpg.rf.27701ce602738b781b475f756b234a52.jpg,54H35581,2,8,True,roboflow_ocr_plate,ok;split=train
D:/DATN/datasets/raw/roboflow_ocr_plate/train/images/5xemay961_jpg.rf.576f98fbc02ba99423f27b3405585702.jpg,67M120886,2,9,True,roboflow_ocr_plate,ok;split=train
D:/DATN/datasets/raw/roboflow_ocr_plate/train/images/5xemay969_jpg.rf.50113a0b8dac02dc60d1b6ad2f3bc9d3.jpg,67M59687,2,8,True,roboflow_ocr_plate,ok;split=train
D:/DATN/datasets/raw/roboflow_ocr_plate/train/images/5xemay982_jpg.rf.31cef24ba9d3db23312c01a2775bd744.jpg,59P178999,2,9,True,roboflow_ocr_plate,ok;split=train
D:/DATN/datasets/raw/roboflow_ocr_plate/train/images/6CarLongPlate114_jpg.rf.6457c2c3d131ecc2d7b093df9979ea6b.jpg,51F06532,1,8,True,roboflow_ocr_plate,ok;split=train
D:/DATN/datasets/raw/roboflow_ocr_plate/train/images/6CarLongPlate126_jpg.rf.f62f5723657c18f2912f53282868a62d.jpg,51A72078,1,8,True,roboflow_ocr_plate,ok;split=train
D:/DATN/datasets/raw/roboflow_ocr_plate/train/images/6CarLongPlate136_jpg.rf.a865606fd34dd061c227e2646f5e43ae.jpg,51A05227,1,8,True,roboflow_ocr_plate,ok;split=train
D:/DATN/datasets/raw/roboflow_ocr_plate/train/images/6CarLongPlate187_jpg.rf.b21e010fed408b98cc76b4c4212e08b8.jpg,51F59011,1,8,True,roboflow_ocr_plate,ok;split=train
D:/DATN/datasets/raw/roboflow_ocr_plate/train/images/6CarLongPlate199_jpg.rf.a0a698a48d4bbf5addd4b7dc54db532a.jpg,51G10096,1,8,True,roboflow_ocr_plate,ok;split=train
D:/DATN/datasets/raw/roboflow_ocr_plate/train/images/6CarLongPlate202_jpg.rf.153780b53fda80c8bb2037d577b53313.jpg,51A02923,1,8,True,roboflow_ocr_plate,ok;split=train
D:/DATN/datasets/raw/roboflow_ocr_plate/train/images/6CarLongPlate205_jpg.rf.4600cd01078144079b2a47aa9af0702d.jpg,51A16598,1,8,True,roboflow_ocr_plate,ok;split=train
D:/DATN/datasets/raw/roboflow_ocr_plate/train/images/6CarLongPlate22_jpg.rf.2db3d2cb66f580098b9e5af63e66fb4a.jpg,51G443131,1,9,True,roboflow_ocr_plate,ok;split=train
D:/DATN/datasets/raw/roboflow_ocr_plate/train/images/6CarLongPlate249_jpg.rf.52ba20211647d80a35f8f9c8ea6617b7.jpg,51G39466,1,8,True,roboflow_ocr_plate,ok;split=train
D:/DATN/datasets/raw/roboflow_ocr_plate/train/images/6CarLongPlate285_jpg.rf.e584382b753dfcf4e3d8272b4bc4742f.jpg,51A45974,1,8,True,roboflow_ocr_plate,ok;split=train
D:/DATN/datasets/raw/roboflow_ocr_plate/train/images/6CarLongPlate321_jpg.rf.344417fe6fa69738377a1c06a19ef03a.jpg,51A16598,1,8,True,roboflow_ocr_plate,ok;split=train
D:/DATN/datasets/raw/roboflow_ocr_plate/train/images/6CarLongPlate322_jpg.rf.bab538b90070141bfda153672eb20fff.jpg,51G49539,1,8,True,roboflow_ocr_plate,ok;split=train
D:/DATN/datasets/raw/roboflow_ocr_plate/train/images/6CarLongPlate353_jpg.rf.5537ead22b971ff03499ed1f69d6af78.jpg,62A05772,1,8,True,roboflow_ocr_plate,ok;split=train
D:/DATN/datasets/raw/roboflow_ocr_plate/train/images/6CarLongPlate376_jpg.rf.e9e9e30b43ba2ed20d8b29b134d0eece.jpg,51F24403,1,8,True,roboflow_ocr_plate,ok;split=train
D:/DATN/datasets/raw/roboflow_ocr_plate/train/images/6CarLongPlate412_jpg.rf.eaec8b6615c59d693de0d85044e04de7.jpg,51F68784,1,8,True,roboflow_ocr_plate,ok;split=train
D:/DATN/datasets/raw/roboflow_ocr_plate/train/images/6CarLongPlate445_jpg.rf.59ae9311b79727bbbe334cde8df8abbf.jpg,51G51936,1,8,True,roboflow_ocr_plate,ok;split=train
D:/DATN/datasets/raw/roboflow_ocr_plate/train/images/6CarLongPlate463_jpg.rf.2fcc9546cc9299acd7532dccc6c2df27.jpg,51A96141,1,8,True,roboflow_ocr_plate,ok;split=train
D:/DATN/datasets/raw/roboflow_ocr_plate/train/images/6CarLongPlate470_jpg.rf.20b30a02f54db23bbe6a3a6320d58ff5.jpg,51G51008,1,8,True,roboflow_ocr_plate,ok;split=train
D:/DATN/datasets/raw/roboflow_ocr_plate/train/images/6CarLongPlate501_jpg.rf.d06eefc82965994df4875ce599bba86e.jpg,51F73420,1,8,True,roboflow_ocr_plate,ok;split=train
D:/DATN/datasets/raw/roboflow_ocr_plate/train/images/6CarLongPlate506_jpg.rf.9629d34d635ad9da8782ac69d5816d60.jpg,51F24476,1,8,True,roboflow_ocr_plate,ok;split=train
D:/DATN/datasets/raw/roboflow_ocr_plate/train/images/6CarLongPlate536_jpg.rf.45c9e5f96b9821865e7d578faa1daf57.jpg,51F07973,1,8,True,roboflow_ocr_plate,ok;split=train
D:/DATN/datasets/raw/roboflow_ocr_plate/train/images/6CarLongPlate543_jpg.rf.c971f0ffb5356592fbd1128d1f33c77a.jpg,51A77529,1,8,True,roboflow_ocr_plate,ok;split=train
D:/DATN/datasets/raw/roboflow_ocr_plate/train/images/6CarLongPlate585_jpg.rf.59e3a710902908fdf17c41b86a02d649.jpg,51A96141,1,8,True,roboflow_ocr_plate,ok;split=train
D:/DATN/datasets/raw/roboflow_ocr_plate/train/images/6CarLongPlate632_jpg.rf.09d7f0a6c933824abd7d468e81d8df82.jpg,50LD04411,1,9,True,roboflow_ocr_plate,ok;split=train
D:/DATN/datasets/raw/roboflow_ocr_plate/train/images/6CarLongPlate638_jpg.rf.058ba4867e48c6e883b8329caeea8d53.jpg,51F63034,1,8,True,roboflow_ocr_plate,ok;split=train
D:/DATN/datasets/raw/roboflow_ocr_plate/train/images/6CarLongPlate64_jpg.rf.59ac608f32d356adc96a1eda321d672f.jpg,56S4698,1,7,True,roboflow_ocr_plate,ok;split=train
D:/DATN/datasets/raw/roboflow_ocr_plate/train/images/6CarLongPlate668_jpg.rf.b2175c9c1cef707eafc04fa7db19a75c.jpg,51F07973,1,8,True,roboflow_ocr_plate,ok;split=train
D:/DATN/datasets/raw/roboflow_ocr_plate/train/images/6CarLongPlate687_jpg.rf.971d7ab8e4bf73086715a9bab2b37ad4.jpg,51F16159,1,8,True,roboflow_ocr_plate,ok;split=train
D:/DATN/datasets/raw/roboflow_ocr_plate/train/images/6CarLongPlate702_jpg.rf.d5a0f30e25ab4bf4bbc55563656d8384.jpg,51A60216,1,8,True,roboflow_ocr_plate,ok;split=train
D:/DATN/datasets/raw/roboflow_ocr_plate/train/images/6CarLongPlate732_jpg.rf.e422d6b63a827d99fbd73d7745b8f905.jpg,60A35981,1,8,True,roboflow_ocr_plate,ok;split=train
D:/DATN/datasets/raw/roboflow_ocr_plate/train/images/6CarLongPlate740_jpg.rf.8f1f57586ce85325093a3cd19d68d612.jpg,61A30001,1,8,True,roboflow_ocr_plate,ok;split=train
D:/DATN/datasets/raw/roboflow_ocr_plate/train/images/6CarLongPlate743_jpg.rf.c04caea91f22ccd9c4dcf1bfa95c1292.jpg,51F02687,1,8,True,roboflow_ocr_plate,ok;split=train
D:/DATN/datasets/raw/roboflow_ocr_plate/train/images/6CarLongPlate755_jpg.rf.74270423e38479a9d364740784c1a3a0.jpg,51G49160,1,8,True,roboflow_ocr_plate,ok;split=train
D:/DATN/datasets/raw/roboflow_ocr_plate/train/images/6CarLongPlate762_jpg.rf.fc7ea3c3eca3e6086c53f2d64d4fdc15.jpg,50LD04411,1,9,True,roboflow_ocr_plate,ok;split=train
D:/DATN/datasets/raw/roboflow_ocr_plate/train/images/6CarLongPlate776_jpg.rf.2474df9f4fb11a6ec1870ee440d09e4d.jpg,48A05177,1,8,True,roboflow_ocr_plate,ok;split=train
D:/DATN/datasets/raw/roboflow_ocr_plate/train/images/6CarLongPlate803_jpg.rf.2ab97940ac06fbe6dd12bbf1a520ef97.jpg,51F44614,1,8,True,roboflow_ocr_plate,ok;split=train
D:/DATN/datasets/raw/roboflow_ocr_plate/train/images/6CarLongPlate805_jpg.rf.522f94452e5b68e9b37b2bbf2edf361b.jpg,51G51008,1,8,True,roboflow_ocr_plate,ok;split=train
D:/DATN/datasets/raw/roboflow_ocr_plate/train/images/6CarLongPlate817_jpg.rf.286f2340d6bcc9d81faf4e85be768862.jpg,51F07973,1,8,True,roboflow_ocr_plate,ok;split=train
D:/DATN/datasets/raw/roboflow_ocr_plate/train/images/6CarLongPlate821_jpg.rf.0ee1bcee1bc39770d0cf86b6c9e59478.jpg,51A55433,1,8,True,roboflow_ocr_plate,ok;split=train
D:/DATN/datasets/raw/roboflow_ocr_plate/train/images/6CarLongPlate830_jpg.rf.b9d84883c1df30fc29fea223e818de88.jpg,51G10209,1,8,True,roboflow_ocr_plate,ok;split=train
D:/DATN/datasets/raw/roboflow_ocr_plate/train/images/6CarLongPlate832_jpg.rf.c6555fc489e12ca1df9af2940d4a9319.jpg,51G51008,1,8,True,roboflow_ocr_plate,ok;split=train
D:/DATN/datasets/raw/roboflow_ocr_plate/train/images/6CarLongPlate843_jpg.rf.153f47638314805f18b4b15c40e771b2.jpg,59D231916,2,9,True,roboflow_ocr_plate,ok;split=train
D:/DATN/datasets/raw/roboflow_ocr_plate/train/images/6CarLongPlate867_jpg.rf.46c4500083f57851b96bf598b30711e8.jpg,61A22959,1,8,True,roboflow_ocr_plate,ok;split=train
D:/DATN/datasets/raw/roboflow_ocr_plate/train/images/6CarLongPlate882_jpg.rf.d1bc42eaa559ce0a1cec80234ecf8a6b.jpg,51F77836,1,8,True,roboflow_ocr_plate,ok;split=train
D:/DATN/datasets/raw/roboflow_ocr_plate/train/images/6CarLongPlate890_jpg.rf.a9f245406d9cbeb20bbd0c7e1a02022a.jpg,51A89714,1,8,True,roboflow_ocr_plate,ok;split=train
D:/DATN/datasets/raw/roboflow_ocr_plate/train/images/6CarLongPlate899_jpg.rf.3b65ff69c26880c96d1f881c63dbd905.jpg,51A75932,1,8,True,roboflow_ocr_plate,ok;split=train
D:/DATN/datasets/raw/roboflow_ocr_plate/train/images/6CarLongPlate915_jpg.rf.41b749e2a9414f50c7e8f07b971dcc2c.jpg,51A05227,1,8,True,roboflow_ocr_plate,ok;split=train
D:/DATN/datasets/raw/roboflow_ocr_plate/train/images/6CarLongPlate944_jpg.rf.f0f8b4ba82fa4bef3f32bd78c824c66a.jpg,51A96141,1,8,True,roboflow_ocr_plate,ok;split=train
D:/DATN/datasets/raw/roboflow_ocr_plate/train/images/6CarLongPlate948_jpg.rf.60528b8a7edd03eea4c90b9f1174987d.jpg,51A96141,1,8,True,roboflow_ocr_plate,ok;split=train
D:/DATN/datasets/raw/roboflow_ocr_plate/train/images/6CarLongPlate954_jpg.rf.64e0403288a4ae468a62c893f5ad66c8.jpg,51G51332,1,8,True,roboflow_ocr_plate,ok;split=train
D:/DATN/datasets/raw/roboflow_ocr_plate/train/images/6CarLongPlate978_jpg.rf.a274d222f180e5c3215a2a129b40a1c0.jpg,51G37307,1,8,True,roboflow_ocr_plate,ok;split=train
D:/DATN/datasets/raw/roboflow_ocr_plate/train/images/6CarLongPlate982_jpg.rf.75ad0863b2849580cc752f0f181f7ab7.jpg,51F13251,1,8,True,roboflow_ocr_plate,ok;split=train
D:/DATN/datasets/raw/roboflow_ocr_plate/train/images/6CarLongPlate992_jpg.rf.571a8f767ae9933dfd02b258cc4ae9e0.jpg,51F58214,1,8,True,roboflow_ocr_plate,ok;split=train
D:/DATN/datasets/raw/roboflow_ocr_plate/train/images/6xemay10_jpg.rf.2184946c7847ca93fb34ff91d981b76c.jpg,59H154986,2,9,True,roboflow_ocr_plate,ok;split=train
D:/DATN/datasets/raw/roboflow_ocr_plate/train/images/6xemay114_jpg.rf.dafa6d8998a1bbaa9205844cf1c31899.jpg,59H153561,2,9,True,roboflow_ocr_plate,ok;split=train
D:/DATN/datasets/raw/roboflow_ocr_plate/train/images/6xemay118_jpg.rf.56c0118376e185090ef5604b90da39f2.jpg,63Y10200,2,8,True,roboflow_ocr_plate,ok;split=train
D:/DATN/datasets/raw/roboflow_ocr_plate/train/images/6xemay135_jpg.rf.ab440b93654b0577aa58b22aca42f869.jpg,59T177207,2,9,True,roboflow_ocr_plate,ok;split=train
D:/DATN/datasets/raw/roboflow_ocr_plate/train/images/6xemay138_jpg.rf.4e3136202461f5cdf0ad4912194c7c7f.jpg,59F149271,2,9,True,roboflow_ocr_plate,ok;split=train
D:/DATN/datasets/raw/roboflow_ocr_plate/train/images/6xemay143_jpg.rf.7b29834374ebc474ff5ed89227f5115e.jpg,72F120613,2,9,True,roboflow_ocr_plate,ok;split=train
D:/DATN/datasets/raw/roboflow_ocr_plate/train/images/6xemay145_jpg.rf.5b6fe1caf778a0680cac9071ab280f60.jpg,59F149271,2,9,True,roboflow_ocr_plate,ok;split=train
D:/DATN/datasets/raw/roboflow_ocr_plate/train/images/6xemay151_jpg.rf.1977aec66b6ae91fefd499412d494511.jpg,59P220947,2,9,True,roboflow_ocr_plate,ok;split=train
D:/DATN/datasets/raw/roboflow_ocr_plate/train/images/6xemay165_jpg.rf.c60061f11ef373dde7fcddf87643a688.jpg,59G133671,2,9,True,roboflow_ocr_plate,ok;split=train
D:/DATN/datasets/raw/roboflow_ocr_plate/train/images/6xemay171_jpg.rf.a43f080061fe7c2e8e7c3efe3a870cad.jpg,82K37689,2,8,True,roboflow_ocr_plate,ok;split=train
D:/DATN/datasets/raw/roboflow_ocr_plate/train/images/6xemay178_jpg.rf.3c72f3bab2df405499f062a01d313ed8.jpg,60B325220,2,9,True,roboflow_ocr_plate,ok;split=train
D:/DATN/datasets/raw/roboflow_ocr_plate/train/images/6xemay180_jpg.rf.3991f83bfa4b20e540c9b4d63d0bd071.jpg,51S84605,2,8,True,roboflow_ocr_plate,ok;split=train
D:/DATN/datasets/raw/roboflow_ocr_plate/train/images/6xemay181_jpg.rf.db48e01dfbafa9b0abb5a63f73f94089.jpg,59P133202,2,9,True,roboflow_ocr_plate,ok;split=train
D:/DATN/datasets/raw/roboflow_ocr_plate/train/images/6xemay185_jpg.rf.c16a087989c54fe7fb6fa4d7524fb7d8.jpg,71B158070,2,9,True,roboflow_ocr_plate,ok;split=train
D:/DATN/datasets/raw/roboflow_ocr_plate/train/images/6xemay18_jpg.rf.96facdfc7e9c285ec3353c29f6f1c10b.jpg,37H107918,2,9,True,roboflow_ocr_plate,ok;split=train
D:/DATN/datasets/raw/roboflow_ocr_plate/train/images/6xemay191_jpg.rf.27098242ed7bd556f303a5c4178b2c39.jpg,72F120741,2,9,True,roboflow_ocr_plate,ok;split=train
D:/DATN/datasets/raw/roboflow_ocr_plate/train/images/6xemay193_jpg.rf.1094121afc8325de99f0e61cc24cf12a.jpg,59N187515,2,9,True,roboflow_ocr_plate,ok;split=train
D:/DATN/datasets/raw/roboflow_ocr_plate/train/images/6xemay196_jpg.rf.58fdf30b19c5ad51c008e6492b2dbb80.jpg,51Z30606,2,8,True,roboflow_ocr_plate,ok;split=train
D:/DATN/datasets/raw/roboflow_ocr_plate/train/images/6xemay197_jpg.rf.d6f980a329a59ebdd799f4b460f25679.jpg,54L39902,2,8,True,roboflow_ocr_plate,ok;split=train
D:/DATN/datasets/raw/roboflow_ocr_plate/train/images/6xemay199_jpg.rf.904db4f00ba5eb6a8856ffb7bb087268.jpg,54S55036,2,8,True,roboflow_ocr_plate,ok;split=train
D:/DATN/datasets/raw/roboflow_ocr_plate/train/images/6xemay203_jpg.rf.b2c2decea221829927f3bb7d97f43ed9.jpg,59C211894,2,9,True,roboflow_ocr_plate,ok;split=train
D:/DATN/datasets/raw/roboflow_ocr_plate/train/images/6xemay208_jpg.rf.54b9505600b6758750ef255368dc212b.jpg,59F175291,2,9,True,roboflow_ocr_plate,ok;split=train
D:/DATN/datasets/raw/roboflow_ocr_plate/train/images/6xemay20_jpg.rf.a5dbabc69393f763d1770a4f107db9bd.jpg,51F84779,2,8,True,roboflow_ocr_plate,ok;split=train
D:/DATN/datasets/raw/roboflow_ocr_plate/train/images/6xemay213_jpg.rf.6b828fbf836fe96b892e2d7430b39742.jpg,54T56168,2,8,True,roboflow_ocr_plate,ok;split=train
D:/DATN/datasets/raw/roboflow_ocr_plate/train/images/6xemay214_jpg.rf.5320998af5b386d846107cadf61d8106.jpg,54V58964,2,8,True,roboflow_ocr_plate,ok;split=train
D:/DATN/datasets/raw/roboflow_ocr_plate/train/images/6xemay215_jpg.rf.41ff1b9b8a33a7ec42ec43911f27c986.jpg,79H120023,2,9,True,roboflow_ocr_plate,ok;split=train
D:/DATN/datasets/raw/roboflow_ocr_plate/train/images/6xemay219_jpg.rf.a816d3274c0803008891d2eea8baa8f1.jpg,59H197582,2,9,True,roboflow_ocr_plate,ok;split=train
D:/DATN/datasets/raw/roboflow_ocr_plate/train/images/6xemay223_jpg.rf.edf9c77cffb99efd5968e0b752ad0e0f.jpg,67B140833,2,9,True,roboflow_ocr_plate,ok;split=train
D:/DATN/datasets/raw/roboflow_ocr_plate/train/images/6xemay227_jpg.rf.6d58f51bb770fdc1f2e0bdb195bf71be.jpg,59U156141,2,9,True,roboflow_ocr_plate,ok;split=train
D:/DATN/datasets/raw/roboflow_ocr_plate/train/images/6xemay240_jpg.rf.5c28585f34d21d7dc6a64843d9b10b45.jpg,59S159484,2,9,True,roboflow_ocr_plate,ok;split=train
D:/DATN/datasets/raw/roboflow_ocr_plate/train/images/6xemay244_jpg.rf.81997576de0f13fc9e75a3447fe3f4e0.jpg,59Y142323,2,9,True,roboflow_ocr_plate,ok;split=train
D:/DATN/datasets/raw/roboflow_ocr_plate/train/images/6xemay245_jpg.rf.3324babffc5ef79a0e5944fad0b7026b.jpg,59L229477,2,9,True,roboflow_ocr_plate,ok;split=train
D:/DATN/datasets/raw/roboflow_ocr_plate/train/images/6xemay247_jpg.rf.609544b844b772d122900bb8557d93c0.jpg,59E164141,2,9,True,roboflow_ocr_plate,ok;split=train
D:/DATN/datasets/raw/roboflow_ocr_plate/train/images/6xemay249_jpg.rf.8f2b69b50a51606b1f38d587a529207d.jpg,76V63429,2,8,True,roboflow_ocr_plate,ok;split=train
D:/DATN/datasets/raw/roboflow_ocr_plate/train/images/6xemay263_jpg.rf.01aa4c9fbdd7dd4a9f95af314b81f39c.jpg,59V215800,2,9,True,roboflow_ocr_plate,ok;split=train
D:/DATN/datasets/raw/roboflow_ocr_plate/train/images/6xemay266_jpg.rf.6435bf25b38e99448f98506ce34122ab.jpg,51L82105,2,8,True,roboflow_ocr_plate,ok;split=train
D:/DATN/datasets/raw/roboflow_ocr_plate/train/images/6xemay275_jpg.rf.a75e377127057d3a062343e33f536fa5.jpg,60C232301,2,9,True,roboflow_ocr_plate,ok;split=train
D:/DATN/datasets/raw/roboflow_ocr_plate/train/images/6xemay280_jpg.rf.35d513a8e1cb2224736e589c0ce20f03.jpg,59T161654,2,9,True,roboflow_ocr_plate,ok;split=train
D:/DATN/datasets/raw/roboflow_ocr_plate/train/images/6xemay286_jpg.rf.53ae0713c9eb170424da6f3804bb7258.jpg,59C25920,2,8,True,roboflow_ocr_plate,ok;split=train
D:/DATN/datasets/raw/roboflow_ocr_plate/train/images/6xemay287_jpg.rf.ec54c9ec3c3e28dfc12bf3f0290d6689.jpg,54Y38211,2,8,True,roboflow_ocr_plate,ok;split=train
D:/DATN/datasets/raw/roboflow_ocr_plate/train/images/6xemay29_jpg.rf.eec3fb2f5a4c37b1b849aa8fdbde1663.jpg,77F130541,2,9,True,roboflow_ocr_plate,ok;split=train
D:/DATN/datasets/raw/roboflow_ocr_plate/train/images/6xemay30_jpg.rf.64d427f24195fe0ca0b93fa931c343e3.jpg,59V184031,2,9,True,roboflow_ocr_plate,ok;split=train
D:/DATN/datasets/raw/roboflow_ocr_plate/train/images/6xemay310_jpg.rf.f4236ce9481e39b40f73800b395475d7.jpg,59S111289,2,9,True,roboflow_ocr_plate,ok;split=train
D:/DATN/datasets/raw/roboflow_ocr_plate/train/images/6xemay316_jpg.rf.f57bfed9dfd112506d3229fbe2dcccc4.jpg,72F120741,2,9,True,roboflow_ocr_plate,ok;split=train
D:/DATN/datasets/raw/roboflow_ocr_plate/train/images/6xemay318_jpg.rf.e05ffdfd750373bb971e84087256e97b.jpg,85B117851,2,9,True,roboflow_ocr_plate,ok;split=train
D:/DATN/datasets/raw/roboflow_ocr_plate/train/images/6xemay331_jpg.rf.a6012a402f62ca72e1a221e3df7e3183.jpg,71C236423,2,9,True,roboflow_ocr_plate,ok;split=train
D:/DATN/datasets/raw/roboflow_ocr_plate/train/images/6xemay334_jpg.rf.f8d0048ad9a4fa9e2b5febefef3b8274.jpg,93P117409,2,9,True,roboflow_ocr_plate,ok;split=train
D:/DATN/datasets/raw/roboflow_ocr_plate/train/images/6xemay336_jpg.rf.fd1014d79e96808c4404bc4ca261b6eb.jpg,66P15967,2,8,True,roboflow_ocr_plate,ok;split=train
D:/DATN/datasets/raw/roboflow_ocr_plate/train/images/6xemay33_jpg.rf.089c65a90135e6f90c8b547054e2c0b8.jpg,67C105355,2,9,True,roboflow_ocr_plate,ok;split=train
D:/DATN/datasets/raw/roboflow_ocr_plate/train/images/6xemay343_jpg.rf.634c4be10b75b7f97e58375e62a0e8e0.jpg,72L21703,2,8,True,roboflow_ocr_plate,ok;split=train
D:/DATN/datasets/raw/roboflow_ocr_plate/train/images/6xemay349_jpg.rf.552dc90251458c7d71f6c15a9b459784.jpg,59T153668,2,9,True,roboflow_ocr_plate,ok;split=train
D:/DATN/datasets/raw/roboflow_ocr_plate/train/images/6xemay34_jpg.rf.2270602d5cb954295c1f190a4a753d5b.jpg,63B957926,2,9,True,roboflow_ocr_plate,ok;split=train
D:/DATN/datasets/raw/roboflow_ocr_plate/train/images/6xemay352_jpg.rf.b06ba4e55b49895c4005a3ed87249c18.jpg,52F64378,2,8,True,roboflow_ocr_plate,ok;split=train
D:/DATN/datasets/raw/roboflow_ocr_plate/train/images/6xemay353_jpg.rf.cb7def766ce3b8acfeedee5c6ff041aa.jpg,38Z10084,2,8,True,roboflow_ocr_plate,ok;split=train
D:/DATN/datasets/raw/roboflow_ocr_plate/train/images/6xemay35_jpg.rf.30c06164e2ad2e31bb70f46bee28c28c.jpg,59N169575,2,9,True,roboflow_ocr_plate,ok;split=train
D:/DATN/datasets/raw/roboflow_ocr_plate/train/images/6xemay366_jpg.rf.05367088538ebb637a8bcafa2946b744.jpg,59E108058,2,9,True,roboflow_ocr_plate,ok;split=train
D:/DATN/datasets/raw/roboflow_ocr_plate/train/images/6xemay368_jpg.rf.3d603f4058416d448915bed789da9b45.jpg,59L159150,2,9,True,roboflow_ocr_plate,ok;split=train
D:/DATN/datasets/raw/roboflow_ocr_plate/train/images/6xemay375_jpg.rf.e92cdeb2222c98df3f1295866be7d0c3.jpg,95DB01179,2,9,True,roboflow_ocr_plate,ok;split=train
D:/DATN/datasets/raw/roboflow_ocr_plate/train/images/6xemay37_jpg.rf.7d6527e2bca98576ad7b6f761eb9ee72.jpg,66G115723,2,9,True,roboflow_ocr_plate,ok;split=train
D:/DATN/datasets/raw/roboflow_ocr_plate/train/images/6xemay380_jpg.rf.13040f17559e64896fe019d891afcf36.jpg,70SA0367,2,8,True,roboflow_ocr_plate,ok;split=train
D:/DATN/datasets/raw/roboflow_ocr_plate/train/images/6xemay382_jpg.rf.b4b71d4892bf49080555217a4c088a74.jpg,79N160529,2,9,True,roboflow_ocr_plate,ok;split=train
D:/DATN/datasets/raw/roboflow_ocr_plate/train/images/6xemay402_jpg.rf.d4346d3f73e8debcb2b4a1c716cec6ee.jpg,59V159716,2,9,True,roboflow_ocr_plate,ok;split=train
D:/DATN/datasets/raw/roboflow_ocr_plate/train/images/6xemay407_jpg.rf.d88bcf49cf698a62f30a1e7b9bf6b8c9.jpg,59L231395,2,9,True,roboflow_ocr_plate,ok;split=train
D:/DATN/datasets/raw/roboflow_ocr_plate/train/images/6xemay421_jpg.rf.4db6439220351703104ace118568bb7e.jpg,81B161386,2,9,True,roboflow_ocr_plate,ok;split=train
D:/DATN/datasets/raw/roboflow_ocr_plate/train/images/6xemay422_jpg.rf.9a37bc63be9d17fc2d9ec7a08028c5ba.jpg,59N125521,2,9,True,roboflow_ocr_plate,ok;split=train
D:/DATN/datasets/raw/roboflow_ocr_plate/train/images/6xemay425_jpg.rf.fae34fc69712da21dc3fdcdc54515201.jpg,59T128966,2,9,True,roboflow_ocr_plate,ok;split=train
D:/DATN/datasets/raw/roboflow_ocr_plate/train/images/6xemay426_jpg.rf.cc65884a4e08861d9d7ed0200226ed64.jpg,59F156129,2,9,True,roboflow_ocr_plate,ok;split=train
D:/DATN/datasets/raw/roboflow_ocr_plate/train/images/6xemay427_jpg.rf.017a03b31e3343bb5760ffb23040d2a1.jpg,59C230513,2,9,True,roboflow_ocr_plate,ok;split=train
D:/DATN/datasets/raw/roboflow_ocr_plate/train/images/6xemay440_jpg.rf.7959b0be56f80a41c3d62db1029c9975.jpg,59X277399,2,9,True,roboflow_ocr_plate,ok;split=train
D:/DATN/datasets/raw/roboflow_ocr_plate/train/images/6xemay442_jpg.rf.b9491e848c668a4fa5a5060d4ee822c0.jpg,59G187671,2,9,True,roboflow_ocr_plate,ok;split=train
D:/DATN/datasets/raw/roboflow_ocr_plate/train/images/6xemay444_jpg.rf.4166b5259f412759f3f7eb7ac7906d55.jpg,56P19074,2,8,True,roboflow_ocr_plate,ok;split=train
D:/DATN/datasets/raw/roboflow_ocr_plate/train/images/6xemay446_jpg.rf.72b30c2da142527529a6e41cab0d95f5.jpg,59K162404,2,9,True,roboflow_ocr_plate,ok;split=train
D:/DATN/datasets/raw/roboflow_ocr_plate/train/images/6xemay449_jpg.rf.e3bb470baf153fd652ec6f7750fe9880.jpg,59P224979,2,9,True,roboflow_ocr_plate,ok;split=train
D:/DATN/datasets/raw/roboflow_ocr_plate/train/images/6xemay44_jpg.rf.1f6fdaed2861e56848c95801a3c44efc.jpg,81B126810,2,9,True,roboflow_ocr_plate,ok;split=train
D:/DATN/datasets/raw/roboflow_ocr_plate/train/images/6xemay451_jpg.rf.39faae2d38eddd73db6bbbfca3614df2.jpg,83H66954,2,8,True,roboflow_ocr_plate,ok;split=train
D:/DATN/datasets/raw/roboflow_ocr_plate/train/images/6xemay455_jpg.rf.fd2aaa20e52bfa170c83f3b2103de265.jpg,59X235479,2,9,True,roboflow_ocr_plate,ok;split=train
D:/DATN/datasets/raw/roboflow_ocr_plate/train/images/6xemay456_jpg.rf.e743a6244bdde3376263df62e5366343.jpg,59L194176,2,9,True,roboflow_ocr_plate,ok;split=train
D:/DATN/datasets/raw/roboflow_ocr_plate/train/images/6xemay457_jpg.rf.c821f76f2200607fe52d8de041c48461.jpg,59P201920,2,9,True,roboflow_ocr_plate,ok;split=train
D:/DATN/datasets/raw/roboflow_ocr_plate/train/images/6xemay458_jpg.rf.c631b4a623476eb62bdc5d545549fe8f.jpg,59V200884,2,9,True,roboflow_ocr_plate,ok;split=train
D:/DATN/datasets/raw/roboflow_ocr_plate/train/images/6xemay461_jpg.rf.d5eaf6291ebf773cb42e2dc8ff900d2a.jpg,54S73211,2,8,True,roboflow_ocr_plate,ok;split=train
D:/DATN/datasets/raw/roboflow_ocr_plate/train/images/6xemay463_jpg.rf.e7cc226a9f41dc369c98aa15e2507956.jpg,59D200428,2,9,True,roboflow_ocr_plate,ok;split=train
D:/DATN/datasets/raw/roboflow_ocr_plate/train/images/6xemay464_jpg.rf.d07d507ceedb14616ad31e52731c6c98.jpg,49H71975,2,8,True,roboflow_ocr_plate,ok;split=train
D:/DATN/datasets/raw/roboflow_ocr_plate/train/images/6xemay470_jpg.rf.5933ed6ad7d7ac9e0d296ccbd758fe9c.jpg,59C132428,2,9,True,roboflow_ocr_plate,ok;split=train
D:/DATN/datasets/raw/roboflow_ocr_plate/train/images/6xemay472_jpg.rf.d45ce3ec543ebd78d4cffd0513ed1335.jpg,59L213938,2,9,True,roboflow_ocr_plate,ok;split=train
D:/DATN/datasets/raw/roboflow_ocr_plate/train/images/6xemay477_jpg.rf.1bcabcd9cec2badc792475b35c355920.jpg,50HB2282,2,8,True,roboflow_ocr_plate,ok;split=train
D:/DATN/datasets/raw/roboflow_ocr_plate/train/images/6xemay480_jpg.rf.40b4f81b4d29630c6b255473f4290613.jpg,59E134192,2,9,True,roboflow_ocr_plate,ok;split=train
D:/DATN/datasets/raw/roboflow_ocr_plate/train/images/6xemay481_jpg.rf.64a563015be52c952a39256533e2a483.jpg,59T184807,2,9,True,roboflow_ocr_plate,ok;split=train
D:/DATN/datasets/raw/roboflow_ocr_plate/train/images/6xemay487_jpg.rf.c08a5cdec3d2fd62e6293e77359d098c.jpg,62V16814,2,8,True,roboflow_ocr_plate,ok;split=train
D:/DATN/datasets/raw/roboflow_ocr_plate/train/images/6xemay493_jpg.rf.58000d41f10cfc68a1eabfee068209cf.jpg,70G113509,2,9,True,roboflow_ocr_plate,ok;split=train
D:/DATN/datasets/raw/roboflow_ocr_plate/train/images/6xemay496_jpg.rf.712821a793935927f6f937a45f42ca7f.jpg,71H19657,2,8,True,roboflow_ocr_plate,ok;split=train
D:/DATN/datasets/raw/roboflow_ocr_plate/train/images/6xemay500_jpg.rf.ee68cba0c8bd452cb09fb44a52c9afb1.jpg,94D104771,2,9,True,roboflow_ocr_plate,ok;split=train
D:/DATN/datasets/raw/roboflow_ocr_plate/train/images/6xemay503_jpg.rf.dfa2d7ae4bfa6a4fe62df28526b66b1f.jpg,59V200884,2,9,True,roboflow_ocr_plate,ok;split=train
D:/DATN/datasets/raw/roboflow_ocr_plate/train/images/6xemay508_jpg.rf.b2d9a1f46d166c86f614e1ccf93d0d28.jpg,51S25013,2,8,True,roboflow_ocr_plate,ok;split=train
D:/DATN/datasets/raw/roboflow_ocr_plate/train/images/6xemay510_jpg.rf.c817c9102b3ff5165c0214863e22f63c.jpg,59L191651,2,9,True,roboflow_ocr_plate,ok;split=train
D:/DATN/datasets/raw/roboflow_ocr_plate/train/images/6xemay515_jpg.rf.027ec534c5cd27f529a8122a6c0166c1.jpg,60B325220,2,9,True,roboflow_ocr_plate,ok;split=train
D:/DATN/datasets/raw/roboflow_ocr_plate/train/images/6xemay516_jpg.rf.9190b771bbf3416dc30d2e736c44c0ae.jpg,48B128807,2,9,True,roboflow_ocr_plate,ok;split=train
D:/DATN/datasets/raw/roboflow_ocr_plate/train/images/6xemay524_jpg.rf.34e15fcaa89978ecc0bcf8997287ebf2.jpg,59P112875,2,9,True,roboflow_ocr_plate,ok;split=train
D:/DATN/datasets/raw/roboflow_ocr_plate/train/images/6xemay528_jpg.rf.67cddddf61308af22a3fe7f6810224b6.jpg,59V189158,2,9,True,roboflow_ocr_plate,ok;split=train
D:/DATN/datasets/raw/roboflow_ocr_plate/train/images/6xemay529_jpg.rf.8aa8d4eb04501d0282548df1d569c07c.jpg,59H160077,2,9,True,roboflow_ocr_plate,ok;split=train
D:/DATN/datasets/raw/roboflow_ocr_plate/train/images/6xemay52_jpg.rf.e5a1c1f8d0d02c3edb02e2a954c34fed.jpg,68H74213,2,8,True,roboflow_ocr_plate,ok;split=train
D:/DATN/datasets/raw/roboflow_ocr_plate/train/images/6xemay534_jpg.rf.de2e46a7f8f6e70d32fab21c7d21ff7e.jpg,59D143391,2,9,True,roboflow_ocr_plate,ok;split=train
D:/DATN/datasets/raw/roboflow_ocr_plate/train/images/6xemay535_jpg.rf.41f0c88902082c58188f3b407329594b.jpg,64K47483,2,8,True,roboflow_ocr_plate,ok;split=train
D:/DATN/datasets/raw/roboflow_ocr_plate/train/images/6xemay538_jpg.rf.8f8e4052d3543e288ea784f682fba000.jpg,54P72138,2,8,True,roboflow_ocr_plate,ok;split=train
D:/DATN/datasets/raw/roboflow_ocr_plate/train/images/6xemay53_jpg.rf.933aaa6f5230cd6ac75f9d39d3e7f14f.jpg,72C112511,2,9,True,roboflow_ocr_plate,ok;split=train
D:/DATN/datasets/raw/roboflow_ocr_plate/train/images/6xemay540_jpg.rf.0b59cd2fbd9b8cbad3d004190f83a9d6.jpg,60X94808,2,8,True,roboflow_ocr_plate,ok;split=train
D:/DATN/datasets/raw/roboflow_ocr_plate/train/images/6xemay548_jpg.rf.ca7209dbbc6d0ef35f2f72358f1e9939.jpg,59H159324,2,9,True,roboflow_ocr_plate,ok;split=train
D:/DATN/datasets/raw/roboflow_ocr_plate/train/images/6xemay549_jpg.rf.c84fb153a92a64d6f63f189acb13632f.jpg,54L42110,2,8,True,roboflow_ocr_plate,ok;split=train
D:/DATN/datasets/raw/roboflow_ocr_plate/train/images/6xemay54_jpg.rf.1d6a375f336911d949ae34674d9a8746.jpg,54Z87524,2,8,True,roboflow_ocr_plate,ok;split=train
D:/DATN/datasets/raw/roboflow_ocr_plate/train/images/6xemay553_jpg.rf.b9fbc5cf40a3cc4b80858e6fc810e833.jpg,54H15326,2,8,True,roboflow_ocr_plate,ok;split=train
D:/DATN/datasets/raw/roboflow_ocr_plate/train/images/6xemay554_jpg.rf.2020f872b303368400efaa54a6e6fbfa.jpg,69D105661,2,9,True,roboflow_ocr_plate,ok;split=train
D:/DATN/datasets/raw/roboflow_ocr_plate/train/images/6xemay559_jpg.rf.51ce2c7154972ca3c9defde6f14a12af.jpg,59E119283,2,9,True,roboflow_ocr_plate,ok;split=train
D:/DATN/datasets/raw/roboflow_ocr_plate/train/images/6xemay567_jpg.rf.64c85eb50f4728d73b619575a8629612.jpg,59N176654,2,9,True,roboflow_ocr_plate,ok;split=train
D:/DATN/datasets/raw/roboflow_ocr_plate/train/images/6xemay569_jpg.rf.6a99f677a0f6a1ebc3c0e344f57ed15e.jpg,51L34827,2,8,True,roboflow_ocr_plate,ok;split=train
D:/DATN/datasets/raw/roboflow_ocr_plate/train/images/6xemay575_jpg.rf.9f232879963984134a4425b839e2d32b.jpg,59K164227,2,9,True,roboflow_ocr_plate,ok;split=train
D:/DATN/datasets/raw/roboflow_ocr_plate/train/images/6xemay577_jpg.rf.963358ff15ccf031f9c9692e71e60161.jpg,54K48147,2,8,True,roboflow_ocr_plate,ok;split=train
D:/DATN/datasets/raw/roboflow_ocr_plate/train/images/6xemay579_jpg.rf.4d6b23ea25e577760d9b7f37d63b3d59.jpg,71B239897,2,9,True,roboflow_ocr_plate,ok;split=train
D:/DATN/datasets/raw/roboflow_ocr_plate/train/images/6xemay582_jpg.rf.c3a892d46536e8b821dda4541d838c32.jpg,59S153418,2,9,True,roboflow_ocr_plate,ok;split=train
D:/DATN/datasets/raw/roboflow_ocr_plate/train/images/6xemay588_jpg.rf.ea978cbf9873ec9c23b2e5415ac61fc1.jpg,59F109031,2,9,True,roboflow_ocr_plate,ok;split=train
D:/DATN/datasets/raw/roboflow_ocr_plate/train/images/6xemay589_jpg.rf.fcc498e7eb746ff6ee65b4ca92a47c8d.jpg,78E124113,2,9,True,roboflow_ocr_plate,ok;split=train
D:/DATN/datasets/raw/roboflow_ocr_plate/train/images/6xemay58_jpg.rf.8569b3bcf1b8ecfaf271b6fb630aed5b.jpg,59T188808,2,9,True,roboflow_ocr_plate,ok;split=train
D:/DATN/datasets/raw/roboflow_ocr_plate/train/images/6xemay5_jpg.rf.c3726242b41f5515f06a29f81aff800a.jpg,59T108264,2,9,True,roboflow_ocr_plate,ok;split=train
D:/DATN/datasets/raw/roboflow_ocr_plate/train/images/6xemay607_jpg.rf.0b4b789ac47d658c2a2c602efdf3bc8e.jpg,59X236167,2,9,True,roboflow_ocr_plate,ok;split=train
D:/DATN/datasets/raw/roboflow_ocr_plate/train/images/6xemay609_jpg.rf.2346b2cb26b17e1092d664f15c63dc7c.jpg,77D112938,2,9,True,roboflow_ocr_plate,ok;split=train
D:/DATN/datasets/raw/roboflow_ocr_plate/train/images/6xemay611_jpg.rf.d1f1f3f8d6eb0c56405ec291f29740c9.jpg,59U139997,2,9,True,roboflow_ocr_plate,ok;split=train
D:/DATN/datasets/raw/roboflow_ocr_plate/train/images/6xemay614_jpg.rf.1563eb7ba60a19071e813386f433f53f.jpg,95P26027,2,8,True,roboflow_ocr_plate,ok;split=train
D:/DATN/datasets/raw/roboflow_ocr_plate/train/images/6xemay615_jpg.rf.88443713606c32d7c8933836016025f7.jpg,71B289837,2,9,True,roboflow_ocr_plate,ok;split=train
D:/DATN/datasets/raw/roboflow_ocr_plate/train/images/6xemay623_jpg.rf.9a14416c11a4a63c6a26295deac69b0e.jpg,59E129660,2,9,True,roboflow_ocr_plate,ok;split=train
D:/DATN/datasets/raw/roboflow_ocr_plate/train/images/6xemay624_jpg.rf.5158dcf3ab69dac0a2dec5ecceeb27e6.jpg,59T146101,2,9,True,roboflow_ocr_plate,ok;split=train
D:/DATN/datasets/raw/roboflow_ocr_plate/train/images/6xemay627_jpg.rf.1bdd72c13a7922271cb8146033cd1dee.jpg,59H152850,2,9,True,roboflow_ocr_plate,ok;split=train
D:/DATN/datasets/raw/roboflow_ocr_plate/train/images/6xemay640_jpg.rf.6a8aca7258ffda3fbc0f6ae82a8d53f0.jpg,86B621890,2,9,True,roboflow_ocr_plate,ok;split=train
D:/DATN/datasets/raw/roboflow_ocr_plate/train/images/6xemay641_jpg.rf.05663ca6b3a751d2c08467f5f7c6ed14.jpg,79C122177,2,9,True,roboflow_ocr_plate,ok;split=train
D:/DATN/datasets/raw/roboflow_ocr_plate/train/images/6xemay647_jpg.rf.f26d3f28f410bf036fce2d27efe5825b.jpg,59S110393,2,9,True,roboflow_ocr_plate,ok;split=train
D:/DATN/datasets/raw/roboflow_ocr_plate/train/images/6xemay648_jpg.rf.0db56265c075be3d37bf074398f3c259.jpg,59P211206,2,9,True,roboflow_ocr_plate,ok;split=train
D:/DATN/datasets/raw/roboflow_ocr_plate/train/images/6xemay651_jpg.rf.2aa3ddf4d49443fa808f6b8fa5d288d2.jpg,59E117936,2,9,True,roboflow_ocr_plate,ok;split=train
D:/DATN/datasets/raw/roboflow_ocr_plate/train/images/6xemay652_jpg.rf.81319f38ed2e3d88cbeaa535021139cf.jpg,66L135224,2,9,True,roboflow_ocr_plate,ok;split=train
D:/DATN/datasets/raw/roboflow_ocr_plate/train/images/6xemay654_jpg.rf.9b2071ceb12d69e705b847756c73ce9b.jpg,59C161891,2,9,True,roboflow_ocr_plate,ok;split=train
D:/DATN/datasets/raw/roboflow_ocr_plate/train/images/6xemay655_jpg.rf.9e492f33ada5aa9c334a58674573e0f8.jpg,59V208341,2,9,True,roboflow_ocr_plate,ok;split=train
D:/DATN/datasets/raw/roboflow_ocr_plate/train/images/6xemay658_jpg.rf.015710c34608c2330a11f2d0e70bdc1a.jpg,67H103655,2,9,True,roboflow_ocr_plate,ok;split=train
D:/DATN/datasets/raw/roboflow_ocr_plate/train/images/6xemay660_jpg.rf.9f7b3b0b3367dace7ac84f5fc1d3bec4.jpg,49E115383,2,9,True,roboflow_ocr_plate,ok;split=train
D:/DATN/datasets/raw/roboflow_ocr_plate/train/images/6xemay664_jpg.rf.fbd94784742c647df2cf04e25d5f9827.jpg,51K28501,2,8,True,roboflow_ocr_plate,ok;split=train
D:/DATN/datasets/raw/roboflow_ocr_plate/train/images/6xemay676_jpg.rf.74bf70b9ee676b8e6d32fe7466b25217.jpg,59H167791,2,9,True,roboflow_ocr_plate,ok;split=train
D:/DATN/datasets/raw/roboflow_ocr_plate/train/images/6xemay680_jpg.rf.678861da7a9243e534640dee0f8373d6.jpg,53Z11759,2,8,True,roboflow_ocr_plate,ok;split=train
D:/DATN/datasets/raw/roboflow_ocr_plate/train/images/6xemay681_jpg.rf.4514fc4e30ff9ca2a295687d75b1eaa5.jpg,59L145900,2,9,True,roboflow_ocr_plate,ok;split=train
D:/DATN/datasets/raw/roboflow_ocr_plate/train/images/6xemay686_jpg.rf.2cdbe754517ca1324c2ce5e697b362c9.jpg,59U159175,2,9,True,roboflow_ocr_plate,ok;split=train
D:/DATN/datasets/raw/roboflow_ocr_plate/train/images/6xemay691_jpg.rf.7ed055296f3a904c2a302658108205c5.jpg,63B216353,2,9,True,roboflow_ocr_plate,ok;split=train
D:/DATN/datasets/raw/roboflow_ocr_plate/train/images/6xemay697_jpg.rf.7bdd5e38065e0f8f0d766f657fc2b502.jpg,59L205442,2,9,True,roboflow_ocr_plate,ok;split=train
D:/DATN/datasets/raw/roboflow_ocr_plate/train/images/6xemay84_jpg.rf.e5ebd49fbe6500cfa5d2b6037931f5ab.jpg,60B157122,2,9,True,roboflow_ocr_plate,ok;split=train
D:/DATN/datasets/raw/roboflow_ocr_plate/train/images/6xemay96_jpg.rf.31793144f46a02022589d1f214cca2d1.jpg,51L73998,2,8,True,roboflow_ocr_plate,ok;split=train
D:/DATN/datasets/raw/roboflow_ocr_plate/train/images/6xemay97_jpg.rf.184025e7d27873f2a3d57f80555423b0.jpg,84G122593,2,9,True,roboflow_ocr_plate,ok;split=train
D:/DATN/datasets/raw/roboflow_ocr_plate/train/images/7xemay1573_jpg.rf.0d0fa77faeaef8d7ea09d30b5155c380.jpg,59B133872,2,9,True,roboflow_ocr_plate,ok;split=train
D:/DATN/datasets/raw/roboflow_ocr_plate/train/images/7xemay1583_jpg.rf.54c70847525bc4fa1695d73b1dff89df.jpg,50T27594,2,8,True,roboflow_ocr_plate,ok;split=train
D:/DATN/datasets/raw/roboflow_ocr_plate/train/images/7xemay1650_jpg.rf.bc0607609446cc9cd435deb782af7823.jpg,54U24957,2,8,True,roboflow_ocr_plate,ok;split=train
D:/DATN/datasets/raw/roboflow_ocr_plate/train/images/7xemay1664_jpg.rf.2787409fd3c1450ecbb806cd1d414d06.jpg,59L227345,2,9,True,roboflow_ocr_plate,ok;split=train
D:/DATN/datasets/raw/roboflow_ocr_plate/train/images/7xemay1696_jpg.rf.6086358d9ee8a95c87e797b5c4b9052c.jpg,59U191897,2,9,True,roboflow_ocr_plate,ok;split=train
D:/DATN/datasets/raw/roboflow_ocr_plate/train/images/7xemay1705_jpg.rf.e8cc35239a3cf0994481f7e86737c3bf.jpg,54T34538,2,8,True,roboflow_ocr_plate,ok;split=train
D:/DATN/datasets/raw/roboflow_ocr_plate/train/images/7xemay1744_jpg.rf.451dba3c20e7a28224965ba80ec5106e.jpg,63Y10200,2,8,True,roboflow_ocr_plate,ok;split=train
D:/DATN/datasets/raw/roboflow_ocr_plate/train/images/7xemay1760_jpg.rf.99f7f11f77df3e8ff4082bf0cd5eebf2.jpg,59S131386,2,9,True,roboflow_ocr_plate,ok;split=train
D:/DATN/datasets/raw/roboflow_ocr_plate/train/images/7xemay1776_jpg.rf.7eb707878d199c87050605b0ee1e8ab8.jpg,59X154497,2,9,True,roboflow_ocr_plate,ok;split=train
D:/DATN/datasets/raw/roboflow_ocr_plate/train/images/7xemay1785_jpg.rf.6ed2c2a3728990dd061e1996527fdbb9.jpg,59C251109,2,9,True,roboflow_ocr_plate,ok;split=train
D:/DATN/datasets/raw/roboflow_ocr_plate/train/images/7xemay1804_jpg.rf.22e90a1a67f316e0f98a4579ce688bf1.jpg,59F120158,2,9,True,roboflow_ocr_plate,ok;split=train
D:/DATN/datasets/raw/roboflow_ocr_plate/train/images/7xemay1807_jpg.rf.ce487656d2934dff697c7dca6a36f2c7.jpg,59U139619,2,9,True,roboflow_ocr_plate,ok;split=train
D:/DATN/datasets/raw/roboflow_ocr_plate/train/images/7xemay1814_jpg.rf.9b1f57315bc02a32644774819b6cdc8a.jpg,59G133671,2,9,True,roboflow_ocr_plate,ok;split=train
D:/DATN/datasets/raw/roboflow_ocr_plate/train/images/7xemay1848_jpg.rf.cb0a38fe6f6f8de0262c192b3150efe2.jpg,51Z30606,2,8,True,roboflow_ocr_plate,ok;split=train
D:/DATN/datasets/raw/roboflow_ocr_plate/train/images/7xemay1850_jpg.rf.176220d58dcd52eb892d5a9f58ca9ece.jpg,47B142872,2,9,True,roboflow_ocr_plate,ok;split=train
D:/DATN/datasets/raw/roboflow_ocr_plate/train/images/7xemay1874_jpg.rf.a969feedce26a90d419d301629e7f62a.jpg,60B531402,2,9,True,roboflow_ocr_plate,ok;split=train
D:/DATN/datasets/raw/roboflow_ocr_plate/train/images/7xemay1922_jpg.rf.ef883161add45345d62604d499bce19c.jpg,60Y73914,2,8,True,roboflow_ocr_plate,ok;split=train
D:/DATN/datasets/raw/roboflow_ocr_plate/train/images/7xemay1947_jpg.rf.bb43b054f5e65c4ecfe346ad8b55f0ac.jpg,63B138786,2,9,True,roboflow_ocr_plate,ok;split=train
D:/DATN/datasets/raw/roboflow_ocr_plate/train/images/7xemay2040_jpg.rf.d11c12054034f4a21991db7ce4ffb733.jpg,59V107473,2,9,True,roboflow_ocr_plate,ok;split=train
D:/DATN/datasets/raw/roboflow_ocr_plate/train/images/7xemay2042_jpg.rf.d8aedb73a0e3cb003cf9d407b1342641.jpg,55P44641,2,8,True,roboflow_ocr_plate,ok;split=train
D:/DATN/datasets/raw/roboflow_ocr_plate/train/images/7xemay2045_jpg.rf.2de059bdd17725bca8cdbfe89dae5cef.jpg,59K165072,2,9,True,roboflow_ocr_plate,ok;split=train
D:/DATN/datasets/raw/roboflow_ocr_plate/train/images/7xemay2094_jpg.rf.9f11f80f755acdc7d215f63938de2916.jpg,71B251318,2,9,True,roboflow_ocr_plate,ok;split=train
D:/DATN/datasets/raw/roboflow_ocr_plate/train/images/7xemay2097_jpg.rf.12e1c7181f0612147df59c0ec08fdee2.jpg,51H48354,2,8,True,roboflow_ocr_plate,ok;split=train
D:/DATN/datasets/raw/roboflow_ocr_plate/train/images/7xemay2121_jpg.rf.7512e6a6110852c4cf364b1fbf0f9054.jpg,51K28501,2,8,True,roboflow_ocr_plate,ok;split=train
D:/DATN/datasets/raw/roboflow_ocr_plate/train/images/7xemay2186_jpg.rf.a2b971db17475c82abbf16cb49bfb706.jpg,59T159973,2,9,True,roboflow_ocr_plate,ok;split=train
D:/DATN/datasets/raw/roboflow_ocr_plate/train/images/7xemay2227_jpg.rf.01357e813be67c566180df9c6764cf07.jpg,72F135507,2,9,True,roboflow_ocr_plate,ok;split=train
D:/DATN/datasets/raw/roboflow_ocr_plate/train/images/7xemay2265_jpg.rf.dbe65534e2309df2d41f6461eb59e4ed.jpg,92D142705,2,9,True,roboflow_ocr_plate,ok;split=train
D:/DATN/datasets/raw/roboflow_ocr_plate/train/images/7xemay2273_jpg.rf.98bb1b971ecfd5ecdb864649f98b1e9d.jpg,68H74213,2,8,True,roboflow_ocr_plate,ok;split=train
D:/DATN/datasets/raw/roboflow_ocr_plate/train/images/7xemay2289_jpg.rf.fb7be121f790fc3731b07b62f23802d3.jpg,59T138506,2,9,True,roboflow_ocr_plate,ok;split=train
D:/DATN/datasets/raw/roboflow_ocr_plate/train/images/7xemay2291_jpg.rf.33f0bcc6851e3ec76e79d0c3442f5271.jpg,59F158405,2,9,True,roboflow_ocr_plate,ok;split=train
D:/DATN/datasets/raw/roboflow_ocr_plate/train/images/7xemay2295_jpg.rf.a7287fba2af107951e7e72b0426c247c.jpg,59T108264,2,9,True,roboflow_ocr_plate,ok;split=train
D:/DATN/datasets/raw/roboflow_ocr_plate/train/images/7xemay2340_jpg.rf.06663071020c69bf4cbd7ad0ad0ad435.jpg,65F131532,2,9,True,roboflow_ocr_plate,ok;split=train
D:/DATN/datasets/raw/roboflow_ocr_plate/train/images/7xemay2484_jpg.rf.feb55da3613db7e8c3a90df09212c49d.jpg,94H41831,2,8,True,roboflow_ocr_plate,ok;split=train
D:/DATN/datasets/raw/roboflow_ocr_plate/train/images/8CarLongPlate265_jpg.rf.4126b6401a975db4149f8e43a94b5502.jpg,51F16159,1,8,True,roboflow_ocr_plate,ok;split=train
D:/DATN/datasets/raw/roboflow_ocr_plate/train/images/8CarLongPlate317_jpg.rf.2dd0647c89426f2465c7e37c32892a00.jpg,51G31691,1,8,True,roboflow_ocr_plate,ok;split=train
D:/DATN/datasets/raw/roboflow_ocr_plate/train/images/8CarLongPlate373_jpg.rf.8008e6e184f1abd21be1748e65026180.jpg,51G10209,1,8,True,roboflow_ocr_plate,ok;split=train
D:/DATN/datasets/raw/roboflow_ocr_plate/train/images/8CarLongPlate397_jpg.rf.1c37f0738558e254999483c8d58e2497.jpg,51A85325,1,8,True,roboflow_ocr_plate,ok;split=train
D:/DATN/datasets/raw/roboflow_ocr_plate/train/images/8CarLongPlate460_jpg.rf.dd1a7d04099f61cbf2f7f8162be7ce5d.jpg,51A89714,1,8,True,roboflow_ocr_plate,ok;split=train
D:/DATN/datasets/raw/roboflow_ocr_plate/train/images/8CarLongPlate546_jpg.rf.99c083f1b4e8eed70b1bff757639f6b3.jpg,93LD00103,1,9,True,roboflow_ocr_plate,ok;split=train
D:/DATN/datasets/raw/roboflow_ocr_plate/train/images/8CarLongPlate563_jpg.rf.65df9d2be16b67afc01ce2b8bfe9cb9a.jpg,51G21670,1,8,True,roboflow_ocr_plate,ok;split=train
D:/DATN/datasets/raw/roboflow_ocr_plate/train/images/8CarLongPlate597_jpg.rf.a093bb41d90fb4e56a0e6ea42b8ff219.jpg,51G51332,1,8,True,roboflow_ocr_plate,ok;split=train
D:/DATN/datasets/raw/roboflow_ocr_plate/train/images/8CarLongPlate598_jpg.rf.89cb7d61cc318c1e6376a1a532a66077.jpg,51F15585,1,8,True,roboflow_ocr_plate,ok;split=train
D:/DATN/datasets/raw/roboflow_ocr_plate/train/images/8CarLongPlate608_jpg.rf.bccf929f117599efc764994d54e07c43.jpg,51F02687,1,8,True,roboflow_ocr_plate,ok;split=train
D:/DATN/datasets/raw/roboflow_ocr_plate/train/images/8CarLongPlate616_jpg.rf.08592a9e49e42c4468063be9ac44f978.jpg,51F49142,1,8,True,roboflow_ocr_plate,ok;split=train
D:/DATN/datasets/raw/roboflow_ocr_plate/train/images/8CarLongPlate653_jpg.rf.4d0f71b71ce4b3a3219a00fadd9193dc.jpg,51C59323,1,8,True,roboflow_ocr_plate,ok;split=train
D:/DATN/datasets/raw/roboflow_ocr_plate/train/images/8CarLongPlate709_jpg.rf.b2906af8cef8a6f1c27ef8b6cea2e74e.jpg,51F44614,1,8,True,roboflow_ocr_plate,ok;split=train
D:/DATN/datasets/raw/roboflow_ocr_plate/train/images/8CarLongPlate733_jpg.rf.ec1027085f86a87bfa8b8b41a96d1625.jpg,51F59011,1,8,True,roboflow_ocr_plate,ok;split=train
D:/DATN/datasets/raw/roboflow_ocr_plate/train/images/8CarLongPlate738_jpg.rf.5318fe1dac5ba2ea6c5537ef5d7dceb6.jpg,51F59011,1,8,True,roboflow_ocr_plate,ok;split=train
D:/DATN/datasets/raw/roboflow_ocr_plate/train/images/8CarLongPlate849_jpg.rf.50205aeec26e0a9bd780b1f9b15f2239.jpg,51F15585,1,8,True,roboflow_ocr_plate,ok;split=train
D:/DATN/datasets/raw/roboflow_ocr_plate/train/images/8CarLongPlate871_jpg.rf.4d3e228d8df788070fac5faf43ca49ca.jpg,51F13251,1,8,True,roboflow_ocr_plate,ok;split=train
D:/DATN/datasets/raw/roboflow_ocr_plate/train/images/8xemay1016_jpg.rf.78fd1e3074b654cf994387389e6c8683.jpg,55P92840,2,8,True,roboflow_ocr_plate,ok;split=train
D:/DATN/datasets/raw/roboflow_ocr_plate/train/images/8xemay101_jpg.rf.79b9d96e22e910590466103834c26d6b.jpg,63Y10200,2,8,True,roboflow_ocr_plate,ok;split=train
D:/DATN/datasets/raw/roboflow_ocr_plate/train/images/8xemay1103_jpg.rf.e3a7de6f0f891ea39b0636d32cf33fc1.jpg,54T34407,2,8,True,roboflow_ocr_plate,ok;split=train
D:/DATN/datasets/raw/roboflow_ocr_plate/train/images/8xemay1160_jpg.rf.e2f372f9956ccecb2077fd6571cb7fb5.jpg,37H110401,2,9,True,roboflow_ocr_plate,ok;split=train
D:/DATN/datasets/raw/roboflow_ocr_plate/train/images/8xemay1182_jpg.rf.9a002b1cdb423cd3095bc4fe27f8eaba.jpg,59V152755,2,9,True,roboflow_ocr_plate,ok;split=train
D:/DATN/datasets/raw/roboflow_ocr_plate/train/images/8xemay1193_jpg.rf.e01364e064fbc99e34b2ec04504f39e5.jpg,59B119220,2,9,True,roboflow_ocr_plate,ok;split=train
D:/DATN/datasets/raw/roboflow_ocr_plate/train/images/8xemay1199_jpg.rf.38173dfdbe757c97937090c681446542.jpg,54X72899,2,8,True,roboflow_ocr_plate,ok;split=train
D:/DATN/datasets/raw/roboflow_ocr_plate/train/images/8xemay1219_jpg.rf.6c71eac33f930bb32d08551bcf94c888.jpg,51L32640,2,8,True,roboflow_ocr_plate,ok;split=train
D:/DATN/datasets/raw/roboflow_ocr_plate/train/images/8xemay1220_jpg.rf.bd13c60fe85820c3746b0d03159fc1f8.jpg,55P87062,2,8,True,roboflow_ocr_plate,ok;split=train
D:/DATN/datasets/raw/roboflow_ocr_plate/train/images/8xemay1308_jpg.rf.a425fbe029c52e505bcefc7e4ff37296.jpg,52T74640,2,8,True,roboflow_ocr_plate,ok;split=train
D:/DATN/datasets/raw/roboflow_ocr_plate/train/images/8xemay1391_jpg.rf.32cbc928076f9858fc26aed211c45adf.jpg,59X262721,2,9,True,roboflow_ocr_plate,ok;split=train
D:/DATN/datasets/raw/roboflow_ocr_plate/train/images/8xemay1436_jpg.rf.b5f8a46badb1b4420cefbf0b6bb8bc41.jpg,59F175031,2,9,True,roboflow_ocr_plate,ok;split=train
D:/DATN/datasets/raw/roboflow_ocr_plate/train/images/8xemay1647_jpg.rf.b892f60ce48c82003d7a6545e9a3816b.jpg,60B558583,2,9,True,roboflow_ocr_plate,ok;split=train
D:/DATN/datasets/raw/roboflow_ocr_plate/train/images/8xemay1656_jpg.rf.d42ae96748c9a9c0c825a5375eafde72.jpg,59E163978,2,9,True,roboflow_ocr_plate,ok;split=train
D:/DATN/datasets/raw/roboflow_ocr_plate/train/images/8xemay166_jpg.rf.51461fdd1c47211d5c2509397406c914.jpg,47K108279,2,9,True,roboflow_ocr_plate,ok;split=train
D:/DATN/datasets/raw/roboflow_ocr_plate/train/images/8xemay1689_jpg.rf.77e413e88a4984e49066fd45db0aa53d.jpg,73G117544,2,9,True,roboflow_ocr_plate,ok;split=train
D:/DATN/datasets/raw/roboflow_ocr_plate/train/images/8xemay1723_jpg.rf.43f369966e44454be3bfeea089412040.jpg,59E104744,2,9,True,roboflow_ocr_plate,ok;split=train
D:/DATN/datasets/raw/roboflow_ocr_plate/train/images/8xemay1729_jpg.rf.4cbf387b212efaa26c8ddf676a87acce.jpg,59F116692,2,9,True,roboflow_ocr_plate,ok;split=train
D:/DATN/datasets/raw/roboflow_ocr_plate/train/images/8xemay1847_jpg.rf.0c52a136b9461a10697a5e68ee6440d3.jpg,59F112329,2,9,True,roboflow_ocr_plate,ok;split=train
D:/DATN/datasets/raw/roboflow_ocr_plate/train/images/8xemay1891_jpg.rf.f473cfec361b8ba5c15716dc19acabcb.jpg,55S114883,2,9,True,roboflow_ocr_plate,ok;split=train
D:/DATN/datasets/raw/roboflow_ocr_plate/train/images/8xemay1896_jpg.rf.0c9ab76ad3f1d092af99ab838c6a2982.jpg,63B957926,2,9,True,roboflow_ocr_plate,ok;split=train
D:/DATN/datasets/raw/roboflow_ocr_plate/train/images/8xemay189_jpg.rf.f9f11253b71a0f812b2c9e48482b0b5d.jpg,72C136087,2,9,True,roboflow_ocr_plate,ok;split=train
D:/DATN/datasets/raw/roboflow_ocr_plate/train/images/8xemay1964_jpg.rf.c873ed22dfaef8968c43056145961799.jpg,66L135224,2,9,True,roboflow_ocr_plate,ok;split=train
D:/DATN/datasets/raw/roboflow_ocr_plate/train/images/8xemay1978_jpg.rf.bd25a95dc467f39d8cae5d9196cfebb9.jpg,59L178582,2,9,True,roboflow_ocr_plate,ok;split=train
D:/DATN/datasets/raw/roboflow_ocr_plate/train/images/8xemay1995_jpg.rf.9b18e20e85b2c9466c7009e10a4cac2d.jpg,59S227831,2,9,True,roboflow_ocr_plate,ok;split=train
D:/DATN/datasets/raw/roboflow_ocr_plate/train/images/8xemay2245_jpg.rf.508a9c90a1b721cc82727cf0aaf3969e.jpg,54H15326,2,8,True,roboflow_ocr_plate,ok;split=train
D:/DATN/datasets/raw/roboflow_ocr_plate/train/images/8xemay2293_jpg.rf.7231b0633615deef9c6e635404450e8d.jpg,79U24621,2,8,True,roboflow_ocr_plate,ok;split=train
D:/DATN/datasets/raw/roboflow_ocr_plate/train/images/8xemay2336_jpg.rf.503417193424f4fd855ab6db53295358.jpg,62K117929,2,9,True,roboflow_ocr_plate,ok;split=train
D:/DATN/datasets/raw/roboflow_ocr_plate/train/images/8xemay2411_jpg.rf.a63afe8cfff97b7455aaacb9b8e2a61d.jpg,52F41035,2,8,True,roboflow_ocr_plate,ok;split=train
D:/DATN/datasets/raw/roboflow_ocr_plate/train/images/8xemay2439_jpg.rf.9e014be02f68e9ae94920cfd2715286b.jpg,60B337846,2,9,True,roboflow_ocr_plate,ok;split=train
D:/DATN/datasets/raw/roboflow_ocr_plate/train/images/8xemay2456_jpg.rf.5aa1e2ce0ac8c031032f4698b6ad593b.jpg,59U151771,2,9,True,roboflow_ocr_plate,ok;split=train
D:/DATN/datasets/raw/roboflow_ocr_plate/train/images/8xemay2466_jpg.rf.4fd7866042de1efca80f992208f3d971.jpg,51L41138,2,8,True,roboflow_ocr_plate,ok;split=train
D:/DATN/datasets/raw/roboflow_ocr_plate/train/images/8xemay261_jpg.rf.6a49ba0505730846a49e5d323ae3bff1.jpg,59E103640,2,9,True,roboflow_ocr_plate,ok;split=train
D:/DATN/datasets/raw/roboflow_ocr_plate/train/images/8xemay27_jpg.rf.b7b245a14a0cda83c90acfc88280200e.jpg,52U44702,2,8,True,roboflow_ocr_plate,ok;split=train
D:/DATN/datasets/raw/roboflow_ocr_plate/train/images/8xemay354_jpg.rf.5fde1a6db8886fc033807df27a75f1df.jpg,63B703323,2,9,True,roboflow_ocr_plate,ok;split=train
D:/DATN/datasets/raw/roboflow_ocr_plate/train/images/8xemay462_jpg.rf.84026459254b811325398dcd85f9dbf1.jpg,59F145842,2,9,True,roboflow_ocr_plate,ok;split=train
D:/DATN/datasets/raw/roboflow_ocr_plate/train/images/8xemay478_jpg.rf.75860429b460089d57610824325b335f.jpg,66S109018,2,9,True,roboflow_ocr_plate,ok;split=train
D:/DATN/datasets/raw/roboflow_ocr_plate/train/images/8xemay498_jpg.rf.57da5aa502a54b24712ac3af8edd3146.jpg,60B562583,2,9,True,roboflow_ocr_plate,ok;split=train
D:/DATN/datasets/raw/roboflow_ocr_plate/train/images/8xemay626_jpg.rf.2a9ef1947d0a5c4ac28f8353b51ad0fb.jpg,61H59381,2,8,True,roboflow_ocr_plate,ok;split=train
D:/DATN/datasets/raw/roboflow_ocr_plate/train/images/8xemay696_jpg.rf.da272dfb4790395e93d712e93ae373ca.jpg,69AB02673,2,9,True,roboflow_ocr_plate,ok;split=train
D:/DATN/datasets/raw/roboflow_ocr_plate/train/images/8xemay739_jpg.rf.d8c51868d6b51ed36b0b2c37994387af.jpg,54L36961,2,8,True,roboflow_ocr_plate,ok;split=train
D:/DATN/datasets/raw/roboflow_ocr_plate/train/images/8xemay752_jpg.rf.e1a5481b8a49e3c9f63b12dbfcb626f5.jpg,49E115383,2,9,True,roboflow_ocr_plate,ok;split=train
D:/DATN/datasets/raw/roboflow_ocr_plate/train/images/8xemay881_jpg.rf.0f18768299888e66563a63642e2ac855.jpg,59C123083,2,9,True,roboflow_ocr_plate,ok;split=train
D:/DATN/datasets/raw/roboflow_ocr_plate/train/images/8xemay899_jpg.rf.7b5fa9bfa5fbae9320a6659b274356dc.jpg,59M107790,2,9,True,roboflow_ocr_plate,ok;split=train
D:/DATN/datasets/raw/roboflow_ocr_plate/train/images/8xemay8_jpg.rf.8aaca1259f1657550e1dd3e288ec8c86.jpg,63B957926,2,9,True,roboflow_ocr_plate,ok;split=train
D:/DATN/datasets/raw/roboflow_ocr_plate/train/images/8xemay926_jpg.rf.13fe4909849e776a3d169c551f7d7e2d.jpg,71B140140,2,9,True,roboflow_ocr_plate,ok;split=train
D:/DATN/datasets/raw/roboflow_ocr_plate/train/images/8xemay927_jpg.rf.55d481fdd03056dfa49d953eaa957d21.jpg,59S124831,2,9,True,roboflow_ocr_plate,ok;split=train
D:/DATN/datasets/raw/roboflow_ocr_plate/train/images/8xemay937_jpg.rf.a0496ba4cf133360fbd6220e32a632de.jpg,59Z119632,2,9,True,roboflow_ocr_plate,ok;split=train
D:/DATN/datasets/raw/roboflow_ocr_plate/train/images/8xemay962_jpg.rf.6007c1ff22af914a09dbe453632e06b2.jpg,51L54520,2,8,True,roboflow_ocr_plate,ok;split=train
D:/DATN/datasets/raw/roboflow_ocr_plate/train/images/8xemay984_jpg.rf.f32e9f96db6b46570909cbfd3f2f49fc.jpg,55Y48437,2,8,True,roboflow_ocr_plate,ok;split=train
D:/DATN/datasets/raw/roboflow_ocr_plate/train/images/9CarLongPlate57_jpg.rf.60c5029b9ade2d46cc9fb3a01903bf4a.jpg,29A51796,1,8,True,roboflow_ocr_plate,ok;split=train
D:/DATN/datasets/raw/roboflow_ocr_plate/train/images/9CarLongPlate703_jpg.rf.c394ff4077dd882ce6f6d2b14e8fcf7f.jpg,51A72110,1,8,True,roboflow_ocr_plate,ok;split=train
D:/DATN/datasets/raw/roboflow_ocr_plate/train/images/9CarLongPlate780_jpg.rf.351021f816155dae934fd3c5c63c205b.jpg,51G01177,1,8,True,roboflow_ocr_plate,ok;split=train
D:/DATN/datasets/raw/roboflow_ocr_plate/train/images/9CarLongPlate814_jpg.rf.921656ec26b6d00041abbf2c4c4484e6.jpg,51F55881,1,8,True,roboflow_ocr_plate,ok;split=train
D:/DATN/datasets/raw/roboflow_ocr_plate/train/images/9xemay1012_jpg.rf.472ad0729bc5287513c69e38e0657ee7.jpg,81G113556,2,9,True,roboflow_ocr_plate,ok;split=train
D:/DATN/datasets/raw/roboflow_ocr_plate/train/images/9xemay1020_jpg.rf.a4b6e19b61746efbdd590e42e3032782.jpg,55X86970,2,8,True,roboflow_ocr_plate,ok;split=train
D:/DATN/datasets/raw/roboflow_ocr_plate/train/images/9xemay1029_jpg.rf.2d579eebcf625dc0b26bab5899700606.jpg,54F24106,2,8,True,roboflow_ocr_plate,ok;split=train
D:/DATN/datasets/raw/roboflow_ocr_plate/train/images/9xemay1046_jpg.rf.8b961b6b33aca1b909002056383cb904.jpg,54T40987,2,8,True,roboflow_ocr_plate,ok;split=train
D:/DATN/datasets/raw/roboflow_ocr_plate/train/images/9xemay1084_jpg.rf.81e15f9819f6885034aa093215dbd7fe.jpg,79Z15804,2,8,True,roboflow_ocr_plate,ok;split=train
D:/DATN/datasets/raw/roboflow_ocr_plate/train/images/9xemay1111_jpg.rf.534bddd8dbc8d4c7259fca60a6a17371.jpg,59K144076,2,9,True,roboflow_ocr_plate,ok;split=train
D:/DATN/datasets/raw/roboflow_ocr_plate/train/images/9xemay1127_jpg.rf.a1d9c86143b6359b0a430f82af5cc58a.jpg,60B715461,2,9,True,roboflow_ocr_plate,ok;split=train
D:/DATN/datasets/raw/roboflow_ocr_plate/train/images/9xemay1159_jpg.rf.d8018bbff3dfd8ce789d10e1360def77.jpg,49E139941,2,9,True,roboflow_ocr_plate,ok;split=train
D:/DATN/datasets/raw/roboflow_ocr_plate/train/images/9xemay1162_jpg.rf.5b85e7994d2812cbdc7c3f14be0c0ffc.jpg,77F125389,2,9,True,roboflow_ocr_plate,ok;split=train
D:/DATN/datasets/raw/roboflow_ocr_plate/train/images/9xemay1163_jpg.rf.45f3b0d64ab143d7740172ad018c51ab.jpg,59U13868,2,8,True,roboflow_ocr_plate,ok;split=train
D:/DATN/datasets/raw/roboflow_ocr_plate/train/images/9xemay1190_jpg.rf.1f216ab1ec381c7b305c1bfb227f62a5.jpg,81B137963,2,9,True,roboflow_ocr_plate,ok;split=train
D:/DATN/datasets/raw/roboflow_ocr_plate/train/images/9xemay1278_jpg.rf.adf3d43c19cf7928324cc1dcd9792ff6.jpg,79Z110184,2,9,True,roboflow_ocr_plate,ok;split=train
D:/DATN/datasets/raw/roboflow_ocr_plate/train/images/9xemay129_jpg.rf.317cda3b38df205f2b0b2bb90de0099a.jpg,54V66004,2,8,True,roboflow_ocr_plate,ok;split=train
D:/DATN/datasets/raw/roboflow_ocr_plate/train/images/9xemay1301_jpg.rf.5d00cac827bd76e1516099c59ec8b3cd.jpg,54S58960,2,8,True,roboflow_ocr_plate,ok;split=train
D:/DATN/datasets/raw/roboflow_ocr_plate/train/images/9xemay1311_jpg.rf.0e0145c36273cd88cb8a48230081197d.jpg,68LA00776,2,9,True,roboflow_ocr_plate,ok;split=train
D:/DATN/datasets/raw/roboflow_ocr_plate/train/images/9xemay1355_jpg.rf.d47a504fa4398068e749957384dd78c3.jpg,59N187957,2,9,True,roboflow_ocr_plate,ok;split=train
D:/DATN/datasets/raw/roboflow_ocr_plate/train/images/9xemay1359_jpg.rf.49e529047670e2af076ad8996f07eb46.jpg,54N95449,2,8,True,roboflow_ocr_plate,ok;split=train
D:/DATN/datasets/raw/roboflow_ocr_plate/train/images/9xemay1362_jpg.rf.00c106266ad036e9dbf02cb81a6eda61.jpg,54V39264,2,8,True,roboflow_ocr_plate,ok;split=train
D:/DATN/datasets/raw/roboflow_ocr_plate/train/images/9xemay1410_jpg.rf.73971c58c0b3a682ae5dd4e37d798c2d.jpg,77X69544,2,8,True,roboflow_ocr_plate,ok;split=train
D:/DATN/datasets/raw/roboflow_ocr_plate/train/images/9xemay1427_jpg.rf.69a30b5001c3343564a4ba00f54c091c.jpg,59A308642,2,9,True,roboflow_ocr_plate,ok;split=train
D:/DATN/datasets/raw/roboflow_ocr_plate/train/images/9xemay1438_jpg.rf.3a59ba29feba497c0f060a959e2c0ba2.jpg,59U162231,2,9,True,roboflow_ocr_plate,ok;split=train
D:/DATN/datasets/raw/roboflow_ocr_plate/train/images/9xemay1471_jpg.rf.6e369eaaefd0de2b3d09ab007a99d1e5.jpg,67C108347,2,9,True,roboflow_ocr_plate,ok;split=train
D:/DATN/datasets/raw/roboflow_ocr_plate/train/images/9xemay1474_jpg.rf.aec5b05151b7d8268a1e07986474fabd.jpg,83C117111,2,9,True,roboflow_ocr_plate,ok;split=train
D:/DATN/datasets/raw/roboflow_ocr_plate/train/images/9xemay1489_jpg.rf.31af4ffc4fd8b39dfba7fbb66fd7bdb9.jpg,59V218744,2,9,True,roboflow_ocr_plate,ok;split=train
D:/DATN/datasets/raw/roboflow_ocr_plate/train/images/9xemay1533_jpg.rf.772574fff861fbf96c1897caba55aaa4.jpg,94B119580,2,9,True,roboflow_ocr_plate,ok;split=train
D:/DATN/datasets/raw/roboflow_ocr_plate/train/images/9xemay153_jpg.rf.beab977fcad517f336424f325e5f2f07.jpg,54S22148,2,8,True,roboflow_ocr_plate,ok;split=train
D:/DATN/datasets/raw/roboflow_ocr_plate/train/images/9xemay1577_jpg.rf.b1ab2bbbd5993d83fe9efba5851c49e6.jpg,59E150988,2,9,True,roboflow_ocr_plate,ok;split=train
D:/DATN/datasets/raw/roboflow_ocr_plate/train/images/9xemay1621_jpg.rf.dce054633aa835877a4665aa9d9bd643.jpg,59P215270,2,9,True,roboflow_ocr_plate,ok;split=train
D:/DATN/datasets/raw/roboflow_ocr_plate/train/images/9xemay1644_jpg.rf.625f8ce1cd0f4055798868b5971a466b.jpg,59T192715,2,9,True,roboflow_ocr_plate,ok;split=train
D:/DATN/datasets/raw/roboflow_ocr_plate/train/images/9xemay1743_jpg.rf.04bd8bd8ca32b703e1e5168f1fa841cf.jpg,59U159897,2,9,True,roboflow_ocr_plate,ok;split=train
D:/DATN/datasets/raw/roboflow_ocr_plate/train/images/9xemay1813_jpg.rf.5a4e7165469d66ee67953e14ba28e16a.jpg,47B142872,2,9,True,roboflow_ocr_plate,ok;split=train
D:/DATN/datasets/raw/roboflow_ocr_plate/train/images/9xemay188_jpg.rf.82d57e540c3e9bdae1e48c1c15b7adbf.jpg,85D101611,2,9,True,roboflow_ocr_plate,ok;split=train
D:/DATN/datasets/raw/roboflow_ocr_plate/train/images/9xemay195_jpg.rf.80588fd69ce7888a2be90064edd0a615.jpg,59F112329,2,9,True,roboflow_ocr_plate,ok;split=train
D:/DATN/datasets/raw/roboflow_ocr_plate/train/images/9xemay1963_jpg.rf.87524206dfd5d0b391a4a5a477565aa4.jpg,77F130541,2,9,True,roboflow_ocr_plate,ok;split=train
D:/DATN/datasets/raw/roboflow_ocr_plate/train/images/9xemay1_jpg.rf.823a5b1c82a84604b59933c742f7eb88.jpg,55E121500,2,9,True,roboflow_ocr_plate,ok;split=train
D:/DATN/datasets/raw/roboflow_ocr_plate/train/images/9xemay2260_jpg.rf.f632bb0336d016badca0ea78acc68d45.jpg,59N176654,2,9,True,roboflow_ocr_plate,ok;split=train
D:/DATN/datasets/raw/roboflow_ocr_plate/train/images/9xemay228_jpg.rf.85755b44e9575a780d6bf23fee4949f8.jpg,59L184759,2,9,True,roboflow_ocr_plate,ok;split=train
D:/DATN/datasets/raw/roboflow_ocr_plate/train/images/9xemay256_jpg.rf.dcde2694e45cebaa20f05f19643f81ee.jpg,54S89169,2,8,True,roboflow_ocr_plate,ok;split=train
D:/DATN/datasets/raw/roboflow_ocr_plate/train/images/9xemay285_jpg.rf.70bbbf264c6476f00ae6c171d2741bc0.jpg,63B138776,2,9,True,roboflow_ocr_plate,ok;split=train
D:/DATN/datasets/raw/roboflow_ocr_plate/train/images/9xemay298_jpg.rf.6e369ce5336fa0ad92ad23942fd76a78.jpg,59X20354,2,8,True,roboflow_ocr_plate,ok;split=train
D:/DATN/datasets/raw/roboflow_ocr_plate/train/images/9xemay333_jpg.rf.fae34cd2ab43c0e3d44e3c7535929984.jpg,77C139373,2,9,True,roboflow_ocr_plate,ok;split=train
D:/DATN/datasets/raw/roboflow_ocr_plate/train/images/9xemay372_jpg.rf.4d83a9544579c75356d7d03718e467f4.jpg,59T151002,2,9,True,roboflow_ocr_plate,ok;split=train
D:/DATN/datasets/raw/roboflow_ocr_plate/train/images/9xemay621_jpg.rf.db1022030532b66fd70ba817a825c490.jpg,54S85489,2,8,True,roboflow_ocr_plate,ok;split=train
D:/DATN/datasets/raw/roboflow_ocr_plate/train/images/9xemay629_jpg.rf.72c2e132e6b458f8b29c5c4c81413787.jpg,59B122119,2,9,True,roboflow_ocr_plate,ok;split=train
D:/DATN/datasets/raw/roboflow_ocr_plate/train/images/9xemay630_jpg.rf.a9fd0f6b7570358e813b80608726f004.jpg,59E155040,2,9,True,roboflow_ocr_plate,ok;split=train
D:/DATN/datasets/raw/roboflow_ocr_plate/train/images/9xemay650_jpg.rf.d489229f40ffd8287d79bff5cc5399cf.jpg,62K117929,2,9,True,roboflow_ocr_plate,ok;split=train
D:/DATN/datasets/raw/roboflow_ocr_plate/train/images/9xemay653_jpg.rf.417db06c8ad852e8ebf7e37f242f9cc2.jpg,59C13631,2,8,True,roboflow_ocr_plate,ok;split=train
D:/DATN/datasets/raw/roboflow_ocr_plate/train/images/9xemay67_jpg.rf.6829d942247981a0f6c1205aae9bd13f.jpg,59C168612,2,9,True,roboflow_ocr_plate,ok;split=train
D:/DATN/datasets/raw/roboflow_ocr_plate/train/images/9xemay720_jpg.rf.05da8c691f8e82192fe9393ba110ea97.jpg,52U62655,2,8,True,roboflow_ocr_plate,ok;split=train
D:/DATN/datasets/raw/roboflow_ocr_plate/train/images/9xemay741_jpg.rf.652b381caa54483e39fc65a2e8273485.jpg,59U151771,2,9,True,roboflow_ocr_plate,ok;split=train
D:/DATN/datasets/raw/roboflow_ocr_plate/train/images/9xemay759_jpg.rf.3e9e3dc3b0226b379c3dad7d92a9173a.jpg,52F37458,2,8,True,roboflow_ocr_plate,ok;split=train
D:/DATN/datasets/raw/roboflow_ocr_plate/train/images/9xemay820_jpg.rf.558910c6f7d92e3ad40f80a77830d1d8.jpg,59L189475,2,9,True,roboflow_ocr_plate,ok;split=train
D:/DATN/datasets/raw/roboflow_ocr_plate/train/images/9xemay825_jpg.rf.b57a966e297f3f3aaf97e6ac32446fc9.jpg,59T146685,2,9,True,roboflow_ocr_plate,ok;split=train
D:/DATN/datasets/raw/roboflow_ocr_plate/train/images/9xemay832_jpg.rf.99b452168918eb2f24aa5b5facbc5c0a.jpg,54S22148,2,8,True,roboflow_ocr_plate,ok;split=train
D:/DATN/datasets/raw/roboflow_ocr_plate/train/images/9xemay845_jpg.rf.61f05aef9dc46c324ecd4c9281ee31e4.jpg,59E172361,2,9,True,roboflow_ocr_plate,ok;split=train
D:/DATN/datasets/raw/roboflow_ocr_plate/train/images/9xemay885_jpg.rf.d7d7949fe871bb5ce2ef2b034697bb83.jpg,81G113556,2,9,True,roboflow_ocr_plate,ok;split=train
D:/DATN/datasets/raw/roboflow_ocr_plate/train/images/9xemay94_jpg.rf.df6372e5e9dc3a61b15087b73f0840c3.jpg,54X45569,2,8,True,roboflow_ocr_plate,ok;split=train
D:/DATN/datasets/raw/roboflow_ocr_plate/train/images/9xemay985_jpg.rf.48e2d50667596d6374cf33d52516ab5a.jpg,61S40134,2,8,True,roboflow_ocr_plate,ok;split=train
D:/DATN/datasets/raw/roboflow_ocr_plate/train/images/9xemay987_jpg.rf.75234e2db5dffdb002d4388ca5d122c0.jpg,59M190208,2,9,True,roboflow_ocr_plate,ok;split=train
D:/DATN/datasets/raw/roboflow_ocr_plate/train/images/9xemay998_jpg.rf.b6fd74cdbc164f425a8eb7b009a9606e.jpg,59U113629,2,9,True,roboflow_ocr_plate,ok;split=train
D:/DATN/datasets/raw/roboflow_ocr_plate/train/images/ndata0_jpg.rf.b4b0123ad52baa0538eef1c46a226048.jpg,30A49572,1,8,True,roboflow_ocr_plate,ok;split=train
D:/DATN/datasets/raw/roboflow_ocr_plate/train/images/ndata100_jpg.rf.ddbd47f5bd0d9d958082f0e71c26d482.jpg,29M154585,2,9,True,roboflow_ocr_plate,ok;split=train
D:/DATN/datasets/raw/roboflow_ocr_plate/train/images/ndata101_jpg.rf.8e1196496da28fe53c504045fdf514c4.jpg,90B251088,2,9,True,roboflow_ocr_plate,ok;split=train
D:/DATN/datasets/raw/roboflow_ocr_plate/train/images/ndata103_jpg.rf.618c7277fe14a8c4abc54687eac930c9.jpg,30E27010,2,8,True,roboflow_ocr_plate,ok;split=train
D:/DATN/datasets/raw/roboflow_ocr_plate/train/images/ndata104_jpg.rf.242d39feeca3f275bac46f48aa43fb62.jpg,34F129851,2,9,True,roboflow_ocr_plate,ok;split=train
D:/DATN/datasets/raw/roboflow_ocr_plate/train/images/ndata105_jpg.rf.5a15d1fbbb434d71d1126bb8dfdbc7d4.jpg,29V55087,2,8,True,roboflow_ocr_plate,ok;split=train
D:/DATN/datasets/raw/roboflow_ocr_plate/train/images/ndata107_jpg.rf.a6a20b64785f23938cf8da8d60a080ed.jpg,29V530399,2,9,True,roboflow_ocr_plate,ok;split=train
D:/DATN/datasets/raw/roboflow_ocr_plate/train/images/ndata108_jpg.rf.905ba32a180870eb8bfe153315f13ed2.jpg,29X567147,2,9,True,roboflow_ocr_plate,ok;split=train
D:/DATN/datasets/raw/roboflow_ocr_plate/train/images/ndata109_jpg.rf.5ab4c5f5eef54530ad1c7f6e5c823525.jpg,29Z166880,2,9,True,roboflow_ocr_plate,ok;split=train
D:/DATN/datasets/raw/roboflow_ocr_plate/train/images/ndata10_jpg.rf.1b576f77bb1e1bf09c637ae3adf4d7bc.jpg,29D42271,2,8,True,roboflow_ocr_plate,ok;split=train
D:/DATN/datasets/raw/roboflow_ocr_plate/train/images/ndata110_jpg.rf.6d6f9acc4ea0cc09b3cc9f649278ec78.jpg,94F95348,2,8,True,roboflow_ocr_plate,ok;split=train
D:/DATN/datasets/raw/roboflow_ocr_plate/train/images/ndata111_jpg.rf.868ab1bfa5301e17f2d37352f04ae216.jpg,18G115389,2,9,True,roboflow_ocr_plate,ok;split=train
D:/DATN/datasets/raw/roboflow_ocr_plate/train/images/ndata114_jpg.rf.8fa007755b5b0e70f0b8d82a477215e7.jpg,37B119587,2,9,True,roboflow_ocr_plate,ok;split=train
D:/DATN/datasets/raw/roboflow_ocr_plate/train/images/ndata115_jpg.rf.9287ce632745ebc835297e58c9568bea.jpg,30A28610,2,8,True,roboflow_ocr_plate,ok;split=train
D:/DATN/datasets/raw/roboflow_ocr_plate/train/images/ndata118_jpg.rf.5fb59a1a4bccc1d81175672111cfbe00.jpg,30G36644,2,8,True,roboflow_ocr_plate,ok;split=train
D:/DATN/datasets/raw/roboflow_ocr_plate/train/images/ndata119_jpg.rf.7d7302812575613bab8113b8ea253a48.jpg,69D151519,2,9,True,roboflow_ocr_plate,ok;split=train
D:/DATN/datasets/raw/roboflow_ocr_plate/train/images/ndata120_jpg.rf.ee5fa300fe16d580ec81398d9702164d.jpg,30A33918,1,8,True,roboflow_ocr_plate,ok;split=train
D:/DATN/datasets/raw/roboflow_ocr_plate/train/images/ndata121_jpg.rf.02f9c259e912f56402fe4898d85667b4.jpg,70G144444,2,9,True,roboflow_ocr_plate,ok;split=train
D:/DATN/datasets/raw/roboflow_ocr_plate/train/images/ndata122_jpg.rf.8deca48914f943c126cc68a11244d9f2.jpg,70L144444,2,9,True,roboflow_ocr_plate,ok;split=train
D:/DATN/datasets/raw/roboflow_ocr_plate/train/images/ndata123_jpg.rf.65eb50ad2a0311d1ffc7d6ce2911e366.jpg,70D133333,2,9,True,roboflow_ocr_plate,ok;split=train
D:/DATN/datasets/raw/roboflow_ocr_plate/train/images/ndata124_jpg.rf.609fb93624488858d65ad3a71350346c.jpg,75A18283,2,8,True,roboflow_ocr_plate,ok;split=train
D:/DATN/datasets/raw/roboflow_ocr_plate/train/images/ndata125_jpg.rf.23187e969b8d5d1675954134644c9aa3.jpg,75H142599,2,9,True,roboflow_ocr_plate,ok;split=train
D:/DATN/datasets/raw/roboflow_ocr_plate/train/images/ndata127_jpg.rf.c2395b11f8dcb18488df7e6485a339a3.jpg,75H136121,2,9,True,roboflow_ocr_plate,ok;split=train
D:/DATN/datasets/raw/roboflow_ocr_plate/train/images/ndata128_jpg.rf.c83135bc8716ea9b184e79b46d172bf8.jpg,36D165529,2,9,True,roboflow_ocr_plate,ok;split=train
D:/DATN/datasets/raw/roboflow_ocr_plate/train/images/ndata129_jpg.rf.279e8d41f439eaba30095a341860daba.jpg,29T200882,2,9,True,roboflow_ocr_plate,ok;split=train
D:/DATN/datasets/raw/roboflow_ocr_plate/train/images/ndata130_jpg.rf.011558a691fc9885d7ab762a31f496c5.jpg,30N30866,2,8,True,roboflow_ocr_plate,ok;split=train
D:/DATN/datasets/raw/roboflow_ocr_plate/train/images/ndata132_jpg.rf.5d8e1bc243f3c7d1996dcd7bd45b32d1.jpg,99C128271,2,9,True,roboflow_ocr_plate,ok;split=train
D:/DATN/datasets/raw/roboflow_ocr_plate/train/images/ndata133_jpg.rf.8eb127fe7333a315bccb341c3a4e0fba.jpg,29E119298,2,9,True,roboflow_ocr_plate,ok;split=train
D:/DATN/datasets/raw/roboflow_ocr_plate/train/images/ndata136_jpg.rf.4f0eb09595fc4cdd4f7ce3146e0ff199.jpg,30A09817,2,8,True,roboflow_ocr_plate,ok;split=train
D:/DATN/datasets/raw/roboflow_ocr_plate/train/images/ndata137_jpg.rf.fcdd06131957fb6d643c5173d9bbe967.jpg,51A99999,1,8,True,roboflow_ocr_plate,ok;split=train
D:/DATN/datasets/raw/roboflow_ocr_plate/train/images/ndata138_jpg.rf.cc311751e1d35f1f98db8a26abb7caf3.jpg,19S127672,2,9,True,roboflow_ocr_plate,ok;split=train
D:/DATN/datasets/raw/roboflow_ocr_plate/train/images/ndata139_jpg.rf.4a0cc78dc7ed4983959c78c632392e1b.jpg,30A99999,2,8,True,roboflow_ocr_plate,ok;split=train
D:/DATN/datasets/raw/roboflow_ocr_plate/train/images/ndata140_jpg.rf.9e518d8a097949e25eb1d5dc160f4111.jpg,30E99999,1,8,True,roboflow_ocr_plate,ok;split=train
D:/DATN/datasets/raw/roboflow_ocr_plate/train/images/ndata142_jpg.rf.c5d591498f4ed7b45c11a2fd4b49fd2c.jpg,30Z0751,1,7,True,roboflow_ocr_plate,ok;split=train
D:/DATN/datasets/raw/roboflow_ocr_plate/train/images/ndata144_jpg.rf.e1f64fb9ef42087bd5b7b91e0943bf7a.jpg,80A66868,1,8,True,roboflow_ocr_plate,ok;split=train
D:/DATN/datasets/raw/roboflow_ocr_plate/train/images/ndata145_jpg.rf.b7ca33370aaac9cd820e01c3372c43d2.jpg,69D151519,2,9,True,roboflow_ocr_plate,ok;split=train
D:/DATN/datasets/raw/roboflow_ocr_plate/train/images/ndata146_jpg.rf.bb3757788aab449bf1bbe342c5c3b0dc.jpg,51N616633,2,9,True,roboflow_ocr_plate,ok;split=train
D:/DATN/datasets/raw/roboflow_ocr_plate/train/images/ndata147_jpg.rf.b5d26cce6dce9f5ba6aa8f6ea4c6e96e.jpg,17B902862,2,9,True,roboflow_ocr_plate,ok;split=train
D:/DATN/datasets/raw/roboflow_ocr_plate/train/images/ndata149_jpg.rf.e0eb92587f7c1447b14d5c27bc340ba6.jpg,31F0787,2,7,True,roboflow_ocr_plate,ok;split=train
D:/DATN/datasets/raw/roboflow_ocr_plate/train/images/ndata14_jpg.rf.b096224d0b0ff1194b0eb5729dda9688.jpg,29A80486,1,8,True,roboflow_ocr_plate,ok;split=train
D:/DATN/datasets/raw/roboflow_ocr_plate/train/images/ndata157_jpg.rf.936441cb4ddf0ddff6021e2a0eca553f.jpg,30X98300,2,8,True,roboflow_ocr_plate,ok;split=train
D:/DATN/datasets/raw/roboflow_ocr_plate/train/images/ndata15_jpg.rf.da4ca3268129813f073dd544fda836d8.jpg,34A14270,1,8,True,roboflow_ocr_plate,ok;split=train
D:/DATN/datasets/raw/roboflow_ocr_plate/train/images/ndata161_jpg.rf.c6ca4c7fcb89c00797bd27e88017458c.jpg,98B308476,2,9,True,roboflow_ocr_plate,ok;split=train
D:/DATN/datasets/raw/roboflow_ocr_plate/train/images/ndata167_jpg.rf.1a8ca1aa6eefb8265df975c6f035ac46.jpg,18K116789,2,9,True,roboflow_ocr_plate,ok;split=train
D:/DATN/datasets/raw/roboflow_ocr_plate/train/images/ndata168_jpg.rf.1c316d8d6bb4d3f378de2cc5a5ea512c.jpg,20M26789,2,8,True,roboflow_ocr_plate,ok;split=train
D:/DATN/datasets/raw/roboflow_ocr_plate/train/images/ndata169_jpg.rf.c4eff2faca41b7a2f7d9f5c897e83b27.jpg,16M97777,2,8,True,roboflow_ocr_plate,ok;split=train
D:/DATN/datasets/raw/roboflow_ocr_plate/train/images/ndata16_jpg.rf.94f6d50b8565d4d928760f27a6d9309b.jpg,29B125662,2,9,True,roboflow_ocr_plate,ok;split=train
D:/DATN/datasets/raw/roboflow_ocr_plate/train/images/ndata170_jpg.rf.93707a9eb268d3c0a96dbd98b838e400.jpg,30Y66886,2,8,True,roboflow_ocr_plate,ok;split=train
D:/DATN/datasets/raw/roboflow_ocr_plate/train/images/ndata171_jpg.rf.4bcdc9ce037b1d10228fec871088c751.jpg,29Y508888,2,9,True,roboflow_ocr_plate,ok;split=train
D:/DATN/datasets/raw/roboflow_ocr_plate/train/images/ndata173_jpg.rf.d7da4b77747158bc502fae005382999d.jpg,28M7007,2,7,True,roboflow_ocr_plate,ok;split=train
D:/DATN/datasets/raw/roboflow_ocr_plate/train/images/ndata17_jpg.rf.796e9d9acd9ea8e1b5343f01314fc89f.jpg,25F19640,2,8,True,roboflow_ocr_plate,ok;split=train
D:/DATN/datasets/raw/roboflow_ocr_plate/train/images/ndata181_jpg.rf.8d9d3335a4407e9eeb3e204d721b4f71.jpg,22V11719,2,8,True,roboflow_ocr_plate,ok;split=train
D:/DATN/datasets/raw/roboflow_ocr_plate/train/images/ndata184_jpg.rf.b9c434b15bd59987bec6b451a9d55b22.jpg,30F77792,2,8,True,roboflow_ocr_plate,ok;split=train
D:/DATN/datasets/raw/roboflow_ocr_plate/train/images/ndata185_jpg.rf.d354da42a8cd875d1a46b51859d5592f.jpg,29F25491,2,8,True,roboflow_ocr_plate,ok;split=train
D:/DATN/datasets/raw/roboflow_ocr_plate/train/images/ndata18_jpg.rf.a2618451fc63487b5091e365c9a39779.jpg,30F51313,1,8,True,roboflow_ocr_plate,ok;split=train
D:/DATN/datasets/raw/roboflow_ocr_plate/train/images/ndata191_jpg.rf.e485b6ebdd81b24d9a602fb7fe7799ab.jpg,29V504828,2,9,True,roboflow_ocr_plate,ok;split=train
D:/DATN/datasets/raw/roboflow_ocr_plate/train/images/ndata194_jpg.rf.5e31108bf05d31bd3fe1f2496e55308f.jpg,59X450272,2,9,True,roboflow_ocr_plate,ok;split=train
D:/DATN/datasets/raw/roboflow_ocr_plate/train/images/ndata197_jpg.rf.c57228ff51ead29a4a26df8fdcecd47b.jpg,53X93333,2,8,True,roboflow_ocr_plate,ok;split=train
D:/DATN/datasets/raw/roboflow_ocr_plate/train/images/ndata198_jpg.rf.3799fde7c7f7cb20c0bcc4d2bda74946.jpg,29Y46686,2,8,True,roboflow_ocr_plate,ok;split=train
D:/DATN/datasets/raw/roboflow_ocr_plate/train/images/ndata19_jpg.rf.92369e3e32ff342e0b45120e92627923.jpg,30E25582,1,8,True,roboflow_ocr_plate,ok;split=train
D:/DATN/datasets/raw/roboflow_ocr_plate/train/images/ndata1_jpg.rf.55186a7ec0bad4972574f6d850e4f6a5.jpg,30E99037,1,8,True,roboflow_ocr_plate,ok;split=train
D:/DATN/datasets/raw/roboflow_ocr_plate/train/images/ndata201_jpg.rf.29bd830bed1b1682af65d8b6083a8025.jpg,59X299899,2,9,True,roboflow_ocr_plate,ok;split=train
D:/DATN/datasets/raw/roboflow_ocr_plate/train/images/ndata202_jpg.rf.c1fc5e9af7d8d9cf88da6bb5e711498b.jpg,60M97997,2,8,True,roboflow_ocr_plate,ok;split=train
D:/DATN/datasets/raw/roboflow_ocr_plate/train/images/ndata205_jpg.rf.8d825e5c3757adf49fe4911a6f880f6c.jpg,30Y66886,2,8,True,roboflow_ocr_plate,ok;split=train
D:/DATN/datasets/raw/roboflow_ocr_plate/train/images/ndata206_jpg.rf.4b7c46822b5f90c83925f2cda839f78f.jpg,30Y66666,2,8,True,roboflow_ocr_plate,ok;split=train
D:/DATN/datasets/raw/roboflow_ocr_plate/train/images/ndata20_jpg.rf.98cccaad66311006a2704c8bee6a59f4.jpg,18F140249,2,9,True,roboflow_ocr_plate,ok;split=train
D:/DATN/datasets/raw/roboflow_ocr_plate/train/images/ndata210_jpg.rf.967a38b9c92223032d600ff185370994.jpg,29B156850,2,9,True,roboflow_ocr_plate,ok;split=train
D:/DATN/datasets/raw/roboflow_ocr_plate/train/images/ndata211_jpg.rf.a0aea2435d84d202dafa43ea2f50cb89.jpg,30X39988,2,8,True,roboflow_ocr_plate,ok;split=train
D:/DATN/datasets/raw/roboflow_ocr_plate/train/images/ndata212_jpg.rf.4f123d631f23d2dc529ba84f9879b2c3.jpg,49M122262,2,9,True,roboflow_ocr_plate,ok;split=train
D:/DATN/datasets/raw/roboflow_ocr_plate/train/images/ndata214_jpg.rf.db2a314b7a7d85ad98b1fe10de5749cd.jpg,14X104444,2,9,True,roboflow_ocr_plate,ok;split=train
D:/DATN/datasets/raw/roboflow_ocr_plate/train/images/ndata215_jpg.rf.6e275e8ebcc9f5af3e25d028972cdef2.jpg,29Y323456,2,9,True,roboflow_ocr_plate,ok;split=train
D:/DATN/datasets/raw/roboflow_ocr_plate/train/images/ndata217_jpg.rf.acc183c189d92b24aa907898271c5966.jpg,77X57777,2,8,True,roboflow_ocr_plate,ok;split=train
D:/DATN/datasets/raw/roboflow_ocr_plate/train/images/ndata219_jpg.rf.62566b26ce109f4b197116c580280124.jpg,34M91234,2,8,True,roboflow_ocr_plate,ok;split=train
D:/DATN/datasets/raw/roboflow_ocr_plate/train/images/ndata21_jpg.rf.2aaf7dcb8e996dd5e89efa05a561636f.jpg,30F36766,1,8,True,roboflow_ocr_plate,ok;split=train
D:/DATN/datasets/raw/roboflow_ocr_plate/train/images/ndata220_jpg.rf.9c2701f213096218d4b866dabebeadc5.jpg,29S693502,2,9,True,roboflow_ocr_plate,ok;split=train
D:/DATN/datasets/raw/roboflow_ocr_plate/train/images/ndata221_jpg.rf.3eccf61c971b637c9794d8cbaf7251b7.jpg,29M177888,2,9,True,roboflow_ocr_plate,ok;split=train
D:/DATN/datasets/raw/roboflow_ocr_plate/train/images/ndata222_jpg.rf.e39101b0f2884679066193b2265a4a67.jpg,29X162662,2,9,True,roboflow_ocr_plate,ok;split=train
D:/DATN/datasets/raw/roboflow_ocr_plate/train/images/ndata223_jpg.rf.9706cd746d387f2a49c99409e567cf3c.jpg,29X758888,2,9,True,roboflow_ocr_plate,ok;split=train
D:/DATN/datasets/raw/roboflow_ocr_plate/train/images/ndata224_jpg.rf.d85542380e0676ee3b72028139d10ec5.jpg,29M78181,2,8,True,roboflow_ocr_plate,ok;split=train
D:/DATN/datasets/raw/roboflow_ocr_plate/train/images/ndata226_jpg.rf.9e646aaef43afaeed466a5fb58dee789.jpg,29X150111,2,9,True,roboflow_ocr_plate,ok;split=train
D:/DATN/datasets/raw/roboflow_ocr_plate/train/images/ndata227_jpg.rf.e15fa2b4cebdb8f553bc65bca4e19dbc.jpg,11Y11111,2,8,True,roboflow_ocr_plate,ok;split=train
D:/DATN/datasets/raw/roboflow_ocr_plate/train/images/ndata22_jpg.rf.2c7503f8842814a313089572d3add524.jpg,23F111969,2,9,True,roboflow_ocr_plate,ok;split=train
D:/DATN/datasets/raw/roboflow_ocr_plate/train/images/ndata230_jpg.rf.c88bde52a430d38e3612b6af6130a656.jpg,36M122222,2,9,True,roboflow_ocr_plate,ok;split=train
D:/DATN/datasets/raw/roboflow_ocr_plate/train/images/ndata231_jpg.rf.937bc68b9d14e6d3d7c2e38fc8f5ef9c.jpg,36B557557,2,9,True,roboflow_ocr_plate,ok;split=train
D:/DATN/datasets/raw/roboflow_ocr_plate/train/images/ndata233_jpg.rf.c5cc93bc5af87bac4135e1adfeb66f7c.jpg,30K75555,2,8,True,roboflow_ocr_plate,ok;split=train
D:/DATN/datasets/raw/roboflow_ocr_plate/train/images/ndata234_jpg.rf.bc74ee029cc6df87bb8c69f93eb11c96.jpg,43X25678,2,8,True,roboflow_ocr_plate,ok;split=train
D:/DATN/datasets/raw/roboflow_ocr_plate/train/images/ndata235_jpg.rf.63a6e80eb2f0fc075be4084b7482a57c.jpg,29V759999,2,9,True,roboflow_ocr_plate,ok;split=train
D:/DATN/datasets/raw/roboflow_ocr_plate/train/images/ndata236_jpg.rf.231bd258a888f7c62fdb70b14a4dbcee.jpg,77M101234,2,9,True,roboflow_ocr_plate,ok;split=train
D:/DATN/datasets/raw/roboflow_ocr_plate/train/images/ndata238_jpg.rf.9d1da26edbeb71729de364f9eddfb738.jpg,24Y111112,2,9,True,roboflow_ocr_plate,ok;split=train
D:/DATN/datasets/raw/roboflow_ocr_plate/train/images/ndata239_jpg.rf.1241a8b2aa471258c29bed7833a6d97b.jpg,38X108888,2,9,True,roboflow_ocr_plate,ok;split=train
D:/DATN/datasets/raw/roboflow_ocr_plate/train/images/ndata23_jpg.rf.223c5cb878a964beb5c13823904a7042.jpg,29D41485,1,8,True,roboflow_ocr_plate,ok;split=train
D:/DATN/datasets/raw/roboflow_ocr_plate/train/images/ndata242_jpg.rf.92b4698b05cb20901210a32066cb89eb.jpg,29X334206,2,9,True,roboflow_ocr_plate,ok;split=train
D:/DATN/datasets/raw/roboflow_ocr_plate/train/images/ndata245_jpg.rf.c134a696bd40b6e9db3a0e6e18c4db8a.jpg,29Y159999,2,9,True,roboflow_ocr_plate,ok;split=train
D:/DATN/datasets/raw/roboflow_ocr_plate/train/images/ndata246_jpg.rf.1e3a1bfc6502dc64c16b1c0e18418204.jpg,29D157196,2,9,True,roboflow_ocr_plate,ok;split=train
D:/DATN/datasets/raw/roboflow_ocr_plate/train/images/ndata248_jpg.rf.d97039ebc57f409b7a0aabb21a1a05cf.jpg,33M78328,2,8,True,roboflow_ocr_plate,ok;split=train
D:/DATN/datasets/raw/roboflow_ocr_plate/train/images/ndata249_jpg.rf.c414f666b32dbf705eb825f28dac7472.jpg,29Y501991,2,9,True,roboflow_ocr_plate,ok;split=train
D:/DATN/datasets/raw/roboflow_ocr_plate/train/images/ndata251_jpg.rf.7a4681bcc00c3f807863e67a52a457ae.jpg,59M234565,2,9,True,roboflow_ocr_plate,ok;split=train
D:/DATN/datasets/raw/roboflow_ocr_plate/train/images/ndata252_jpg.rf.ef47b0b38b8121bd782913ee61073eb8.jpg,29Y101111,2,9,True,roboflow_ocr_plate,ok;split=train
D:/DATN/datasets/raw/roboflow_ocr_plate/train/images/ndata255_jpg.rf.702342b290bcb2ea31ec15419dd5b8ed.jpg,29Y717877,2,9,True,roboflow_ocr_plate,ok;split=train
D:/DATN/datasets/raw/roboflow_ocr_plate/train/images/ndata257_jpg.rf.a1b9943bff18efea910a3f74530fd70e.jpg,29Y86898,2,8,True,roboflow_ocr_plate,ok;split=train
D:/DATN/datasets/raw/roboflow_ocr_plate/train/images/ndata260_jpg.rf.e1e1760e683c48dffa0f6f0fecfe280a.jpg,30M21984,2,8,True,roboflow_ocr_plate,ok;split=train
D:/DATN/datasets/raw/roboflow_ocr_plate/train/images/ndata261_jpg.rf.fd93b116a87b8683f78ab407df43739e.jpg,29X716718,2,9,True,roboflow_ocr_plate,ok;split=train
D:/DATN/datasets/raw/roboflow_ocr_plate/train/images/ndata262_jpg.rf.33b41ac8c7185f10e1cad9737cc1f882.jpg,30M88711,2,8,True,roboflow_ocr_plate,ok;split=train
D:/DATN/datasets/raw/roboflow_ocr_plate/train/images/ndata263_jpg.rf.e33e4213b83ecd29899e0d02dd387bba.jpg,29Y568818,2,9,True,roboflow_ocr_plate,ok;split=train
D:/DATN/datasets/raw/roboflow_ocr_plate/train/images/ndata268_jpg.rf.5e888ea7d18c36f7c5109f04fae09353.jpg,29K165585,2,9,True,roboflow_ocr_plate,ok;split=train
D:/DATN/datasets/raw/roboflow_ocr_plate/train/images/ndata26_jpg.rf.05b8d893467a6e76807344cb784dd73b.jpg,30F27661,1,8,True,roboflow_ocr_plate,ok;split=train
D:/DATN/datasets/raw/roboflow_ocr_plate/train/images/ndata278_jpg.rf.9f1be9043ddd50e7a33075c4ae727332.jpg,29E166009,2,9,True,roboflow_ocr_plate,ok;split=train
D:/DATN/datasets/raw/roboflow_ocr_plate/train/images/ndata279_jpg.rf.e4db11bf9529b3ed43426c46d4ea2964.jpg,29E114461,2,9,True,roboflow_ocr_plate,ok;split=train
D:/DATN/datasets/raw/roboflow_ocr_plate/train/images/ndata281_jpg.rf.3012c502455c2ad8de6b6ae3444e8fa5.jpg,29E153856,2,9,True,roboflow_ocr_plate,ok;split=train
D:/DATN/datasets/raw/roboflow_ocr_plate/train/images/ndata283_jpg.rf.12b6c166021981cc89aa08ebaeb7127e.jpg,29E171360,2,9,True,roboflow_ocr_plate,ok;split=train
D:/DATN/datasets/raw/roboflow_ocr_plate/train/images/ndata286_jpg.rf.127b2b2ae2a511af7e2d4f060bc6a657.jpg,29E168610,2,9,True,roboflow_ocr_plate,ok;split=train
D:/DATN/datasets/raw/roboflow_ocr_plate/train/images/ndata287_jpg.rf.c8017c9887cd849da8cce7e1906f8d99.jpg,29E112222,2,9,True,roboflow_ocr_plate,ok;split=train
D:/DATN/datasets/raw/roboflow_ocr_plate/train/images/ndata28_jpg.rf.c0d03f8cd97df3b437d63a8c51e3b721.jpg,17B363126,2,9,True,roboflow_ocr_plate,ok;split=train
D:/DATN/datasets/raw/roboflow_ocr_plate/train/images/ndata291_jpg.rf.77364a856bb636b826a78c2fae5d8bc0.jpg,29E178910,2,9,True,roboflow_ocr_plate,ok;split=train
D:/DATN/datasets/raw/roboflow_ocr_plate/train/images/ndata292_jpg.rf.e9489779d74f875d148762518f7f5c6d.jpg,29E140828,2,9,True,roboflow_ocr_plate,ok;split=train
D:/DATN/datasets/raw/roboflow_ocr_plate/train/images/ndata293_jpg.rf.6a9ed8330da3325f397137e157daeb1b.jpg,29B17722,2,8,True,roboflow_ocr_plate,ok;split=train
D:/DATN/datasets/raw/roboflow_ocr_plate/train/images/ndata294_jpg.rf.3037be7dd4b9db5c7a3c42b36f049dd9.jpg,29E178910,2,9,True,roboflow_ocr_plate,ok;split=train
D:/DATN/datasets/raw/roboflow_ocr_plate/train/images/ndata295_jpg.rf.9ef8221c3a7fb2314b475347e565dd14.jpg,29E102054,2,9,True,roboflow_ocr_plate,ok;split=train
D:/DATN/datasets/raw/roboflow_ocr_plate/train/images/ndata298_jpg.rf.4dffaf4d7134651832ef7eedd932583e.jpg,88K40315,2,8,True,roboflow_ocr_plate,ok;split=train
D:/DATN/datasets/raw/roboflow_ocr_plate/train/images/ndata29_jpg.rf.007f031950a74457139aa9eea9cbb408.jpg,37F159869,2,9,True,roboflow_ocr_plate,ok;split=train
D:/DATN/datasets/raw/roboflow_ocr_plate/train/images/ndata2_jpg.rf.7589c1df368ff9e9efeb42ce8282c381.jpg,20L66582,2,8,True,roboflow_ocr_plate,ok;split=train
D:/DATN/datasets/raw/roboflow_ocr_plate/train/images/ndata304_jpg.rf.8b031619c47745af10554be2b68ae312.jpg,29Z186202,2,9,True,roboflow_ocr_plate,ok;split=train
D:/DATN/datasets/raw/roboflow_ocr_plate/train/images/ndata306_jpg.rf.8616f8d560989a35ba4ce2270038070f.jpg,29E241350,2,9,True,roboflow_ocr_plate,ok;split=train
D:/DATN/datasets/raw/roboflow_ocr_plate/train/images/ndata307_jpg.rf.dcadc24047df38cba15aea1910835a08.jpg,29E164461,2,9,True,roboflow_ocr_plate,ok;split=train
D:/DATN/datasets/raw/roboflow_ocr_plate/train/images/ndata308_jpg.rf.404b7de6cb1b53e69f0850dbd398678a.jpg,36N63442,2,8,True,roboflow_ocr_plate,ok;split=train
D:/DATN/datasets/raw/roboflow_ocr_plate/train/images/ndata30_jpg.rf.381a5d051380003bca70769249439a17.jpg,29H145410,2,9,True,roboflow_ocr_plate,ok;split=train
D:/DATN/datasets/raw/roboflow_ocr_plate/train/images/ndata310_jpg.rf.4faa112e0ed3eef22985256a6d5a4c96.jpg,29E167403,2,9,True,roboflow_ocr_plate,ok;split=train
D:/DATN/datasets/raw/roboflow_ocr_plate/train/images/ndata311_jpg.rf.bcf7072d376f195662df1cafff768f47.jpg,29E151367,2,9,True,roboflow_ocr_plate,ok;split=train
D:/DATN/datasets/raw/roboflow_ocr_plate/train/images/ndata313_jpg.rf.12d182f2613e290b8bd40db27778f29c.jpg,29E209668,2,9,True,roboflow_ocr_plate,ok;split=train
D:/DATN/datasets/raw/roboflow_ocr_plate/train/images/ndata318_jpg.rf.fe911546a117a7049c8aeacc3e05a4b8.jpg,99H61527,2,8,True,roboflow_ocr_plate,ok;split=train
D:/DATN/datasets/raw/roboflow_ocr_plate/train/images/ndata31_jpg.rf.cfb611492dc280fb5993c9c23a7ba650.jpg,29X510191,2,9,True,roboflow_ocr_plate,ok;split=train
D:/DATN/datasets/raw/roboflow_ocr_plate/train/images/ndata321_jpg.rf.5c78940d85ee5f6ef68ed17ac3c4bc8c.jpg,59V329804,2,9,True,roboflow_ocr_plate,ok;split=train
D:/DATN/datasets/raw/roboflow_ocr_plate/train/images/ndata322_jpg.rf.0035ebda83261e91076eda13f6c3c1dc.jpg,84E129980,2,9,True,roboflow_ocr_plate,ok;split=train
D:/DATN/datasets/raw/roboflow_ocr_plate/train/images/ndata323_jpg.rf.a08aee9e5b8ba52619eb0752c35ce05c.jpg,95EA01624,2,9,True,roboflow_ocr_plate,ok;split=train
D:/DATN/datasets/raw/roboflow_ocr_plate/train/images/ndata324_jpg.rf.677c6a6502c3316c0d17aa0056d31578.jpg,59D111111,2,9,True,roboflow_ocr_plate,ok;split=train
D:/DATN/datasets/raw/roboflow_ocr_plate/train/images/ndata325_jpg.rf.6a5a807adc2d3d4bead802a96947bdff.jpg,61D156789,2,9,True,roboflow_ocr_plate,ok;split=train
D:/DATN/datasets/raw/roboflow_ocr_plate/train/images/ndata328_jpg.rf.6f71a86917d33e3bbbc4569b1be649e4.jpg,66N55555,2,8,True,roboflow_ocr_plate,ok;split=train
D:/DATN/datasets/raw/roboflow_ocr_plate/train/images/ndata329_jpg.rf.5e8759d5f4dd12b1635a5c78353416b7.jpg,66N67777,2,8,True,roboflow_ocr_plate,ok;split=train
D:/DATN/datasets/raw/roboflow_ocr_plate/train/images/ndata32_jpg.rf.3d5ce1a560b46d2eb2d5fbe174de87e2.jpg,30F51010,2,8,True,roboflow_ocr_plate,ok;split=train
D:/DATN/datasets/raw/roboflow_ocr_plate/train/images/ndata330_jpg.rf.98038af73ca95b96861a44ed2034e38c.jpg,67N34444,2,8,True,roboflow_ocr_plate,ok;split=train
D:/DATN/datasets/raw/roboflow_ocr_plate/train/images/ndata333_jpg.rf.c6b8fb10d1c4380d2aced6aeaff9e929.jpg,30N59999,2,8,True,roboflow_ocr_plate,ok;split=train
D:/DATN/datasets/raw/roboflow_ocr_plate/train/images/ndata335_jpg.rf.a29a16332590f4fc7a8d122098ae02e2.jpg,50N199999,2,9,True,roboflow_ocr_plate,ok;split=train
D:/DATN/datasets/raw/roboflow_ocr_plate/train/images/ndata337_jpg.rf.9290e7dea2bbb01932ac7fd740f9fd57.jpg,29T16480,2,8,True,roboflow_ocr_plate,ok;split=train
D:/DATN/datasets/raw/roboflow_ocr_plate/train/images/ndata339_jpg.rf.d03b748c13ecf920748bea54d2f2b3ec.jpg,79N88888,2,8,True,roboflow_ocr_plate,ok;split=train
D:/DATN/datasets/raw/roboflow_ocr_plate/train/images/ndata33_jpg.rf.77c500545d1a33a0e1eeace6a97ec0e5.jpg,28A04201,1,8,True,roboflow_ocr_plate,ok;split=train
D:/DATN/datasets/raw/roboflow_ocr_plate/train/images/ndata340_jpg.rf.39e7d773ac122142703710c361bfb15a.jpg,68D107909,2,9,True,roboflow_ocr_plate,ok;split=train
D:/DATN/datasets/raw/roboflow_ocr_plate/train/images/ndata341_jpg.rf.24654a1e1ec51319ff0279ce77a05ce2.jpg,59N233399,2,9,True,roboflow_ocr_plate,ok;split=train
D:/DATN/datasets/raw/roboflow_ocr_plate/train/images/ndata342_jpg.rf.664ffb92e8502299a2b6ed6bf4a00515.jpg,59N244027,2,9,True,roboflow_ocr_plate,ok;split=train
D:/DATN/datasets/raw/roboflow_ocr_plate/train/images/ndata345_jpg.rf.6c054bec68e70634177f7f8e9545c7c7.jpg,29D257821,2,9,True,roboflow_ocr_plate,ok;split=train
D:/DATN/datasets/raw/roboflow_ocr_plate/train/images/ndata346_jpg.rf.2db6ad91110dde07ff27d7fd02b71462.jpg,33N64923,2,8,True,roboflow_ocr_plate,ok;split=train
D:/DATN/datasets/raw/roboflow_ocr_plate/train/images/ndata347_jpg.rf.1b8889d0aeeb01c42efea30d19a2f464.jpg,20C135633,2,9,True,roboflow_ocr_plate,ok;split=train
D:/DATN/datasets/raw/roboflow_ocr_plate/train/images/ndata348_jpg.rf.340b03fa959b520c9ec0a0dfb337c764.jpg,29U56764,2,8,True,roboflow_ocr_plate,ok;split=train
D:/DATN/datasets/raw/roboflow_ocr_plate/train/images/ndata349_jpg.rf.44927df2213b97e50f0afd2af8a4b5b0.jpg,29N138994,2,9,True,roboflow_ocr_plate,ok;split=train
D:/DATN/datasets/raw/roboflow_ocr_plate/train/images/ndata34_jpg.rf.aaa5baf0b89edb358cde4d1ea48d893b.jpg,30F51010,2,8,True,roboflow_ocr_plate,ok;split=train
D:/DATN/datasets/raw/roboflow_ocr_plate/train/images/ndata350_jpg.rf.e310ed920efaae28f0da93e120c0c6f0.jpg,29U28430,2,8,True,roboflow_ocr_plate,ok;split=train
D:/DATN/datasets/raw/roboflow_ocr_plate/train/images/ndata351_jpg.rf.d208d5a799aa7aa435a8ef88b5809952.jpg,43N14308,2,8,True,roboflow_ocr_plate,ok;split=train
D:/DATN/datasets/raw/roboflow_ocr_plate/train/images/ndata353_jpg.rf.3ff267205fabbb2148b19871fb66a0ab.jpg,19X17409,2,8,True,roboflow_ocr_plate,ok;split=train
D:/DATN/datasets/raw/roboflow_ocr_plate/train/images/ndata35_jpg.rf.a141b2416036fd4f3a0dd7223d5683d5.jpg,30F51010,2,8,True,roboflow_ocr_plate,ok;split=train
D:/DATN/datasets/raw/roboflow_ocr_plate/train/images/ndata367_jpg.rf.afc6dfe9afed69525df92ec3690ea2c9.jpg,88AB30990,2,9,True,roboflow_ocr_plate,ok;split=train
D:/DATN/datasets/raw/roboflow_ocr_plate/train/images/ndata368_jpg.rf.3bcc70b5e47fee1135ad1ac45750e12c.jpg,29K36789,2,8,True,roboflow_ocr_plate,ok;split=train
D:/DATN/datasets/raw/roboflow_ocr_plate/train/images/ndata36_jpg.rf.85210605341c239ab119f4ef883a765e.jpg,30F51010,2,8,True,roboflow_ocr_plate,ok;split=train
D:/DATN/datasets/raw/roboflow_ocr_plate/train/images/ndata370_jpg.rf.67deca2a5111ad188f87b9531515c74c.jpg,62K121122,2,9,True,roboflow_ocr_plate,ok;split=train
D:/DATN/datasets/raw/roboflow_ocr_plate/train/images/ndata371_jpg.rf.4b7f13aacf3baab1e8109760284da31b.jpg,66N55555,2,8,True,roboflow_ocr_plate,ok;split=train
D:/DATN/datasets/raw/roboflow_ocr_plate/train/images/ndata372_jpg.rf.0e8c8ac32f3c55b9fccac5c4bf279572.jpg,66K55555,2,8,True,roboflow_ocr_plate,ok;split=train
D:/DATN/datasets/raw/roboflow_ocr_plate/train/images/ndata373_jpg.rf.31adfead75a8218d0929841a4c48ba58.jpg,67L65555,2,8,True,roboflow_ocr_plate,ok;split=train
D:/DATN/datasets/raw/roboflow_ocr_plate/train/images/ndata374_jpg.rf.9985bdb9b1d3a6729eafa178ec265594.jpg,67K33333,2,8,True,roboflow_ocr_plate,ok;split=train
D:/DATN/datasets/raw/roboflow_ocr_plate/train/images/ndata375_jpg.rf.e08289bfb6e34def4df000a8f3a9302c.jpg,67T32222,2,8,True,roboflow_ocr_plate,ok;split=train
D:/DATN/datasets/raw/roboflow_ocr_plate/train/images/ndata377_jpg.rf.9eb0031a70bc6ea0dcd56a2a3c181e64.jpg,59K227777,2,9,True,roboflow_ocr_plate,ok;split=train
D:/DATN/datasets/raw/roboflow_ocr_plate/train/images/ndata378_jpg.rf.32a3c1d34ed8a2b8d8425ac1e224127a.jpg,62K128888,2,9,True,roboflow_ocr_plate,ok;split=train
D:/DATN/datasets/raw/roboflow_ocr_plate/train/images/ndata379_jpg.rf.02d4fbe9f38de26c9e895f036f8d98de.jpg,62K128888,2,9,True,roboflow_ocr_plate,ok;split=train
D:/DATN/datasets/raw/roboflow_ocr_plate/train/images/ndata37_jpg.rf.db280acbd376b910701a4ac118502e34.jpg,90B251088,2,9,True,roboflow_ocr_plate,ok;split=train
D:/DATN/datasets/raw/roboflow_ocr_plate/train/images/ndata380_jpg.rf.4b7472c5bf71793313e206f808a518b2.jpg,29V544444,2,9,True,roboflow_ocr_plate,ok;split=train
D:/DATN/datasets/raw/roboflow_ocr_plate/train/images/ndata381_jpg.rf.178b2d20355a0a371ae0d259ba54fc06.jpg,72K134567,2,9,True,roboflow_ocr_plate,ok;split=train
D:/DATN/datasets/raw/roboflow_ocr_plate/train/images/ndata385_jpg.rf.80ccb204603812858b01a8253b122cfe.jpg,29E145678,2,9,True,roboflow_ocr_plate,ok;split=train
D:/DATN/datasets/raw/roboflow_ocr_plate/train/images/ndata386_jpg.rf.71c40a9d231a9a8303fc7f74dc71f060.jpg,89E132181,2,9,True,roboflow_ocr_plate,ok;split=train
D:/DATN/datasets/raw/roboflow_ocr_plate/train/images/ndata387_jpg.rf.0ca264d123e01397f88f34b274602e9c.jpg,59E140209,2,9,True,roboflow_ocr_plate,ok;split=train
D:/DATN/datasets/raw/roboflow_ocr_plate/train/images/ndata388_jpg.rf.aa280712fc1b132ef9ea930c85ce0df8.jpg,49E122222,2,9,True,roboflow_ocr_plate,ok;split=train
D:/DATN/datasets/raw/roboflow_ocr_plate/train/images/ndata38_jpg.rf.0f359d9c32c8cdc9a04e22c92d0ea4d6.jpg,30F51010,2,8,True,roboflow_ocr_plate,ok;split=train
D:/DATN/datasets/raw/roboflow_ocr_plate/train/images/ndata391_jpg.rf.326651d368aad2dd8e53460e83fc1ae2.jpg,14K101234,2,9,True,roboflow_ocr_plate,ok;split=train
D:/DATN/datasets/raw/roboflow_ocr_plate/train/images/ndata393_jpg.rf.8aa7d1f60a1de1d755d3ccf047b72764.jpg,30E95623,2,8,True,roboflow_ocr_plate,ok;split=train
D:/DATN/datasets/raw/roboflow_ocr_plate/train/images/ndata397_jpg.rf.a27b7920f6bdc5d60dee192e5c0f3885.jpg,29E268562,2,9,True,roboflow_ocr_plate,ok;split=train
D:/DATN/datasets/raw/roboflow_ocr_plate/train/images/ndata39_jpg.rf.23c3fda2e00f29562b305b3dc8b9247e.jpg,30F51010,2,8,True,roboflow_ocr_plate,ok;split=train
D:/DATN/datasets/raw/roboflow_ocr_plate/train/images/ndata3_jpg.rf.97992a247ddb2aa6f1fced74ff2969d2.jpg,99C137552,2,9,True,roboflow_ocr_plate,ok;split=train
D:/DATN/datasets/raw/roboflow_ocr_plate/train/images/ndata400_jpg.rf.b064ae5498fcb694394c838df7cb5e0b.jpg,29E115934,2,9,True,roboflow_ocr_plate,ok;split=train
D:/DATN/datasets/raw/roboflow_ocr_plate/train/images/ndata403_jpg.rf.856d4b37dff94575abf3697e89acc1f4.jpg,37P138569,2,9,True,roboflow_ocr_plate,ok;split=train
D:/DATN/datasets/raw/roboflow_ocr_plate/train/images/ndata412_jpg.rf.a43769baef4253eacbfab95e368f8485.jpg,17B623465,2,9,True,roboflow_ocr_plate,ok;split=train
D:/DATN/datasets/raw/roboflow_ocr_plate/train/images/ndata413_jpg.rf.6858d008556c189e20aff857f094217a.jpg,29K118280,2,9,True,roboflow_ocr_plate,ok;split=train
D:/DATN/datasets/raw/roboflow_ocr_plate/train/images/ndata415_jpg.rf.07e36a5c464b546e87e3e57b1129bc7e.jpg,29K113415,2,9,True,roboflow_ocr_plate,ok;split=train
D:/DATN/datasets/raw/roboflow_ocr_plate/train/images/ndata418_jpg.rf.3b2146095239cf72479b95bb90ac5b90.jpg,29K114488,2,9,True,roboflow_ocr_plate,ok;split=train
D:/DATN/datasets/raw/roboflow_ocr_plate/train/images/ndata419_jpg.rf.f8cf0301d73e0b8ad6d44188e9c0f5dc.jpg,29K114488,2,9,True,roboflow_ocr_plate,ok;split=train
D:/DATN/datasets/raw/roboflow_ocr_plate/train/images/ndata41_jpg.rf.1e3d01068f0f8cb7b926257b4170accf.jpg,30A99524,2,8,True,roboflow_ocr_plate,ok;split=train
D:/DATN/datasets/raw/roboflow_ocr_plate/train/images/ndata421_jpg.rf.b7ad33d57eb72420e1686fe65f776981.jpg,30K21915,2,8,True,roboflow_ocr_plate,ok;split=train
D:/DATN/datasets/raw/roboflow_ocr_plate/train/images/ndata422_jpg.rf.b04b15eda53eec43f82fb36119c907fa.jpg,29K187668,2,9,True,roboflow_ocr_plate,ok;split=train
D:/DATN/datasets/raw/roboflow_ocr_plate/train/images/ndata425_jpg.rf.db4b53925dac07ad9af5b8e17729a4f5.jpg,30K43008,2,8,True,roboflow_ocr_plate,ok;split=train
D:/DATN/datasets/raw/roboflow_ocr_plate/train/images/ndata426_jpg.rf.8701ac0829180a63e47621084df956c8.jpg,64K133415,2,9,True,roboflow_ocr_plate,ok;split=train
D:/DATN/datasets/raw/roboflow_ocr_plate/train/images/ndata427_jpg.rf.81bda08f0f020bdd84a5ffadc5ed752d.jpg,29G136076,2,9,True,roboflow_ocr_plate,ok;split=train
D:/DATN/datasets/raw/roboflow_ocr_plate/train/images/ndata42_jpg.rf.01c1288392deb12e5322015dd393fe66.jpg,30A99524,2,8,True,roboflow_ocr_plate,ok;split=train
D:/DATN/datasets/raw/roboflow_ocr_plate/train/images/ndata430_jpg.rf.6c16f7cc0df552036373451e96c0cc8b.jpg,29ML82833,2,9,True,roboflow_ocr_plate,ok;split=train
D:/DATN/datasets/raw/roboflow_ocr_plate/train/images/ndata431_jpg.rf.ed1b38019c5a80e0db3a93791e808ea2.jpg,36MD35520,2,9,True,roboflow_ocr_plate,electric_series_MD_not_in_phase1_grammar
D:/DATN/datasets/raw/roboflow_ocr_plate/train/images/ndata432_jpg.rf.5b9c4e54a9ccfc5c4e690bcbe42f46f8.jpg,29M38322,2,8,True,roboflow_ocr_plate,ok;split=train
D:/DATN/datasets/raw/roboflow_ocr_plate/train/images/ndata436_jpg.rf.4defb26ac8e8a131bb809be8d11e3b31.jpg,20M54742,2,8,True,roboflow_ocr_plate,ok;split=train
D:/DATN/datasets/raw/roboflow_ocr_plate/train/images/ndata446_jpg.rf.fa2c1e8534e0daa2dab4927046f1ba2d.jpg,99H90107,2,8,True,roboflow_ocr_plate,ok;split=train
D:/DATN/datasets/raw/roboflow_ocr_plate/train/images/ndata44_jpg.rf.d74c6cc48f190eaed38b3683c8b34f07.jpg,29L10702,2,8,True,roboflow_ocr_plate,ok;split=train
D:/DATN/datasets/raw/roboflow_ocr_plate/train/images/ndata45_jpg.rf.0785603c17b474bc1e27b0728a6cc4a9.jpg,29T140113,2,9,True,roboflow_ocr_plate,ok;split=train
D:/DATN/datasets/raw/roboflow_ocr_plate/train/images/ndata460_jpg.rf.a01d7eea3ed492daa00abf31126797a9.jpg,29U1376,2,7,True,roboflow_ocr_plate,ok;split=train
D:/DATN/datasets/raw/roboflow_ocr_plate/train/images/ndata462_jpg.rf.2d68c034fd7ef205ddb2725ae66ffed9.jpg,59E737583,2,9,True,roboflow_ocr_plate,ok;split=train
D:/DATN/datasets/raw/roboflow_ocr_plate/train/images/ndata463_jpg.rf.cb8a6678a6359c5de29d6a0ae684f33f.jpg,59E134055,2,9,True,roboflow_ocr_plate,ok;split=train
D:/DATN/datasets/raw/roboflow_ocr_plate/train/images/ndata466_jpg.rf.daa6cd8b85cfe6926a7314ef66231e7b.jpg,29V140283,2,9,True,roboflow_ocr_plate,ok;split=train
D:/DATN/datasets/raw/roboflow_ocr_plate/train/images/ndata467_jpg.rf.3cfbb5dc08aa86a2c881fd85a520afb9.jpg,29V537142,2,9,True,roboflow_ocr_plate,ok;split=train
D:/DATN/datasets/raw/roboflow_ocr_plate/train/images/ndata469_jpg.rf.9a609e2cf8fbfe36f7c3a20049dd019b.jpg,29V307816,2,9,True,roboflow_ocr_plate,ok;split=train
D:/DATN/datasets/raw/roboflow_ocr_plate/train/images/ndata46_jpg.rf.f56afd8d6c0aecfa9f66db9ad1a6212e.jpg,30A99524,2,8,True,roboflow_ocr_plate,ok;split=train
D:/DATN/datasets/raw/roboflow_ocr_plate/train/images/ndata470_jpg.rf.5e7de5fdc9b36e0963ec97bc4bd305cf.jpg,29V27793,2,8,True,roboflow_ocr_plate,ok;split=train
D:/DATN/datasets/raw/roboflow_ocr_plate/train/images/ndata471_jpg.rf.16af6a4a1f94e9a4dd9af2f57e528efb.jpg,34AA11950,2,9,True,roboflow_ocr_plate,ok;split=train
D:/DATN/datasets/raw/roboflow_ocr_plate/train/images/ndata472_jpg.rf.926be27928077b3d6c944268e82873c2.jpg,29V105678,2,9,True,roboflow_ocr_plate,ok;split=train
D:/DATN/datasets/raw/roboflow_ocr_plate/train/images/ndata474_jpg.rf.7eb0af1e88ee1fc58b12147c523a8a12.jpg,29V506200,2,9,True,roboflow_ocr_plate,ok;split=train
D:/DATN/datasets/raw/roboflow_ocr_plate/train/images/ndata475_jpg.rf.de16a4545c9fff7bf6e972a8637ba32c.jpg,30V2303,1,7,True,roboflow_ocr_plate,ok;split=train
D:/DATN/datasets/raw/roboflow_ocr_plate/train/images/ndata477_jpg.rf.2bce1caeaff7ff98c665382eea2060d3.jpg,29Y79108,2,8,True,roboflow_ocr_plate,ok;split=train
D:/DATN/datasets/raw/roboflow_ocr_plate/train/images/ndata478_jpg.rf.8ecd41e844f85308e2887bfd4345e61a.jpg,18B254779,2,9,True,roboflow_ocr_plate,ok;split=train
D:/DATN/datasets/raw/roboflow_ocr_plate/train/images/ndata483_jpg.rf.642c6e09d9e02c36a8a2899cc2fc205b.jpg,15N118520,2,9,True,roboflow_ocr_plate,ok;split=train
D:/DATN/datasets/raw/roboflow_ocr_plate/train/images/ndata484_jpg.rf.53c115c53346b55d91eb069bd9a6ddbd.jpg,29V52108,2,8,True,roboflow_ocr_plate,ok;split=train
D:/DATN/datasets/raw/roboflow_ocr_plate/train/images/ndata485_jpg.rf.ad2b6202d963058bdfc125d87f230318.jpg,29S175902,2,9,True,roboflow_ocr_plate,ok;split=train
D:/DATN/datasets/raw/roboflow_ocr_plate/train/images/ndata486_jpg.rf.327c707f9572764197e693890128adf3.jpg,29U427914,2,9,True,roboflow_ocr_plate,1_overlapping_boxes_in_line
D:/DATN/datasets/raw/roboflow_ocr_plate/train/images/ndata489_jpg.rf.bb81bac5e852497eff92d3c21d5278b5.jpg,14B165772,2,9,True,roboflow_ocr_plate,ok;split=train
D:/DATN/datasets/raw/roboflow_ocr_plate/train/images/ndata490_jpg.rf.a78c1cc8df9cc72af9423386e42bd57c.jpg,14B165772,2,9,True,roboflow_ocr_plate,ok;split=train
D:/DATN/datasets/raw/roboflow_ocr_plate/train/images/ndata492_jpg.rf.d3208c8e270b022f7d2837ca19406944.jpg,34B221312,2,9,True,roboflow_ocr_plate,ok;split=train
D:/DATN/datasets/raw/roboflow_ocr_plate/train/images/ndata496_jpg.rf.c8bda7d0f1ccd7f27588991a889ac996.jpg,14X139154,2,9,True,roboflow_ocr_plate,ok;split=train
D:/DATN/datasets/raw/roboflow_ocr_plate/train/images/ndata497_jpg.rf.751627f1ed858f0df3145c87590a12c1.jpg,14X139154,2,9,True,roboflow_ocr_plate,ok;split=train
D:/DATN/datasets/raw/roboflow_ocr_plate/train/images/ndata498_jpg.rf.575afeff53e2ba9ada331a0f6ada1c4b.jpg,14X139154,2,9,True,roboflow_ocr_plate,ok;split=train
D:/DATN/datasets/raw/roboflow_ocr_plate/train/images/ndata499_jpg.rf.522ee79573e8b58a3950a3c829055087.jpg,17B300911,2,9,True,roboflow_ocr_plate,ok;split=train
D:/DATN/datasets/raw/roboflow_ocr_plate/train/images/ndata49_jpg.rf.4c1facd7aaa6976e95d65620e7056dca.jpg,30A99524,2,8,True,roboflow_ocr_plate,ok;split=train
D:/DATN/datasets/raw/roboflow_ocr_plate/train/images/ndata4_jpg.rf.55823935bb90ad3c47228f731bad2e43.jpg,37F282566,2,9,True,roboflow_ocr_plate,ok;split=train
D:/DATN/datasets/raw/roboflow_ocr_plate/train/images/ndata500_jpg.rf.37d1c93c05cfe2c905bdd504ff038df6.jpg,34B318014,2,9,True,roboflow_ocr_plate,ok;split=train
D:/DATN/datasets/raw/roboflow_ocr_plate/train/images/ndata501_jpg.rf.d61a184fdf44325b8d2e5e0dca6adc77.jpg,26B283883,2,9,True,roboflow_ocr_plate,ok;split=train
D:/DATN/datasets/raw/roboflow_ocr_plate/train/images/ndata502_jpg.rf.5ecf694b488524a980a5af2be96670d4.jpg,22B261837,2,9,True,roboflow_ocr_plate,ok;split=train
D:/DATN/datasets/raw/roboflow_ocr_plate/train/images/ndata503_jpg.rf.f658d9bc6d60e612449899792c446bc0.jpg,36B818610,2,9,True,roboflow_ocr_plate,ok;split=train
D:/DATN/datasets/raw/roboflow_ocr_plate/train/images/ndata505_jpg.rf.7574872afd4a066f71778894fba8c307.jpg,38F111464,2,9,True,roboflow_ocr_plate,ok;split=train
D:/DATN/datasets/raw/roboflow_ocr_plate/train/images/ndata507_jpg.rf.126a9647f686ff01686c636656369fd1.jpg,19L114204,2,9,True,roboflow_ocr_plate,ok;split=train
D:/DATN/datasets/raw/roboflow_ocr_plate/train/images/ndata509_jpg.rf.679a756ca6d962dbfadbd058ebe5355f.jpg,88F154899,2,9,True,roboflow_ocr_plate,ok;split=train
D:/DATN/datasets/raw/roboflow_ocr_plate/train/images/ndata511_jpg.rf.a65dfa47d6147a58da7946a7e7353122.jpg,30L90860,2,8,True,roboflow_ocr_plate,ok;split=train
D:/DATN/datasets/raw/roboflow_ocr_plate/train/images/ndata512_jpg.rf.c9ae7feddb6888233ea1f5a4af84f8b0.jpg,36B554939,2,9,True,roboflow_ocr_plate,ok;split=train
D:/DATN/datasets/raw/roboflow_ocr_plate/train/images/ndata513_jpg.rf.83e318174c036fbcde1a1e6eebd89b0d.jpg,37E103975,2,9,True,roboflow_ocr_plate,ok;split=train
D:/DATN/datasets/raw/roboflow_ocr_plate/train/images/ndata515_jpg.rf.cb6a6cc682c26b6c23ce53b2ac29a075.jpg,29B214043,2,9,True,roboflow_ocr_plate,ok;split=train
D:/DATN/datasets/raw/roboflow_ocr_plate/train/images/ndata516_jpg.rf.28c065f99d472862d1e30cccc8bc9546.jpg,30E69438,1,8,True,roboflow_ocr_plate,ok;split=train
D:/DATN/datasets/raw/roboflow_ocr_plate/train/images/ndata517_jpg.rf.bef51c5d272cffb7ba7b3d58e9324de5.jpg,30A37715,1,8,True,roboflow_ocr_plate,ok;split=train
D:/DATN/datasets/raw/roboflow_ocr_plate/train/images/ndata519_jpg.rf.97bd73f2d84693974d839d477a0f5141.jpg,29C55125,1,8,True,roboflow_ocr_plate,ok;split=train
D:/DATN/datasets/raw/roboflow_ocr_plate/train/images/ndata520_jpg.rf.ecb224aa429af85289e03d518bfff91c.jpg,29C55125,1,8,True,roboflow_ocr_plate,ok;split=train
D:/DATN/datasets/raw/roboflow_ocr_plate/train/images/ndata521_jpg.rf.26bc4c6ba7557736db23c3de4f13c351.jpg,30G28600,2,8,True,roboflow_ocr_plate,ok;split=train
D:/DATN/datasets/raw/roboflow_ocr_plate/train/images/ndata522_jpg.rf.b6b25ab9ad1ea7cfd38e956d1c797dbb.jpg,30G28600,2,8,True,roboflow_ocr_plate,ok;split=train
D:/DATN/datasets/raw/roboflow_ocr_plate/train/images/ndata523_jpg.rf.f3c7308ebe149e764223e26653b97f14.jpg,37B311444,2,9,True,roboflow_ocr_plate,ok;split=train
D:/DATN/datasets/raw/roboflow_ocr_plate/train/images/ndata524_jpg.rf.9bb0cc5e7cc5802bf64e66e98e3bfa0f.jpg,29A78725,2,8,True,roboflow_ocr_plate,ok;split=train
D:/DATN/datasets/raw/roboflow_ocr_plate/train/images/ndata526_jpg.rf.446f59ac23fd2da9dc6172fb90e3680a.jpg,29A7872,2,7,True,roboflow_ocr_plate,ok;split=train
D:/DATN/datasets/raw/roboflow_ocr_plate/train/images/ndata529_jpg.rf.b1f9f94531065b304417b6bf0932b568.jpg,35B302772,2,9,True,roboflow_ocr_plate,ok;split=train
D:/DATN/datasets/raw/roboflow_ocr_plate/train/images/ndata531_jpg.rf.659a6d442195189e183cba091a8dac25.jpg,29A18526,2,8,True,roboflow_ocr_plate,ok;split=train
D:/DATN/datasets/raw/roboflow_ocr_plate/train/images/ndata533_jpg.rf.82accaff4ea47a81e0bb95c1fbe8210c.jpg,29A18526,2,8,True,roboflow_ocr_plate,ok;split=train
D:/DATN/datasets/raw/roboflow_ocr_plate/train/images/ndata535_jpg.rf.d7d9f59e1a11b00ecb689220a903c5bb.jpg,51F56747,1,8,True,roboflow_ocr_plate,ok;split=train
D:/DATN/datasets/raw/roboflow_ocr_plate/train/images/ndata536_jpg.rf.b6cdd1afd1b8ecce7b2958ca0bba745f.jpg,30M2538,2,7,True,roboflow_ocr_plate,ok;split=train
D:/DATN/datasets/raw/roboflow_ocr_plate/train/images/ndata537_jpg.rf.44c75354fff93ad3c5ce98d9780727e0.jpg,99D121591,2,9,True,roboflow_ocr_plate,ok;split=train
D:/DATN/datasets/raw/roboflow_ocr_plate/train/images/ndata540_jpg.rf.4a706218d2c7d1c87e1bdcf6e0b3cd2e.jpg,30F44001,2,8,True,roboflow_ocr_plate,ok;split=train
D:/DATN/datasets/raw/roboflow_ocr_plate/train/images/ndata541_jpg.rf.e30af9bf048de6451b54cbb8fa32dae4.jpg,29B150776,2,9,True,roboflow_ocr_plate,ok;split=train
D:/DATN/datasets/raw/roboflow_ocr_plate/train/images/ndata543_jpg.rf.8f054435fc01996a4e66437f0a28f269.jpg,29Y83003,2,8,True,roboflow_ocr_plate,ok;split=train
D:/DATN/datasets/raw/roboflow_ocr_plate/train/images/ndata545_jpg.rf.d438c3a556bd6a59c0fb4b8151f7d9fc.jpg,89K27809,2,8,True,roboflow_ocr_plate,ok;split=train
D:/DATN/datasets/raw/roboflow_ocr_plate/train/images/ndata546_jpg.rf.346b37119773f270b57508408d35d817.jpg,30A91844,2,8,True,roboflow_ocr_plate,ok;split=train
D:/DATN/datasets/raw/roboflow_ocr_plate/train/images/ndata547_jpg.rf.038edf1b1dce28d3fe7d835c1d61e389.jpg,30A06765,2,8,True,roboflow_ocr_plate,ok;split=train
D:/DATN/datasets/raw/roboflow_ocr_plate/train/images/ndata549_jpg.rf.9001faf40f3beb2622132d7bb855ea64.jpg,30F90136,2,8,True,roboflow_ocr_plate,ok;split=train
D:/DATN/datasets/raw/roboflow_ocr_plate/train/images/ndata54_jpg.rf.6eb5d80e7e240735bc6adfa9cc45c044.jpg,30A23745,2,8,True,roboflow_ocr_plate,ok;split=train
D:/DATN/datasets/raw/roboflow_ocr_plate/train/images/ndata550_jpg.rf.f435c11a2a617f2a01ff529a28c81e08.jpg,30G33545,2,8,True,roboflow_ocr_plate,ok;split=train
D:/DATN/datasets/raw/roboflow_ocr_plate/train/images/ndata551_jpg.rf.5ec7fac9aa6322d40bc032ec01a5dcf6.jpg,15N114371,2,9,True,roboflow_ocr_plate,ok;split=train
D:/DATN/datasets/raw/roboflow_ocr_plate/train/images/ndata555_jpg.rf.ee42d8e6e0b995d2be3dd13276c3ee77.jpg,29AB15947,2,9,True,roboflow_ocr_plate,ok;split=train
D:/DATN/datasets/raw/roboflow_ocr_plate/train/images/ndata556_jpg.rf.3fa14b49c566bcab709547729c106844.jpg,30F56605,2,8,True,roboflow_ocr_plate,ok;split=train
D:/DATN/datasets/raw/roboflow_ocr_plate/train/images/ndata557_jpg.rf.5e2f7a811e68ba5b94033659b2cfe1bd.jpg,30E22070,2,8,True,roboflow_ocr_plate,ok;split=train
D:/DATN/datasets/raw/roboflow_ocr_plate/train/images/ndata558_jpg.rf.bb9adec7338854e1a027fecb838cae00.jpg,27AA07647,2,9,True,roboflow_ocr_plate,ok;split=train
D:/DATN/datasets/raw/roboflow_ocr_plate/train/images/ndata559_jpg.rf.32016cbe95dfe633237a403ad3af1fe8.jpg,30E22070,2,8,True,roboflow_ocr_plate,ok;split=train
D:/DATN/datasets/raw/roboflow_ocr_plate/train/images/ndata55_jpg.rf.4097373e7add9eacc2aaacddbb5d1698.jpg,29A94170,2,8,True,roboflow_ocr_plate,ok;split=train
D:/DATN/datasets/raw/roboflow_ocr_plate/train/images/ndata561_jpg.rf.70dedb3aa3a096e7116f544d942c5ff2.jpg,30E22070,2,8,True,roboflow_ocr_plate,ok;split=train
D:/DATN/datasets/raw/roboflow_ocr_plate/train/images/ndata565_jpg.rf.9f6921f2df100b2c2f0ff3a35ec0ee67.jpg,30G33545,2,8,True,roboflow_ocr_plate,ok;split=train
D:/DATN/datasets/raw/roboflow_ocr_plate/train/images/ndata567_jpg.rf.4b99d68675e775630671034c0611ea67.jpg,35B302772,2,9,True,roboflow_ocr_plate,ok;split=train
D:/DATN/datasets/raw/roboflow_ocr_plate/train/images/ndata568_jpg.rf.5057e246c52d7813478d0c6c3aa446c1.jpg,30E78917,2,8,True,roboflow_ocr_plate,ok;split=train
D:/DATN/datasets/raw/roboflow_ocr_plate/train/images/ndata56_jpg.rf.07664358b6676fcf43b8f21811ec83c4.jpg,30A3745,2,7,True,roboflow_ocr_plate,ok;split=train
D:/DATN/datasets/raw/roboflow_ocr_plate/train/images/ndata571_jpg.rf.30fd015c765906ed9cf24c7e2d010ba4.jpg,29D50557,2,8,True,roboflow_ocr_plate,ok;split=train
D:/DATN/datasets/raw/roboflow_ocr_plate/train/images/ndata572_jpg.rf.8f0717c5f13ef8e73531c908cecbf5d3.jpg,29K151905,2,9,True,roboflow_ocr_plate,ok;split=train
D:/DATN/datasets/raw/roboflow_ocr_plate/train/images/ndata573_jpg.rf.47f65696522e2350cabd9b0ae27eb90a.jpg,30E22010,2,8,True,roboflow_ocr_plate,ok;split=train
D:/DATN/datasets/raw/roboflow_ocr_plate/train/images/ndata575_jpg.rf.f8087865af4ecabef02d76624dd54f5f.jpg,99A26295,2,8,True,roboflow_ocr_plate,ok;split=train
D:/DATN/datasets/raw/roboflow_ocr_plate/train/images/ndata576_jpg.rf.1b0b05ace746c6cbca639790dfc8af67.jpg,30E22070,2,8,True,roboflow_ocr_plate,ok;split=train
D:/DATN/datasets/raw/roboflow_ocr_plate/train/images/ndata578_jpg.rf.8f49daf0e6fdc91ecf3c091b54ec7b5c.jpg,15A69126,2,8,True,roboflow_ocr_plate,ok;split=train
D:/DATN/datasets/raw/roboflow_ocr_plate/train/images/ndata57_jpg.rf.8e7d73b010807073c48fc8c507cc33e3.jpg,29L75659,2,8,True,roboflow_ocr_plate,ok;split=train
D:/DATN/datasets/raw/roboflow_ocr_plate/train/images/ndata581_jpg.rf.a545a3d6bce4a434b17b55001cd604f5.jpg,30P91519,2,8,True,roboflow_ocr_plate,ok;split=train
D:/DATN/datasets/raw/roboflow_ocr_plate/train/images/ndata584_jpg.rf.80d7f609c1c9dd38ca5db21c2ea33214.jpg,30E22070,2,8,True,roboflow_ocr_plate,ok;split=train
D:/DATN/datasets/raw/roboflow_ocr_plate/train/images/ndata585_jpg.rf.d2d28045761db4d18ffe4e732ed930ff.jpg,22H53999,2,8,True,roboflow_ocr_plate,ok;split=train
D:/DATN/datasets/raw/roboflow_ocr_plate/train/images/ndata587_jpg.rf.b3cd62042eb98185a95c795604d19147.jpg,30E22070,2,8,True,roboflow_ocr_plate,ok;split=train
D:/DATN/datasets/raw/roboflow_ocr_plate/train/images/ndata588_jpg.rf.343f5999d74467dca3f723e0956b0045.jpg,30E22070,2,8,True,roboflow_ocr_plate,ok;split=train
D:/DATN/datasets/raw/roboflow_ocr_plate/train/images/ndata589_jpg.rf.b1061594a6aacdde71d8f289fc58636c.jpg,29X506398,2,9,True,roboflow_ocr_plate,ok;split=train
D:/DATN/datasets/raw/roboflow_ocr_plate/train/images/ndata58_jpg.rf.20b37e34998b452343b20fb4ae4b7c55.jpg,35Y100079,2,9,True,roboflow_ocr_plate,ok;split=train
D:/DATN/datasets/raw/roboflow_ocr_plate/train/images/ndata591_jpg.rf.d39dc58704963973e631e166b33f8505.jpg,29K15831,2,8,True,roboflow_ocr_plate,ok;split=train
D:/DATN/datasets/raw/roboflow_ocr_plate/train/images/ndata592_jpg.rf.e8ebc541b7cb55b141e70e0343d792e3.jpg,38X105598,2,9,True,roboflow_ocr_plate,ok;split=train
D:/DATN/datasets/raw/roboflow_ocr_plate/train/images/ndata593_jpg.rf.74f22fccf8377952394e11fd3755e3a9.jpg,30G73869,1,8,True,roboflow_ocr_plate,ok;split=train
D:/DATN/datasets/raw/roboflow_ocr_plate/train/images/ndata594_jpg.rf.7c83ab3bc17c614943514fbc522216c0.jpg,30H03940,2,8,True,roboflow_ocr_plate,ok;split=train
D:/DATN/datasets/raw/roboflow_ocr_plate/train/images/ndata596_jpg.rf.6644723092faa12d081edc35c5638652.jpg,29Y527767,2,9,True,roboflow_ocr_plate,ok;split=train
D:/DATN/datasets/raw/roboflow_ocr_plate/train/images/ndata597_jpg.rf.babec222ff696897cbff46ce7aaa4fd2.jpg,30H03940,2,8,True,roboflow_ocr_plate,ok;split=train
D:/DATN/datasets/raw/roboflow_ocr_plate/train/images/ndata599_jpg.rf.aaa4ec99aed33eec307883df7354586f.jpg,30A99524,2,8,True,roboflow_ocr_plate,ok;split=train
D:/DATN/datasets/raw/roboflow_ocr_plate/train/images/ndata59_jpg.rf.402b33595cffc94d1789f55af29f4f51.jpg,29A94170,2,8,True,roboflow_ocr_plate,ok;split=train
D:/DATN/datasets/raw/roboflow_ocr_plate/train/images/ndata5_jpg.rf.1ecb9035beb5def94158c56136cece82.jpg,29T180574,2,9,True,roboflow_ocr_plate,ok;split=train
D:/DATN/datasets/raw/roboflow_ocr_plate/train/images/ndata600_jpg.rf.41ca31771f447a3c62e1ad5b8b3764fa.jpg,30H03940,2,8,True,roboflow_ocr_plate,ok;split=train
D:/DATN/datasets/raw/roboflow_ocr_plate/train/images/ndata602_jpg.rf.8053f2397b198938901c8a9253d2d15d.jpg,30H03940,2,8,True,roboflow_ocr_plate,ok;split=train
D:/DATN/datasets/raw/roboflow_ocr_plate/train/images/ndata603_jpg.rf.1b96809b158de8afea6c3f4be726891a.jpg,30F51010,2,8,True,roboflow_ocr_plate,ok;split=train
D:/DATN/datasets/raw/roboflow_ocr_plate/train/images/ndata604_jpg.rf.fd54f3ea5616f7298a60b75c3b30f342.jpg,29D138278,2,9,True,roboflow_ocr_plate,ok;split=train
D:/DATN/datasets/raw/roboflow_ocr_plate/train/images/ndata607_jpg.rf.d66ef2865227d73a03c396f8af3945e2.jpg,30Z33006,2,8,True,roboflow_ocr_plate,ok;split=train
D:/DATN/datasets/raw/roboflow_ocr_plate/train/images/ndata608_jpg.rf.28cb59013633d38f6722339e27cd77ae.jpg,16M97777,2,8,True,roboflow_ocr_plate,ok;split=train
D:/DATN/datasets/raw/roboflow_ocr_plate/train/images/ndata609_jpg.rf.0a4fe97a506f959665843032854dcb74.jpg,59X377777,2,9,True,roboflow_ocr_plate,ok;split=train
D:/DATN/datasets/raw/roboflow_ocr_plate/train/images/ndata617_jpg.rf.f9f27ed4d766c28fc05d1fd63280eeca.jpg,98K102897,2,9,True,roboflow_ocr_plate,ok;split=train
D:/DATN/datasets/raw/roboflow_ocr_plate/train/images/ndata618_jpg.rf.e8737698cbc8365040be3f755473e349.jpg,29K56789,2,8,True,roboflow_ocr_plate,ok;split=train
D:/DATN/datasets/raw/roboflow_ocr_plate/train/images/ndata620_jpg.rf.61f2ed3e2c02d34aea7b7e344a857015.jpg,30E15349,1,8,True,roboflow_ocr_plate,ok;split=train
D:/DATN/datasets/raw/roboflow_ocr_plate/train/images/ndata622_jpg.rf.3dd7c97e00daeab0c989a01bae1c4cf0.jpg,59E176789,2,9,True,roboflow_ocr_plate,ok;split=train
D:/DATN/datasets/raw/roboflow_ocr_plate/train/images/ndata624_jpg.rf.9b0a158c339e268201037d74e102ba03.jpg,29U182833,2,9,True,roboflow_ocr_plate,ok;split=train
D:/DATN/datasets/raw/roboflow_ocr_plate/train/images/ndata625_jpg.rf.2ea640fa328dd413992a814c02eadee1.jpg,36MB35520,2,9,True,roboflow_ocr_plate,electric_series_MD_not_in_phase1_grammar
D:/DATN/datasets/raw/roboflow_ocr_plate/train/images/ndata626_jpg.rf.015889ac1e98b5bb6888ec8511ad8d6e.jpg,17MD72758,2,9,True,roboflow_ocr_plate,electric_series_MD_not_in_phase1_grammar
D:/DATN/datasets/raw/roboflow_ocr_plate/train/images/ndata62_jpg.rf.a4198e5e2b42a6bf9a4a47f622197a25.jpg,89E156890,2,9,True,roboflow_ocr_plate,ok;split=train
D:/DATN/datasets/raw/roboflow_ocr_plate/train/images/ndata639_jpg.rf.5bb928845d7b1d36672f548ddcaae835.jpg,37B131088,2,9,True,roboflow_ocr_plate,ok;split=train
D:/DATN/datasets/raw/roboflow_ocr_plate/train/images/ndata63_jpg.rf.fc9501af671ce644de7d3431eb58faab.jpg,50B34178,2,8,True,roboflow_ocr_plate,ok;split=train
D:/DATN/datasets/raw/roboflow_ocr_plate/train/images/ndata642_jpg.rf.80d074eba9f02b6011ba4ccbc4103e28.jpg,38MD1057,2,8,True,roboflow_ocr_plate,electric_series_MD_not_in_phase1_grammar
D:/DATN/datasets/raw/roboflow_ocr_plate/train/images/ndata67_jpg.rf.adb8006951c39fa19f2f8ecffe438831.jpg,29Y544922,2,9,True,roboflow_ocr_plate,ok;split=train
D:/DATN/datasets/raw/roboflow_ocr_plate/train/images/ndata68_jpg.rf.514d171668892b50ee7bb1d852f50298.jpg,30G21514,2,8,True,roboflow_ocr_plate,ok;split=train
D:/DATN/datasets/raw/roboflow_ocr_plate/train/images/ndata69_jpg.rf.057242f72408a9e52e9e80d1db5b8c09.jpg,33P30600,2,8,True,roboflow_ocr_plate,ok;split=train
D:/DATN/datasets/raw/roboflow_ocr_plate/train/images/ndata6_jpg.rf.56d3971623110f0541bf01965685aad7.jpg,33P92063,2,8,True,roboflow_ocr_plate,ok;split=train
D:/DATN/datasets/raw/roboflow_ocr_plate/train/images/ndata72_jpg.rf.7ccc9ae6b6a33df0cdfba443fecc07b6.jpg,30F66991,1,8,True,roboflow_ocr_plate,ok;split=train
D:/DATN/datasets/raw/roboflow_ocr_plate/train/images/ndata73_jpg.rf.dc4d4ca68fe497b44c623e850b61b21a.jpg,30F66991,1,8,True,roboflow_ocr_plate,ok;split=train
D:/DATN/datasets/raw/roboflow_ocr_plate/train/images/ndata75_jpg.rf.5f2dc169976e9490ab7195b8420e6da1.jpg,29AA48165,2,9,True,roboflow_ocr_plate,ok;split=train
D:/DATN/datasets/raw/roboflow_ocr_plate/train/images/ndata76_jpg.rf.f60ed6b3ef6e57e9f1f0109d4c02e475.jpg,36M48447,2,8,True,roboflow_ocr_plate,ok;split=train
D:/DATN/datasets/raw/roboflow_ocr_plate/train/images/ndata78_jpg.rf.21f7a0e76565ba5f46bbcc10d490435c.jpg,30G82074,2,8,True,roboflow_ocr_plate,ok;split=train
D:/DATN/datasets/raw/roboflow_ocr_plate/train/images/ndata79_jpg.rf.b26997869886c782e62709464b93ec05.jpg,30A19474,1,8,True,roboflow_ocr_plate,ok;split=train
D:/DATN/datasets/raw/roboflow_ocr_plate/train/images/ndata80_jpg.rf.9cb4111894e169ffcde139705c92a657.jpg,30E82693,1,8,True,roboflow_ocr_plate,1_overlapping_boxes_in_line
D:/DATN/datasets/raw/roboflow_ocr_plate/train/images/ndata81_jpg.rf.d39b979275d6b5e0b5702cabe11b2145.jpg,89L123568,2,9,True,roboflow_ocr_plate,ok;split=train
D:/DATN/datasets/raw/roboflow_ocr_plate/train/images/ndata82_jpg.rf.58694900236ddcfa6d2ddbdf3fa9f59e.jpg,29L551884,2,9,True,roboflow_ocr_plate,ok;split=train
D:/DATN/datasets/raw/roboflow_ocr_plate/train/images/ndata83_jpg.rf.e47458953c6066b05629ac900abac0ef.jpg,29A96594,1,8,True,roboflow_ocr_plate,ok;split=train
D:/DATN/datasets/raw/roboflow_ocr_plate/train/images/ndata84_jpg.rf.dbac459a21f1f730273101feb3e3e8fd.jpg,29A86594,1,8,True,roboflow_ocr_plate,ok;split=train
D:/DATN/datasets/raw/roboflow_ocr_plate/train/images/ndata85_jpg.rf.4dc3c9b3442d090d2ed974a348852ba7.jpg,29C73804,2,8,True,roboflow_ocr_plate,ok;split=train
D:/DATN/datasets/raw/roboflow_ocr_plate/train/images/ndata87_jpg.rf.6c20f529b056fa938013b6474e4be7d5.jpg,30E12139,1,8,True,roboflow_ocr_plate,ok;split=train
D:/DATN/datasets/raw/roboflow_ocr_plate/train/images/ndata89_jpg.rf.7f8cd7df68c4f1b115588d17ac016cc2.jpg,89E119264,2,9,True,roboflow_ocr_plate,ok;split=train
D:/DATN/datasets/raw/roboflow_ocr_plate/train/images/ndata8_jpg.rf.9fb6dd9fa25fe7362e1b3e2548c969d7.jpg,30F62685,1,8,True,roboflow_ocr_plate,ok;split=train
D:/DATN/datasets/raw/roboflow_ocr_plate/train/images/ndata91_jpg.rf.41ae0c7322331f668235d1d5bf59c9e9.jpg,30E63630,1,8,True,roboflow_ocr_plate,ok;split=train
D:/DATN/datasets/raw/roboflow_ocr_plate/train/images/ndata93_jpg.rf.a518220368776e9dd9eae56c1d0bd433.jpg,27H31432,2,8,True,roboflow_ocr_plate,ok;split=train
D:/DATN/datasets/raw/roboflow_ocr_plate/train/images/ndata95_jpg.rf.34c803a6c2d2aab6c14967f10ac9b633.jpg,30G82341,2,8,True,roboflow_ocr_plate,ok;split=train
D:/DATN/datasets/raw/roboflow_ocr_plate/train/images/ndata96_jpg.rf.775277682b0448559ee8dccbba71e343.jpg,88C118420,2,9,True,roboflow_ocr_plate,ok;split=train
D:/DATN/datasets/raw/roboflow_ocr_plate/train/images/ndata99_jpg.rf.b4696ad58845fc2df5842b384b530c71.jpg,29A12655,2,8,True,roboflow_ocr_plate,ok;split=train
D:/DATN/datasets/raw/roboflow_ocr_plate/train/images/ndata9_jpg.rf.7382713b9cf0c44c61fd7b00ec7a6946.jpg,37M25708,2,8,True,roboflow_ocr_plate,ok;split=train
D:/DATN/datasets/raw/roboflow_ocr_plate/valid/images/10xemay1560_jpg.rf.8bea5672e67f833300cc8371ab1a5e31.jpg,29D163516,2,9,True,roboflow_ocr_plate,ok;split=valid
D:/DATN/datasets/raw/roboflow_ocr_plate/valid/images/10xemay2157_jpg.rf.43670c49c22f7ca2133af64611bc8fa5.jpg,59N174864,2,9,True,roboflow_ocr_plate,ok;split=valid
D:/DATN/datasets/raw/roboflow_ocr_plate/valid/images/10xemay2192_jpg.rf.c7a8e564c4f7c73d9b4ee104bf004428.jpg,70B155132,2,9,True,roboflow_ocr_plate,ok;split=valid
D:/DATN/datasets/raw/roboflow_ocr_plate/valid/images/10xemay398_jpg.rf.11b5e39109b33e52f9ae506a3f2f4548.jpg,59B135294,2,9,True,roboflow_ocr_plate,ok;split=valid
D:/DATN/datasets/raw/roboflow_ocr_plate/valid/images/10xemay839_jpg.rf.29753dca31fc6a4275fa6bdae454e43e.jpg,59X294270,2,9,True,roboflow_ocr_plate,ok;split=valid
D:/DATN/datasets/raw/roboflow_ocr_plate/valid/images/10xemay990_jpg.rf.57933e1946ad0cdbaf9fe78dfb44565f.jpg,54S25505,2,8,True,roboflow_ocr_plate,ok;split=valid
D:/DATN/datasets/raw/roboflow_ocr_plate/valid/images/11CarLongPlate40_jpg.rf.7f36c56ed2a35bd17c8e3c85113df975.jpg,51G29034,1,8,True,roboflow_ocr_plate,ok;split=valid
D:/DATN/datasets/raw/roboflow_ocr_plate/valid/images/11xemay1498_jpg.rf.8caa512c5d140f7109e004dff3db35b4.jpg,51U74598,2,8,True,roboflow_ocr_plate,ok;split=valid
D:/DATN/datasets/raw/roboflow_ocr_plate/valid/images/11xemay1553_jpg.rf.2c8ee1b8264541423740e6d02a97d2eb.jpg,82B119789,2,9,True,roboflow_ocr_plate,ok;split=valid
D:/DATN/datasets/raw/roboflow_ocr_plate/valid/images/11xemay64_jpg.rf.945b14a3a14aac62039d005932f56cf7.jpg,59C116274,2,9,True,roboflow_ocr_plate,ok;split=valid
D:/DATN/datasets/raw/roboflow_ocr_plate/valid/images/12xemay1133_jpg.rf.7456269c88cc424686900c685be7ee5a.jpg,59X132817,2,9,True,roboflow_ocr_plate,ok;split=valid
D:/DATN/datasets/raw/roboflow_ocr_plate/valid/images/12xemay1142_jpg.rf.024d19c0e7e5d4ccb2f38eb80e7bce4c.jpg,74K15866,2,8,True,roboflow_ocr_plate,ok;split=valid
D:/DATN/datasets/raw/roboflow_ocr_plate/valid/images/12xemay1302_jpg.rf.c059a15c07f77d2437b27d17b33e4e37.jpg,72C152693,2,9,True,roboflow_ocr_plate,ok;split=valid
D:/DATN/datasets/raw/roboflow_ocr_plate/valid/images/12xemay484_jpg.rf.d291f62750a0cfd782931fc1d319e524.jpg,49K107320,2,9,True,roboflow_ocr_plate,ok;split=valid
D:/DATN/datasets/raw/roboflow_ocr_plate/valid/images/12xemay746_jpg.rf.f9155792440f11764fd2120bc220755f.jpg,59N101425,2,9,True,roboflow_ocr_plate,ok;split=valid
D:/DATN/datasets/raw/roboflow_ocr_plate/valid/images/12xemay847_jpg.rf.3326a3a1bbfd0a26ef091dc7bc13d7e2.jpg,59V245506,2,9,True,roboflow_ocr_plate,ok;split=valid
D:/DATN/datasets/raw/roboflow_ocr_plate/valid/images/12xemay95_jpg.rf.ec2f20bf2c28d1f68f3159a9d4c4d2d0.jpg,59S216555,2,9,True,roboflow_ocr_plate,ok;split=valid
D:/DATN/datasets/raw/roboflow_ocr_plate/valid/images/12xemay994_jpg.rf.0ea37cf268551757841d05eec5304f90.jpg,59T165671,2,9,True,roboflow_ocr_plate,ok;split=valid
D:/DATN/datasets/raw/roboflow_ocr_plate/valid/images/13xemay1343_jpg.rf.ef63ea4c36e3f669f3d861b3bce21369.jpg,68N108117,2,9,True,roboflow_ocr_plate,ok;split=valid
D:/DATN/datasets/raw/roboflow_ocr_plate/valid/images/13xemay1722_jpg.rf.4bbab1b0b0fdc1e6c34a0c241a57dcd8.jpg,59T100985,2,9,True,roboflow_ocr_plate,ok;split=valid
D:/DATN/datasets/raw/roboflow_ocr_plate/valid/images/13xemay523_jpg.rf.90799ee2c43763b0c005c4c8af7e3a74.jpg,51P54578,2,8,True,roboflow_ocr_plate,ok;split=valid
D:/DATN/datasets/raw/roboflow_ocr_plate/valid/images/13xemay592_jpg.rf.0866d785265c1a896ec6466edae144a5.jpg,59H140639,2,9,True,roboflow_ocr_plate,ok;split=valid
D:/DATN/datasets/raw/roboflow_ocr_plate/valid/images/13xemay757_jpg.rf.1428c4d01de4bbae2bfe7f91f9a3eca2.jpg,59FA00591,2,9,True,roboflow_ocr_plate,ok;split=valid
D:/DATN/datasets/raw/roboflow_ocr_plate/valid/images/13xemay900_jpg.rf.e73f73bd9551bf3e350f0b9d11b49771.jpg,59H154792,2,9,True,roboflow_ocr_plate,ok;split=valid
D:/DATN/datasets/raw/roboflow_ocr_plate/valid/images/13xemay941_jpg.rf.b054dbe4a43d229e92139a03ea62cd88.jpg,77C122697,2,9,True,roboflow_ocr_plate,ok;split=valid
D:/DATN/datasets/raw/roboflow_ocr_plate/valid/images/15xemay1863_jpg.rf.045dcda79b44dfab52c95d61af9e6c78.jpg,51FB4779,2,8,True,roboflow_ocr_plate,ok;split=valid
D:/DATN/datasets/raw/roboflow_ocr_plate/valid/images/1xemay1043_jpg.rf.c99f6315965aa88be8c5f9068d855ad7.jpg,54U39055,2,8,True,roboflow_ocr_plate,ok;split=valid
D:/DATN/datasets/raw/roboflow_ocr_plate/valid/images/1xemay1243_jpg.rf.5d8b2cda7ccaeb42f0315c540b0185bb.jpg,59P220770,2,9,True,roboflow_ocr_plate,ok;split=valid
D:/DATN/datasets/raw/roboflow_ocr_plate/valid/images/1xemay1289_jpg.rf.7585b9b9982455978b06b02402dd3c75.jpg,66N110547,2,9,True,roboflow_ocr_plate,ok;split=valid
D:/DATN/datasets/raw/roboflow_ocr_plate/valid/images/1xemay1322_jpg.rf.5a84b81718ca7d1a023702a1fe68d4fa.jpg,86B227765,2,9,True,roboflow_ocr_plate,ok;split=valid
D:/DATN/datasets/raw/roboflow_ocr_plate/valid/images/1xemay1337_jpg.rf.47524cf8efe8c6ae400abdc99f2393b7.jpg,59P203165,2,9,True,roboflow_ocr_plate,ok;split=valid
D:/DATN/datasets/raw/roboflow_ocr_plate/valid/images/1xemay1358_jpg.rf.ba4113753537f5cd63e2f777f471da91.jpg,59X124340,2,9,True,roboflow_ocr_plate,ok;split=valid
D:/DATN/datasets/raw/roboflow_ocr_plate/valid/images/1xemay1404_jpg.rf.adc279b19459b08a7368395d4d89f6c8.jpg,64C104262,2,9,True,roboflow_ocr_plate,ok;split=valid
D:/DATN/datasets/raw/roboflow_ocr_plate/valid/images/1xemay1421_jpg.rf.7763231e06473b015b6531e09944b769.jpg,59D165455,2,9,True,roboflow_ocr_plate,ok;split=valid
D:/DATN/datasets/raw/roboflow_ocr_plate/valid/images/1xemay1423_jpg.rf.4420a703908e0ebbd8f0ec369139f601.jpg,33M73521,2,8,True,roboflow_ocr_plate,ok;split=valid
D:/DATN/datasets/raw/roboflow_ocr_plate/valid/images/1xemay1545_jpg.rf.4e4c9257b7af556aeb3f85f28b333442.jpg,59D100444,2,9,True,roboflow_ocr_plate,ok;split=valid
D:/DATN/datasets/raw/roboflow_ocr_plate/valid/images/1xemay1766_jpg.rf.b1ef71897b2c31288107f8bc81b28e2e.jpg,59S235205,2,9,True,roboflow_ocr_plate,ok;split=valid
D:/DATN/datasets/raw/roboflow_ocr_plate/valid/images/1xemay1768_jpg.rf.0f2a64c19aafbbeeeae9821a993105f2.jpg,86B319858,2,9,True,roboflow_ocr_plate,ok;split=valid
D:/DATN/datasets/raw/roboflow_ocr_plate/valid/images/1xemay1809_jpg.rf.427ac08ac593ce2e2d91d41c99c4ce85.jpg,59U125418,2,9,True,roboflow_ocr_plate,ok;split=valid
D:/DATN/datasets/raw/roboflow_ocr_plate/valid/images/1xemay1861_jpg.rf.dc26a3bab8e775c105e968336e266253.jpg,59P229729,2,9,True,roboflow_ocr_plate,ok;split=valid
D:/DATN/datasets/raw/roboflow_ocr_plate/valid/images/1xemay1907_jpg.rf.635e39d00b107bbcc7c2261fa77d7e1f.jpg,60X46482,2,8,True,roboflow_ocr_plate,ok;split=valid
D:/DATN/datasets/raw/roboflow_ocr_plate/valid/images/1xemay1943_jpg.rf.0fc958cb6741ea4ff336e25f4060ec23.jpg,53Y97976,2,8,True,roboflow_ocr_plate,ok;split=valid
D:/DATN/datasets/raw/roboflow_ocr_plate/valid/images/1xemay1960_jpg.rf.ff035dc35a9a88dbd9ff85c26dd6709a.jpg,63B222794,2,9,True,roboflow_ocr_plate,ok;split=valid
D:/DATN/datasets/raw/roboflow_ocr_plate/valid/images/1xemay2070_jpg.rf.8016082209496b33229c58857ae578a1.jpg,59F123865,2,9,True,roboflow_ocr_plate,ok;split=valid
D:/DATN/datasets/raw/roboflow_ocr_plate/valid/images/1xemay2218_jpg.rf.d2271f4a5b99fa6c8c5a38d945f407a0.jpg,68H74213,2,8,True,roboflow_ocr_plate,ok;split=valid
D:/DATN/datasets/raw/roboflow_ocr_plate/valid/images/1xemay2285_jpg.rf.3815bca7d8d4f6f26099f391adc7737a.jpg,78E124113,2,9,True,roboflow_ocr_plate,ok;split=valid
D:/DATN/datasets/raw/roboflow_ocr_plate/valid/images/1xemay2378_jpg.rf.70515accadac82392cb1d5727f5ad62a.jpg,51X91894,2,8,True,roboflow_ocr_plate,ok;split=valid
D:/DATN/datasets/raw/roboflow_ocr_plate/valid/images/1xemay2395_jpg.rf.c933a1a772c2658b5ad0c0e47b81d248.jpg,49B131215,2,9,True,roboflow_ocr_plate,ok;split=valid
D:/DATN/datasets/raw/roboflow_ocr_plate/valid/images/1xemay2434_jpg.rf.4e6e113eb4e2b97fbe2b17aa829f854b.jpg,54V38314,2,8,True,roboflow_ocr_plate,ok;split=valid
D:/DATN/datasets/raw/roboflow_ocr_plate/valid/images/1xemay2447_jpg.rf.6845dd6eaea8932f4a3f30eb0d74b61e.jpg,59E153127,2,9,True,roboflow_ocr_plate,ok;split=valid
D:/DATN/datasets/raw/roboflow_ocr_plate/valid/images/1xemay2481_jpg.rf.d930b9b236dd88bcc63a4b5057429bf3.jpg,59X268327,2,9,True,roboflow_ocr_plate,ok;split=valid
D:/DATN/datasets/raw/roboflow_ocr_plate/valid/images/1xemay291_jpg.rf.a98528814fb37336e6bce4ae0e2cbaf7.jpg,47N69618,2,8,True,roboflow_ocr_plate,ok;split=valid
D:/DATN/datasets/raw/roboflow_ocr_plate/valid/images/1xemay327_jpg.rf.01b3ff68f2c4202c15aeaf51f6bd35ec.jpg,59E168973,2,9,True,roboflow_ocr_plate,ok;split=valid
D:/DATN/datasets/raw/roboflow_ocr_plate/valid/images/1xemay339_jpg.rf.e25d69237762daadedcae14f98798129.jpg,51L74255,2,8,True,roboflow_ocr_plate,ok;split=valid
D:/DATN/datasets/raw/roboflow_ocr_plate/valid/images/1xemay436_jpg.rf.bfc68c69c30f49af9aefe9df9c0369dd.jpg,54X26487,2,8,True,roboflow_ocr_plate,ok;split=valid
D:/DATN/datasets/raw/roboflow_ocr_plate/valid/images/1xemay452_jpg.rf.adafb434cfc016650bbe0cf1dff1a408.jpg,59T179742,2,9,True,roboflow_ocr_plate,ok;split=valid
D:/DATN/datasets/raw/roboflow_ocr_plate/valid/images/1xemay509_jpg.rf.d5670dd171b7eceac80560bb3f4f2a5c.jpg,63H27326,2,8,True,roboflow_ocr_plate,ok;split=valid
D:/DATN/datasets/raw/roboflow_ocr_plate/valid/images/1xemay537_jpg.rf.f6d3f9469554c30bb526ef315bcb6eae.jpg,72F135507,2,9,True,roboflow_ocr_plate,ok;split=valid
D:/DATN/datasets/raw/roboflow_ocr_plate/valid/images/1xemay564_jpg.rf.4ca8dad47f5b99d6f40c935324f1ad4f.jpg,59N173958,2,9,True,roboflow_ocr_plate,ok;split=valid
D:/DATN/datasets/raw/roboflow_ocr_plate/valid/images/1xemay574_jpg.rf.40e5f792e71515e1d6f6e61095000b15.jpg,59F115042,2,9,True,roboflow_ocr_plate,ok;split=valid
D:/DATN/datasets/raw/roboflow_ocr_plate/valid/images/1xemay578_jpg.rf.5904af958db6efa891f4378e38f80a25.jpg,59C153993,2,9,True,roboflow_ocr_plate,ok;split=valid
D:/DATN/datasets/raw/roboflow_ocr_plate/valid/images/1xemay718_jpg.rf.6223073b61464ca8eaf3aceb866020fa.jpg,83C117111,2,9,True,roboflow_ocr_plate,ok;split=valid
D:/DATN/datasets/raw/roboflow_ocr_plate/valid/images/1xemay756_jpg.rf.4175b4d50f0d05019925810011bdde47.jpg,70B132168,2,9,True,roboflow_ocr_plate,ok;split=valid
D:/DATN/datasets/raw/roboflow_ocr_plate/valid/images/1xemay793_jpg.rf.a8137900c114fee77be335f12c1a2dfc.jpg,51P98308,2,8,True,roboflow_ocr_plate,ok;split=valid
D:/DATN/datasets/raw/roboflow_ocr_plate/valid/images/1xemay831_jpg.rf.af59a7f35ffdddfbe197a0dd9987ed7a.jpg,54P81515,2,8,True,roboflow_ocr_plate,ok;split=valid
D:/DATN/datasets/raw/roboflow_ocr_plate/valid/images/1xemay837_jpg.rf.74da0f7602bc05306e58343489cf0570.jpg,63S20246,2,8,True,roboflow_ocr_plate,ok;split=valid
D:/DATN/datasets/raw/roboflow_ocr_plate/valid/images/1xemay930_jpg.rf.019557a8e4b8da03f0b258152527556d.jpg,75F102991,2,9,True,roboflow_ocr_plate,ok;split=valid
D:/DATN/datasets/raw/roboflow_ocr_plate/valid/images/2xemay1021_jpg.rf.86ec50635e5621b742ac765d15635466.jpg,67B169660,2,9,True,roboflow_ocr_plate,ok;split=valid
D:/DATN/datasets/raw/roboflow_ocr_plate/valid/images/2xemay103_jpg.rf.c410528e2ac6e746b4531d3f31ee4f2d.jpg,59S236623,2,9,True,roboflow_ocr_plate,ok;split=valid
D:/DATN/datasets/raw/roboflow_ocr_plate/valid/images/2xemay1189_jpg.rf.82491dfa46491811ab6aaf89a2375ca6.jpg,59T12219,2,8,True,roboflow_ocr_plate,ok;split=valid
D:/DATN/datasets/raw/roboflow_ocr_plate/valid/images/2xemay1203_jpg.rf.3de031ef2f255d55bb57d61291841b13.jpg,84L131408,2,9,True,roboflow_ocr_plate,ok;split=valid
D:/DATN/datasets/raw/roboflow_ocr_plate/valid/images/2xemay1268_jpg.rf.4f6b3a131b26df7e5058168fe9e0464e.jpg,52P49134,2,8,True,roboflow_ocr_plate,ok;split=valid
D:/DATN/datasets/raw/roboflow_ocr_plate/valid/images/2xemay1298_jpg.rf.c152a9c543d9d1aec8ce78cf4953aee9.jpg,55P67093,2,8,True,roboflow_ocr_plate,ok;split=valid
D:/DATN/datasets/raw/roboflow_ocr_plate/valid/images/2xemay142_jpg.rf.8aca4dcc82d023ce0ecfd03f2c8e2e28.jpg,59E164239,2,9,True,roboflow_ocr_plate,ok;split=valid
D:/DATN/datasets/raw/roboflow_ocr_plate/valid/images/2xemay146_jpg.rf.1e780159399c3d0e7f32f643165f89b9.jpg,59H119374,2,9,True,roboflow_ocr_plate,ok;split=valid
D:/DATN/datasets/raw/roboflow_ocr_plate/valid/images/2xemay1515_jpg.rf.8f19a0e276e8e81d45a4d77a7c6c5e93.jpg,54U25965,2,8,True,roboflow_ocr_plate,ok;split=valid
D:/DATN/datasets/raw/roboflow_ocr_plate/valid/images/2xemay1569_jpg.rf.d34dfc886d1b284006dba3667881737e.jpg,43S60133,2,8,True,roboflow_ocr_plate,ok;split=valid
D:/DATN/datasets/raw/roboflow_ocr_plate/valid/images/2xemay162_jpg.rf.dd70ad3579a4cf147b9ae342b4ac7879.jpg,59D162787,2,9,True,roboflow_ocr_plate,ok;split=valid
D:/DATN/datasets/raw/roboflow_ocr_plate/valid/images/2xemay1783_jpg.rf.d107d40e0e8f8f5c4ba01f9ca47f8ca3.jpg,60B801075,2,9,True,roboflow_ocr_plate,ok;split=valid
D:/DATN/datasets/raw/roboflow_ocr_plate/valid/images/2xemay1786_jpg.rf.ce1be86343d57978b8194e0cecfe6511.jpg,59S208082,2,9,True,roboflow_ocr_plate,ok;split=valid
D:/DATN/datasets/raw/roboflow_ocr_plate/valid/images/2xemay1790_jpg.rf.cc070dc6f9d1c2b5fdc8a8e846157e92.jpg,72F120613,2,9,True,roboflow_ocr_plate,ok;split=valid
D:/DATN/datasets/raw/roboflow_ocr_plate/valid/images/2xemay1812_jpg.rf.771b4ead6a92b7d06dd9dd91eeaf8b3f.jpg,47M74206,2,8,True,roboflow_ocr_plate,ok;split=valid
D:/DATN/datasets/raw/roboflow_ocr_plate/valid/images/2xemay1822_jpg.rf.16467477cfa90214ed48ab944df1bb1c.jpg,59P117980,2,9,True,roboflow_ocr_plate,ok;split=valid
D:/DATN/datasets/raw/roboflow_ocr_plate/valid/images/2xemay1839_jpg.rf.45527832d26fcd74dbfd06a8dfd1be70.jpg,85D101611,2,9,True,roboflow_ocr_plate,ok;split=valid
D:/DATN/datasets/raw/roboflow_ocr_plate/valid/images/2xemay1871_jpg.rf.6cc67235d948f5be87b30b5715027cb6.jpg,59T192270,2,9,True,roboflow_ocr_plate,ok;split=valid
D:/DATN/datasets/raw/roboflow_ocr_plate/valid/images/2xemay1873_jpg.rf.468712fac86f1a7baaf275faef936b7b.jpg,59U101985,2,9,True,roboflow_ocr_plate,ok;split=valid
D:/DATN/datasets/raw/roboflow_ocr_plate/valid/images/2xemay1878_jpg.rf.978a8c064fade5a8a40f046a606a7c98.jpg,61C106403,2,9,True,roboflow_ocr_plate,ok;split=valid
D:/DATN/datasets/raw/roboflow_ocr_plate/valid/images/2xemay1880_jpg.rf.1f77f363fb08a5e13ac11a1bbed3885b.jpg,59H156390,2,9,True,roboflow_ocr_plate,ok;split=valid
D:/DATN/datasets/raw/roboflow_ocr_plate/valid/images/2xemay1883_jpg.rf.6185b50451a11ec06541c9f3e6375478.jpg,59U166141,2,9,True,roboflow_ocr_plate,ok;split=valid
D:/DATN/datasets/raw/roboflow_ocr_plate/valid/images/2xemay1886_jpg.rf.6d807fde036ec0e2d985e60878d44503.jpg,59V158723,2,9,True,roboflow_ocr_plate,ok;split=valid
D:/DATN/datasets/raw/roboflow_ocr_plate/valid/images/2xemay1926_jpg.rf.4fd46de6678230a06b2d5287da34d062.jpg,51L82105,2,8,True,roboflow_ocr_plate,ok;split=valid
D:/DATN/datasets/raw/roboflow_ocr_plate/valid/images/2xemay1932_jpg.rf.233cb112f5ab513002f7794c7f7441b4.jpg,95D801179,2,9,True,roboflow_ocr_plate,ok;split=valid
D:/DATN/datasets/raw/roboflow_ocr_plate/valid/images/2xemay1982_jpg.rf.1da6a5544333cbe98986a37fdbc59d01.jpg,72F120741,2,9,True,roboflow_ocr_plate,ok;split=valid
D:/DATN/datasets/raw/roboflow_ocr_plate/valid/images/2xemay1994_jpg.rf.e6b731cc9511dc74db7ff9738b2ef85c.jpg,59E168973,2,9,True,roboflow_ocr_plate,ok;split=valid
D:/DATN/datasets/raw/roboflow_ocr_plate/valid/images/2xemay19_jpg.rf.1dead78d6a67e1601b210dcb06d4bce5.jpg,59F113860,2,9,True,roboflow_ocr_plate,ok;split=valid
D:/DATN/datasets/raw/roboflow_ocr_plate/valid/images/2xemay2010_jpg.rf.4613faf0e616a9f4d69554f1167c3d7f.jpg,85S15378,2,8,True,roboflow_ocr_plate,ok;split=valid
D:/DATN/datasets/raw/roboflow_ocr_plate/valid/images/2xemay2011_jpg.rf.ee54d670bba6a5b01a4e63daaa0ee25e.jpg,51L33664,2,8,True,roboflow_ocr_plate,ok;split=valid
D:/DATN/datasets/raw/roboflow_ocr_plate/valid/images/2xemay2022_jpg.rf.d39b83ab3c26c63a210ab90f61b45757.jpg,52F64378,2,8,True,roboflow_ocr_plate,ok;split=valid
D:/DATN/datasets/raw/roboflow_ocr_plate/valid/images/2xemay2024_jpg.rf.e94ba9f3e6229633204a493490b1e9bc.jpg,63B703323,2,9,True,roboflow_ocr_plate,ok;split=valid
D:/DATN/datasets/raw/roboflow_ocr_plate/valid/images/2xemay2039_jpg.rf.e6b636278766ef7e46e2517fefae8b34.jpg,59L159150,2,9,True,roboflow_ocr_plate,ok;split=valid
D:/DATN/datasets/raw/roboflow_ocr_plate/valid/images/2xemay2060_jpg.rf.cae85955d3ea43e743f10046fa52cf4c.jpg,77C139373,2,9,True,roboflow_ocr_plate,ok;split=valid
D:/DATN/datasets/raw/roboflow_ocr_plate/valid/images/2xemay2112_jpg.rf.50d54dc0cfd1ed581067274527aa1925.jpg,59C148275,2,9,True,roboflow_ocr_plate,ok;split=valid
D:/DATN/datasets/raw/roboflow_ocr_plate/valid/images/2xemay2116_jpg.rf.b6a38ac759a3cd75f36b0f928e720402.jpg,71B217757,2,9,True,roboflow_ocr_plate,ok;split=valid
D:/DATN/datasets/raw/roboflow_ocr_plate/valid/images/2xemay2125_jpg.rf.ce8e010e0f8b876fdef68b833114f335.jpg,72K108989,2,9,True,roboflow_ocr_plate,ok;split=valid
D:/DATN/datasets/raw/roboflow_ocr_plate/valid/images/2xemay2141_jpg.rf.8db38cf073ac2129417244657b6f67f2.jpg,49F108660,2,9,True,roboflow_ocr_plate,ok;split=valid
D:/DATN/datasets/raw/roboflow_ocr_plate/valid/images/2xemay2144_jpg.rf.ac21290eca863f9d69865b64ee111641.jpg,59F145842,2,9,True,roboflow_ocr_plate,ok;split=valid
D:/DATN/datasets/raw/roboflow_ocr_plate/valid/images/2xemay2160_jpg.rf.a6d6645f941e9b4d9e933682bbf0e892.jpg,50HB2282,2,8,True,roboflow_ocr_plate,ok;split=valid
D:/DATN/datasets/raw/roboflow_ocr_plate/valid/images/2xemay2162_jpg.rf.0eeb440fcb67f88f847b3e1b98971cdf.jpg,59K190300,2,9,True,roboflow_ocr_plate,ok;split=valid
D:/DATN/datasets/raw/roboflow_ocr_plate/valid/images/2xemay2184_jpg.rf.b70dfe047148dc5a832cbe181f4990ec.jpg,59T108264,2,9,True,roboflow_ocr_plate,ok;split=valid
D:/DATN/datasets/raw/roboflow_ocr_plate/valid/images/2xemay2191_jpg.rf.0f145cc5d1194e68334abe86847c2eaa.jpg,66K120670,2,9,True,roboflow_ocr_plate,ok;split=valid
D:/DATN/datasets/raw/roboflow_ocr_plate/valid/images/2xemay2194_jpg.rf.53dea566afa1044c767a7696528af85c.jpg,59N147102,2,9,True,roboflow_ocr_plate,ok;split=valid
D:/DATN/datasets/raw/roboflow_ocr_plate/valid/images/2xemay2276_jpg.rf.2101ae7da321cce188fd464ea819332f.jpg,51K61392,2,8,True,roboflow_ocr_plate,ok;split=valid
D:/DATN/datasets/raw/roboflow_ocr_plate/valid/images/2xemay2308_jpg.rf.f7b218c3a0a0d6d5906d47b55f3478ef.jpg,77D112938,2,9,True,roboflow_ocr_plate,ok;split=valid
D:/DATN/datasets/raw/roboflow_ocr_plate/valid/images/2xemay2345_jpg.rf.adf3b12e3f78f5153bbc4db93d581fe7.jpg,59D101978,2,9,True,roboflow_ocr_plate,ok;split=valid
D:/DATN/datasets/raw/roboflow_ocr_plate/valid/images/2xemay2392_jpg.rf.270db0e2a4fca1c67d46fb46229087dd.jpg,59U159175,2,9,True,roboflow_ocr_plate,ok;split=valid
D:/DATN/datasets/raw/roboflow_ocr_plate/valid/images/2xemay2393_jpg.rf.fc62109e648ab3f47dec0337e64f3866.jpg,54L29072,2,8,True,roboflow_ocr_plate,ok;split=valid
D:/DATN/datasets/raw/roboflow_ocr_plate/valid/images/2xemay2397_jpg.rf.d543ae986c8900d0cdf7ad0f8af5a6c7.jpg,59K113099,2,9,True,roboflow_ocr_plate,ok;split=valid
D:/DATN/datasets/raw/roboflow_ocr_plate/valid/images/2xemay2412_jpg.rf.b59665322d31d953809b4f3f005eeb62.jpg,16G111649,2,9,True,roboflow_ocr_plate,ok;split=valid
D:/DATN/datasets/raw/roboflow_ocr_plate/valid/images/2xemay248_jpg.rf.e23d6b95c47f5937f6a400523a6cc1d9.jpg,72F120741,2,9,True,roboflow_ocr_plate,ok;split=valid
D:/DATN/datasets/raw/roboflow_ocr_plate/valid/images/2xemay38_jpg.rf.16b923cf30626a5d252ebd3fab98f552.jpg,67B181846,2,9,True,roboflow_ocr_plate,ok;split=valid
D:/DATN/datasets/raw/roboflow_ocr_plate/valid/images/2xemay393_jpg.rf.151a2aba560fc1e97d58c0c3bf259c0a.jpg,59N100018,2,9,True,roboflow_ocr_plate,ok;split=valid
D:/DATN/datasets/raw/roboflow_ocr_plate/valid/images/2xemay410_jpg.rf.088d26e87120601918ab977cc099a098.jpg,59V215800,2,9,True,roboflow_ocr_plate,ok;split=valid
D:/DATN/datasets/raw/roboflow_ocr_plate/valid/images/2xemay447_jpg.rf.6810fd280f29c34c70899fc4f79fab37.jpg,59S241737,2,9,True,roboflow_ocr_plate,ok;split=valid
D:/DATN/datasets/raw/roboflow_ocr_plate/valid/images/2xemay62_jpg.rf.56d167ac50374d72debdd91e077a0f6e.jpg,54S24522,2,8,True,roboflow_ocr_plate,ok;split=valid
D:/DATN/datasets/raw/roboflow_ocr_plate/valid/images/2xemay631_jpg.rf.73a6aa3b09f55623da9e9625084244a9.jpg,59S139487,2,9,True,roboflow_ocr_plate,ok;split=valid
D:/DATN/datasets/raw/roboflow_ocr_plate/valid/images/2xemay644_jpg.rf.7601e06e34ed6d89e0631f0da3052ec0.jpg,59C149684,2,9,True,roboflow_ocr_plate,ok;split=valid
D:/DATN/datasets/raw/roboflow_ocr_plate/valid/images/2xemay649_jpg.rf.b2a93fd8e17abbb80fefaa9f507a7bd9.jpg,77Y34619,2,8,True,roboflow_ocr_plate,ok;split=valid
D:/DATN/datasets/raw/roboflow_ocr_plate/valid/images/2xemay821_jpg.rf.9166314fc4e209db2de0b39e4e6ed84e.jpg,81H12204,2,8,True,roboflow_ocr_plate,ok;split=valid
D:/DATN/datasets/raw/roboflow_ocr_plate/valid/images/2xemay859_jpg.rf.3379e19c3f88e77bc691d70ecbc23c4e.jpg,59U155529,2,9,True,roboflow_ocr_plate,ok;split=valid
D:/DATN/datasets/raw/roboflow_ocr_plate/valid/images/2xemay870_jpg.rf.5b5df4c2dd17f305c9b1fe64d5debbb1.jpg,55E100115,2,9,True,roboflow_ocr_plate,ok;split=valid
D:/DATN/datasets/raw/roboflow_ocr_plate/valid/images/2xemay917_jpg.rf.9eff33e3dac222eb32322383422569e8.jpg,59P211206,2,9,True,roboflow_ocr_plate,ok;split=valid
D:/DATN/datasets/raw/roboflow_ocr_plate/valid/images/2xemay923_jpg.rf.1ce9d73d98c29055a3da3339e4c34349.jpg,51L30352,2,8,True,roboflow_ocr_plate,ok;split=valid
D:/DATN/datasets/raw/roboflow_ocr_plate/valid/images/2xemay924_jpg.rf.ede5ea09a1e9f35ff7c037b7fc45271d.jpg,59X140243,2,9,True,roboflow_ocr_plate,ok;split=valid
D:/DATN/datasets/raw/roboflow_ocr_plate/valid/images/2xemay92_jpg.rf.9f528c43a57263a45cf8955624114670.jpg,59L154063,2,9,True,roboflow_ocr_plate,ok;split=valid
D:/DATN/datasets/raw/roboflow_ocr_plate/valid/images/2xemay956_jpg.rf.e8f8bfd3be0e4b3dc553e0f5efc926ea.jpg,59H115793,2,9,True,roboflow_ocr_plate,ok;split=valid
D:/DATN/datasets/raw/roboflow_ocr_plate/valid/images/2xemay963_jpg.rf.40dc07c4eded4df6f1b828ebe9671df9.jpg,59C228114,2,9,True,roboflow_ocr_plate,ok;split=valid
D:/DATN/datasets/raw/roboflow_ocr_plate/valid/images/2xemay974_jpg.rf.f0b34438909eea35e2ea5754f3f70a18.jpg,37E119145,2,9,True,roboflow_ocr_plate,ok;split=valid
D:/DATN/datasets/raw/roboflow_ocr_plate/valid/images/3CarLongPlate248_jpg.rf.d62fd5a2bd9ba2eb27a738a26085ddbc.jpg,51G39466,1,8,True,roboflow_ocr_plate,ok;split=valid
D:/DATN/datasets/raw/roboflow_ocr_plate/valid/images/3CarLongPlate253_jpg.rf.9a75238b19dada0a7126b287d610dfd4.jpg,51F61712,1,8,True,roboflow_ocr_plate,ok;split=valid
D:/DATN/datasets/raw/roboflow_ocr_plate/valid/images/3CarLongPlate259_jpg.rf.2752fb57cd4ac9e19076ee5440c46a5d.jpg,51F63034,1,8,True,roboflow_ocr_plate,ok;split=valid
D:/DATN/datasets/raw/roboflow_ocr_plate/valid/images/3CarLongPlate300_jpg.rf.c29b55fb0aab9a27030260cd7f24cd33.jpg,51F04275,1,8,True,roboflow_ocr_plate,ok;split=valid
D:/DATN/datasets/raw/roboflow_ocr_plate/valid/images/3CarLongPlate304_jpg.rf.9fca7b426abef22cfe491b3ee038474d.jpg,51F07568,1,8,True,roboflow_ocr_plate,ok;split=valid
D:/DATN/datasets/raw/roboflow_ocr_plate/valid/images/3CarLongPlate306_jpg.rf.f0a1ed857af65d691db1b257fb9bb749.jpg,51G00672,1,8,True,roboflow_ocr_plate,ok;split=valid
D:/DATN/datasets/raw/roboflow_ocr_plate/valid/images/3CarLongPlate318_jpg.rf.a10dc16ba51a2149afd07c4bba98866d.jpg,51G31691,1,8,True,roboflow_ocr_plate,ok;split=valid
D:/DATN/datasets/raw/roboflow_ocr_plate/valid/images/3CarLongPlate354_jpg.rf.85109e0c582ca5d9d54fc63489574730.jpg,51G51008,1,8,True,roboflow_ocr_plate,ok;split=valid
D:/DATN/datasets/raw/roboflow_ocr_plate/valid/images/3CarLongPlate355_jpg.rf.dbee6c7efa5e3109176969f8610476ce.jpg,51F22029,1,8,True,roboflow_ocr_plate,ok;split=valid
D:/DATN/datasets/raw/roboflow_ocr_plate/valid/images/3CarLongPlate399_jpg.rf.6b916cf1e074758c56e2de05c4f7cea5.jpg,51F64619,1,8,True,roboflow_ocr_plate,ok;split=valid
D:/DATN/datasets/raw/roboflow_ocr_plate/valid/images/3CarLongPlate401_jpg.rf.d9f8df0eb20277dbd65a4ae848b0cd76.jpg,51F79512,1,8,True,roboflow_ocr_plate,ok;split=valid
D:/DATN/datasets/raw/roboflow_ocr_plate/valid/images/3CarLongPlate409_jpg.rf.ed2febbc482ed9b7906da7392475d016.jpg,51F88270,1,8,True,roboflow_ocr_plate,ok;split=valid
D:/DATN/datasets/raw/roboflow_ocr_plate/valid/images/3CarLongPlate436_jpg.rf.18ebc5fe94dd1c2c3bac21209429b073.jpg,51F07973,1,8,True,roboflow_ocr_plate,ok;split=valid
D:/DATN/datasets/raw/roboflow_ocr_plate/valid/images/3CarLongPlate450_jpg.rf.d826e05a782afb7fabe6d428a5d057e5.jpg,51A69172,1,8,True,roboflow_ocr_plate,ok;split=valid
D:/DATN/datasets/raw/roboflow_ocr_plate/valid/images/3CarLongPlate455_jpg.rf.086a29114a35c546c32b02eec8dc2de7.jpg,51G10209,1,8,True,roboflow_ocr_plate,ok;split=valid
D:/DATN/datasets/raw/roboflow_ocr_plate/valid/images/3CarLongPlate478_jpg.rf.c70e14712d2b591e5fa0c5f3243eca56.jpg,51F15585,1,8,True,roboflow_ocr_plate,ok;split=valid
D:/DATN/datasets/raw/roboflow_ocr_plate/valid/images/3CarLongPlate494_jpg.rf.8f6222d978cffc04fe3aaf2da587285c.jpg,51A05227,1,8,True,roboflow_ocr_plate,ok;split=valid
D:/DATN/datasets/raw/roboflow_ocr_plate/valid/images/3CarLongPlate532_jpg.rf.6177053b47f699a6eb0d76265ef5479e.jpg,51G37307,1,8,True,roboflow_ocr_plate,ok;split=valid
D:/DATN/datasets/raw/roboflow_ocr_plate/valid/images/3CarLongPlate621_jpg.rf.94ebfdbf585bee761ae8e404679bd576.jpg,51B21666,1,8,True,roboflow_ocr_plate,ok;split=valid
D:/DATN/datasets/raw/roboflow_ocr_plate/valid/images/3CarLongPlate623_jpg.rf.fdfdf2ca9b16d8e962a123368e4165d5.jpg,51A01204,1,8,True,roboflow_ocr_plate,ok;split=valid
D:/DATN/datasets/raw/roboflow_ocr_plate/valid/images/3CarLongPlate633_jpg.rf.c0047b6e6e3cd12a5ed89d1d228087a5.jpg,51A85325,1,8,True,roboflow_ocr_plate,ok;split=valid
D:/DATN/datasets/raw/roboflow_ocr_plate/valid/images/3CarLongPlate652_jpg.rf.cc641bb44c7e51c04e679663b7779dcc.jpg,51G01440,1,8,True,roboflow_ocr_plate,ok;split=valid
D:/DATN/datasets/raw/roboflow_ocr_plate/valid/images/3CarLongPlate654_jpg.rf.da86943e9f6097d7aa6d2079b2e6e553.jpg,51C59323,1,8,True,roboflow_ocr_plate,ok;split=valid
D:/DATN/datasets/raw/roboflow_ocr_plate/valid/images/3CarLongPlate656_jpg.rf.9e8bf8c28577d82b1a4789c0eacdcbf8.jpg,51G39466,1,8,True,roboflow_ocr_plate,ok;split=valid
D:/DATN/datasets/raw/roboflow_ocr_plate/valid/images/3CarLongPlate679_jpg.rf.f5aa42cee7acfb9ca583d87bce131c4d.jpg,51F07973,1,8,True,roboflow_ocr_plate,ok;split=valid
D:/DATN/datasets/raw/roboflow_ocr_plate/valid/images/3CarLongPlate686_jpg.rf.a83de49ebc0cbbf0ca7be5e2cdbf15b5.jpg,51A69172,1,8,True,roboflow_ocr_plate,ok;split=valid
D:/DATN/datasets/raw/roboflow_ocr_plate/valid/images/3CarLongPlate694_jpg.rf.fcd02359d595947a9dd9b02a591414cf.jpg,51G37307,1,8,True,roboflow_ocr_plate,ok;split=valid
D:/DATN/datasets/raw/roboflow_ocr_plate/valid/images/3CarLongPlate729_jpg.rf.c3505a60e9a788a2f739d7e5715c6d2c.jpg,51F15585,1,8,True,roboflow_ocr_plate,ok;split=valid
D:/DATN/datasets/raw/roboflow_ocr_plate/valid/images/3CarLongPlate739_jpg.rf.fc8fd5e45fd164bcea8f6136051d6a76.jpg,51F59011,1,8,True,roboflow_ocr_plate,ok;split=valid
D:/DATN/datasets/raw/roboflow_ocr_plate/valid/images/3CarLongPlate748_jpg.rf.b806ea00154205f0bf08cda3526d9e56.jpg,51F04275,1,8,True,roboflow_ocr_plate,ok;split=valid
D:/DATN/datasets/raw/roboflow_ocr_plate/valid/images/3CarLongPlate841_jpg.rf.54f58bafbc2de32be46058fe38595be8.jpg,51F24403,1,8,True,roboflow_ocr_plate,ok;split=valid
D:/DATN/datasets/raw/roboflow_ocr_plate/valid/images/3CarLongPlate852_jpg.rf.763ce45c95b1d29a6d8389523a8588e0.jpg,51G51332,1,8,True,roboflow_ocr_plate,ok;split=valid
D:/DATN/datasets/raw/roboflow_ocr_plate/valid/images/3CarLongPlate853_jpg.rf.6519aafe194c1961ce043fb33b03b4ef.jpg,60A35981,1,8,True,roboflow_ocr_plate,ok;split=valid
D:/DATN/datasets/raw/roboflow_ocr_plate/valid/images/3CarLongPlate868_jpg.rf.26c4df49a3cd5097507dc8c26af5e662.jpg,51F21255,1,8,True,roboflow_ocr_plate,ok;split=valid
D:/DATN/datasets/raw/roboflow_ocr_plate/valid/images/3CarLongPlate884_jpg.rf.fccc6392763098b9105f85053924f2d8.jpg,51F98466,1,8,True,roboflow_ocr_plate,ok;split=valid
D:/DATN/datasets/raw/roboflow_ocr_plate/valid/images/3CarLongPlate887_jpg.rf.c12b26809f8d530da2d4824e7a328c79.jpg,51F58214,1,8,True,roboflow_ocr_plate,ok;split=valid
D:/DATN/datasets/raw/roboflow_ocr_plate/valid/images/3CarLongPlate895_jpg.rf.e28da15390f7b7bf3a354cc95ba31ed1.jpg,51F22261,1,8,True,roboflow_ocr_plate,ok;split=valid
D:/DATN/datasets/raw/roboflow_ocr_plate/valid/images/3CarLongPlate903_jpg.rf.69b6f0ddab6290c19529d6663a934d5d.jpg,60A35981,1,8,True,roboflow_ocr_plate,ok;split=valid
D:/DATN/datasets/raw/roboflow_ocr_plate/valid/images/3CarLongPlate907_jpg.rf.f575b5465b99fa366771d9df301203fd.jpg,29A51796,1,8,True,roboflow_ocr_plate,ok;split=valid
D:/DATN/datasets/raw/roboflow_ocr_plate/valid/images/3CarLongPlate909_jpg.rf.63893cd63f6938876b3b8ba4c9ce77e7.jpg,51F89357,2,8,True,roboflow_ocr_plate,ok;split=valid
D:/DATN/datasets/raw/roboflow_ocr_plate/valid/images/3CarLongPlate923_jpg.rf.350744f31a0f35995893553b7769d08d.jpg,51A72110,1,8,True,roboflow_ocr_plate,ok;split=valid
D:/DATN/datasets/raw/roboflow_ocr_plate/valid/images/3CarLongPlate942_jpg.rf.7bc038f270290d358cdff68dfd50af37.jpg,51A72110,1,8,True,roboflow_ocr_plate,ok;split=valid
D:/DATN/datasets/raw/roboflow_ocr_plate/valid/images/3CarLongPlate952_jpg.rf.e3a92710a4d582bd2bf6ec20d3495ec7.jpg,51F24403,1,8,True,roboflow_ocr_plate,ok;split=valid
D:/DATN/datasets/raw/roboflow_ocr_plate/valid/images/3xemay102_jpg.rf.eab39a066ffed7fe946cb83a480bbccc.jpg,30N45882,2,8,True,roboflow_ocr_plate,ok;split=valid
D:/DATN/datasets/raw/roboflow_ocr_plate/valid/images/3xemay1069_jpg.rf.68140bd5b60d3806f1d4e108a7e85053.jpg,59L204775,2,9,True,roboflow_ocr_plate,ok;split=valid
D:/DATN/datasets/raw/roboflow_ocr_plate/valid/images/3xemay1112_jpg.rf.cf441dd40b9f599ef7b0d0aef7d3e218.jpg,60T77586,2,8,True,roboflow_ocr_plate,ok;split=valid
D:/DATN/datasets/raw/roboflow_ocr_plate/valid/images/3xemay1119_jpg.rf.77673a9aae11d58e287a7957d70a09e8.jpg,59K196591,2,9,True,roboflow_ocr_plate,ok;split=valid
D:/DATN/datasets/raw/roboflow_ocr_plate/valid/images/3xemay1129_jpg.rf.8e3e063c9024939ee59af1954f54e325.jpg,59C204837,2,9,True,roboflow_ocr_plate,ok;split=valid
D:/DATN/datasets/raw/roboflow_ocr_plate/valid/images/3xemay1131_jpg.rf.351701d99fa8f895d7380bc07abc69f1.jpg,59L138765,2,9,True,roboflow_ocr_plate,ok;split=valid
D:/DATN/datasets/raw/roboflow_ocr_plate/valid/images/3xemay1175_jpg.rf.79d07e2425271c2290a704b1063fd01d.jpg,59C201909,2,9,True,roboflow_ocr_plate,ok;split=valid
D:/DATN/datasets/raw/roboflow_ocr_plate/valid/images/3xemay119_jpg.rf.020373624f736d797a29f423b86252b5.jpg,59C221098,2,9,True,roboflow_ocr_plate,ok;split=valid
D:/DATN/datasets/raw/roboflow_ocr_plate/valid/images/3xemay1237_jpg.rf.4cea38fc5257ac195cfe9611c3dcdf76.jpg,61N40663,2,8,True,roboflow_ocr_plate,ok;split=valid
D:/DATN/datasets/raw/roboflow_ocr_plate/valid/images/3xemay1251_jpg.rf.08db38d151fabc26f1a462207a94b2ca.jpg,79H58812,2,8,True,roboflow_ocr_plate,ok;split=valid
D:/DATN/datasets/raw/roboflow_ocr_plate/valid/images/3xemay1318_jpg.rf.b0c48470f58a492706de6a0aa73a1a42.jpg,54Z32177,2,8,True,roboflow_ocr_plate,ok;split=valid
D:/DATN/datasets/raw/roboflow_ocr_plate/valid/images/3xemay132_jpg.rf.040947382220478f4fbf8f388384e3f7.jpg,59S235205,2,9,True,roboflow_ocr_plate,ok;split=valid
D:/DATN/datasets/raw/roboflow_ocr_plate/valid/images/3xemay1333_jpg.rf.3f4a8716984776bac37239f67216f60e.jpg,59T103617,2,9,True,roboflow_ocr_plate,ok;split=valid
D:/DATN/datasets/raw/roboflow_ocr_plate/valid/images/3xemay1371_jpg.rf.fcaf44ed073b4ae836a62177443dd7e8.jpg,59U109278,2,9,True,roboflow_ocr_plate,ok;split=valid
D:/DATN/datasets/raw/roboflow_ocr_plate/valid/images/3xemay1398_jpg.rf.1e3966952831e7a8b4eb022c13aab30e.jpg,59T111692,2,9,True,roboflow_ocr_plate,ok;split=valid
D:/DATN/datasets/raw/roboflow_ocr_plate/valid/images/3xemay1447_jpg.rf.07908433b4c6120366fed6b82a1aa52e.jpg,59H134159,2,9,True,roboflow_ocr_plate,ok;split=valid
D:/DATN/datasets/raw/roboflow_ocr_plate/valid/images/3xemay1448_jpg.rf.dfdf7034b9189751afa9f170907420b2.jpg,79Z15804,2,8,True,roboflow_ocr_plate,ok;split=valid
D:/DATN/datasets/raw/roboflow_ocr_plate/valid/images/3xemay1461_jpg.rf.059bec13be9259fd795aa83ff035f296.jpg,59S141803,2,9,True,roboflow_ocr_plate,ok;split=valid
D:/DATN/datasets/raw/roboflow_ocr_plate/valid/images/3xemay1469_jpg.rf.bea2329fe874358fad161ecc42978e23.jpg,59P223930,2,9,True,roboflow_ocr_plate,ok;split=valid
D:/DATN/datasets/raw/roboflow_ocr_plate/valid/images/3xemay1488_jpg.rf.fdb7585c567568bf0ded7d8c9bbdce72.jpg,59A308640,2,9,True,roboflow_ocr_plate,ok;split=valid
D:/DATN/datasets/raw/roboflow_ocr_plate/valid/images/3xemay1507_jpg.rf.6cab63af948ad4248a4ff6c7e2e4c5e1.jpg,59N193305,2,9,True,roboflow_ocr_plate,ok;split=valid
D:/DATN/datasets/raw/roboflow_ocr_plate/valid/images/3xemay150_jpg.rf.be873ed97a56b749919b402f9eb6b291.jpg,83P167560,2,9,True,roboflow_ocr_plate,ok;split=valid
D:/DATN/datasets/raw/roboflow_ocr_plate/valid/images/3xemay1523_jpg.rf.260cf4fede2167f9cab5ea630c7aa7f0.jpg,69B132267,2,9,True,roboflow_ocr_plate,ok;split=valid
D:/DATN/datasets/raw/roboflow_ocr_plate/valid/images/3xemay1531_jpg.rf.dfe0f5e268f8c9d9434089252b676b65.jpg,50XA5535,2,8,True,roboflow_ocr_plate,ok;split=valid
D:/DATN/datasets/raw/roboflow_ocr_plate/valid/images/3xemay1641_jpg.rf.fb924aef39f4f3dd99cdf240fb11c316.jpg,59Y160271,2,9,True,roboflow_ocr_plate,ok;split=valid
D:/DATN/datasets/raw/roboflow_ocr_plate/valid/images/3xemay1645_jpg.rf.e7ff83a1f8c0a52bb4a60a632fec5e23.jpg,61C161407,2,9,True,roboflow_ocr_plate,ok;split=valid
D:/DATN/datasets/raw/roboflow_ocr_plate/valid/images/3xemay1708_jpg.rf.0e3cc759a372d80523cf31130894cbbb.jpg,59K199217,2,9,True,roboflow_ocr_plate,ok;split=valid
D:/DATN/datasets/raw/roboflow_ocr_plate/valid/images/3xemay175_jpg.rf.eed4a1cba012b45d2dbc47544d40e3c0.jpg,59U135226,2,9,True,roboflow_ocr_plate,ok;split=valid
D:/DATN/datasets/raw/roboflow_ocr_plate/valid/images/3xemay1798_jpg.rf.c65a69fabc5a4e5a036ae96e5babdc25.jpg,83P167560,2,9,True,roboflow_ocr_plate,ok;split=valid
D:/DATN/datasets/raw/roboflow_ocr_plate/valid/images/3xemay1799_jpg.rf.78010261a009531d0e32716a4dd2003a.jpg,59P220947,2,9,True,roboflow_ocr_plate,ok;split=valid
D:/DATN/datasets/raw/roboflow_ocr_plate/valid/images/3xemay1833_jpg.rf.8103ccae966691a0478769de0c4aab5d.jpg,59U166141,2,9,True,roboflow_ocr_plate,ok;split=valid
D:/DATN/datasets/raw/roboflow_ocr_plate/valid/images/3xemay1845_jpg.rf.71a2aa17a90dac9491d0f995b3cf5c82.jpg,59N187515,2,9,True,roboflow_ocr_plate,ok;split=valid
D:/DATN/datasets/raw/roboflow_ocr_plate/valid/images/3xemay1856_jpg.rf.ad79fc8b0cc90cbc8729fdc0f0874f3c.jpg,54U57001,2,8,True,roboflow_ocr_plate,ok;split=valid
D:/DATN/datasets/raw/roboflow_ocr_plate/valid/images/3xemay1953_jpg.rf.d4592ebaa7042d8cf6173efb2c798c9e.jpg,60C123774,2,9,True,roboflow_ocr_plate,ok;split=valid
D:/DATN/datasets/raw/roboflow_ocr_plate/valid/images/3xemay2140_jpg.rf.5d3d0172b350e2de5d6f6fdc6163e243.jpg,72C112511,2,9,True,roboflow_ocr_plate,ok;split=valid
D:/DATN/datasets/raw/roboflow_ocr_plate/valid/images/3xemay2176_jpg.rf.5adcbb86ececc4c2cf541fc22e5aa2f3.jpg,59C131162,2,9,True,roboflow_ocr_plate,ok;split=valid
D:/DATN/datasets/raw/roboflow_ocr_plate/valid/images/3xemay2185_jpg.rf.a67473418824b22ac1355f1df8d12d2a.jpg,59K190300,2,9,True,roboflow_ocr_plate,ok;split=valid
D:/DATN/datasets/raw/roboflow_ocr_plate/valid/images/3xemay218_jpg.rf.f30ae63ec648d505e1a05d36d4452633.jpg,59U101985,2,9,True,roboflow_ocr_plate,ok;split=valid
D:/DATN/datasets/raw/roboflow_ocr_plate/valid/images/3xemay2230_jpg.rf.443542e7d3f5b0ba8e4ac070b1d9d3f1.jpg,61D107911,2,9,True,roboflow_ocr_plate,ok;split=valid
D:/DATN/datasets/raw/roboflow_ocr_plate/valid/images/3xemay2292_jpg.rf.f81628b49510409240d58754572bd3c3.jpg,59S232928,2,9,True,roboflow_ocr_plate,ok;split=valid
D:/DATN/datasets/raw/roboflow_ocr_plate/valid/images/3xemay2442_jpg.rf.ddeb1b8f090ca8ca0a6978437edf0924.jpg,66P15739,2,8,True,roboflow_ocr_plate,ok;split=valid
D:/DATN/datasets/raw/roboflow_ocr_plate/valid/images/3xemay2467_jpg.rf.b3a150637201a74b4426d71ed9e8d805.jpg,54V25804,2,8,True,roboflow_ocr_plate,ok;split=valid
D:/DATN/datasets/raw/roboflow_ocr_plate/valid/images/3xemay2471_jpg.rf.dbd838de9a0e4f13f1218e4e330fc5e5.jpg,59L197457,2,9,True,roboflow_ocr_plate,ok;split=valid
D:/DATN/datasets/raw/roboflow_ocr_plate/valid/images/3xemay284_jpg.rf.1c30ce2b25c013bc1007189799c7704c.jpg,70SA0367,2,8,True,roboflow_ocr_plate,ok;split=valid
D:/DATN/datasets/raw/roboflow_ocr_plate/valid/images/3xemay371_jpg.rf.05afdcb1364cc93edc64d1109399a4a2.jpg,54S14959,2,8,True,roboflow_ocr_plate,ok;split=valid
D:/DATN/datasets/raw/roboflow_ocr_plate/valid/images/3xemay395_jpg.rf.d1448c31464ffbafee6c9c1371ad20bb.jpg,59T160830,2,9,True,roboflow_ocr_plate,ok;split=valid
D:/DATN/datasets/raw/roboflow_ocr_plate/valid/images/3xemay460_jpg.rf.c57c735ed5bc1dcfde952dd8c6e2d2b1.jpg,72L63974,2,8,True,roboflow_ocr_plate,ok;split=valid
D:/DATN/datasets/raw/roboflow_ocr_plate/valid/images/3xemay46_jpg.rf.7a66018e82440cf661b4dc60d263f048.jpg,54L24264,2,8,True,roboflow_ocr_plate,ok;split=valid
D:/DATN/datasets/raw/roboflow_ocr_plate/valid/images/3xemay476_jpg.rf.e2fdd4804a87ddee5315ae9cb18a5427.jpg,59S232386,2,9,True,roboflow_ocr_plate,ok;split=valid
D:/DATN/datasets/raw/roboflow_ocr_plate/valid/images/3xemay486_jpg.rf.7f1228db27ed6da91716d5ea94b8d6f7.jpg,49B120807,2,9,True,roboflow_ocr_plate,ok;split=valid
D:/DATN/datasets/raw/roboflow_ocr_plate/valid/images/3xemay525_jpg.rf.2b192b357525bea3d5a283f83608c8a5.jpg,59L136261,2,9,True,roboflow_ocr_plate,ok;split=valid
D:/DATN/datasets/raw/roboflow_ocr_plate/valid/images/3xemay536_jpg.rf.776619d1259d3ee7806b48c8352ab1bf.jpg,51V44579,2,8,True,roboflow_ocr_plate,ok;split=valid
D:/DATN/datasets/raw/roboflow_ocr_plate/valid/images/3xemay557_jpg.rf.9f9dc64a90ba9ab4d140be4ff8effd1c.jpg,43D106544,2,9,True,roboflow_ocr_plate,ok;split=valid
D:/DATN/datasets/raw/roboflow_ocr_plate/valid/images/3xemay598_jpg.rf.75572a215c1beb789d44e948fdea8afe.jpg,59S254455,2,9,True,roboflow_ocr_plate,ok;split=valid
D:/DATN/datasets/raw/roboflow_ocr_plate/valid/images/3xemay612_jpg.rf.29d4319c92aa8a99dfd09bb03fe3bc8d.jpg,59T105297,2,9,True,roboflow_ocr_plate,ok;split=valid
D:/DATN/datasets/raw/roboflow_ocr_plate/valid/images/3xemay61_jpg.rf.1ca392ac7906c25c7161d8d8eb59a78c.jpg,59U139619,2,9,True,roboflow_ocr_plate,ok;split=valid
D:/DATN/datasets/raw/roboflow_ocr_plate/valid/images/3xemay637_jpg.rf.2a41f2fe23e9d0d6c0a0d21fa323ef01.jpg,59F118814,2,9,True,roboflow_ocr_plate,ok;split=valid
D:/DATN/datasets/raw/roboflow_ocr_plate/valid/images/3xemay663_jpg.rf.4cc0e08d474e08abf1379c0c1a5754d0.jpg,59H167791,2,9,True,roboflow_ocr_plate,ok;split=valid
D:/DATN/datasets/raw/roboflow_ocr_plate/valid/images/3xemay671_jpg.rf.67079b6939394b14268dd3e969f35d25.jpg,59H119374,2,9,True,roboflow_ocr_plate,ok;split=valid
D:/DATN/datasets/raw/roboflow_ocr_plate/valid/images/3xemay744_jpg.rf.d75a6c61afd9b6ee73b9b2c8e0cbb1a6.jpg,69C128588,2,9,True,roboflow_ocr_plate,ok;split=valid
D:/DATN/datasets/raw/roboflow_ocr_plate/valid/images/3xemay747_jpg.rf.9b67ea974576ffd13a74455d1b533a8c.jpg,60C165829,2,9,True,roboflow_ocr_plate,ok;split=valid
D:/DATN/datasets/raw/roboflow_ocr_plate/valid/images/3xemay749_jpg.rf.bb5ea38bdabae77db39ca3511b2185fd.jpg,54U46484,2,8,True,roboflow_ocr_plate,ok;split=valid
D:/DATN/datasets/raw/roboflow_ocr_plate/valid/images/3xemay780_jpg.rf.b52cdc19e5649f9606ebb11fda0a0761.jpg,59Z120681,2,9,True,roboflow_ocr_plate,ok;split=valid
D:/DATN/datasets/raw/roboflow_ocr_plate/valid/images/3xemay789_jpg.rf.41d43ab522da60d6161bf2a05d805966.jpg,59G185820,2,9,True,roboflow_ocr_plate,ok;split=valid
D:/DATN/datasets/raw/roboflow_ocr_plate/valid/images/3xemay78_jpg.rf.300876c185a98bdb410ffda9f89b3f16.jpg,54V25804,2,8,True,roboflow_ocr_plate,ok;split=valid
D:/DATN/datasets/raw/roboflow_ocr_plate/valid/images/3xemay846_jpg.rf.e3f5ce2b57516be8daa1c48010f3a7cf.jpg,59L150899,2,9,True,roboflow_ocr_plate,ok;split=valid
D:/DATN/datasets/raw/roboflow_ocr_plate/valid/images/3xemay849_jpg.rf.d8484d38e720136c30d297f228b8d51e.jpg,59P133163,2,9,True,roboflow_ocr_plate,ok;split=valid
D:/DATN/datasets/raw/roboflow_ocr_plate/valid/images/3xemay875_jpg.rf.324a7228d8c15b37d1a5ae92fe11fd50.jpg,51F91341,2,8,True,roboflow_ocr_plate,ok;split=valid
D:/DATN/datasets/raw/roboflow_ocr_plate/valid/images/3xemay898_jpg.rf.dc5110f5a6c0e1ee06d808098a8ef923.jpg,59K122599,2,9,True,roboflow_ocr_plate,ok;split=valid
D:/DATN/datasets/raw/roboflow_ocr_plate/valid/images/3xemay939_jpg.rf.39cb3bb225efb3b965b498ede28a3032.jpg,60B711557,2,9,True,roboflow_ocr_plate,ok;split=valid
D:/DATN/datasets/raw/roboflow_ocr_plate/valid/images/3xemay947_jpg.rf.1da0f255a40f68d55e465717c46d2019.jpg,93K114005,2,9,True,roboflow_ocr_plate,ok;split=valid
D:/DATN/datasets/raw/roboflow_ocr_plate/valid/images/3xemay975_jpg.rf.80331116091461c176bd3fe3f0cc0d8d.jpg,59H147751,2,9,True,roboflow_ocr_plate,ok;split=valid
D:/DATN/datasets/raw/roboflow_ocr_plate/valid/images/4CarLongPlate130_jpg.rf.3c6ab94801bbe50dade32f816a7f336a.jpg,51A77529,1,8,True,roboflow_ocr_plate,ok;split=valid
D:/DATN/datasets/raw/roboflow_ocr_plate/valid/images/4CarLongPlate133_jpg.rf.beb7dbaafdb1c764ddf4249eeac1142f.jpg,68C137520,2,9,True,roboflow_ocr_plate,ok;split=valid
D:/DATN/datasets/raw/roboflow_ocr_plate/valid/images/4CarLongPlate141_jpg.rf.991d74bc76cbe8dfe1936824bc2be40e.jpg,51F59881,1,8,True,roboflow_ocr_plate,ok;split=valid
D:/DATN/datasets/raw/roboflow_ocr_plate/valid/images/4CarLongPlate17_jpg.rf.8a02e4a608e416d548a5e6a1ddad3560.jpg,51F59011,1,8,True,roboflow_ocr_plate,ok;split=valid
D:/DATN/datasets/raw/roboflow_ocr_plate/valid/images/4CarLongPlate20_jpg.rf.33224d6936821cbc843e3eb227726c14.jpg,51F32488,1,8,True,roboflow_ocr_plate,ok;split=valid
D:/DATN/datasets/raw/roboflow_ocr_plate/valid/images/4CarLongPlate223_jpg.rf.05916dbb516d142b6952602481c621ba.jpg,51A65474,1,8,True,roboflow_ocr_plate,ok;split=valid
D:/DATN/datasets/raw/roboflow_ocr_plate/valid/images/4CarLongPlate245_jpg.rf.c2a826c5677cfd2a7adbf265830e05ff.jpg,51A01204,1,8,True,roboflow_ocr_plate,ok;split=valid
D:/DATN/datasets/raw/roboflow_ocr_plate/valid/images/4CarLongPlate313_jpg.rf.3f42a2f28c11f22a88523b41216313d7.jpg,51G31691,1,8,True,roboflow_ocr_plate,ok;split=valid
D:/DATN/datasets/raw/roboflow_ocr_plate/valid/images/4CarLongPlate348_jpg.rf.48523b26bb61318dd74739e9cd3b9538.jpg,51F06532,1,8,True,roboflow_ocr_plate,ok;split=valid
D:/DATN/datasets/raw/roboflow_ocr_plate/valid/images/4CarLongPlate380_jpg.rf.38cc590f01c12857c6ced11771d89252.jpg,51F15585,1,8,True,roboflow_ocr_plate,ok;split=valid
D:/DATN/datasets/raw/roboflow_ocr_plate/valid/images/4CarLongPlate559_jpg.rf.9d49c1dbdad02909371152af4cd6a34f.jpg,51G01440,1,8,True,roboflow_ocr_plate,ok;split=valid
D:/DATN/datasets/raw/roboflow_ocr_plate/valid/images/4CarLongPlate583_jpg.rf.f8ff16effb862a189f64604e2726df8c.jpg,51A72110,1,8,True,roboflow_ocr_plate,ok;split=valid
D:/DATN/datasets/raw/roboflow_ocr_plate/valid/images/4CarLongPlate647_jpg.rf.717d10f28f377c9dbc8b6be82b134b36.jpg,51F69545,1,8,True,roboflow_ocr_plate,ok;split=valid
D:/DATN/datasets/raw/roboflow_ocr_plate/valid/images/4CarLongPlate697_jpg.rf.5bcdcd9db72a59630858ebdf32357075.jpg,51D10039,1,8,True,roboflow_ocr_plate,ok;split=valid
D:/DATN/datasets/raw/roboflow_ocr_plate/valid/images/4CarLongPlate793_jpg.rf.aca14fb38ae25381f84d1c712e95a6eb.jpg,51A96141,1,8,True,roboflow_ocr_plate,ok;split=valid
D:/DATN/datasets/raw/roboflow_ocr_plate/valid/images/4CarLongPlate796_jpg.rf.68c56623bccf45107eff7f40a44647cf.jpg,60LD00584,1,9,True,roboflow_ocr_plate,ok;split=valid
D:/DATN/datasets/raw/roboflow_ocr_plate/valid/images/4CarLongPlate826_jpg.rf.9d412c9022bfee6cfcc33245c526c73c.jpg,51F63034,1,8,True,roboflow_ocr_plate,ok;split=valid
D:/DATN/datasets/raw/roboflow_ocr_plate/valid/images/4CarLongPlate934_jpg.rf.3d348fd77288165d22dd9ede3763f602.jpg,51A96141,1,8,True,roboflow_ocr_plate,ok;split=valid
D:/DATN/datasets/raw/roboflow_ocr_plate/valid/images/4CarLongPlate971_jpg.rf.f2de060b85d72aad6bc4a987082fd176.jpg,51G20536,1,8,True,roboflow_ocr_plate,ok;split=valid
D:/DATN/datasets/raw/roboflow_ocr_plate/valid/images/4xemay1939_jpg.rf.e3c2e765736df882749081b9f46cea8f.jpg,77C139373,2,9,True,roboflow_ocr_plate,ok;split=valid
D:/DATN/datasets/raw/roboflow_ocr_plate/valid/images/4xemay1959_jpg.rf.79b6fe6737604edcabaf4b96b3380322.jpg,55X17546,2,8,True,roboflow_ocr_plate,ok;split=valid
D:/DATN/datasets/raw/roboflow_ocr_plate/valid/images/4xemay1970_jpg.rf.9664c6bac4cdb07f79dfdea344278016.jpg,59S115133,2,9,True,roboflow_ocr_plate,ok;split=valid
D:/DATN/datasets/raw/roboflow_ocr_plate/valid/images/4xemay1984_jpg.rf.d55e782e887aa8449286c8f717f536dc.jpg,85B117851,2,9,True,roboflow_ocr_plate,ok;split=valid
D:/DATN/datasets/raw/roboflow_ocr_plate/valid/images/4xemay2015_jpg.rf.0d582eb12cd5172f35a173840b45f5be.jpg,59P220947,2,9,True,roboflow_ocr_plate,ok;split=valid
D:/DATN/datasets/raw/roboflow_ocr_plate/valid/images/4xemay2031_jpg.rf.8ee5db250bdff84297f4ee0308058455.jpg,86H7991,2,7,True,roboflow_ocr_plate,ok;split=valid
D:/DATN/datasets/raw/roboflow_ocr_plate/valid/images/4xemay2069_jpg.rf.f556726f354c74691c41b76850b6e0f5.jpg,59T160830,2,9,True,roboflow_ocr_plate,ok;split=valid
D:/DATN/datasets/raw/roboflow_ocr_plate/valid/images/4xemay2072_jpg.rf.1ce36b881b1b1d40d35861bc18381ee9.jpg,59B135294,2,9,True,roboflow_ocr_plate,ok;split=valid
D:/DATN/datasets/raw/roboflow_ocr_plate/valid/images/4xemay2074_jpg.rf.7d18b7dcee210a4be8b5a8047b1c7acf.jpg,59B134917,2,9,True,roboflow_ocr_plate,ok;split=valid
D:/DATN/datasets/raw/roboflow_ocr_plate/valid/images/4xemay2084_jpg.rf.c1fb347dec5f29cc69f12fa9a7261457.jpg,59M176054,2,9,True,roboflow_ocr_plate,ok;split=valid
D:/DATN/datasets/raw/roboflow_ocr_plate/valid/images/4xemay2088_jpg.rf.df94535d0c0e432774f7ac59bc5f545b.jpg,65H90714,2,8,True,roboflow_ocr_plate,ok;split=valid
D:/DATN/datasets/raw/roboflow_ocr_plate/valid/images/4xemay2090_jpg.rf.9827d963cf6c3d35710e002204d6c745.jpg,51M21719,2,8,True,roboflow_ocr_plate,ok;split=valid
D:/DATN/datasets/raw/roboflow_ocr_plate/valid/images/4xemay2093_jpg.rf.7b14e59cca9d9c1e2ed69eb09538df8f.jpg,51V44549,2,8,True,roboflow_ocr_plate,ok;split=valid
D:/DATN/datasets/raw/roboflow_ocr_plate/valid/images/4xemay2124_jpg.rf.d7d0f2f7c6deea551b6f5438464d0f50.jpg,56P19074,2,8,True,roboflow_ocr_plate,ok;split=valid
D:/DATN/datasets/raw/roboflow_ocr_plate/valid/images/4xemay2153_jpg.rf.2835e89878bbec73143ee02c80eba009.jpg,59C132428,2,9,True,roboflow_ocr_plate,ok;split=valid
D:/DATN/datasets/raw/roboflow_ocr_plate/valid/images/4xemay2155_jpg.rf.59e3ea713dec3a04ab38582876153815.jpg,59L213938,2,9,True,roboflow_ocr_plate,ok;split=valid
D:/DATN/datasets/raw/roboflow_ocr_plate/valid/images/4xemay2158_jpg.rf.82b69fde010a9d23477e3112d0d5c9db.jpg,60B223567,2,9,True,roboflow_ocr_plate,ok;split=valid
D:/DATN/datasets/raw/roboflow_ocr_plate/valid/images/4xemay2179_jpg.rf.cc9a3a84af52f02b46ec4757c5a211a4.jpg,59T164417,2,9,True,roboflow_ocr_plate,ok;split=valid
D:/DATN/datasets/raw/roboflow_ocr_plate/valid/images/4xemay2206_jpg.rf.eb4dbe66fb01eabc5f68b2e5c86d477d.jpg,59E165903,2,9,True,roboflow_ocr_plate,ok;split=valid
D:/DATN/datasets/raw/roboflow_ocr_plate/valid/images/4xemay2233_jpg.rf.bbe2dcebd0066db77d35e5030414b38e.jpg,81B126810,2,9,True,roboflow_ocr_plate,ok;split=valid
D:/DATN/datasets/raw/roboflow_ocr_plate/valid/images/4xemay2236_jpg.rf.752ad93aeb92fe0ee6df8e6b450df604.jpg,54X41983,2,8,True,roboflow_ocr_plate,ok;split=valid
D:/DATN/datasets/raw/roboflow_ocr_plate/valid/images/4xemay2252_jpg.rf.db7e9d33ede2348aa2c3def046c025bd.jpg,59E119283,2,9,True,roboflow_ocr_plate,ok;split=valid
D:/DATN/datasets/raw/roboflow_ocr_plate/valid/images/4xemay2266_jpg.rf.2f8c1de1b590ff79a469e192c3a6e934.jpg,59S228834,2,9,True,roboflow_ocr_plate,ok;split=valid
D:/DATN/datasets/raw/roboflow_ocr_plate/valid/images/4xemay2299_jpg.rf.831cce6c3e79deb0441b406fb0fae13f.jpg,60B236161,2,9,True,roboflow_ocr_plate,ok;split=valid
D:/DATN/datasets/raw/roboflow_ocr_plate/valid/images/4xemay2323_jpg.rf.1ac554eb5f9ca9b9007965ad413ad3bf.jpg,59E129660,2,9,True,roboflow_ocr_plate,ok;split=valid
D:/DATN/datasets/raw/roboflow_ocr_plate/valid/images/4xemay2331_jpg.rf.654a38b7effa7235e5e6f7fca79f0e28.jpg,59E155040,2,9,True,roboflow_ocr_plate,ok;split=valid
D:/DATN/datasets/raw/roboflow_ocr_plate/valid/images/4xemay2369_jpg.rf.ef10368bc40cced77c73a3b170363cd3.jpg,71H15511,2,8,True,roboflow_ocr_plate,ok;split=valid
D:/DATN/datasets/raw/roboflow_ocr_plate/valid/images/4xemay2372_jpg.rf.2e6dcd965c6d6975b42cdf72edb412c5.jpg,59C124785,2,9,True,roboflow_ocr_plate,ok;split=valid
D:/DATN/datasets/raw/roboflow_ocr_plate/valid/images/4xemay2374_jpg.rf.db070997d12c126346069036498128c7.jpg,52F73840,2,8,True,roboflow_ocr_plate,ok;split=valid
D:/DATN/datasets/raw/roboflow_ocr_plate/valid/images/4xemay2380_jpg.rf.c4c669e050cd6ca2db6a4da85471ef71.jpg,59M108275,2,9,True,roboflow_ocr_plate,ok;split=valid
D:/DATN/datasets/raw/roboflow_ocr_plate/valid/images/4xemay2388_jpg.rf.98fabd59d27460e82299b7b0551fe08b.jpg,59Y171364,2,9,True,roboflow_ocr_plate,ok;split=valid
D:/DATN/datasets/raw/roboflow_ocr_plate/valid/images/4xemay2404_jpg.rf.147d61b69575d52bb272a52f701743e0.jpg,69AB02673,2,9,True,roboflow_ocr_plate,ok;split=valid
D:/DATN/datasets/raw/roboflow_ocr_plate/valid/images/4xemay2424_jpg.rf.41b79fb1805f89b0f37413aaddddcc22.jpg,59X136052,2,9,True,roboflow_ocr_plate,ok;split=valid
D:/DATN/datasets/raw/roboflow_ocr_plate/valid/images/4xemay2454_jpg.rf.1f40d5648b5b4c4c0427c3fcd99fd574.jpg,54L36961,2,8,True,roboflow_ocr_plate,ok;split=valid
D:/DATN/datasets/raw/roboflow_ocr_plate/valid/images/4xemay2473_jpg.rf.eaf7edc3da8e6d532c949e30025d5e2c.jpg,94H41831,2,8,True,roboflow_ocr_plate,ok;split=valid
D:/DATN/datasets/raw/roboflow_ocr_plate/valid/images/4xemay2480_jpg.rf.3cafd80e53cd62742cd48adcf09919b1.jpg,59L187760,2,9,True,roboflow_ocr_plate,ok;split=valid
D:/DATN/datasets/raw/roboflow_ocr_plate/valid/images/5CarLongPlate113_jpg.rf.332a2a77934e6f1f8fe937c4f12580aa.jpg,48A02866,1,8,True,roboflow_ocr_plate,ok;split=valid
D:/DATN/datasets/raw/roboflow_ocr_plate/valid/images/5CarLongPlate246_jpg.rf.2bf8601d8f2d9ddb9370fd78ffb0105c.jpg,51F89357,1,8,True,roboflow_ocr_plate,ok;split=valid
D:/DATN/datasets/raw/roboflow_ocr_plate/valid/images/5CarLongPlate342_jpg.rf.0941cd995f9661d184bbe94d12019037.jpg,51F73029,1,8,True,roboflow_ocr_plate,ok;split=valid
D:/DATN/datasets/raw/roboflow_ocr_plate/valid/images/5CarLongPlate419_jpg.rf.a67fd53d464483b0f327d718357002f3.jpg,51G21670,1,8,True,roboflow_ocr_plate,ok;split=valid
D:/DATN/datasets/raw/roboflow_ocr_plate/valid/images/5CarLongPlate421_jpg.rf.03c71f38be64831d8da456b9f907bca6.jpg,59U150906,2,9,True,roboflow_ocr_plate,ok;split=valid
D:/DATN/datasets/raw/roboflow_ocr_plate/valid/images/5CarLongPlate75_jpg.rf.d482455462a00f1bf0fb72c92284295b.jpg,61A22959,1,8,True,roboflow_ocr_plate,ok;split=valid
D:/DATN/datasets/raw/roboflow_ocr_plate/valid/images/5CarLongPlate761_jpg.rf.3952c0b32945db195004285b870d937e.jpg,51A89714,1,8,True,roboflow_ocr_plate,ok;split=valid
D:/DATN/datasets/raw/roboflow_ocr_plate/valid/images/5CarLongPlate845_jpg.rf.e840d0a8095dbf5dd028c08ffcca050b.jpg,51F16159,1,8,True,roboflow_ocr_plate,ok;split=valid
D:/DATN/datasets/raw/roboflow_ocr_plate/valid/images/5CarLongPlate905_jpg.rf.a60b92d3dec5013dd5ff4bd894c15e8e.jpg,51A05227,1,8,True,roboflow_ocr_plate,ok;split=valid
D:/DATN/datasets/raw/roboflow_ocr_plate/valid/images/5CarLongPlate980_jpg.rf.2fb33eef5d1f79da37d69e9908303a61.jpg,51F69259,1,8,True,roboflow_ocr_plate,ok;split=valid
D:/DATN/datasets/raw/roboflow_ocr_plate/valid/images/5xemay1002_jpg.rf.8b840a432e7cc2c44d4400bf77fa103b.jpg,93F117078,2,9,True,roboflow_ocr_plate,ok;split=valid
D:/DATN/datasets/raw/roboflow_ocr_plate/valid/images/5xemay1011_jpg.rf.0e1a43e01fd644431d04aa4fb6f0cbaa.jpg,59S247061,2,9,True,roboflow_ocr_plate,ok;split=valid
D:/DATN/datasets/raw/roboflow_ocr_plate/valid/images/5xemay1056_jpg.rf.c76f80aad78ca61309c6494c25282ff6.jpg,52U49980,2,8,True,roboflow_ocr_plate,ok;split=valid
D:/DATN/datasets/raw/roboflow_ocr_plate/valid/images/5xemay1091_jpg.rf.589c320bbce1d4939a1b0cfbb14af0db.jpg,69C100788,2,9,True,roboflow_ocr_plate,ok;split=valid
D:/DATN/datasets/raw/roboflow_ocr_plate/valid/images/5xemay1143_jpg.rf.f02b8dd019ea26a9912ca9259e85d70c.jpg,59U152884,2,9,True,roboflow_ocr_plate,ok;split=valid
D:/DATN/datasets/raw/roboflow_ocr_plate/valid/images/5xemay1173_jpg.rf.dc4df42dba51e130c287088c3000f960.jpg,59P194751,2,9,True,roboflow_ocr_plate,ok;split=valid
D:/DATN/datasets/raw/roboflow_ocr_plate/valid/images/5xemay117_jpg.rf.97d0fd8736d94104c067765d1d7d7b08.jpg,59S236623,2,9,True,roboflow_ocr_plate,ok;split=valid
D:/DATN/datasets/raw/roboflow_ocr_plate/valid/images/5xemay1317_jpg.rf.e5e6391d3c761a49472b68ad64907717.jpg,93B117085,2,9,True,roboflow_ocr_plate,ok;split=valid
D:/DATN/datasets/raw/roboflow_ocr_plate/valid/images/5xemay133_jpg.rf.3145d4f591e9f3e96830fe80d11a3666.jpg,95AA00839,2,9,True,roboflow_ocr_plate,ok;split=valid
D:/DATN/datasets/raw/roboflow_ocr_plate/valid/images/5xemay1396_jpg.rf.f64dced086d1eb5051b3421219b6ad3d.jpg,59B123468,2,9,True,roboflow_ocr_plate,ok;split=valid
D:/DATN/datasets/raw/roboflow_ocr_plate/valid/images/5xemay140_jpg.rf.f504e542291e7d2002996318c046a462.jpg,99K140650,2,9,True,roboflow_ocr_plate,ok;split=valid
D:/DATN/datasets/raw/roboflow_ocr_plate/valid/images/5xemay1459_jpg.rf.4a8c906180efb2a7263d8e22d2210d0d.jpg,63V50914,2,8,True,roboflow_ocr_plate,ok;split=valid
D:/DATN/datasets/raw/roboflow_ocr_plate/valid/images/5xemay1487_jpg.rf.17b4f3e220c3c5e811a688e66abcbf6a.jpg,62K109571,2,9,True,roboflow_ocr_plate,ok;split=valid
D:/DATN/datasets/raw/roboflow_ocr_plate/valid/images/5xemay1497_jpg.rf.2c78bed4e81fe0505267468dff966327.jpg,76U115178,2,9,True,roboflow_ocr_plate,ok;split=valid
D:/DATN/datasets/raw/roboflow_ocr_plate/valid/images/5xemay1584_jpg.rf.2abdeb8c1f4e7d504ce8eba6808d10a5.jpg,59C130543,2,9,True,roboflow_ocr_plate,ok;split=valid
D:/DATN/datasets/raw/roboflow_ocr_plate/valid/images/5xemay1602_jpg.rf.f7d5216c52b8fdca02ad6d9906d4c1d8.jpg,59F125123,2,9,True,roboflow_ocr_plate,ok;split=valid
D:/DATN/datasets/raw/roboflow_ocr_plate/valid/images/5xemay1680_jpg.rf.9150139d47e3ceec98b8121efd64881d.jpg,79M125990,2,9,True,roboflow_ocr_plate,ok;split=valid
D:/DATN/datasets/raw/roboflow_ocr_plate/valid/images/5xemay1772_jpg.rf.8892ddd263768741da6c15da6c8dcb39.jpg,59H133046,2,9,True,roboflow_ocr_plate,ok;split=valid
D:/DATN/datasets/raw/roboflow_ocr_plate/valid/images/5xemay1788_jpg.rf.ed2255d44f1d3ce630c5559da9f9ad5f.jpg,59S131386,2,9,True,roboflow_ocr_plate,ok;split=valid
D:/DATN/datasets/raw/roboflow_ocr_plate/valid/images/5xemay1811_jpg.rf.daa150e546c9a95aa4e89bf96050925f.jpg,59D162787,2,9,True,roboflow_ocr_plate,ok;split=valid
D:/DATN/datasets/raw/roboflow_ocr_plate/valid/images/5xemay186_jpg.rf.ca552cd6273693557d6dee2fa58bd78e.jpg,60F110494,2,9,True,roboflow_ocr_plate,ok;split=valid
D:/DATN/datasets/raw/roboflow_ocr_plate/valid/images/5xemay200_jpg.rf.9f3a55b5a36826c75cd41c9408c47424.jpg,59D166974,2,9,True,roboflow_ocr_plate,ok;split=valid
D:/DATN/datasets/raw/roboflow_ocr_plate/valid/images/5xemay2065_jpg.rf.57a92c23aee09fe2944cd52e1a740189.jpg,86B624682,2,9,True,roboflow_ocr_plate,ok;split=valid
D:/DATN/datasets/raw/roboflow_ocr_plate/valid/images/5xemay2142_jpg.rf.30b713cc4400b3bdc56259293efd84e1.jpg,72L63974,2,8,True,roboflow_ocr_plate,ok;split=valid
D:/DATN/datasets/raw/roboflow_ocr_plate/valid/images/5xemay225_jpg.rf.09fc1657edc53a7a7127e62427211036.jpg,59F147488,2,9,True,roboflow_ocr_plate,ok;split=valid
D:/DATN/datasets/raw/roboflow_ocr_plate/valid/images/5xemay2304_jpg.rf.0ad9d3f8955c4a3691e1632812d51640.jpg,59L205442,2,9,True,roboflow_ocr_plate,ok;split=valid
D:/DATN/datasets/raw/roboflow_ocr_plate/valid/images/5xemay2320_jpg.rf.a19e084e1a1ac8b8437db82b26733ab6.jpg,59L156720,2,9,True,roboflow_ocr_plate,ok;split=valid
D:/DATN/datasets/raw/roboflow_ocr_plate/valid/images/5xemay2445_jpg.rf.3f46ce7a4b34580b9f8921c7a6889d72.jpg,54F30096,2,8,True,roboflow_ocr_plate,ok;split=valid
D:/DATN/datasets/raw/roboflow_ocr_plate/valid/images/5xemay2475_jpg.rf.f82e96af6fdd8e2a853d2d0a915ad1fb.jpg,59P141818,2,9,True,roboflow_ocr_plate,ok;split=valid
D:/DATN/datasets/raw/roboflow_ocr_plate/valid/images/5xemay2488_jpg.rf.6468d119ace775a65af80cef1a2a7691.jpg,84G122593,2,9,True,roboflow_ocr_plate,ok;split=valid
D:/DATN/datasets/raw/roboflow_ocr_plate/valid/images/5xemay314_jpg.rf.8ad9961b2dc1fa37412fbebd14cf7d81.jpg,59Y160811,2,9,True,roboflow_ocr_plate,ok;split=valid
D:/DATN/datasets/raw/roboflow_ocr_plate/valid/images/5xemay394_jpg.rf.14d0e8b00784df3c22d927d2c0e4dc20.jpg,54X95114,2,8,True,roboflow_ocr_plate,ok;split=valid
D:/DATN/datasets/raw/roboflow_ocr_plate/valid/images/5xemay502_jpg.rf.b48c16161af2af315402cf82a9277287.jpg,76V63429,2,8,True,roboflow_ocr_plate,ok;split=valid
D:/DATN/datasets/raw/roboflow_ocr_plate/valid/images/5xemay533_jpg.rf.cbe5ce87cd5a873be112dff323215d3e.jpg,59S135252,2,9,True,roboflow_ocr_plate,ok;split=valid
D:/DATN/datasets/raw/roboflow_ocr_plate/valid/images/5xemay551_jpg.rf.1bd9b9e46791ba07d93cd4a9e54d6a9f.jpg,86C107261,2,9,True,roboflow_ocr_plate,ok;split=valid
D:/DATN/datasets/raw/roboflow_ocr_plate/valid/images/5xemay687_jpg.rf.8dc475bb0211f0d6637b71fc0e9daea2.jpg,54L29072,2,8,True,roboflow_ocr_plate,ok;split=valid
D:/DATN/datasets/raw/roboflow_ocr_plate/valid/images/5xemay802_jpg.rf.b50822f89d0d7bda2e902fbdca0fbf7f.jpg,59P124497,2,9,True,roboflow_ocr_plate,ok;split=valid
D:/DATN/datasets/raw/roboflow_ocr_plate/valid/images/5xemay852_jpg.rf.ac86f93fcf5bbb25e64329a121ecba77.jpg,66H60786,2,8,True,roboflow_ocr_plate,ok;split=valid
D:/DATN/datasets/raw/roboflow_ocr_plate/valid/images/5xemay916_jpg.rf.b99852772e3681ee202faf6323fbce8c.jpg,60FL7420,2,8,True,roboflow_ocr_plate,ok;split=valid
D:/DATN/datasets/raw/roboflow_ocr_plate/valid/images/5xemay952_jpg.rf.50b6d6b85d3e44d5b94b8f18dd1dab5b.jpg,59U184366,2,9,True,roboflow_ocr_plate,ok;split=valid
D:/DATN/datasets/raw/roboflow_ocr_plate/valid/images/5xemay996_jpg.rf.951db8dee418e534ea94e0dc75b27b82.jpg,53S39152,2,8,True,roboflow_ocr_plate,ok;split=valid
D:/DATN/datasets/raw/roboflow_ocr_plate/valid/images/6CarLongPlate137_jpg.rf.43b84856191fa70d25dcc47a50dc2236.jpg,51G25181,1,8,True,roboflow_ocr_plate,ok;split=valid
D:/DATN/datasets/raw/roboflow_ocr_plate/valid/images/6CarLongPlate270_jpg.rf.77208e69c18ceda7bc04fc2f13cb2655.jpg,51A89714,1,8,True,roboflow_ocr_plate,ok;split=valid
D:/DATN/datasets/raw/roboflow_ocr_plate/valid/images/6CarLongPlate272_jpg.rf.be785e4434311679ad8fb936c5148e41.jpg,51A89714,1,8,True,roboflow_ocr_plate,ok;split=valid
D:/DATN/datasets/raw/roboflow_ocr_plate/valid/images/6CarLongPlate288_jpg.rf.8c6ef36923bbb3f2f5eb4b751e843662.jpg,51G51332,1,8,True,roboflow_ocr_plate,ok;split=valid
D:/DATN/datasets/raw/roboflow_ocr_plate/valid/images/6CarLongPlate298_jpg.rf.d68e23d9eee9f8f2b5e3975d55c8d11a.jpg,52P5688,1,7,True,roboflow_ocr_plate,ok;split=valid
D:/DATN/datasets/raw/roboflow_ocr_plate/valid/images/6CarLongPlate3_jpg.rf.719dfbb75a23744865d0cefa93073ee3.jpg,51G31691,1,8,True,roboflow_ocr_plate,ok;split=valid
D:/DATN/datasets/raw/roboflow_ocr_plate/valid/images/6CarLongPlate400_jpg.rf.3e5f6f5548788f48bffa7c7030f78c65.jpg,51G47281,1,8,True,roboflow_ocr_plate,ok;split=valid
D:/DATN/datasets/raw/roboflow_ocr_plate/valid/images/6CarLongPlate405_jpg.rf.4271e5999b86410e442cee1e7f840200.jpg,51F06532,1,8,True,roboflow_ocr_plate,ok;split=valid
D:/DATN/datasets/raw/roboflow_ocr_plate/valid/images/6CarLongPlate472_jpg.rf.9916b8dc5860a64d6d17882a927a668d.jpg,51F24403,1,8,True,roboflow_ocr_plate,ok;split=valid
D:/DATN/datasets/raw/roboflow_ocr_plate/valid/images/6CarLongPlate552_jpg.rf.ed5eefd6a5dbd99e7533445d13c6972a.jpg,51F88270,1,8,True,roboflow_ocr_plate,ok;split=valid
D:/DATN/datasets/raw/roboflow_ocr_plate/valid/images/6CarLongPlate699_jpg.rf.25fd47d0bfab61b22c89a2ff4045dd0b.jpg,51A89714,1,8,True,roboflow_ocr_plate,ok;split=valid
D:/DATN/datasets/raw/roboflow_ocr_plate/valid/images/6CarLongPlate741_jpg.rf.71f642859d6b427ea620df8013d50d34.jpg,61A30001,1,8,True,roboflow_ocr_plate,ok;split=valid
D:/DATN/datasets/raw/roboflow_ocr_plate/valid/images/6CarLongPlate79_jpg.rf.1bf2a3a2284ab74df22da5e49b4d8563.jpg,51F68784,1,8,True,roboflow_ocr_plate,ok;split=valid
D:/DATN/datasets/raw/roboflow_ocr_plate/valid/images/6CarLongPlate906_jpg.rf.fb6452c9ab42c606874ac1c1de6882e5.jpg,29A51796,1,8,True,roboflow_ocr_plate,ok;split=valid
D:/DATN/datasets/raw/roboflow_ocr_plate/valid/images/6xemay172_jpg.rf.3476e38656f61220659edaa92f1c7cef.jpg,59P117980,2,9,True,roboflow_ocr_plate,ok;split=valid
D:/DATN/datasets/raw/roboflow_ocr_plate/valid/images/6xemay201_jpg.rf.02e6f2a0cd4748d17d01c074a68a5982.jpg,59H146704,2,9,True,roboflow_ocr_plate,ok;split=valid
D:/DATN/datasets/raw/roboflow_ocr_plate/valid/images/6xemay210_jpg.rf.7a143968b78b85d41e8f71b7637746fe.jpg,60FP1469,2,8,True,roboflow_ocr_plate,ok;split=valid
D:/DATN/datasets/raw/roboflow_ocr_plate/valid/images/6xemay216_jpg.rf.96b650cc030482930ce1c170f4073070.jpg,59T192270,2,9,True,roboflow_ocr_plate,ok;split=valid
D:/DATN/datasets/raw/roboflow_ocr_plate/valid/images/6xemay224_jpg.rf.52777329f473c91874f217a8f96e4c08.jpg,59H156390,2,9,True,roboflow_ocr_plate,ok;split=valid
D:/DATN/datasets/raw/roboflow_ocr_plate/valid/images/6xemay22_jpg.rf.6c2ef357e03131e2594404a27550fa44.jpg,59F107509,2,9,True,roboflow_ocr_plate,ok;split=valid
D:/DATN/datasets/raw/roboflow_ocr_plate/valid/images/6xemay230_jpg.rf.52d92be659c08a91e0bc9f49fc660079.jpg,54T30255,2,8,True,roboflow_ocr_plate,ok;split=valid
D:/DATN/datasets/raw/roboflow_ocr_plate/valid/images/6xemay243_jpg.rf.47c8500f372bf3adc04783d6f9f9428f.jpg,61C106403,2,9,True,roboflow_ocr_plate,ok;split=valid
D:/DATN/datasets/raw/roboflow_ocr_plate/valid/images/6xemay264_jpg.rf.8c5ca935f40cc95ba35f8cad2d13ae1e.jpg,59C224729,2,9,True,roboflow_ocr_plate,ok;split=valid
D:/DATN/datasets/raw/roboflow_ocr_plate/valid/images/6xemay2_jpg.rf.ecd6e5e212024a86c17c314c8b2da9fe.jpg,59L206377,2,9,True,roboflow_ocr_plate,ok;split=valid
D:/DATN/datasets/raw/roboflow_ocr_plate/valid/images/6xemay332_jpg.rf.d1cf42b207ecd5783d7ab16a2727f816.jpg,59T155500,2,9,True,roboflow_ocr_plate,ok;split=valid
D:/DATN/datasets/raw/roboflow_ocr_plate/valid/images/6xemay345_jpg.rf.e19e16ea08a9793e82e3cea65d796a42.jpg,54Z28101,2,8,True,roboflow_ocr_plate,ok;split=valid
D:/DATN/datasets/raw/roboflow_ocr_plate/valid/images/6xemay357_jpg.rf.21ef1747a72469fd51b10d8f0eb96e18.jpg,72C112511,2,9,True,roboflow_ocr_plate,ok;split=valid
D:/DATN/datasets/raw/roboflow_ocr_plate/valid/images/6xemay360_jpg.rf.2f077c5c44646109961cafb37c0ac73d.jpg,86H79591,2,8,True,roboflow_ocr_plate,ok;split=valid
D:/DATN/datasets/raw/roboflow_ocr_plate/valid/images/6xemay364_jpg.rf.56423f4dbb345a4c32c43c20301a967f.jpg,62H136169,2,9,True,roboflow_ocr_plate,ok;split=valid
D:/DATN/datasets/raw/roboflow_ocr_plate/valid/images/6xemay369_jpg.rf.96c718331423ce9e177ed5dd265f5557.jpg,51Y67665,2,8,True,roboflow_ocr_plate,ok;split=valid
D:/DATN/datasets/raw/roboflow_ocr_plate/valid/images/6xemay370_jpg.rf.56a5b7807c938e4b64994ef29c72062e.jpg,55P44641,2,8,True,roboflow_ocr_plate,ok;split=valid
D:/DATN/datasets/raw/roboflow_ocr_plate/valid/images/6xemay377_jpg.rf.dcf20cf92684e4b199cadfcf5e263adb.jpg,59H121704,2,9,True,roboflow_ocr_plate,ok;split=valid
D:/DATN/datasets/raw/roboflow_ocr_plate/valid/images/6xemay381_jpg.rf.11abb3f56faf113f1d8e53d32b5723fd.jpg,54U51223,2,8,True,roboflow_ocr_plate,ok;split=valid
D:/DATN/datasets/raw/roboflow_ocr_plate/valid/images/6xemay419_jpg.rf.1dbdf8db08cd850dc5b60b98abb98498.jpg,51H48354,2,8,True,roboflow_ocr_plate,ok;split=valid
D:/DATN/datasets/raw/roboflow_ocr_plate/valid/images/6xemay41_jpg.rf.c68ec03bc1db99ef9d32f124145f17b0.jpg,65S21319,2,8,True,roboflow_ocr_plate,ok;split=valid
D:/DATN/datasets/raw/roboflow_ocr_plate/valid/images/6xemay432_jpg.rf.23166c472fa052e1044e780552aa564a.jpg,59H121704,2,9,True,roboflow_ocr_plate,ok;split=valid
D:/DATN/datasets/raw/roboflow_ocr_plate/valid/images/6xemay433_jpg.rf.5298dee18630db8128e7a029e512a231.jpg,59C148275,2,9,True,roboflow_ocr_plate,ok;split=valid
D:/DATN/datasets/raw/roboflow_ocr_plate/valid/images/6xemay441_jpg.rf.8d5038e8cd9e8fb4a1b1b85b6a5c0219.jpg,51K28501,2,8,True,roboflow_ocr_plate,ok;split=valid
D:/DATN/datasets/raw/roboflow_ocr_plate/valid/images/6xemay443_jpg.rf.8f8f406e538970a11cfa4361b3f76e7b.jpg,59X278848,2,9,True,roboflow_ocr_plate,ok;split=valid
D:/DATN/datasets/raw/roboflow_ocr_plate/valid/images/6xemay466_jpg.rf.3b22ebc19feaa81ec072604aff8e322e.jpg,68T90223,2,8,True,roboflow_ocr_plate,ok;split=valid
D:/DATN/datasets/raw/roboflow_ocr_plate/valid/images/6xemay512_jpg.rf.79a75cc152e74affcf68a305c47cbb42.jpg,60B206370,2,9,True,roboflow_ocr_plate,ok;split=valid
D:/DATN/datasets/raw/roboflow_ocr_plate/valid/images/6xemay527_jpg.rf.c42f1e1bb729da7ac3557f63ac6ba629.jpg,54H15326,2,8,True,roboflow_ocr_plate,ok;split=valid
D:/DATN/datasets/raw/roboflow_ocr_plate/valid/images/6xemay555_jpg.rf.8e99799689cf4e66f0e58658867a7e6d.jpg,77C139373,2,9,True,roboflow_ocr_plate,ok;split=valid
D:/DATN/datasets/raw/roboflow_ocr_plate/valid/images/6xemay584_jpg.rf.c5061adf2aebc271ba8c02b16a4115c2.jpg,59S244717,2,9,True,roboflow_ocr_plate,ok;split=valid
D:/DATN/datasets/raw/roboflow_ocr_plate/valid/images/6xemay590_jpg.rf.0a71fff33f77b43f4928f3ec951b4768.jpg,67E105420,2,9,True,roboflow_ocr_plate,ok;split=valid
D:/DATN/datasets/raw/roboflow_ocr_plate/valid/images/6xemay595_jpg.rf.79063d92f8f3a5f5e3a4ece09fa89960.jpg,59F158405,2,9,True,roboflow_ocr_plate,ok;split=valid
D:/DATN/datasets/raw/roboflow_ocr_plate/valid/images/6xemay603_jpg.rf.81e08a7d3f7d8f9f5a78c190910311f2.jpg,76H117550,2,9,True,roboflow_ocr_plate,ok;split=valid
D:/DATN/datasets/raw/roboflow_ocr_plate/valid/images/6xemay618_jpg.rf.c3e50908a0ed3b6a0b13cd62763a3c2e.jpg,54T12473,2,8,True,roboflow_ocr_plate,ok;split=valid
D:/DATN/datasets/raw/roboflow_ocr_plate/valid/images/6xemay684_jpg.rf.bf9be170755c074a983d1d87b29a773e.jpg,81H12204,2,8,True,roboflow_ocr_plate,ok;split=valid
D:/DATN/datasets/raw/roboflow_ocr_plate/valid/images/6xemay68_jpg.rf.d2455f872cfa43be4d62837e9f9805fb.jpg,49B131215,2,9,True,roboflow_ocr_plate,ok;split=valid
D:/DATN/datasets/raw/roboflow_ocr_plate/valid/images/6xemay69_jpg.rf.f36de4ed2f11d6149151b1d83cb430e9.jpg,62H27327,2,8,True,roboflow_ocr_plate,ok;split=valid
D:/DATN/datasets/raw/roboflow_ocr_plate/valid/images/6xemay70_jpg.rf.f7a7e58322f823b1f3a328dea0b5690a.jpg,54L24264,2,8,True,roboflow_ocr_plate,ok;split=valid
D:/DATN/datasets/raw/roboflow_ocr_plate/valid/images/6xemay85_jpg.rf.f00b702a5e74af69bfb1fd052b4a3797.jpg,59P141818,2,9,True,roboflow_ocr_plate,ok;split=valid
D:/DATN/datasets/raw/roboflow_ocr_plate/valid/images/6xemay90_jpg.rf.4dbc42f41cb0a51b0cb044e9346551ca.jpg,59X268327,2,9,True,roboflow_ocr_plate,ok;split=valid
D:/DATN/datasets/raw/roboflow_ocr_plate/valid/images/6xemay99_jpg.rf.6a0481bc9ef250dc586a0d7c50a9df94.jpg,52P50334,2,8,True,roboflow_ocr_plate,ok;split=valid
D:/DATN/datasets/raw/roboflow_ocr_plate/valid/images/7xemay1643_jpg.rf.14525686a3fba750cdc2bacdf6d2a7a3.jpg,77G125759,2,9,True,roboflow_ocr_plate,ok;split=valid
D:/DATN/datasets/raw/roboflow_ocr_plate/valid/images/7xemay1820_jpg.rf.cba5ca808cee9691f7e8b5d947f52709.jpg,59B100002,2,9,True,roboflow_ocr_plate,ok;split=valid
D:/DATN/datasets/raw/roboflow_ocr_plate/valid/images/7xemay1973_jpg.rf.6e2b9fe67075c4c344af8e04342ba814.jpg,59S218904,2,9,True,roboflow_ocr_plate,ok;split=valid
D:/DATN/datasets/raw/roboflow_ocr_plate/valid/images/7xemay2018_jpg.rf.88c4ffe69a6cfbcf0ff3b4f5671f7f8a.jpg,63B957926,2,9,True,roboflow_ocr_plate,ok;split=valid
D:/DATN/datasets/raw/roboflow_ocr_plate/valid/images/7xemay2280_jpg.rf.9f02d3e7a6461c699f610865a68848c0.jpg,86C133139,2,9,True,roboflow_ocr_plate,ok;split=valid
D:/DATN/datasets/raw/roboflow_ocr_plate/valid/images/7xemay2428_jpg.rf.8ff2fe5e382981d5ebe0be8bb4b95416.jpg,59B131489,2,9,True,roboflow_ocr_plate,ok;split=valid
D:/DATN/datasets/raw/roboflow_ocr_plate/valid/images/8CarLongPlate547_jpg.rf.213d888e1068bd127253e72a7d455850.jpg,93LD00103,1,9,True,roboflow_ocr_plate,ok;split=valid
D:/DATN/datasets/raw/roboflow_ocr_plate/valid/images/8CarLongPlate651_jpg.rf.def898d825522f97f9423ab8c7deb8dc.jpg,51G01440,1,8,True,roboflow_ocr_plate,ok;split=valid
D:/DATN/datasets/raw/roboflow_ocr_plate/valid/images/8xemay1279_jpg.rf.e673aa5cf0ae3cd42422bcb134ed5225.jpg,54S88080,2,8,True,roboflow_ocr_plate,ok;split=valid
D:/DATN/datasets/raw/roboflow_ocr_plate/valid/images/8xemay1522_jpg.rf.5f7618f782bc9e6f8cc5e2553c5a428d.jpg,59S195762,2,9,True,roboflow_ocr_plate,ok;split=valid
D:/DATN/datasets/raw/roboflow_ocr_plate/valid/images/8xemay1558_jpg.rf.cc4e8c92ceb6b7db05931a83b4474c62.jpg,61B136588,2,9,True,roboflow_ocr_plate,ok;split=valid
D:/DATN/datasets/raw/roboflow_ocr_plate/valid/images/8xemay1758_jpg.rf.7223c7722b7bc33923f79f84f70582eb.jpg,59M153561,2,9,True,roboflow_ocr_plate,ok;split=valid
D:/DATN/datasets/raw/roboflow_ocr_plate/valid/images/8xemay1884_jpg.rf.74076f0161e9d8b4d1b018d2f0aaf47a.jpg,59L184759,2,9,True,roboflow_ocr_plate,ok;split=valid
D:/DATN/datasets/raw/roboflow_ocr_plate/valid/images/8xemay1898_jpg.rf.07bd086f4bc3dd4876555b0fad7256bd.jpg,59S159484,2,9,True,roboflow_ocr_plate,ok;split=valid
D:/DATN/datasets/raw/roboflow_ocr_plate/valid/images/8xemay265_jpg.rf.9ed0c4eed69cb770b33f72e64ed8fd88.jpg,93P106312,2,9,True,roboflow_ocr_plate,ok;split=valid
D:/DATN/datasets/raw/roboflow_ocr_plate/valid/images/8xemay43_jpg.rf.b0f56a94da2ed0778c6f617e61fe08c5.jpg,59C100507,2,9,True,roboflow_ocr_plate,ok;split=valid
D:/DATN/datasets/raw/roboflow_ocr_plate/valid/images/8xemay854_jpg.rf.c46a2d415b601f0a04f17e406973039b.jpg,59B125157,2,9,True,roboflow_ocr_plate,ok;split=valid
D:/DATN/datasets/raw/roboflow_ocr_plate/valid/images/8xemay979_jpg.rf.293eb46ffaf0117d3540d4640ae6dff4.jpg,59P232334,2,9,True,roboflow_ocr_plate,ok;split=valid
D:/DATN/datasets/raw/roboflow_ocr_plate/valid/images/9CarLongPlate132_jpg.rf.3b6cdc6b43ff6b1f4e780f117b3e8eff.jpg,51G29034,1,8,True,roboflow_ocr_plate,ok;split=valid
D:/DATN/datasets/raw/roboflow_ocr_plate/valid/images/9CarLongPlate790_jpg.rf.110ea921bf541497feb6889a416f7fad.jpg,51F63034,1,8,True,roboflow_ocr_plate,ok;split=valid
D:/DATN/datasets/raw/roboflow_ocr_plate/valid/images/9xemay1351_jpg.rf.207d6b2a2ca5d26cc3180a07fd49ed6a.jpg,78E124113,2,9,True,roboflow_ocr_plate,ok;split=valid
D:/DATN/datasets/raw/roboflow_ocr_plate/valid/images/9xemay1626_jpg.rf.9334b3e825f8b2560428a86e3d9782c6.jpg,50N112582,2,9,True,roboflow_ocr_plate,ok;split=valid
D:/DATN/datasets/raw/roboflow_ocr_plate/valid/images/9xemay1640_jpg.rf.61df45141a91fe61680dac13a9880c64.jpg,59K169323,2,9,True,roboflow_ocr_plate,ok;split=valid
D:/DATN/datasets/raw/roboflow_ocr_plate/valid/images/9xemay1675_jpg.rf.935281c19818c89b2adff14d44d666d7.jpg,59F113860,2,9,True,roboflow_ocr_plate,ok;split=valid
D:/DATN/datasets/raw/roboflow_ocr_plate/valid/images/9xemay1700_jpg.rf.b894189cd6083e0140527c45faf79059.jpg,59M153773,2,9,True,roboflow_ocr_plate,ok;split=valid
D:/DATN/datasets/raw/roboflow_ocr_plate/valid/images/9xemay350_jpg.rf.500d2368d64b5f6a1f9787e55cf31b87.jpg,51H22212,2,8,True,roboflow_ocr_plate,ok;split=valid
D:/DATN/datasets/raw/roboflow_ocr_plate/valid/images/9xemay384_jpg.rf.5a5b10780795fa99d5b8c0ebb8ed605f.jpg,59X256462,2,9,True,roboflow_ocr_plate,ok;split=valid
D:/DATN/datasets/raw/roboflow_ocr_plate/valid/images/9xemay475_jpg.rf.a21e119e9aa2ce410b274de12200a68e.jpg,60B223567,2,9,True,roboflow_ocr_plate,ok;split=valid
D:/DATN/datasets/raw/roboflow_ocr_plate/valid/images/9xemay742_jpg.rf.134aa121106136b315fd2c271d9f48e2.jpg,71B111345,2,9,True,roboflow_ocr_plate,ok;split=valid
D:/DATN/datasets/raw/roboflow_ocr_plate/valid/images/9xemay953_jpg.rf.7124addb6334463113e7be06ca7b8d21.jpg,59C167071,2,9,True,roboflow_ocr_plate,ok;split=valid
D:/DATN/datasets/raw/roboflow_ocr_plate/valid/images/ndata102_jpg.rf.90ef121cd928b1c3cc06905f0a61ea17.jpg,29N172764,2,9,True,roboflow_ocr_plate,ok;split=valid
D:/DATN/datasets/raw/roboflow_ocr_plate/valid/images/ndata113_jpg.rf.f9c9c347173141ff1273a83be70258c8.jpg,98D104297,2,9,True,roboflow_ocr_plate,ok;split=valid
D:/DATN/datasets/raw/roboflow_ocr_plate/valid/images/ndata116_jpg.rf.a83e201492c0ec3130379577bcce7b5d.jpg,29A87723,1,8,True,roboflow_ocr_plate,ok;split=valid
D:/DATN/datasets/raw/roboflow_ocr_plate/valid/images/ndata117_jpg.rf.a9f39a617019709c37ecdb5903bd0a78.jpg,30A62394,1,8,True,roboflow_ocr_plate,ok;split=valid
D:/DATN/datasets/raw/roboflow_ocr_plate/valid/images/ndata11_jpg.rf.bee032d91df21619fa2978a578385b8e.jpg,29E12134,2,8,True,roboflow_ocr_plate,ok;split=valid
D:/DATN/datasets/raw/roboflow_ocr_plate/valid/images/ndata141_jpg.rf.a200121ae2bd9a4b404627e8fa09d3fd.jpg,51F99999,1,8,True,roboflow_ocr_plate,ok;split=valid
D:/DATN/datasets/raw/roboflow_ocr_plate/valid/images/ndata152_jpg.rf.96f4521fd8778e3b205089e2089ce6b6.jpg,20B104381,2,9,True,roboflow_ocr_plate,ok;split=valid
D:/DATN/datasets/raw/roboflow_ocr_plate/valid/images/ndata165_jpg.rf.5d55939651d75c452ff5a326f880fcdf.jpg,47M144444,2,9,True,roboflow_ocr_plate,ok;split=valid
D:/DATN/datasets/raw/roboflow_ocr_plate/valid/images/ndata172_jpg.rf.113c08ae6053147138d8bcede53b24fa.jpg,20F132844,2,9,True,roboflow_ocr_plate,ok;split=valid
D:/DATN/datasets/raw/roboflow_ocr_plate/valid/images/ndata199_jpg.rf.7b53bb865c1068db80bfcc9f9e86cae2.jpg,30L63552,2,8,True,roboflow_ocr_plate,ok;split=valid
D:/DATN/datasets/raw/roboflow_ocr_plate/valid/images/ndata200_jpg.rf.b00cf413d2a5871124203d0c4ed720f0.jpg,52X18888,2,8,True,roboflow_ocr_plate,ok;split=valid
D:/DATN/datasets/raw/roboflow_ocr_plate/valid/images/ndata204_jpg.rf.0c37cd7a5ef340654f1ae5a0b6c08ec2.jpg,30N55555,2,8,True,roboflow_ocr_plate,ok;split=valid
D:/DATN/datasets/raw/roboflow_ocr_plate/valid/images/ndata207_jpg.rf.5f3dad25da3ca0fc6446bebc80b647a7.jpg,30M79999,2,8,True,roboflow_ocr_plate,ok;split=valid
D:/DATN/datasets/raw/roboflow_ocr_plate/valid/images/ndata209_jpg.rf.616beaf46e1b23ecc44b401362934828.jpg,36B759204,2,9,True,roboflow_ocr_plate,ok;split=valid
D:/DATN/datasets/raw/roboflow_ocr_plate/valid/images/ndata216_jpg.rf.3c9ad01187e59e7e4c2efbff4d8de2be.jpg,29M114361,2,9,True,roboflow_ocr_plate,ok;split=valid
D:/DATN/datasets/raw/roboflow_ocr_plate/valid/images/ndata228_jpg.rf.bcf12344eaa65a84c300ea6a1ad86483.jpg,29Y23516,2,8,True,roboflow_ocr_plate,ok;split=valid
D:/DATN/datasets/raw/roboflow_ocr_plate/valid/images/ndata232_jpg.rf.70f8e73c31070f9dceefd5f37e28a507.jpg,29X753150,2,9,True,roboflow_ocr_plate,ok;split=valid
D:/DATN/datasets/raw/roboflow_ocr_plate/valid/images/ndata240_jpg.rf.3ff8f5dd6717c1138e044a5d606446c7.jpg,29X155666,2,9,True,roboflow_ocr_plate,ok;split=valid
D:/DATN/datasets/raw/roboflow_ocr_plate/valid/images/ndata243_jpg.rf.47bf0170eccb2cd3688a3be17d391c44.jpg,29Y577777,2,9,True,roboflow_ocr_plate,ok;split=valid
D:/DATN/datasets/raw/roboflow_ocr_plate/valid/images/ndata244_jpg.rf.f041014297e21d56aa8d2a720a851a9d.jpg,29X508757,2,9,True,roboflow_ocr_plate,ok;split=valid
D:/DATN/datasets/raw/roboflow_ocr_plate/valid/images/ndata250_jpg.rf.7a938f18878825dcba41ed79a4f5e9ea.jpg,29V81148,2,8,True,roboflow_ocr_plate,ok;split=valid
D:/DATN/datasets/raw/roboflow_ocr_plate/valid/images/ndata253_jpg.rf.90fa64301bea517a24f465acd49cc75e.jpg,60M66767,2,8,True,roboflow_ocr_plate,ok;split=valid
D:/DATN/datasets/raw/roboflow_ocr_plate/valid/images/ndata256_jpg.rf.c80b414d2b36df871a6b55b3810b1b48.jpg,29X749551,2,9,True,roboflow_ocr_plate,ok;split=valid
D:/DATN/datasets/raw/roboflow_ocr_plate/valid/images/ndata27_jpg.rf.10f01981287c956b8f0a14a19f2044fe.jpg,30G99067,1,8,True,roboflow_ocr_plate,ok;split=valid
D:/DATN/datasets/raw/roboflow_ocr_plate/valid/images/ndata280_jpg.rf.ce937c8f543ecdb75a550e0ec57825d5.jpg,29E153856,2,9,True,roboflow_ocr_plate,ok;split=valid
D:/DATN/datasets/raw/roboflow_ocr_plate/valid/images/ndata282_jpg.rf.f2a5949ad5717c2fccc3d7ed882b4b2d.jpg,29E238944,2,9,True,roboflow_ocr_plate,ok;split=valid
D:/DATN/datasets/raw/roboflow_ocr_plate/valid/images/ndata285_jpg.rf.efe709735cd4a4a93f6b0f7e64e69472.jpg,29E180861,2,9,True,roboflow_ocr_plate,ok;split=valid
D:/DATN/datasets/raw/roboflow_ocr_plate/valid/images/ndata288_jpg.rf.85aedf15370ce9e1ba83001661f5b296.jpg,29Z88694,2,8,True,roboflow_ocr_plate,ok;split=valid
D:/DATN/datasets/raw/roboflow_ocr_plate/valid/images/ndata289_jpg.rf.85054f8036a963dc2aa32227178b6821.jpg,29E199997,2,9,True,roboflow_ocr_plate,ok;split=valid
D:/DATN/datasets/raw/roboflow_ocr_plate/valid/images/ndata290_jpg.rf.dfe15839032cad2275d895bdd7aa40a9.jpg,29E135599,2,9,True,roboflow_ocr_plate,ok;split=valid
D:/DATN/datasets/raw/roboflow_ocr_plate/valid/images/ndata296_jpg.rf.c08cbb59cf4cb661bdf18a2433e948da.jpg,29E116061,2,9,True,roboflow_ocr_plate,ok;split=valid
D:/DATN/datasets/raw/roboflow_ocr_plate/valid/images/ndata299_jpg.rf.1a628e722e86f9be74142ffbc8b4043c.jpg,29E186308,2,9,True,roboflow_ocr_plate,ok;split=valid
D:/DATN/datasets/raw/roboflow_ocr_plate/valid/images/ndata300_jpg.rf.c6d29e56e6065b11e3643147984807a1.jpg,29E277971,2,9,True,roboflow_ocr_plate,ok;split=valid
D:/DATN/datasets/raw/roboflow_ocr_plate/valid/images/ndata303_jpg.rf.0d7b03077ce83ca7412e4b91d9d5bc11.jpg,29E118855,2,9,True,roboflow_ocr_plate,ok;split=valid
D:/DATN/datasets/raw/roboflow_ocr_plate/valid/images/ndata305_jpg.rf.7a509fa7a4159c703947ef76f7d77ee6.jpg,29E128457,2,9,True,roboflow_ocr_plate,ok;split=valid
D:/DATN/datasets/raw/roboflow_ocr_plate/valid/images/ndata312_jpg.rf.efa848e8e2069a7f5fdf9150505f3682.jpg,29E151367,2,9,True,roboflow_ocr_plate,ok;split=valid
D:/DATN/datasets/raw/roboflow_ocr_plate/valid/images/ndata314_jpg.rf.e28c8e3b7c2d0786f34186ca4627a36d.jpg,29E106736,2,9,True,roboflow_ocr_plate,ok;split=valid
D:/DATN/datasets/raw/roboflow_ocr_plate/valid/images/ndata315_jpg.rf.f2c5e7ade90b18c5d4054c041f813f7a.jpg,29E216604,2,9,True,roboflow_ocr_plate,ok;split=valid
D:/DATN/datasets/raw/roboflow_ocr_plate/valid/images/ndata316_jpg.rf.09ca84e61de97e10af77ada7cde74e9b.jpg,29E109811,2,9,True,roboflow_ocr_plate,ok;split=valid
D:/DATN/datasets/raw/roboflow_ocr_plate/valid/images/ndata326_jpg.rf.d71358ec0851f6807369cbe9c501e597.jpg,61D156789,2,9,True,roboflow_ocr_plate,ok;split=valid
D:/DATN/datasets/raw/roboflow_ocr_plate/valid/images/ndata327_jpg.rf.3b7075775dc395965ed586a3b054443c.jpg,14K97858,2,8,True,roboflow_ocr_plate,ok;split=valid
D:/DATN/datasets/raw/roboflow_ocr_plate/valid/images/ndata331_jpg.rf.649cd234cb9e6ef86c4392c89d2694e9.jpg,66N74444,2,8,True,roboflow_ocr_plate,ok;split=valid
D:/DATN/datasets/raw/roboflow_ocr_plate/valid/images/ndata332_jpg.rf.eeeb0bb0f7a1fecb0373aa25134c7c5e.jpg,29U16789,2,8,True,roboflow_ocr_plate,ok;split=valid
D:/DATN/datasets/raw/roboflow_ocr_plate/valid/images/ndata334_jpg.rf.2c8f1b5652dc91d64bf1b9bf1e18b94d.jpg,59D277777,2,9,True,roboflow_ocr_plate,ok;split=valid
D:/DATN/datasets/raw/roboflow_ocr_plate/valid/images/ndata336_jpg.rf.02194c11152fbb15e88ed6e0f2a0cdd1.jpg,30N76789,2,8,True,roboflow_ocr_plate,ok;split=valid
D:/DATN/datasets/raw/roboflow_ocr_plate/valid/images/ndata338_jpg.rf.9025876eaa8fa7d38740b56c9c3952de.jpg,76U103131,2,9,True,roboflow_ocr_plate,ok;split=valid
D:/DATN/datasets/raw/roboflow_ocr_plate/valid/images/ndata343_jpg.rf.07a0df2d4aa4b151192da6bf731fb750.jpg,51U33333,2,8,True,roboflow_ocr_plate,ok;split=valid
D:/DATN/datasets/raw/roboflow_ocr_plate/valid/images/ndata344_jpg.rf.6dc8f141ff8b18af9292ae6d0ed98142.jpg,29U102222,2,9,True,roboflow_ocr_plate,ok;split=valid
D:/DATN/datasets/raw/roboflow_ocr_plate/valid/images/ndata352_jpg.rf.000007f394ec551bc4c08843c5758eea.jpg,28S80511,2,8,True,roboflow_ocr_plate,ok;split=valid
D:/DATN/datasets/raw/roboflow_ocr_plate/valid/images/ndata356_jpg.rf.2f789831a65d43bda1d53ab63efd8d44.jpg,30F10577,2,8,True,roboflow_ocr_plate,ok;split=valid
D:/DATN/datasets/raw/roboflow_ocr_plate/valid/images/ndata369_jpg.rf.35b3bab6e08d5c3b11e5c59939e9ede6.jpg,29K53333,2,8,True,roboflow_ocr_plate,ok;split=valid
D:/DATN/datasets/raw/roboflow_ocr_plate/valid/images/ndata376_jpg.rf.8daafcfa4e5e62d53744b081f76a6c7f.jpg,99K9999,1,7,True,roboflow_ocr_plate,ok;split=valid
D:/DATN/datasets/raw/roboflow_ocr_plate/valid/images/ndata382_jpg.rf.dbd4369c820ebfb606ee6f01ab1298c8.jpg,59X312345,2,9,True,roboflow_ocr_plate,ok;split=valid
D:/DATN/datasets/raw/roboflow_ocr_plate/valid/images/ndata384_jpg.rf.ae18981ea5ac8b522868590e8e542019.jpg,29AA49367,2,9,True,roboflow_ocr_plate,ok;split=valid
D:/DATN/datasets/raw/roboflow_ocr_plate/valid/images/ndata390_jpg.rf.96268446b3d182f2f6272dd8038f0a85.jpg,30K26666,2,8,True,roboflow_ocr_plate,ok;split=valid
D:/DATN/datasets/raw/roboflow_ocr_plate/valid/images/ndata392_jpg.rf.7e60ebb030f4647f82bd6abbabc184e0.jpg,30E43153,2,8,True,roboflow_ocr_plate,ok;split=valid
D:/DATN/datasets/raw/roboflow_ocr_plate/valid/images/ndata40_jpg.rf.1c08adc7a92b6a6871a9f43f29ca0455.jpg,30A99524,2,8,True,roboflow_ocr_plate,ok;split=valid
D:/DATN/datasets/raw/roboflow_ocr_plate/valid/images/ndata423_jpg.rf.a6045222213371d5c3e2a3213a4fc1c3.jpg,30K11363,2,8,True,roboflow_ocr_plate,ok;split=valid
D:/DATN/datasets/raw/roboflow_ocr_plate/valid/images/ndata424_jpg.rf.4815f47ecc9db142a9a8ab68d723e181.jpg,29K139351,2,9,True,roboflow_ocr_plate,ok;split=valid
D:/DATN/datasets/raw/roboflow_ocr_plate/valid/images/ndata428_jpg.rf.76a1b26535f4f5721748db7f6eed3305.jpg,30E22697,2,8,True,roboflow_ocr_plate,ok;split=valid
D:/DATN/datasets/raw/roboflow_ocr_plate/valid/images/ndata43_jpg.rf.291964aa4bd588c0360d8abad9a60763.jpg,34B459238,2,9,True,roboflow_ocr_plate,ok;split=valid
D:/DATN/datasets/raw/roboflow_ocr_plate/valid/images/ndata465_jpg.rf.75d10bda68140225f251ba348a3de0f1.jpg,30V0216,1,7,True,roboflow_ocr_plate,ok;split=valid
D:/DATN/datasets/raw/roboflow_ocr_plate/valid/images/ndata468_jpg.rf.9dfad1de7878597863797f8870071a99.jpg,29V535906,2,9,True,roboflow_ocr_plate,ok;split=valid
D:/DATN/datasets/raw/roboflow_ocr_plate/valid/images/ndata479_jpg.rf.d290bbdafa081a160ac77b0dd26b97f6.jpg,89L138424,2,9,True,roboflow_ocr_plate,ok;split=valid
D:/DATN/datasets/raw/roboflow_ocr_plate/valid/images/ndata480_jpg.rf.c526e766a6fd9eb829f2883bbfec68ab.jpg,29V737694,2,9,True,roboflow_ocr_plate,ok;split=valid
D:/DATN/datasets/raw/roboflow_ocr_plate/valid/images/ndata481_jpg.rf.68c7471cf1f22ceab036eb1311c23e1e.jpg,29X553937,2,9,True,roboflow_ocr_plate,ok;split=valid
D:/DATN/datasets/raw/roboflow_ocr_plate/valid/images/ndata487_jpg.rf.c589f6c4c4c5f3397049b8fe97820a38.jpg,14B165772,2,9,True,roboflow_ocr_plate,ok;split=valid
D:/DATN/datasets/raw/roboflow_ocr_plate/valid/images/ndata488_jpg.rf.85d783e503574ff9c3ca1b540d2047dd.jpg,14B165772,2,9,True,roboflow_ocr_plate,ok;split=valid
D:/DATN/datasets/raw/roboflow_ocr_plate/valid/images/ndata491_jpg.rf.396194ca3acd5a7af0391fdf06b84696.jpg,35M27333,2,8,True,roboflow_ocr_plate,ok;split=valid
D:/DATN/datasets/raw/roboflow_ocr_plate/valid/images/ndata494_jpg.rf.18f441cf3783410fb6d3e85390938402.jpg,14X139154,2,9,True,roboflow_ocr_plate,ok;split=valid
D:/DATN/datasets/raw/roboflow_ocr_plate/valid/images/ndata504_jpg.rf.78d4b9d34de4e275d85f0687f0b9ba65.jpg,38F111464,2,9,True,roboflow_ocr_plate,ok;split=valid
D:/DATN/datasets/raw/roboflow_ocr_plate/valid/images/ndata508_jpg.rf.5cb6d848e65a4eb32ba8bdaf5da46bc5.jpg,38F111464,2,9,True,roboflow_ocr_plate,ok;split=valid
D:/DATN/datasets/raw/roboflow_ocr_plate/valid/images/ndata50_jpg.rf.5b8b878d57f67ff46f8803c7509c5686.jpg,17H55965,2,8,True,roboflow_ocr_plate,ok;split=valid
D:/DATN/datasets/raw/roboflow_ocr_plate/valid/images/ndata518_jpg.rf.888f8866ab5256443176a2af833999b0.jpg,29H197065,2,9,True,roboflow_ocr_plate,ok;split=valid
D:/DATN/datasets/raw/roboflow_ocr_plate/valid/images/ndata525_jpg.rf.9858f9820c9141d58ea97f2d6202cdda.jpg,15C108429,2,9,True,roboflow_ocr_plate,ok;split=valid
D:/DATN/datasets/raw/roboflow_ocr_plate/valid/images/ndata528_jpg.rf.bdc149f391dad1b9d4e80760b3584a76.jpg,30M8472,1,7,True,roboflow_ocr_plate,ok;split=valid
D:/DATN/datasets/raw/roboflow_ocr_plate/valid/images/ndata532_jpg.rf.803cd95bb7954761a91d8aa380eeaaa2.jpg,33N63094,2,8,True,roboflow_ocr_plate,ok;split=valid
D:/DATN/datasets/raw/roboflow_ocr_plate/valid/images/ndata539_jpg.rf.8887df95f892212da1a5650ecd853eff.jpg,36M77802,2,8,True,roboflow_ocr_plate,ok;split=valid
D:/DATN/datasets/raw/roboflow_ocr_plate/valid/images/ndata53_jpg.rf.5f74384158c1fc4fb3aaf1bd221eb5e2.jpg,30A23745,2,8,True,roboflow_ocr_plate,ok;split=valid
D:/DATN/datasets/raw/roboflow_ocr_plate/valid/images/ndata544_jpg.rf.6f5863eac1e780798a73c1e4b5b095e3.jpg,29E215129,2,9,True,roboflow_ocr_plate,ok;split=valid
D:/DATN/datasets/raw/roboflow_ocr_plate/valid/images/ndata548_jpg.rf.5e00d18f6e7578b374b339929b6edc27.jpg,20D102797,2,9,True,roboflow_ocr_plate,ok;split=valid
D:/DATN/datasets/raw/roboflow_ocr_plate/valid/images/ndata560_jpg.rf.393525058513bf517371d54e0231f31e.jpg,30E22070,2,8,True,roboflow_ocr_plate,ok;split=valid
D:/DATN/datasets/raw/roboflow_ocr_plate/valid/images/ndata579_jpg.rf.d52f8782727b543377d9b818d69fde35.jpg,20L67798,2,8,True,roboflow_ocr_plate,ok;split=valid
D:/DATN/datasets/raw/roboflow_ocr_plate/valid/images/ndata60_jpg.rf.27c26a73d77585aecb6138d6238da8a6.jpg,29L75659,2,8,True,roboflow_ocr_plate,ok;split=valid
D:/DATN/datasets/raw/roboflow_ocr_plate/valid/images/ndata610_jpg.rf.89509385d133a3a64bcafa2b84538abb.jpg,70E144676,2,9,True,roboflow_ocr_plate,ok;split=valid
D:/DATN/datasets/raw/roboflow_ocr_plate/valid/images/ndata615_jpg.rf.ed3f970cd53c431d1cf24d3fac4d92e4.jpg,59U131750,2,9,True,roboflow_ocr_plate,ok;split=valid
D:/DATN/datasets/raw/roboflow_ocr_plate/valid/images/ndata61_jpg.rf.8f106ec7c085c60f13d129b25d6aa376.jpg,29A94170,2,8,True,roboflow_ocr_plate,ok;split=valid
D:/DATN/datasets/raw/roboflow_ocr_plate/valid/images/ndata64_jpg.rf.265a8e6dbb78e73a98257c553ec47d26.jpg,29M154648,2,9,True,roboflow_ocr_plate,ok;split=valid
D:/DATN/datasets/raw/roboflow_ocr_plate/valid/images/ndata74_jpg.rf.d87975e8a3afd2f4b3775a57f51109bc.jpg,30L90860,2,8,True,roboflow_ocr_plate,ok;split=valid
D:/DATN/datasets/raw/roboflow_ocr_plate/valid/images/ndata7_jpg.rf.65385ab432c694f044dd5bbd102b8c3d.jpg,29N180623,2,9,True,roboflow_ocr_plate,ok;split=valid
D:/DATN/datasets/raw/roboflow_ocr_plate/valid/images/ndata88_jpg.rf.2821481d36bf8ab2569e06e891a85a9c.jpg,18X11163,2,8,True,roboflow_ocr_plate,ok;split=valid
D:/DATN/datasets/raw/roboflow_ocr_plate/valid/images/ndata92_jpg.rf.1534034842a632b4dc6542964bcb876e.jpg,30E63630,1,8,True,roboflow_ocr_plate,ok;split=valid
D:/DATN/datasets/raw/roboflow_ocr_conversion/train/images/2106_--2022-03-09-21-03-46_png.rf.53e78c0574019d9016f907a947007bdd.jpg,19A19737,2,8,True,roboflow_ocr_conversion,ok;split=train
D:/DATN/datasets/raw/roboflow_ocr_conversion/train/images/2107_--2022-03-09-21-04-15_png.rf.901d43c401773a1f631afd4c2a6e594a.jpg,30E93374,2,8,True,roboflow_ocr_conversion,ok;split=train
D:/DATN/datasets/raw/roboflow_ocr_conversion/train/images/2109_--2022-03-09-21-04-35_png.rf.a36c8de24a34ff4dc5e1fed80338b005.jpg,19A19737,2,8,True,roboflow_ocr_conversion,ok;split=train
D:/DATN/datasets/raw/roboflow_ocr_conversion/train/images/2110_--2022-03-09-21-04-46_png.rf.4e3ebedf7acc7019d05a8b790a95a8b3.jpg,30A77576,2,8,True,roboflow_ocr_conversion,ok;split=train
D:/DATN/datasets/raw/roboflow_ocr_conversion/train/images/2111_--2022-03-09-21-04-51_png.rf.bf0f9260a69d7693204cc004a00f5fe8.jpg,30A42503,2,8,True,roboflow_ocr_conversion,ok;split=train
D:/DATN/datasets/raw/roboflow_ocr_conversion/train/images/2113_--2022-03-09-21-05-00_png.rf.a2e6d9b437806f689d36501e174d5c62.jpg,30A42503,2,8,True,roboflow_ocr_conversion,ok;split=train
D:/DATN/datasets/raw/roboflow_ocr_conversion/train/images/2114_--2022-03-09-21-05-00_png.rf.41b13731599bca6d08aacf37ec5fd8e8.jpg,30E23990,1,8,True,roboflow_ocr_conversion,ok;split=train
D:/DATN/datasets/raw/roboflow_ocr_conversion/train/images/2117_--2022-03-09-21-05-10_png.rf.064ce2b80200ee93ecd5acccba21ad68.jpg,30M4566,1,7,True,roboflow_ocr_conversion,ok;split=train
D:/DATN/datasets/raw/roboflow_ocr_conversion/train/images/2119_--2022-03-09-21-05-18_png.rf.5862156fd0c1fc7628f9af5f8d572a42.jpg,29T7442,1,7,True,roboflow_ocr_conversion,ok;split=train
D:/DATN/datasets/raw/roboflow_ocr_conversion/train/images/2120_--2022-03-09-21-05-25_png.rf.e9bc2d42c26e040f203541fa142775b7.jpg,30V9265,1,7,True,roboflow_ocr_conversion,ok;split=train
D:/DATN/datasets/raw/roboflow_ocr_conversion/train/images/2121_--2022-03-09-21-05-32_png.rf.b710e495372801d0ee52d8d16ae11b3a.jpg,30A46829,1,8,True,roboflow_ocr_conversion,ok;split=train
D:/DATN/datasets/raw/roboflow_ocr_conversion/train/images/2122_--2022-03-09-21-05-32_png.rf.c89ec24f134fc104ab4465e45255843d.jpg,30A10040,2,8,True,roboflow_ocr_conversion,ok;split=train
D:/DATN/datasets/raw/roboflow_ocr_conversion/train/images/2123_--2022-03-09-21-05-38_png.rf.5ce46131a2cf8410e0e857fcaf01c8e3.jpg,30A00072,1,8,True,roboflow_ocr_conversion,ok;split=train
D:/DATN/datasets/raw/roboflow_ocr_conversion/train/images/2125_--2022-03-09-21-05-44_png.rf.709cb6e8f8fbc949b826236db406449e.jpg,30A29408,1,8,True,roboflow_ocr_conversion,ok;split=train
D:/DATN/datasets/raw/roboflow_ocr_conversion/train/images/2128_--2022-03-09-21-05-54_png.rf.17cac07eac5ee7a55bf45c737e4e6a03.jpg,30A0040,2,7,True,roboflow_ocr_conversion,ok;split=train
D:/DATN/datasets/raw/roboflow_ocr_conversion/train/images/2132_--2022-03-09-21-06-27_png.rf.fe6af25af5574c1618ccaf811341a1e4.jpg,29C74426,1,8,True,roboflow_ocr_conversion,ok;split=train
D:/DATN/datasets/raw/roboflow_ocr_conversion/train/images/2142_--2022-03-09-21-07-17_png.rf.6726e1b7cfb8c3e23411119ba788c1d3.jpg,29D07372,1,8,True,roboflow_ocr_conversion,ok;split=train
D:/DATN/datasets/raw/roboflow_ocr_conversion/train/images/2143_--2022-03-09-21-07-46_png.rf.1fda2e99d7d0436039bf3671e673ec0a.jpg,19A17180,2,8,True,roboflow_ocr_conversion,ok;split=train
D:/DATN/datasets/raw/roboflow_ocr_conversion/train/images/2144_--2022-03-09-21-07-46_png.rf.9b7da6f4866b227d44be1db9456a5115.jpg,30E95190,2,8,True,roboflow_ocr_conversion,ok;split=train
D:/DATN/datasets/raw/roboflow_ocr_conversion/train/images/2145_--2022-03-09-21-08-01_png.rf.7810b739279f676b49b52dc0d370b53a.jpg,30E95190,2,8,True,roboflow_ocr_conversion,ok;split=train
D:/DATN/datasets/raw/roboflow_ocr_conversion/train/images/2147_--2022-03-09-21-08-31_png.rf.29b77a360fed02abe8d6db6d38fee0c1.jpg,30E95190,2,8,True,roboflow_ocr_conversion,ok;split=train
D:/DATN/datasets/raw/roboflow_ocr_conversion/train/images/2155_--2022-03-09-21-09-11_png.rf.3463f487b5fd72f63c7632e12ffb75f4.jpg,30E06547,2,8,True,roboflow_ocr_conversion,ok;split=train
D:/DATN/datasets/raw/roboflow_ocr_conversion/train/images/2161_--2022-03-09-21-10-57_png.rf.d2d9105a8281122d124421af3b58d65a.jpg,30F08093,2,8,True,roboflow_ocr_conversion,ok;split=train
D:/DATN/datasets/raw/roboflow_ocr_conversion/train/images/2163_--2022-03-09-21-11-10_png.rf.a87260069fce141c51dc53bd7f288337.jpg,30E93250,2,8,True,roboflow_ocr_conversion,ok;split=train
D:/DATN/datasets/raw/roboflow_ocr_conversion/train/images/2165_--2022-03-09-21-11-19_png.rf.949919ea2c74aa4cc995390bc08864e4.jpg,30F08093,2,8,True,roboflow_ocr_conversion,ok;split=train
D:/DATN/datasets/raw/roboflow_ocr_conversion/train/images/2169_--2022-03-09-21-11-27_png.rf.1ce029622027bf0af7498ba512174396.jpg,30F08093,2,8,True,roboflow_ocr_conversion,ok;split=train
D:/DATN/datasets/raw/roboflow_ocr_conversion/train/images/2178_--2022-03-09-21-12-15_png.rf.ebe3ab552da711bfe4de6cc1c3028678.jpg,34A22102,2,8,True,roboflow_ocr_conversion,ok;split=train
D:/DATN/datasets/raw/roboflow_ocr_conversion/train/images/2180_--2022-03-09-21-12-28_png.rf.c2efeda9e90cfb16fe761c50e64bf732.jpg,30E47464,2,8,True,roboflow_ocr_conversion,ok;split=train
D:/DATN/datasets/raw/roboflow_ocr_conversion/train/images/2182_--2022-03-09-21-12-34_png.rf.24e36f82d5fa6847ebe0b7b63b2c65a3.jpg,30F07706,2,8,True,roboflow_ocr_conversion,ok;split=train
D:/DATN/datasets/raw/roboflow_ocr_conversion/train/images/2184_--2022-03-09-21-12-44_png.rf.454c9e8b8e1d854ee2e4788c143efef0.jpg,30E93250,2,8,True,roboflow_ocr_conversion,ok;split=train
D:/DATN/datasets/raw/roboflow_ocr_conversion/train/images/2186_--2022-03-09-21-17-44_png.rf.75a88841a11dbc7371530d505e658a54.jpg,30F07706,2,8,True,roboflow_ocr_conversion,ok;split=train
D:/DATN/datasets/raw/roboflow_ocr_conversion/train/images/2188_--2022-03-09-21-17-54_png.rf.0c0ddd0544cbd9143addfb05acfbaa1f.jpg,30E68743,2,8,True,roboflow_ocr_conversion,ok;split=train
D:/DATN/datasets/raw/roboflow_ocr_conversion/train/images/2191_--2022-03-09-21-18-22_png.rf.bbaec86ec1bfcd1aa3a27b82b1dd0425.jpg,30F07706,2,8,True,roboflow_ocr_conversion,ok;split=train
D:/DATN/datasets/raw/roboflow_ocr_conversion/train/images/2198_--2022-03-09-21-18-34_png.rf.ff170b4ff6fdc9579180ed5a056439e8.jpg,30E74997,2,8,True,roboflow_ocr_conversion,ok;split=train
D:/DATN/datasets/raw/roboflow_ocr_conversion/train/images/2200_--2022-03-09-21-18-43_png.rf.712f0373d641194e42f09dde0a2a9679.jpg,30E74997,2,8,True,roboflow_ocr_conversion,ok;split=train
D:/DATN/datasets/raw/roboflow_ocr_conversion/train/images/2207_--2022-03-09-21-19-11_png.rf.e5d9de35ed71d1b078ef4403bea08e1d.jpg,30A98881,2,8,True,roboflow_ocr_conversion,ok;split=train
D:/DATN/datasets/raw/roboflow_ocr_conversion/train/images/2209_--2022-03-09-21-19-15_png.rf.cba29dccb99a234ca93dbbe3067e5c2c.jpg,30A98881,2,8,True,roboflow_ocr_conversion,ok;split=train
D:/DATN/datasets/raw/roboflow_ocr_conversion/train/images/2210_--2022-03-09-21-19-19_png.rf.251d5bbfafe119fde84fa58a20162abe.jpg,30A7726,1,7,True,roboflow_ocr_conversion,ok;split=train
D:/DATN/datasets/raw/roboflow_ocr_conversion/train/images/2211_--2022-03-09-21-19-19_png.rf.092afd1c9e0243208b888214892dbdb5.jpg,30F28421,2,8,True,roboflow_ocr_conversion,ok;split=train
D:/DATN/datasets/raw/roboflow_ocr_conversion/train/images/2212_--2022-03-09-21-19-24_png.rf.d5ad88ab443f9dc9c5544fdef17f8206.jpg,30E67654,2,8,True,roboflow_ocr_conversion,ok;split=train
D:/DATN/datasets/raw/roboflow_ocr_conversion/train/images/2213_--2022-03-09-21-19-28_png.rf.f8637577fbefe94a5dfe23d27ad91d39.jpg,30E08043,2,8,True,roboflow_ocr_conversion,ok;split=train
D:/DATN/datasets/raw/roboflow_ocr_conversion/train/images/2214_--2022-03-09-21-19-32_png.rf.81918ece4617b77ff129c769b51e8bc6.jpg,29A17782,2,8,True,roboflow_ocr_conversion,ok;split=train
D:/DATN/datasets/raw/roboflow_ocr_conversion/train/images/2216_--2022-03-09-21-19-40_png.rf.d9c78dce9ae74571b12809afcedf7347.jpg,30E96860,2,8,True,roboflow_ocr_conversion,ok;split=train
D:/DATN/datasets/raw/roboflow_ocr_conversion/train/images/2219_--2022-03-09-21-19-52_png.rf.db0bfb3f30e6eeff24722884b0ae3c1a.jpg,30A26533,2,8,True,roboflow_ocr_conversion,ok;split=train
D:/DATN/datasets/raw/roboflow_ocr_conversion/train/images/2220_--2022-03-09-21-19-58_png.rf.687cc27c3a411525a7b5c3c23b30cf8e.jpg,30E6064,2,7,True,roboflow_ocr_conversion,ok;split=train
D:/DATN/datasets/raw/roboflow_ocr_conversion/train/images/2222_--2022-03-09-21-20-08_png.rf.0b638bc7093c9d97569e4f177008bad0.jpg,30A98405,2,8,True,roboflow_ocr_conversion,ok;split=train
D:/DATN/datasets/raw/roboflow_ocr_conversion/train/images/2229_--2022-03-09-21-21-06_png.rf.7b114c0fc34ece0c460067c5d54d4a32.jpg,30E47979,2,8,True,roboflow_ocr_conversion,ok;split=train
D:/DATN/datasets/raw/roboflow_ocr_conversion/train/images/2237_--2022-03-09-21-21-22_png.rf.a3e770c19c76fd2525e8d221ca573675.jpg,30E74997,2,8,True,roboflow_ocr_conversion,ok;split=train
D:/DATN/datasets/raw/roboflow_ocr_conversion/train/images/2239_--2022-03-09-21-21-31_png.rf.5a3e954cddf72faffaa89cacdb1c738a.jpg,30E74997,2,8,True,roboflow_ocr_conversion,ok;split=train
D:/DATN/datasets/raw/roboflow_ocr_conversion/train/images/2248_--2022-03-09-21-22-37_png.rf.9a1209ee18fe058347b5eaea3dc3454a.jpg,30E72653,1,8,True,roboflow_ocr_conversion,ok;split=train
D:/DATN/datasets/raw/roboflow_ocr_conversion/train/images/2256_--2022-03-09-21-23-07_png.rf.5a7a7e6a73791921b85877685f84323c.jpg,30F28793,1,8,True,roboflow_ocr_conversion,ok;split=train
D:/DATN/datasets/raw/roboflow_ocr_conversion/train/images/2258_--2022-03-09-21-23-12_png.rf.94696b5fe9a432646822eace16c45a91.jpg,30F26000,1,8,True,roboflow_ocr_conversion,ok;split=train
D:/DATN/datasets/raw/roboflow_ocr_conversion/train/images/2265_--2022-03-09-21-23-22_png.rf.0695bce79a1c7a77aaf863b194b5dec1.jpg,30A29549,1,8,True,roboflow_ocr_conversion,ok;split=train
D:/DATN/datasets/raw/roboflow_ocr_conversion/train/images/2266_--2022-03-09-21-23-22_png.rf.aa35bcf4b863fbdd56915b9cc2499d11.jpg,30E74997,2,8,True,roboflow_ocr_conversion,ok;split=train
D:/DATN/datasets/raw/roboflow_ocr_conversion/train/images/2270_--2022-03-09-21-23-31_png.rf.bc581708c5be130447dba44b2afd1472.jpg,30E82464,1,8,True,roboflow_ocr_conversion,ok;split=train
D:/DATN/datasets/raw/roboflow_ocr_conversion/train/images/2274_--2022-03-09-21-23-44_png.rf.6221d572ff86f4a35ed0f5d67269e913.jpg,30F06729,1,8,True,roboflow_ocr_conversion,ok;split=train
D:/DATN/datasets/raw/roboflow_ocr_conversion/train/images/2276_--2022-03-09-21-23-54_png.rf.699a8a6649810d9c45009c3f01317392.jpg,30A95419,2,8,True,roboflow_ocr_conversion,ok;split=train
D:/DATN/datasets/raw/roboflow_ocr_conversion/train/images/2277_--2022-03-09-21-23-54_png.rf.debb510cb5cc8c82c606118f7264bb04.jpg,30A18881,1,8,True,roboflow_ocr_conversion,ok;split=train
D:/DATN/datasets/raw/roboflow_ocr_conversion/train/images/2283_--2022-03-09-21-24-25_png.rf.d7bb71dcc8df0331048d9c39828c7b0b.jpg,30E19855,2,8,True,roboflow_ocr_conversion,ok;split=train
D:/DATN/datasets/raw/roboflow_ocr_conversion/train/images/2284_--2022-03-09-21-24-25_png.rf.b1a0ca65a56d5e13eff727ea6979e04f.jpg,30E61292,2,8,True,roboflow_ocr_conversion,ok;split=train
D:/DATN/datasets/raw/roboflow_ocr_conversion/train/images/2285_--2022-03-09-21-24-25_png.rf.336c94787af854fab37bc53f7e7a8324.jpg,29D12552,1,8,True,roboflow_ocr_conversion,ok;split=train
D:/DATN/datasets/raw/roboflow_ocr_conversion/train/images/2287_--2022-03-09-21-24-34_png.rf.7950cfadbdc8e3639bc3dc63c1620b87.jpg,30E61292,2,8,True,roboflow_ocr_conversion,ok;split=train
D:/DATN/datasets/raw/roboflow_ocr_conversion/train/images/2292_--2022-03-09-21-24-59_png.rf.788207e8b092c05187a63b862f2ff99d.jpg,30T8108,2,7,True,roboflow_ocr_conversion,ok;split=train
D:/DATN/datasets/raw/roboflow_ocr_conversion/train/images/2296_--2022-03-09-21-25-09_png.rf.e6a7f35f75be870a6a2ec7090c1d3b81.jpg,30E46482,2,8,True,roboflow_ocr_conversion,ok;split=train
D:/DATN/datasets/raw/roboflow_ocr_conversion/train/images/2297_--2022-03-09-21-25-14_png.rf.d4d5f7c12cbb87a26e32c13a8be27365.jpg,30E97366,2,8,True,roboflow_ocr_conversion,ok;split=train
D:/DATN/datasets/raw/roboflow_ocr_conversion/train/images/2298_--2022-03-09-21-25-20_png.rf.6788049219f44adc8c93b58fd3a3525a.jpg,51G67675,2,8,True,roboflow_ocr_conversion,ok;split=train
D:/DATN/datasets/raw/roboflow_ocr_conversion/train/images/2312_--2022-03-09-21-26-07_png.rf.f9305f31bd786337849cd74dec44335b.jpg,30F00834,2,8,True,roboflow_ocr_conversion,ok;split=train
D:/DATN/datasets/raw/roboflow_ocr_conversion/train/images/2313_--2022-03-09-21-26-07_png.rf.7e8401b65431afd89a2928b34138ba83.jpg,29D88585,2,8,True,roboflow_ocr_conversion,ok;split=train
D:/DATN/datasets/raw/roboflow_ocr_conversion/train/images/2314_--2022-03-09-21-26-11_png.rf.f32fbccc8743c3d4d416e1bebd959b4a.jpg,29D08585,2,8,True,roboflow_ocr_conversion,ok;split=train
D:/DATN/datasets/raw/roboflow_ocr_conversion/train/images/2317_--2022-03-09-21-26-20_png.rf.3442519a1e5394a57e033e3352d3a736.jpg,80B3456,1,7,True,roboflow_ocr_conversion,ok;split=train
D:/DATN/datasets/raw/roboflow_ocr_conversion/train/images/2319_--2022-03-09-21-26-24_png.rf.2e12ca550388cd116a9d53dbd3b39dba.jpg,30A09887,2,8,True,roboflow_ocr_conversion,ok;split=train
D:/DATN/datasets/raw/roboflow_ocr_conversion/train/images/2320_--2022-03-09-21-26-24_png.rf.ee5ed99619bcc3b837ba7456c606802e.jpg,29A77843,2,8,True,roboflow_ocr_conversion,ok;split=train
D:/DATN/datasets/raw/roboflow_ocr_conversion/train/images/2321_--2022-03-09-21-26-36_png.rf.bcc549a2683b64b0f3b570bec508803d.jpg,30F15363,1,8,True,roboflow_ocr_conversion,ok;split=train
D:/DATN/datasets/raw/roboflow_ocr_conversion/train/images/2322_--2022-03-09-21-26-36_png.rf.0cdf770a7dee62f2d5ba538cee9b0bc9.jpg,29A77843,2,8,True,roboflow_ocr_conversion,ok;split=train
D:/DATN/datasets/raw/roboflow_ocr_conversion/train/images/2323_--2022-03-09-21-26-48_png.rf.dc3a73d3f063d26c19bf7e74cc6acfbf.jpg,29D07985,2,8,True,roboflow_ocr_conversion,ok;split=train
D:/DATN/datasets/raw/roboflow_ocr_conversion/train/images/2325_--2022-03-09-21-43-52_png.rf.dbd81c8aba3c5c40577c2f4ff25a4904.jpg,29D07985,2,8,True,roboflow_ocr_conversion,ok;split=train
D:/DATN/datasets/raw/roboflow_ocr_conversion/train/images/2326_--2022-03-09-21-44-01_png.rf.6d696560ae9dfe3fc9fa18195359f29e.jpg,30A64829,2,8,True,roboflow_ocr_conversion,ok;split=train
D:/DATN/datasets/raw/roboflow_ocr_conversion/train/images/2327_--2022-03-09-21-44-06_png.rf.9b205184a33ea5ba4de7d67f7dff9094.jpg,30A42141,2,8,True,roboflow_ocr_conversion,ok;split=train
D:/DATN/datasets/raw/roboflow_ocr_conversion/train/images/2329_--2022-03-09-21-44-14_png.rf.cb53e5c5a0784965720579b354c86a74.jpg,30E96482,2,8,True,roboflow_ocr_conversion,ok;split=train
D:/DATN/datasets/raw/roboflow_ocr_conversion/train/images/2330_--2022-03-09-21-44-20_png.rf.df238babfe63b23e241de075990cbf74.jpg,29C65969,2,8,True,roboflow_ocr_conversion,ok;split=train
D:/DATN/datasets/raw/roboflow_ocr_conversion/train/images/2340_--2022-03-09-21-45-24_png.rf.400dd1bea859647c5f7681f7852d6de2.jpg,30F15725,2,8,True,roboflow_ocr_conversion,ok;split=train
D:/DATN/datasets/raw/roboflow_ocr_conversion/train/images/2343_--2022-03-09-21-45-40_png.rf.27eb8f60713a05151bced8fef24435d1.jpg,30A14687,2,8,True,roboflow_ocr_conversion,ok;split=train
D:/DATN/datasets/raw/roboflow_ocr_conversion/train/images/2344_--2022-03-09-21-45-40_png.rf.2e6b691ede5e1f1f4aa5efe69f59a3ec.jpg,30T8783,2,7,True,roboflow_ocr_conversion,ok;split=train
D:/DATN/datasets/raw/roboflow_ocr_conversion/train/images/2345_--2022-03-09-21-45-46_png.rf.464bf65205ec2c9952419eba22461045.jpg,98A16676,2,8,True,roboflow_ocr_conversion,ok;split=train
D:/DATN/datasets/raw/roboflow_ocr_conversion/train/images/2346_--2022-03-09-21-45-49_png.rf.8fb35757e654e0f1d7f2fe50c315c481.jpg,30A32958,2,8,True,roboflow_ocr_conversion,ok;split=train
D:/DATN/datasets/raw/roboflow_ocr_conversion/train/images/2347_--2022-03-09-21-45-54_png.rf.b9c4ceb84e97eb1a1f07a6eec02ecf88.jpg,30E07852,2,8,True,roboflow_ocr_conversion,ok;split=train
D:/DATN/datasets/raw/roboflow_ocr_conversion/train/images/2349_--2022-03-09-21-46-04_png.rf.47825a3cbf49c247e7000671108fe062.jpg,30E79214,2,8,True,roboflow_ocr_conversion,ok;split=train
D:/DATN/datasets/raw/roboflow_ocr_conversion/train/images/2352_--2022-03-09-21-46-13_png.rf.4e4982b2265e144ff627605754a1b4f4.jpg,30A29333,2,8,True,roboflow_ocr_conversion,ok;split=train
D:/DATN/datasets/raw/roboflow_ocr_conversion/train/images/2355_--2022-03-09-21-46-17_png.rf.ecdd9765d860c96f8c8b445c19f8e0a7.jpg,30A35109,2,8,True,roboflow_ocr_conversion,ok;split=train
D:/DATN/datasets/raw/roboflow_ocr_conversion/train/images/2356_--2022-03-09-21-46-32_png.rf.74055e6c32ba0a6ca271461aa0db82c9.jpg,30E49882,2,8,True,roboflow_ocr_conversion,ok;split=train
D:/DATN/datasets/raw/roboflow_ocr_conversion/train/images/2359_--2022-03-09-21-47-03_png.rf.a7e7a6a38814e4ab40593a8a0a2b7139.jpg,30E99710,2,8,True,roboflow_ocr_conversion,ok;split=train
D:/DATN/datasets/raw/roboflow_ocr_conversion/train/images/2363_--2022-03-09-21-47-28_png.rf.752043c345578105c33f52080bc8ff42.jpg,30A62245,2,8,True,roboflow_ocr_conversion,ok;split=train
D:/DATN/datasets/raw/roboflow_ocr_conversion/train/images/2364_--2022-03-09-21-47-28_png.rf.c7675c2fa7cdd2b270695d6907d8b7d1.jpg,30A35624,2,8,True,roboflow_ocr_conversion,ok;split=train
D:/DATN/datasets/raw/roboflow_ocr_conversion/train/images/2365_--2022-03-09-21-47-28_png.rf.3842e51aa4469bc04c28fcbe688f2c6a.jpg,29A89845,2,8,True,roboflow_ocr_conversion,ok;split=train
D:/DATN/datasets/raw/roboflow_ocr_conversion/train/images/2366_--2022-03-09-21-47-59_png.rf.fd15cf87f6357ae0fb4d096fc1ee3304.jpg,29C41884,1,8,True,roboflow_ocr_conversion,ok;split=train
D:/DATN/datasets/raw/roboflow_ocr_conversion/train/images/2368_--2022-03-09-21-48-11_png.rf.78a36dc40aea71f14329257f1b7b21c6.jpg,29D30293,2,8,True,roboflow_ocr_conversion,ok;split=train
D:/DATN/datasets/raw/roboflow_ocr_conversion/train/images/2370_--2022-03-09-21-48-18_png.rf.6f72d515b3bfbb58a101cff3f0dc312c.jpg,30F13447,1,8,True,roboflow_ocr_conversion,ok;split=train
D:/DATN/datasets/raw/roboflow_ocr_conversion/train/images/2373_--2022-03-09-21-48-39_png.rf.dd23463bab181298a5c10a5bac1246d4.jpg,29D20995,1,8,True,roboflow_ocr_conversion,ok;split=train
D:/DATN/datasets/raw/roboflow_ocr_conversion/train/images/2377_--2022-03-09-21-49-11_png.rf.d3b32d2dca6f7ed26c05a4f03fedc993.jpg,30A76661,2,8,True,roboflow_ocr_conversion,ok;split=train
D:/DATN/datasets/raw/roboflow_ocr_conversion/train/images/2381_--2022-03-09-21-49-30_png.rf.25d0238fba3129c6738fa5a8b0ca399e.jpg,30E97017,1,8,True,roboflow_ocr_conversion,ok;split=train
D:/DATN/datasets/raw/roboflow_ocr_conversion/train/images/2385_--2022-03-09-21-50-17_png.rf.ff53d19f9dd3756f4eadbf3b4d06fcd4.jpg,20A23857,2,8,True,roboflow_ocr_conversion,ok;split=train
D:/DATN/datasets/raw/roboflow_ocr_conversion/train/images/2386_--2022-03-09-21-50-17_png.rf.6cb32948d3acd956a294b73dd6727b6a.jpg,30E55542,2,8,True,roboflow_ocr_conversion,ok;split=train
D:/DATN/datasets/raw/roboflow_ocr_conversion/train/images/2387_--2022-03-09-21-50-23_png.rf.b9b8afa6557e2bc277efc7cfe4ddc402.jpg,29D30259,1,8,True,roboflow_ocr_conversion,ok;split=train
D:/DATN/datasets/raw/roboflow_ocr_conversion/train/images/2391_--2022-03-09-21-50-43_png.rf.4d10d916561e6082b96c278ba4fbee8f.jpg,30F15636,2,8,True,roboflow_ocr_conversion,ok;split=train
D:/DATN/datasets/raw/roboflow_ocr_conversion/train/images/2395_--2022-03-09-21-50-55_png.rf.a8aa85a288ee0fd60c17204abbb8d5e9.jpg,30A21624,2,8,True,roboflow_ocr_conversion,ok;split=train
D:/DATN/datasets/raw/roboflow_ocr_conversion/train/images/2398_--2022-03-09-21-51-03_png.rf.2473e0743fb8528fea1f6e92f19d537f.jpg,30E92949,1,8,True,roboflow_ocr_conversion,ok;split=train
D:/DATN/datasets/raw/roboflow_ocr_conversion/train/images/2399_--2022-03-09-21-51-06_png.rf.b1c5edd775b16922686cf2c205431fe4.jpg,30E93808,1,8,True,roboflow_ocr_conversion,ok;split=train
D:/DATN/datasets/raw/roboflow_ocr_conversion/train/images/2404_--2022-03-09-21-51-22_png.rf.16db849259f8b9bc76328b735f42e099.jpg,30E62769,1,8,True,roboflow_ocr_conversion,ok;split=train
D:/DATN/datasets/raw/roboflow_ocr_conversion/train/images/2412_--2022-03-09-21-52-07_png.rf.cf44ec7657bed8ea1a6c638849e87303.jpg,29H04239,2,8,True,roboflow_ocr_conversion,ok;split=train
D:/DATN/datasets/raw/roboflow_ocr_conversion/train/images/2416_--2022-03-09-21-52-23_png.rf.3e9670ab797894818c7c6307c3a32a27.jpg,30E94252,2,8,True,roboflow_ocr_conversion,ok;split=train
D:/DATN/datasets/raw/roboflow_ocr_conversion/train/images/2417_--2022-03-09-21-52-29_png.rf.041d65861b4622e9bb6c373bb65022b3.jpg,29A33772,2,8,True,roboflow_ocr_conversion,ok;split=train
D:/DATN/datasets/raw/roboflow_ocr_conversion/train/images/2418_--2022-03-09-21-52-41_png.rf.6634b54314c93b85bdf603b535506951.jpg,30A71340,2,8,True,roboflow_ocr_conversion,ok;split=train
D:/DATN/datasets/raw/roboflow_ocr_conversion/train/images/2423_--2022-03-09-21-52-55_png.rf.a6c2c4832e416a55885b67143c67e21c.jpg,30E45929,1,8,True,roboflow_ocr_conversion,ok;split=train
D:/DATN/datasets/raw/roboflow_ocr_conversion/train/images/2424_--2022-03-09-21-53-01_png.rf.e829e27cf6b7806197e07634aac6a398.jpg,29H03102,1,8,True,roboflow_ocr_conversion,ok;split=train
D:/DATN/datasets/raw/roboflow_ocr_conversion/train/images/2425_--2022-03-09-21-53-05_png.rf.634b1f5d99794c2b21aeb709994b3e66.jpg,30E80493,1,8,True,roboflow_ocr_conversion,ok;split=train
D:/DATN/datasets/raw/roboflow_ocr_conversion/valid/images/2134_--2022-03-09-21-06-42_png.rf.e70b5e299a97e9655bb3df2b889c2daf.jpg,30E29312,2,8,True,roboflow_ocr_conversion,ok;split=valid
D:/DATN/datasets/raw/roboflow_ocr_conversion/valid/images/2139_--2022-03-09-21-07-12_png.rf.d4cc8e76f13156792f867e5af3ba2011.jpg,30E3250,2,7,True,roboflow_ocr_conversion,ok;split=valid
D:/DATN/datasets/raw/roboflow_ocr_conversion/valid/images/2141_--2022-03-09-21-07-17_png.rf.f3194c0ed566331a341938d1dd830906.jpg,30E93250,2,8,True,roboflow_ocr_conversion,ok;split=valid
D:/DATN/datasets/raw/roboflow_ocr_conversion/valid/images/2154_--2022-03-09-21-09-11_png.rf.5670f7aa432c1a280987a87c198b75be.jpg,31A5259,1,7,True,roboflow_ocr_conversion,ok;split=valid
D:/DATN/datasets/raw/roboflow_ocr_conversion/valid/images/2158_--2022-03-09-21-10-25_png.rf.507113e9aed2eff038ee225f5b9f3b38.jpg,30E95190,2,8,True,roboflow_ocr_conversion,ok;split=valid
D:/DATN/datasets/raw/roboflow_ocr_conversion/valid/images/2164_--2022-03-09-21-11-10_png.rf.64192e17c34f7f37ebede5e1f608e35e.jpg,30F08093,2,8,True,roboflow_ocr_conversion,ok;split=valid
D:/DATN/datasets/raw/roboflow_ocr_conversion/valid/images/2166_--2022-03-09-21-11-19_png.rf.95a155fce90f0d50734e8d83bf5cf458.jpg,80A16668,1,8,True,roboflow_ocr_conversion,ok;split=valid
D:/DATN/datasets/raw/roboflow_ocr_conversion/valid/images/2175_--2022-03-09-21-12-05_png.rf.442998a805032940babc04404f8eab02.jpg,30E74997,2,8,True,roboflow_ocr_conversion,ok;split=valid
D:/DATN/datasets/raw/roboflow_ocr_conversion/valid/images/2185_--2022-03-09-21-17-39_png.rf.10025534defda5f0bcd5b78653e05230.jpg,30E47464,2,8,True,roboflow_ocr_conversion,ok;split=valid
D:/DATN/datasets/raw/roboflow_ocr_conversion/valid/images/2192_--2022-03-09-21-18-22_png.rf.31d0f7afc8a2be09bc7fc58990544392.jpg,30E74997,2,8,True,roboflow_ocr_conversion,ok;split=valid
D:/DATN/datasets/raw/roboflow_ocr_conversion/valid/images/2202_--2022-03-09-21-18-50_png.rf.5831e1574384bc23f77ea09cf1a1301d.jpg,30E94594,2,8,True,roboflow_ocr_conversion,ok;split=valid
D:/DATN/datasets/raw/roboflow_ocr_conversion/valid/images/2223_--2022-03-09-21-20-20_png.rf.1154773a1f56c0b2c168a441713e660c.jpg,30A61505,2,8,True,roboflow_ocr_conversion,ok;split=valid
D:/DATN/datasets/raw/roboflow_ocr_conversion/valid/images/2224_--2022-03-09-21-20-26_png.rf.cce5a748b164aa4386e66c30277741ca.jpg,29A64692,2,8,True,roboflow_ocr_conversion,ok;split=valid
D:/DATN/datasets/raw/roboflow_ocr_conversion/valid/images/2234_--2022-03-09-21-21-14_png.rf.8ed4c92382f9ba7721ec61fd1789232c.jpg,30E74997,2,8,True,roboflow_ocr_conversion,ok;split=valid
D:/DATN/datasets/raw/roboflow_ocr_conversion/valid/images/2251_--2022-03-09-21-22-52_png.rf.e08b4b66b385bc3b64c398c4581187e9.jpg,30E74997,2,8,True,roboflow_ocr_conversion,ok;split=valid
D:/DATN/datasets/raw/roboflow_ocr_conversion/valid/images/2252_--2022-03-09-21-23-00_png.rf.a16f0f8367d900ef487fb42cb51016ce.jpg,29A47078,1,8,True,roboflow_ocr_conversion,ok;split=valid
D:/DATN/datasets/raw/roboflow_ocr_conversion/valid/images/2280_--2022-03-09-21-24-04_png.rf.566dac1afd65397b0f3d232140199d66.jpg,18A10190,1,8,True,roboflow_ocr_conversion,ok;split=valid
D:/DATN/datasets/raw/roboflow_ocr_conversion/valid/images/2288_--2022-03-09-21-24-34_png.rf.4de3f580a2d288aa02de9445de8e6d8e.jpg,30A56965,1,8,True,roboflow_ocr_conversion,ok;split=valid
D:/DATN/datasets/raw/roboflow_ocr_conversion/valid/images/2294_--2022-03-09-21-24-59_png.rf.340f3d36ade1e2e5bd8ef5dbbbb7b72c.jpg,51F82942,1,8,True,roboflow_ocr_conversion,ok;split=valid
D:/DATN/datasets/raw/roboflow_ocr_conversion/valid/images/2299_--2022-03-09-21-25-26_png.rf.eaff8a5ebc9df70996654a292fcc6f01.jpg,30F03529,2,8,True,roboflow_ocr_conversion,ok;split=valid
D:/DATN/datasets/raw/roboflow_ocr_conversion/valid/images/2301_--2022-03-09-21-25-31_png.rf.cf1ba0915432aefd93e0a570a174240e.jpg,29B11060,2,8,True,roboflow_ocr_conversion,ok;split=valid
D:/DATN/datasets/raw/roboflow_ocr_conversion/valid/images/2310_--2022-03-09-21-26-02_png.rf.ef96fb92456b0cf77779bc6e535aaed9.jpg,30E66971,2,8,True,roboflow_ocr_conversion,ok;split=valid
D:/DATN/datasets/raw/roboflow_ocr_conversion/valid/images/2316_--2022-03-09-21-26-16_png.rf.3dc6b78493d64f0f11d6be1a9c7c9ee9.jpg,30F15525,2,8,True,roboflow_ocr_conversion,ok;split=valid
D:/DATN/datasets/raw/roboflow_ocr_conversion/valid/images/2328_--2022-03-09-21-44-09_png.rf.d5e43b8275e509a0e7c030977dbad040.jpg,30A7916,2,7,True,roboflow_ocr_conversion,ok;split=valid
D:/DATN/datasets/raw/roboflow_ocr_conversion/valid/images/2341_--2022-03-09-21-45-31_png.rf.13bb7f9f96c5507539736f5c16d2d7ce.jpg,30E63202,2,8,True,roboflow_ocr_conversion,ok;split=valid
D:/DATN/datasets/raw/roboflow_ocr_conversion/valid/images/2342_--2022-03-09-21-45-37_png.rf.ea33da55ce422fdec2cb4f7c0d6e0279.jpg,30T8783,2,7,True,roboflow_ocr_conversion,ok;split=valid
D:/DATN/datasets/raw/roboflow_ocr_conversion/valid/images/2348_--2022-03-09-21-45-54_png.rf.8e3125928a10c408b419eae8a34ad041.jpg,30A32958,2,8,True,roboflow_ocr_conversion,ok;split=valid
D:/DATN/datasets/raw/roboflow_ocr_conversion/valid/images/2351_--2022-03-09-21-46-13_png.rf.874802a1dedf771cfa45227d93a739f2.jpg,30F0213,2,7,True,roboflow_ocr_conversion,ok;split=valid
D:/DATN/datasets/raw/roboflow_ocr_conversion/valid/images/2353_--2022-03-09-21-46-13_png.rf.3002da67eca269f33f2c3a9b1fb280c9.jpg,29A50506,2,8,True,roboflow_ocr_conversion,ok;split=valid
D:/DATN/datasets/raw/roboflow_ocr_conversion/valid/images/2358_--2022-03-09-21-46-42_png.rf.ff9420b5f0de889151f2e943534a68f8.jpg,30E33768,2,8,True,roboflow_ocr_conversion,ok;split=valid
D:/DATN/datasets/raw/roboflow_ocr_conversion/valid/images/2376_--2022-03-09-21-49-03_png.rf.63e2214054149786fc3f55b220f33b3c.jpg,30F05424,2,8,True,roboflow_ocr_conversion,ok;split=valid
D:/DATN/datasets/raw/roboflow_ocr_conversion/valid/images/2405_--2022-03-09-21-51-29_png.rf.2a28907cd21e353beb100d51878017d4.jpg,30E33114,2,8,True,roboflow_ocr_conversion,ok;split=valid
D:/DATN/datasets/raw/roboflow_ocr_conversion/valid/images/2406_--2022-03-09-21-51-34_png.rf.a07d4f351d8cf7236b598aefee94ae0c.jpg,29A92437,2,8,True,roboflow_ocr_conversion,ok;split=valid
D:/DATN/datasets/raw/roboflow_ocr_conversion/valid/images/2407_--2022-03-09-21-51-38_png.rf.2cf71272c4f1e7e4bc83b3af11bc3a83.jpg,30F11801,2,8,True,roboflow_ocr_conversion,ok;split=valid
D:/DATN/datasets/raw/roboflow_ocr_conversion/valid/images/2419_--2022-03-09-21-52-46_png.rf.455467b1cae4321e68ce19c1d72ad443.jpg,29D09083,1,8,True,roboflow_ocr_conversion,ok;split=valid
D:/DATN/datasets/raw/roboflow_ocr_conversion/valid/images/2427_--2022-03-09-21-53-13_png.rf.5e8611df7dfb69f893b7c32e50cbc9c3.jpg,30A41050,2,8,True,roboflow_ocr_conversion,ok;split=valid
