image_path,plate_text,line_count,char_count,is_valid_format,source_dataset,confidence_note
D:/DATN/datasets/raw/roboflow_ocr_plate/train/images/0_jpg.rf.7b00e9b620a815161f9df08554976e69.jpg,0123456789ABCDEFGHKLMNPSTUVXYZ,3,30,False,roboflow_ocr_plate,clustered_into_3_lines_not_a_plate;30_characters_above_plate_maximum;no_matching_plate_pattern
D:/DATN/datasets/raw/roboflow_ocr_plate/train/images/10PlateBaza299_jpg.rf.6b8863d1fc063741be6937867d2fff48.jpg,ZG8894AB,2,8,False,roboflow_ocr_plate,non_vietnamese_source_image;valid_only_after_normalizer_correction
D:/DATN/datasets/raw/roboflow_ocr_plate/train/images/12xemay1338_jpg.rf.cfd01104f92289127bbbe8f0d729c16c.jpg,6061172,2,7,False,roboflow_ocr_plate,valid_only_after_normalizer_correction
D:/DATN/datasets/raw/roboflow_ocr_plate/train/images/1PlateBaza487_jpg.rf.3128b512f4d78b26c301651da1c80e14.jpg,VU279AE,1,7,False,roboflow_ocr_plate,non_vietnamese_source_image;no_matching_plate_pattern
D:/DATN/datasets/raw/roboflow_ocr_plate/train/images/1PlateBaza493_jpg.rf.069c882a783bd8fa5af6b49ffdc78762.jpg,ZG567EF,1,7,False,roboflow_ocr_plate,non_vietnamese_source_image;no_matching_plate_pattern
D:/DATN/datasets/raw/roboflow_ocr_plate/train/images/1PlateBaza494_jpg.rf.594c52b3b03726bd94f54d5c30feb9da.jpg,K531CC,1,6,False,roboflow_ocr_plate,non_vietnamese_source_image;no_matching_plate_pattern
D:/DATN/datasets/raw/roboflow_ocr_plate/train/images/1PlateBaza499_jpg.rf.2c8ce595a659a96dcd6707d3c4ec1e16.jpg,ZG17844,1,7,False,roboflow_ocr_plate,non_vietnamese_source_image;valid_only_after_normalizer_correction
D:/DATN/datasets/raw/roboflow_ocr_plate/train/images/1PlateBaza502_jpg.rf.cdb25e8086dc0bb47a6e00f14d035a11.jpg,FFU1004,1,7,False,roboflow_ocr_plate,non_vietnamese_source_image;no_matching_plate_pattern
D:/DATN/datasets/raw/roboflow_ocr_plate/train/images/1PlateBaza507_jpg.rf.19c3ae136e4ce9bf69b155ff43a63c4d.jpg,KA365CP,1,7,False,roboflow_ocr_plate,non_vietnamese_source_image;no_matching_plate_pattern
D:/DATN/datasets/raw/roboflow_ocr_plate/train/images/1PlateBaza508_jpg.rf.09b6ff2a2dc20c342665ab596a3e9ee8.jpg,VU253H,1,6,False,roboflow_ocr_plate,non_vietnamese_source_image;no_matching_plate_pattern
D:/DATN/datasets/raw/roboflow_ocr_plate/train/images/1xemay1179_jpg.rf.859c3bdc39ad26b235ee274ba0d48e67.jpg,5142488,2,7,False,roboflow_ocr_plate,valid_only_after_normalizer_correction
D:/DATN/datasets/raw/roboflow_ocr_plate/train/images/1xemay2398_jpg.rf.74e7b462bbeb76b2cccaac7a7db67ca8.jpg,6F150,2,5,False,roboflow_ocr_plate,only_5_characters;no_matching_plate_pattern
D:/DATN/datasets/raw/roboflow_ocr_plate/train/images/2PlateBaza101_jpg.rf.8e214dd6432fe4637c2dbbf1a35525df.jpg,DA545A,1,6,False,roboflow_ocr_plate,non_vietnamese_source_image;no_matching_plate_pattern
D:/DATN/datasets/raw/roboflow_ocr_plate/train/images/2PlateBaza104_jpg.rf.222e24db47622665e8282b13927e2129.jpg,S569AD,1,6,False,roboflow_ocr_plate,non_vietnamese_source_image;no_matching_plate_pattern
D:/DATN/datasets/raw/roboflow_ocr_plate/train/images/2PlateBaza110_jpg.rf.227e8a1976b0ae7c8fc4aa041e8f9c45.jpg,545C,1,4,False,roboflow_ocr_plate,only_4_characters;non_vietnamese_source_image;no_matching_plate_pattern
D:/DATN/datasets/raw/roboflow_ocr_plate/train/images/2PlateBaza118_jpg.rf.60713f9b40916fa81982e67a1ad100bd.jpg,ZG9130AG,1,8,False,roboflow_ocr_plate,non_vietnamese_source_image;no_matching_plate_pattern
D:/DATN/datasets/raw/roboflow_ocr_plate/train/images/2PlateBaza119_jpg.rf.a93a9392ca4e9d4d90b9ae715f755eec.jpg,0205MC,1,6,False,roboflow_ocr_plate,non_vietnamese_source_image;no_matching_plate_pattern
D:/DATN/datasets/raw/roboflow_ocr_plate/train/images/2PlateBaza126_jpg.rf.ad572e73b75ad3f84930095358c7b7a3.jpg,489T051,1,7,False,roboflow_ocr_plate,non_vietnamese_source_image;no_matching_plate_pattern
D:/DATN/datasets/raw/roboflow_ocr_plate/train/images/2PlateBaza127_jpg.rf.9db7aa19fe07054fa085ddd29286a468.jpg,ZG7499A,1,7,False,roboflow_ocr_plate,non_vietnamese_source_image;valid_only_after_normalizer_correction
D:/DATN/datasets/raw/roboflow_ocr_plate/train/images/2PlateBaza128_jpg.rf.35afd787b1a870565122e49ac019ed78.jpg,ZG3227N,1,7,False,roboflow_ocr_plate,non_vietnamese_source_image;no_matching_plate_pattern
D:/DATN/datasets/raw/roboflow_ocr_plate/train/images/2PlateBaza133_jpg.rf.6f4d013af117ab68d0098e69b266b527.jpg,BKF196,1,6,False,roboflow_ocr_plate,non_vietnamese_source_image;no_matching_plate_pattern
D:/DATN/datasets/raw/roboflow_ocr_plate/train/images/2PlateBaza135_jpg.rf.6e0ae553de9216f22ea0accfc7db0528.jpg,KZ422S,1,6,False,roboflow_ocr_plate,non_vietnamese_source_image;no_matching_plate_pattern
D:/DATN/datasets/raw/roboflow_ocr_plate/train/images/2PlateBaza138_jpg.rf.e2624b41454c28f853187aa518251a04.jpg,ZG4154AC,1,8,False,roboflow_ocr_plate,non_vietnamese_source_image;no_matching_plate_pattern
D:/DATN/datasets/raw/roboflow_ocr_plate/train/images/2PlateBaza13_jpg.rf.a840d72e34c47d1ec625fe8862c5600d.jpg,ZG877TF,1,7,False,roboflow_ocr_plate,non_vietnamese_source_image;no_matching_plate_pattern
D:/DATN/datasets/raw/roboflow_ocr_plate/train/images/2PlateBaza143_jpg.rf.30bf52ecea57d919ea1e6f996d4b59d7.jpg,K691C,1,5,False,roboflow_ocr_plate,only_5_characters;non_vietnamese_source_image;no_matching_plate_pattern
D:/DATN/datasets/raw/roboflow_ocr_plate/train/images/2PlateBaza144_jpg.rf.a5d89aa61391e9b671d88d008d8abce4.jpg,812T475,1,7,False,roboflow_ocr_plate,non_vietnamese_source_image;valid_only_after_normalizer_correction
D:/DATN/datasets/raw/roboflow_ocr_plate/train/images/2PlateBaza155_jpg.rf.f9407698cb076f836e0373a9c0e7c736.jpg,VU318AK,1,7,False,roboflow_ocr_plate,non_vietnamese_source_image;no_matching_plate_pattern
D:/DATN/datasets/raw/roboflow_ocr_plate/train/images/2PlateBaza168_jpg.rf.5f3288601476036f46957cfd840b9e22.jpg,ZG9572,1,6,False,roboflow_ocr_plate,non_vietnamese_source_image;no_matching_plate_pattern
D:/DATN/datasets/raw/roboflow_ocr_plate/train/images/2PlateBaza171_jpg.rf.f88b4a8bea4fd0f19127a060b0376a27.jpg,ZD125AM,1,7,False,roboflow_ocr_plate,non_vietnamese_source_image;no_matching_plate_pattern
D:/DATN/datasets/raw/roboflow_ocr_plate/train/images/2PlateBaza17_jpg.rf.7586e0d9e9cc5332170c73fa1a293e32.jpg,ZG5715AK,1,8,False,roboflow_ocr_plate,non_vietnamese_source_image;no_matching_plate_pattern
D:/DATN/datasets/raw/roboflow_ocr_plate/train/images/2PlateBaza186_jpg.rf.cce417b01ced6ae0dddd0047d8cdee6a.jpg,042K729,1,7,False,roboflow_ocr_plate,non_vietnamese_source_image;no_matching_plate_pattern
D:/DATN/datasets/raw/roboflow_ocr_plate/train/images/2PlateBaza18_jpg.rf.2ca5ca23dc28e5298d1fe35f1381287e.jpg,ZG4269AC,1,8,False,roboflow_ocr_plate,non_vietnamese_source_image;no_matching_plate_pattern
D:/DATN/datasets/raw/roboflow_ocr_plate/train/images/2PlateBaza195_jpg.rf.76ed29886f9ee7456bd18a169a6629a9.jpg,ZG6896ZG,1,8,False,roboflow_ocr_plate,non_vietnamese_source_image;valid_only_after_normalizer_correction
D:/DATN/datasets/raw/roboflow_ocr_plate/train/images/2PlateBaza19_jpg.rf.30dc834a2710edea315f95599c46d19b.jpg,MA398AG,1,7,False,roboflow_ocr_plate,non_vietnamese_source_image;no_matching_plate_pattern
D:/DATN/datasets/raw/roboflow_ocr_plate/train/images/2PlateBaza200_jpg.rf.d703817883a8a3b1113018a64421c5e8.jpg,ZH698703,1,8,False,roboflow_ocr_plate,non_vietnamese_source_image;no_matching_plate_pattern
D:/DATN/datasets/raw/roboflow_ocr_plate/train/images/2PlateBaza203_jpg.rf.1d417574540c555939161537a44fd17f.jpg,ZG4256A,1,7,False,roboflow_ocr_plate,non_vietnamese_source_image;valid_only_after_normalizer_correction
D:/DATN/datasets/raw/roboflow_ocr_plate/train/images/2PlateBaza225_jpg.rf.943cc3d1f82c0fb2bb54261d99fa90dd.jpg,ZG416PZ,1,7,False,roboflow_ocr_plate,non_vietnamese_source_image;no_matching_plate_pattern
D:/DATN/datasets/raw/roboflow_ocr_plate/train/images/2PlateBaza236_jpg.rf.1fd12f4b4c12bcae6560b2fd61dab206.jpg,CK425AB,1,7,False,roboflow_ocr_plate,non_vietnamese_source_image;no_matching_plate_pattern
D:/DATN/datasets/raw/roboflow_ocr_plate/train/images/2PlateBaza239_jpg.rf.487e4f2e2e13b224ab461cd3e4abfffe.jpg,ZG4309AG,1,8,False,roboflow_ocr_plate,non_vietnamese_source_image;valid_only_after_normalizer_correction
D:/DATN/datasets/raw/roboflow_ocr_plate/train/images/2PlateBaza242_jpg.rf.a6b719740740c6431df01873c27abf18.jpg,ZG8524AF,1,8,False,roboflow_ocr_plate,non_vietnamese_source_image;no_matching_plate_pattern
D:/DATN/datasets/raw/roboflow_ocr_plate/train/images/2PlateBaza247_jpg.rf.ebbb5c3deee5743e573f4c98669c62d7.jpg,VZ539AP,1,7,False,roboflow_ocr_plate,non_vietnamese_source_image;no_matching_plate_pattern
D:/DATN/datasets/raw/roboflow_ocr_plate/train/images/2PlateBaza249_jpg.rf.c7abc760c07fb814ee7a3354e98d25a6.jpg,LT731F,1,6,False,roboflow_ocr_plate,non_vietnamese_source_image;no_matching_plate_pattern
D:/DATN/datasets/raw/roboflow_ocr_plate/train/images/2PlateBaza252_jpg.rf.7c8f98ddec055b0fd37c5d022aa56263.jpg,ZG624K,1,6,False,roboflow_ocr_plate,non_vietnamese_source_image;no_matching_plate_pattern
D:/DATN/datasets/raw/roboflow_ocr_plate/train/images/2PlateBaza256_jpg.rf.3488a81d8815846c4e58d3a67f652534.jpg,G22SKD,1,6,False,roboflow_ocr_plate,non_vietnamese_source_image;no_matching_plate_pattern
D:/DATN/datasets/raw/roboflow_ocr_plate/train/images/2PlateBaza266_jpg.rf.23f784469215df1230e18323092b4fc3.jpg,ZG3083,1,6,False,roboflow_ocr_plate,non_vietnamese_source_image;no_matching_plate_pattern
D:/DATN/datasets/raw/roboflow_ocr_plate/train/images/2PlateBaza272_jpg.rf.3456d591fdde09f3c0e2e9901719e30a.jpg,ZG848KT,1,7,False,roboflow_ocr_plate,non_vietnamese_source_image;no_matching_plate_pattern
D:/DATN/datasets/raw/roboflow_ocr_plate/train/images/2PlateBaza274_jpg.rf.95278d942fb37933d63025adf3a8965f.jpg,ZG354CU,1,7,False,roboflow_ocr_plate,non_vietnamese_source_image;no_matching_plate_pattern
D:/DATN/datasets/raw/roboflow_ocr_plate/train/images/2PlateBaza279_jpg.rf.ceb78aef72600c93405e0e60e63da762.jpg,BK8559,1,6,False,roboflow_ocr_plate,non_vietnamese_source_image;no_matching_plate_pattern
D:/DATN/datasets/raw/roboflow_ocr_plate/train/images/2PlateBaza280_jpg.rf.49cd4d6ea5865331471a4ace0258c2fd.jpg,ZG906S,1,6,False,roboflow_ocr_plate,non_vietnamese_source_image;no_matching_plate_pattern
D:/DATN/datasets/raw/roboflow_ocr_plate/train/images/2PlateBaza284_jpg.rf.2d7125447ce88968119027f174c2db71.jpg,AASH938,1,7,False,roboflow_ocr_plate,non_vietnamese_source_image;no_matching_plate_pattern
D:/DATN/datasets/raw/roboflow_ocr_plate/train/images/2PlateBaza287_jpg.rf.94becc77eacf8028e3748825382f393c.jpg,M660P,1,5,False,roboflow_ocr_plate,only_5_characters;non_vietnamese_source_image;no_matching_plate_pattern
D:/DATN/datasets/raw/roboflow_ocr_plate/train/images/2PlateBaza288_jpg.rf.a033b77bae8a0c8555677df50cf00b43.jpg,ZG4499AD,1,8,False,roboflow_ocr_plate,non_vietnamese_source_image;valid_only_after_normalizer_correction
D:/DATN/datasets/raw/roboflow_ocr_plate/train/images/2PlateBaza290_jpg.rf.048aec6e3068539c60118818ba129011.jpg,ZG518S,1,6,False,roboflow_ocr_plate,non_vietnamese_source_image;no_matching_plate_pattern
D:/DATN/datasets/raw/roboflow_ocr_plate/train/images/2PlateBaza292_jpg.rf.1c338448e42fd02fd6ecb6e3ea12ab74.jpg,ZG8557AA,1,8,False,roboflow_ocr_plate,non_vietnamese_source_image;valid_only_after_normalizer_correction
D:/DATN/datasets/raw/roboflow_ocr_plate/train/images/2PlateBaza303_jpg.rf.d84713a1ecfcd778c0846374b7d906bb.jpg,ZG880TV,1,7,False,roboflow_ocr_plate,non_vietnamese_source_image;no_matching_plate_pattern
D:/DATN/datasets/raw/roboflow_ocr_plate/train/images/2PlateBaza310_jpg.rf.3740be3c84b27585c776736135c421dd.jpg,ZG9707K,1,7,False,roboflow_ocr_plate,non_vietnamese_source_image;no_matching_plate_pattern
D:/DATN/datasets/raw/roboflow_ocr_plate/train/images/2PlateBaza317_jpg.rf.5441a0d7662271f1dfb69dc4a157f55e.jpg,NUEC860,1,7,False,roboflow_ocr_plate,non_vietnamese_source_image;no_matching_plate_pattern
D:/DATN/datasets/raw/roboflow_ocr_plate/train/images/2PlateBaza318_jpg.rf.40b514c84c168fd1ab3d642caed83929.jpg,317939,1,6,False,roboflow_ocr_plate,non_vietnamese_source_image;no_matching_plate_pattern
D:/DATN/datasets/raw/roboflow_ocr_plate/train/images/2PlateBaza320_jpg.rf.0b6942fc6507655fd8b07c0fb0f940ae.jpg,ZG687NL,1,7,False,roboflow_ocr_plate,non_vietnamese_source_image;no_matching_plate_pattern
D:/DATN/datasets/raw/roboflow_ocr_plate/train/images/2PlateBaza323_jpg.rf.c3fd1fe4399cb2d3288e329cd674b791.jpg,LV544S,1,6,False,roboflow_ocr_plate,non_vietnamese_source_image;no_matching_plate_pattern
D:/DATN/datasets/raw/roboflow_ocr_plate/train/images/2PlateBaza336_jpg.rf.3ee6ec53a9c7205f7c551058d8484618.jpg,ZG727L,1,6,False,roboflow_ocr_plate,non_vietnamese_source_image;no_matching_plate_pattern
D:/DATN/datasets/raw/roboflow_ocr_plate/train/images/2PlateBaza357_jpg.rf.45a4a8a9a00a5554c93abbf78b34ab30.jpg,ZG4040,1,6,False,roboflow_ocr_plate,non_vietnamese_source_image;no_matching_plate_pattern
D:/DATN/datasets/raw/roboflow_ocr_plate/train/images/2PlateBaza378_jpg.rf.9bdd3b21b73594fc689379bf0b365867.jpg,ZG862NS,1,7,False,roboflow_ocr_plate,non_vietnamese_source_image;no_matching_plate_pattern
D:/DATN/datasets/raw/roboflow_ocr_plate/train/images/2PlateBaza389_jpg.rf.06ca80fa5bf7bfd31deab8d1f3d1d21b.jpg,DU871CB,1,7,False,roboflow_ocr_plate,non_vietnamese_source_image;no_matching_plate_pattern
D:/DATN/datasets/raw/roboflow_ocr_plate/train/images/2PlateBaza396_jpg.rf.773a05066f28c33fa16d725c172a6612.jpg,ZG969LN,2,7,False,roboflow_ocr_plate,non_vietnamese_source_image;no_matching_plate_pattern
D:/DATN/datasets/raw/roboflow_ocr_plate/train/images/2PlateBaza405_jpg.rf.4a167f26fe3c094ac1360c3ffb7a3ea9.jpg,LN608AC,1,7,False,roboflow_ocr_plate,non_vietnamese_source_image;no_matching_plate_pattern
D:/DATN/datasets/raw/roboflow_ocr_plate/train/images/2PlateBaza407_jpg.rf.1f3beba0ac002695221af526bbc5c97e.jpg,ZG6983AG,1,8,False,roboflow_ocr_plate,non_vietnamese_source_image;valid_only_after_normalizer_correction
D:/DATN/datasets/raw/roboflow_ocr_plate/train/images/2PlateBaza40_jpg.rf.6b16e6b818a7ade6ef0191711d652e45.jpg,PU742HV,1,7,False,roboflow_ocr_plate,non_vietnamese_source_image;no_matching_plate_pattern
D:/DATN/datasets/raw/roboflow_ocr_plate/train/images/2PlateBaza450_jpg.rf.5bb42882ac36dbbc522b55cdd836bb8f.jpg,ZG636TT,1,7,False,roboflow_ocr_plate,non_vietnamese_source_image;valid_only_after_normalizer_correction
D:/DATN/datasets/raw/roboflow_ocr_plate/train/images/2PlateBaza455_jpg.rf.dc75f113ffa0c6cee7454a78226147e0.jpg,S334BM,1,6,False,roboflow_ocr_plate,non_vietnamese_source_image;no_matching_plate_pattern
D:/DATN/datasets/raw/roboflow_ocr_plate/train/images/2PlateBaza473_jpg.rf.b38f21c4b44f2d4b8340932d77d83edf.jpg,ZG19FH,1,6,False,roboflow_ocr_plate,non_vietnamese_source_image;no_matching_plate_pattern
D:/DATN/datasets/raw/roboflow_ocr_plate/train/images/2PlateBaza478_jpg.rf.a2ebb365a7d8f5dafd692648239e842e.jpg,ZG568TM,1,7,False,roboflow_ocr_plate,non_vietnamese_source_image;no_matching_plate_pattern
D:/DATN/datasets/raw/roboflow_ocr_plate/train/images/2PlateBaza490_jpg.rf.f38593f1c4d71dbed88d7cd85ba93c95.jpg,ZG495Z,1,6,False,roboflow_ocr_plate,non_vietnamese_source_image;no_matching_plate_pattern
D:/DATN/datasets/raw/roboflow_ocr_plate/train/images/2PlateBaza498_jpg.rf.6b6064f60909d1934622b7cae1cbb371.jpg,DU166BF,2,7,False,roboflow_ocr_plate,non_vietnamese_source_image;no_matching_plate_pattern
D:/DATN/datasets/raw/roboflow_ocr_plate/train/images/2xemay1117_jpg.rf.cee7c374c469ad59252a601f4a791e6b.jpg,599153310,2,9,False,roboflow_ocr_plate,no_matching_plate_pattern
D:/DATN/datasets/raw/roboflow_ocr_plate/train/images/2xemay1387_jpg.rf.fa0180e59b1d9189b5108198cb7ea426.jpg,5439587,2,7,False,roboflow_ocr_plate,valid_only_after_normalizer_correction
D:/DATN/datasets/raw/roboflow_ocr_plate/train/images/2xemay1563_jpg.rf.302b0af9a30377a383777dca3877662d.jpg,5132161,2,7,False,roboflow_ocr_plate,valid_only_after_normalizer_correction
D:/DATN/datasets/raw/roboflow_ocr_plate/train/images/2xemay1778_jpg.rf.589e791e03525fd5c58d34860b7fd0c6.jpg,5S235205,2,8,False,roboflow_ocr_plate,valid_only_after_normalizer_correction
D:/DATN/datasets/raw/roboflow_ocr_plate/train/images/2xemay1800_jpg.rf.902158576c094318f0a7159a4aef0354.jpg,5H187515,2,8,False,roboflow_ocr_plate,no_matching_plate_pattern
D:/DATN/datasets/raw/roboflow_ocr_plate/train/images/2xemay1857_jpg.rf.1d288e2bb6a6c8944eda558e58107614.jpg,590211894,2,9,False,roboflow_ocr_plate,valid_only_after_normalizer_correction
D:/DATN/datasets/raw/roboflow_ocr_plate/train/images/2xemay1895_jpg.rf.9f135b8d3b3e48d38d2cc3e488c34657.jpg,608816455,2,9,False,roboflow_ocr_plate,valid_only_after_normalizer_correction
D:/DATN/datasets/raw/roboflow_ocr_plate/train/images/2xemay1929_jpg.rf.10c66ac4fdb06301e01d98909cdb940b.jpg,59FFF67FF,2,9,False,roboflow_ocr_plate,no_matching_plate_pattern
D:/DATN/datasets/raw/roboflow_ocr_plate/train/images/2xemay2135_jpg.rf.753f5301283adf24db678e5af916a666.jpg,5390844,2,7,False,roboflow_ocr_plate,no_matching_plate_pattern
D:/DATN/datasets/raw/roboflow_ocr_plate/train/images/2xemay2222_jpg.rf.67662bed28eec1b82e3c974f7b135999.jpg,5447039,2,7,False,roboflow_ocr_plate,valid_only_after_normalizer_correction
D:/DATN/datasets/raw/roboflow_ocr_plate/train/images/2xemay2333_jpg.rf.67b25474f319b4e5e6813ce63f24becc.jpg,5350201,2,7,False,roboflow_ocr_plate,valid_only_after_normalizer_correction
D:/DATN/datasets/raw/roboflow_ocr_plate/train/images/2xemay2342_jpg.rf.5037adf8b02ea392e105c9f908d7be03.jpg,868621890,2,9,False,roboflow_ocr_plate,valid_only_after_normalizer_correction
D:/DATN/datasets/raw/roboflow_ocr_plate/train/images/2xemay437_jpg.rf.4fc64de1ef6cf8d363ca6e16720ae92e.jpg,71217757,2,8,False,roboflow_ocr_plate,valid_only_after_normalizer_correction
D:/DATN/datasets/raw/roboflow_ocr_plate/train/images/2xemay690_jpg.rf.17778f752711e64ed44b52f28595235d.jpg,59113099,2,8,False,roboflow_ocr_plate,valid_only_after_normalizer_correction
D:/DATN/datasets/raw/roboflow_ocr_plate/train/images/3CarLongPlate335_jpg.rf.9431a659259fa5fb7965ccc2b2dd3a8b.jpg,0209,1,4,False,roboflow_ocr_plate,only_4_characters;no_matching_plate_pattern
D:/DATN/datasets/raw/roboflow_ocr_plate/train/images/3CarLongPlate489_jpg.rf.e4b719cb052344b21186179686c2e4b9.jpg,1F59011,1,7,False,roboflow_ocr_plate,no_matching_plate_pattern
D:/DATN/datasets/raw/roboflow_ocr_plate/train/images/3PlateBaza0_jpg.rf.f40f164687f60138e7d6c4aa3f75f6be.jpg,171NVX75,1,8,False,roboflow_ocr_plate,non_vietnamese_source_image;no_matching_plate_pattern
D:/DATN/datasets/raw/roboflow_ocr_plate/train/images/3PlateBaza105_jpg.rf.7d64cb140eb6ee93b56d4fc20388f614.jpg,032A163,1,7,False,roboflow_ocr_plate,non_vietnamese_source_image;no_matching_plate_pattern
D:/DATN/datasets/raw/roboflow_ocr_plate/train/images/3PlateBaza112_jpg.rf.25219927cfe6901f8434ae428893f9e5.jpg,982F,1,4,False,roboflow_ocr_plate,only_4_characters;non_vietnamese_source_image;no_matching_plate_pattern
D:/DATN/datasets/raw/roboflow_ocr_plate/train/images/3PlateBaza123_jpg.rf.d8caca3106f5bf37c9ff22f106f4c60c.jpg,HH850,1,5,False,roboflow_ocr_plate,only_5_characters;non_vietnamese_source_image;no_matching_plate_pattern
D:/DATN/datasets/raw/roboflow_ocr_plate/train/images/3PlateBaza124_jpg.rf.4ff478fe609e98dcdac34fc9d9f5db39.jpg,AHCK190,1,7,False,roboflow_ocr_plate,non_vietnamese_source_image;no_matching_plate_pattern
D:/DATN/datasets/raw/roboflow_ocr_plate/train/images/3PlateBaza125_jpg.rf.b2b384dd2a0b264a27c4172981acea20.jpg,BE742,1,5,False,roboflow_ocr_plate,only_5_characters;non_vietnamese_source_image;no_matching_plate_pattern
D:/DATN/datasets/raw/roboflow_ocr_plate/train/images/3PlateBaza130_jpg.rf.f17557bedd573fc39674df621dfef9e9.jpg,CK311B,1,6,False,roboflow_ocr_plate,non_vietnamese_source_image;no_matching_plate_pattern
D:/DATN/datasets/raw/roboflow_ocr_plate/train/images/3PlateBaza131_jpg.rf.859a7dc53a9614a454965c709a17de69.jpg,CK237V,1,6,False,roboflow_ocr_plate,non_vietnamese_source_image;no_matching_plate_pattern
D:/DATN/datasets/raw/roboflow_ocr_plate/train/images/3PlateBaza140_jpg.rf.146ea0e8966f737ede9dd5947acfc290.jpg,ZG4898AC,1,8,False,roboflow_ocr_plate,non_vietnamese_source_image;no_matching_plate_pattern
D:/DATN/datasets/raw/roboflow_ocr_plate/train/images/3PlateBaza141_jpg.rf.5b7a6f130c147d5cab442a52343880b7.jpg,ZG3833AK,1,8,False,roboflow_ocr_plate,non_vietnamese_source_image;no_matching_plate_pattern
D:/DATN/datasets/raw/roboflow_ocr_plate/train/images/3PlateBaza149_jpg.rf.9dfa4f31ee62ccca596c6aec5d146548.jpg,883FV,1,5,False,roboflow_ocr_plate,only_5_characters;non_vietnamese_source_image;no_matching_plate_pattern
D:/DATN/datasets/raw/roboflow_ocr_plate/train/images/3PlateBaza164_jpg.rf.88f1fc1c90269aaafd6c6312dcd9f78a.jpg,B749G,1,5,False,roboflow_ocr_plate,only_5_characters;non_vietnamese_source_image;no_matching_plate_pattern
D:/DATN/datasets/raw/roboflow_ocr_plate/train/images/3PlateBaza170_jpg.rf.5519e3ca707f0a61b3ac5a2b27bd934c.jpg,ZG1036AG,1,8,False,roboflow_ocr_plate,non_vietnamese_source_image;valid_only_after_normalizer_correction
D:/DATN/datasets/raw/roboflow_ocr_plate/train/images/3PlateBaza176_jpg.rf.8a18e8f3529bc98842bcaa53a6a89d47.jpg,513636,1,6,False,roboflow_ocr_plate,non_vietnamese_source_image;no_matching_plate_pattern
D:/DATN/datasets/raw/roboflow_ocr_plate/train/images/3PlateBaza181_jpg.rf.16b3c0bcfa4d93a5458b4b52bf414a96.jpg,ZG1665AE,1,8,False,roboflow_ocr_plate,non_vietnamese_source_image;no_matching_plate_pattern
D:/DATN/datasets/raw/roboflow_ocr_plate/train/images/3PlateBaza182_jpg.rf.e6c6a1d078f677f0e8f880752f9c6f36.jpg,ZG371AK,1,7,False,roboflow_ocr_plate,non_vietnamese_source_image;no_matching_plate_pattern
D:/DATN/datasets/raw/roboflow_ocr_plate/train/images/3PlateBaza185_jpg.rf.eeb9d6a3d805a657efd963b97d74ced4.jpg,ZG956Z,1,6,False,roboflow_ocr_plate,non_vietnamese_source_image;no_matching_plate_pattern
D:/DATN/datasets/raw/roboflow_ocr_plate/train/images/3PlateBaza194_jpg.rf.8566fdfb4477eb53989b0ae441464c5b.jpg,ZG483ZM,1,7,False,roboflow_ocr_plate,non_vietnamese_source_image;no_matching_plate_pattern
D:/DATN/datasets/raw/roboflow_ocr_plate/train/images/3PlateBaza206_jpg.rf.85cbbc052e8cfde631155991e927327d.jpg,ZG8135N,1,7,False,roboflow_ocr_plate,non_vietnamese_source_image;no_matching_plate_pattern
D:/DATN/datasets/raw/roboflow_ocr_plate/train/images/3PlateBaza208_jpg.rf.0e4aabc93dd4845fda8d1f65361a2b45.jpg,ZG511SF,1,7,False,roboflow_ocr_plate,non_vietnamese_source_image;no_matching_plate_pattern
D:/DATN/datasets/raw/roboflow_ocr_plate/train/images/3PlateBaza209_jpg.rf.d8cf82547892bfaa2308edea429107ec.jpg,VU767C,1,6,False,roboflow_ocr_plate,non_vietnamese_source_image;no_matching_plate_pattern
D:/DATN/datasets/raw/roboflow_ocr_plate/train/images/3PlateBaza211_jpg.rf.ebd61569e8d1d7802d2cc50904de5118.jpg,HDL798,1,6,False,roboflow_ocr_plate,non_vietnamese_source_image;no_matching_plate_pattern
D:/DATN/datasets/raw/roboflow_ocr_plate/train/images/3PlateBaza218_jpg.rf.6603e1df854ce8c245262855a7266ce7.jpg,ZG660UU,1,7,False,roboflow_ocr_plate,non_vietnamese_source_image;no_matching_plate_pattern
D:/DATN/datasets/raw/roboflow_ocr_plate/train/images/3PlateBaza224_jpg.rf.a0a01a58a95282a1da2258a04039372d.jpg,ZG2273E,1,7,False,roboflow_ocr_plate,non_vietnamese_source_image;no_matching_plate_pattern
D:/DATN/datasets/raw/roboflow_ocr_plate/train/images/3PlateBaza228_jpg.rf.5078e326670568c60e3446752a961ed4.jpg,ZG7761M,1,7,False,roboflow_ocr_plate,non_vietnamese_source_image;no_matching_plate_pattern
D:/DATN/datasets/raw/roboflow_ocr_plate/train/images/3PlateBaza234_jpg.rf.6d3dd8370a35fc997c10fbb908d346ea.jpg,ZG2808AA,1,8,False,roboflow_ocr_plate,non_vietnamese_source_image;valid_only_after_normalizer_correction
D:/DATN/datasets/raw/roboflow_ocr_plate/train/images/3PlateBaza237_jpg.rf.d9c7ad00716eacc345e2737a73b12866.jpg,FGH1662,1,7,False,roboflow_ocr_plate,non_vietnamese_source_image;no_matching_plate_pattern
D:/DATN/datasets/raw/roboflow_ocr_plate/train/images/3PlateBaza241_jpg.rf.0b609b80b44897fba65b17d60b5bb1d2.jpg,ZG4847S,1,7,False,roboflow_ocr_plate,non_vietnamese_source_image;valid_only_after_normalizer_correction
D:/DATN/datasets/raw/roboflow_ocr_plate/train/images/3PlateBaza253_jpg.rf.e43df04b1cf1d7321738e7b83fd9a325.jpg,ZG593ZH,1,7,False,roboflow_ocr_plate,non_vietnamese_source_image;no_matching_plate_pattern
D:/DATN/datasets/raw/roboflow_ocr_plate/train/images/3PlateBaza25_jpg.rf.e728c8bf6ccaa072b8d03a73b125480f.jpg,ZD539CH,1,7,False,roboflow_ocr_plate,non_vietnamese_source_image;no_matching_plate_pattern
D:/DATN/datasets/raw/roboflow_ocr_plate/train/images/3PlateBaza268_jpg.rf.3d9f4d94e3d7a9edab2219431880976d.jpg,ZG1532AB,1,8,False,roboflow_ocr_plate,non_vietnamese_source_image;valid_only_after_normalizer_correction
D:/DATN/datasets/raw/roboflow_ocr_plate/train/images/3PlateBaza27_jpg.rf.feb974ed7ed6b488c33edce05aabd705.jpg,ZG6123,2,6,False,roboflow_ocr_plate,non_vietnamese_source_image;no_matching_plate_pattern
D:/DATN/datasets/raw/roboflow_ocr_plate/train/images/3PlateBaza294_jpg.rf.01780e90072d93beb49c1f1a4117b722.jpg,DU149A,1,6,False,roboflow_ocr_plate,non_vietnamese_source_image;no_matching_plate_pattern
D:/DATN/datasets/raw/roboflow_ocr_plate/train/images/3PlateBaza295_jpg.rf.5b427249d0b46c07905776f25dd888d1.jpg,ZG8901Z,1,7,False,roboflow_ocr_plate,non_vietnamese_source_image;valid_only_after_normalizer_correction
D:/DATN/datasets/raw/roboflow_ocr_plate/train/images/3PlateBaza300_jpg.rf.fbc5906ede8e5c4b24e0d7bee7707449.jpg,ZU178U,1,6,False,roboflow_ocr_plate,non_vietnamese_source_image;no_matching_plate_pattern
D:/DATN/datasets/raw/roboflow_ocr_plate/train/images/3PlateBaza309_jpg.rf.94dfdf49e0080ccfc90c2a1508d9b666.jpg,PU660B,1,6,False,roboflow_ocr_plate,non_vietnamese_source_image;no_matching_plate_pattern
D:/DATN/datasets/raw/roboflow_ocr_plate/train/images/3PlateBaza314_jpg.rf.ee73b0af7d3c3b3602d21671fe02db09.jpg,SP495AP,1,7,False,roboflow_ocr_plate,non_vietnamese_source_image;no_matching_plate_pattern
D:/DATN/datasets/raw/roboflow_ocr_plate/train/images/3PlateBaza325_jpg.rf.6843ee2b199063a8952194eac4c0f5ff.jpg,TLXC803,1,7,False,roboflow_ocr_plate,non_vietnamese_source_image;no_matching_plate_pattern
D:/DATN/datasets/raw/roboflow_ocr_plate/train/images/3PlateBaza327_jpg.rf.624aad782bc5e9022297aa5dd607388a.jpg,ZG959,1,5,False,roboflow_ocr_plate,only_5_characters;non_vietnamese_source_image;no_matching_plate_pattern
D:/DATN/datasets/raw/roboflow_ocr_plate/train/images/3PlateBaza328_jpg.rf.508c70bf646afb1c1fe8356a807e395e.jpg,ZG855VT,1,7,False,roboflow_ocr_plate,non_vietnamese_source_image;no_matching_plate_pattern
D:/DATN/datasets/raw/roboflow_ocr_plate/train/images/3PlateBaza329_jpg.rf.b08da2bb5689e0d7ac702d73ec634150.jpg,ZG3305,1,6,False,roboflow_ocr_plate,non_vietnamese_source_image;no_matching_plate_pattern
D:/DATN/datasets/raw/roboflow_ocr_plate/train/images/3PlateBaza335_jpg.rf.afc249cf8e24c3051e0818e816995dff.jpg,ZG5800K,2,7,False,roboflow_ocr_plate,non_vietnamese_source_image;no_matching_plate_pattern
D:/DATN/datasets/raw/roboflow_ocr_plate/train/images/3PlateBaza337_jpg.rf.0756fbc5a521f6a8797770d8c920ad99.jpg,VZ785E,1,6,False,roboflow_ocr_plate,non_vietnamese_source_image;no_matching_plate_pattern
D:/DATN/datasets/raw/roboflow_ocr_plate/train/images/3PlateBaza338_jpg.rf.4761195478fa8a262e9a89db9a676fee.jpg,KC0010KK,1,8,False,roboflow_ocr_plate,non_vietnamese_source_image;no_matching_plate_pattern
D:/DATN/datasets/raw/roboflow_ocr_plate/train/images/3PlateBaza33_jpg.rf.d4fbaa4e68d1b6df961f57ae168ac7af.jpg,B678X,1,5,False,roboflow_ocr_plate,only_5_characters;non_vietnamese_source_image;no_matching_plate_pattern
D:/DATN/datasets/raw/roboflow_ocr_plate/train/images/3PlateBaza349_jpg.rf.4c92394ea3b2e6de559bcf31a55af9ac.jpg,ZG1929AH,1,8,False,roboflow_ocr_plate,non_vietnamese_source_image;no_matching_plate_pattern
D:/DATN/datasets/raw/roboflow_ocr_plate/train/images/3PlateBaza351_jpg.rf.ec0fbbabe3c08e117569db5b56afeef1.jpg,ZG6347H,1,7,False,roboflow_ocr_plate,non_vietnamese_source_image;no_matching_plate_pattern
D:/DATN/datasets/raw/roboflow_ocr_plate/train/images/3PlateBaza358_jpg.rf.0f1f92b81194d41abc5145ee3298d6c4.jpg,ZG781L,1,6,False,roboflow_ocr_plate,non_vietnamese_source_image;no_matching_plate_pattern
D:/DATN/datasets/raw/roboflow_ocr_plate/train/images/3PlateBaza362_jpg.rf.339bbf0ffbf29572b0523782b8a9bada.jpg,MB4071P,1,7,False,roboflow_ocr_plate,non_vietnamese_source_image;no_matching_plate_pattern
D:/DATN/datasets/raw/roboflow_ocr_plate/train/images/3PlateBaza363_jpg.rf.18ae21c26ef02ffe5d957e6af15f579c.jpg,ZG424,1,5,False,roboflow_ocr_plate,only_5_characters;non_vietnamese_source_image;no_matching_plate_pattern
D:/DATN/datasets/raw/roboflow_ocr_plate/train/images/3PlateBaza364_jpg.rf.8ed350bd7264fe7dce73764b986842d0.jpg,010K414,1,7,False,roboflow_ocr_plate,non_vietnamese_source_image;no_matching_plate_pattern
D:/DATN/datasets/raw/roboflow_ocr_plate/train/images/3PlateBaza365_jpg.rf.49654172e3c084d59454546eafcca31d.jpg,ZG2828A,1,7,False,roboflow_ocr_plate,non_vietnamese_source_image;valid_only_after_normalizer_correction
D:/DATN/datasets/raw/roboflow_ocr_plate/train/images/3PlateBaza371_jpg.rf.f3500b4b9b2ad8c6b4c2e88854a5483e.jpg,ZG5687A,1,7,False,roboflow_ocr_plate,non_vietnamese_source_image;valid_only_after_normalizer_correction
D:/DATN/datasets/raw/roboflow_ocr_plate/train/images/3PlateBaza377_jpg.rf.383513291102dcbee1241a40ce13500e.jpg,ZG862NS,1,7,False,roboflow_ocr_plate,non_vietnamese_source_image;no_matching_plate_pattern
D:/DATN/datasets/raw/roboflow_ocr_plate/train/images/3PlateBaza37_jpg.rf.e79dcee79367dc0f53d92ef5b198863a.jpg,ZG990NL,1,7,False,roboflow_ocr_plate,non_vietnamese_source_image;no_matching_plate_pattern
D:/DATN/datasets/raw/roboflow_ocr_plate/train/images/3PlateBaza384_jpg.rf.1beb1f7274e241bb01062bd642ab631d.jpg,ZG5114E,1,7,False,roboflow_ocr_plate,non_vietnamese_source_image;no_matching_plate_pattern
D:/DATN/datasets/raw/roboflow_ocr_plate/train/images/3PlateBaza386_jpg.rf.256add20a2b2d0a08141bdf2d026d93b.jpg,ZG789P,1,6,False,roboflow_ocr_plate,non_vietnamese_source_image;no_matching_plate_pattern
D:/DATN/datasets/raw/roboflow_ocr_plate/train/images/3PlateBaza388_jpg.rf.f6219b665343572af7fce834080f58b6.jpg,ZG900D0,1,7,False,roboflow_ocr_plate,non_vietnamese_source_image;no_matching_plate_pattern
D:/DATN/datasets/raw/roboflow_ocr_plate/train/images/3PlateBaza391_jpg.rf.053260de198ee491a5fb57fd07705e16.jpg,GZ04214,1,7,False,roboflow_ocr_plate,non_vietnamese_source_image;valid_only_after_normalizer_correction
D:/DATN/datasets/raw/roboflow_ocr_plate/train/images/3PlateBaza394_jpg.rf.e1b8ce7ded9b00610a705f862a224bf3.jpg,ZG556K,1,6,False,roboflow_ocr_plate,non_vietnamese_source_image;no_matching_plate_pattern
D:/DATN/datasets/raw/roboflow_ocr_plate/train/images/3PlateBaza406_jpg.rf.98fb1c3ea052de82b39a6f30c374a968.jpg,VU3003VU,1,8,False,roboflow_ocr_plate,non_vietnamese_source_image;no_matching_plate_pattern
D:/DATN/datasets/raw/roboflow_ocr_plate/train/images/3PlateBaza409_jpg.rf.01a035ead8e19d8ebc71aaf676e80664.jpg,K401A,1,5,False,roboflow_ocr_plate,only_5_characters;non_vietnamese_source_image;no_matching_plate_pattern
D:/DATN/datasets/raw/roboflow_ocr_plate/train/images/3PlateBaza425_jpg.rf.88ee3a580ef058c3f5be54b03668ec0e.jpg,S124BP,1,6,False,roboflow_ocr_plate,non_vietnamese_source_image;no_matching_plate_pattern
D:/DATN/datasets/raw/roboflow_ocr_plate/train/images/3PlateBaza429_jpg.rf.d42d9bc9cb50c7c9c0a63b9389b306b0.jpg,ZG773VE,1,7,False,roboflow_ocr_plate,non_vietnamese_source_image;no_matching_plate_pattern
D:/DATN/datasets/raw/roboflow_ocr_plate/train/images/3PlateBaza436_jpg.rf.4d3b853b88566cf1caf36458079c6e2d.jpg,VU135F,1,6,False,roboflow_ocr_plate,non_vietnamese_source_image;no_matching_plate_pattern
D:/DATN/datasets/raw/roboflow_ocr_plate/train/images/3PlateBaza441_jpg.rf.8a76b079996bb5a70152e4d957a8625c.jpg,ZG120L,1,6,False,roboflow_ocr_plate,non_vietnamese_source_image;no_matching_plate_pattern
D:/DATN/datasets/raw/roboflow_ocr_plate/train/images/3PlateBaza451_jpg.rf.0eada0d52defdf8c5e6d44146ff55b90.jpg,ZG145BD,2,7,False,roboflow_ocr_plate,non_vietnamese_source_image;valid_only_after_normalizer_correction
D:/DATN/datasets/raw/roboflow_ocr_plate/train/images/3PlateBaza456_jpg.rf.fdc3049c72b002f7e4d86fb4c701bae4.jpg,ZG995NN,1,7,False,roboflow_ocr_plate,non_vietnamese_source_image;no_matching_plate_pattern
D:/DATN/datasets/raw/roboflow_ocr_plate/train/images/3PlateBaza458_jpg.rf.28e6f92a641ab6a560c1685cc43ecc9f.jpg,ZG679VF,1,7,False,roboflow_ocr_plate,non_vietnamese_source_image;no_matching_plate_pattern
D:/DATN/datasets/raw/roboflow_ocr_plate/train/images/3PlateBaza460_jpg.rf.767cde4e7c82c6521e7cd97da6d96608.jpg,ZG710KS,1,7,False,roboflow_ocr_plate,non_vietnamese_source_image;no_matching_plate_pattern
D:/DATN/datasets/raw/roboflow_ocr_plate/train/images/3PlateBaza461_jpg.rf.2a88ecf9af337f684045315c6289a427.jpg,ZG2424B,1,7,False,roboflow_ocr_plate,non_vietnamese_source_image;valid_only_after_normalizer_correction
D:/DATN/datasets/raw/roboflow_ocr_plate/train/images/3PlateBaza462_jpg.rf.63e3fe5c0db6a74885921546518867d7.jpg,ZG1001D,1,7,False,roboflow_ocr_plate,non_vietnamese_source_image;valid_only_after_normalizer_correction
D:/DATN/datasets/raw/roboflow_ocr_plate/train/images/3PlateBaza464_jpg.rf.208279fe3370403802cfea7b2510e589.jpg,ZG248EB,1,7,False,roboflow_ocr_plate,non_vietnamese_source_image;no_matching_plate_pattern
D:/DATN/datasets/raw/roboflow_ocr_plate/train/images/3PlateBaza468_jpg.rf.458fe563cdb83eb64c56c12672992ab5.jpg,ZG210EH,1,7,False,roboflow_ocr_plate,non_vietnamese_source_image;no_matching_plate_pattern
D:/DATN/datasets/raw/roboflow_ocr_plate/train/images/3PlateBaza469_jpg.rf.53d350616aa6e81afece369f77d4d6d3.jpg,ZG8298F,1,7,False,roboflow_ocr_plate,non_vietnamese_source_image;no_matching_plate_pattern
D:/DATN/datasets/raw/roboflow_ocr_plate/train/images/3PlateBaza472_jpg.rf.34f1c54694456b0be215f617924ace23.jpg,S610AK,1,6,False,roboflow_ocr_plate,non_vietnamese_source_image;no_matching_plate_pattern
D:/DATN/datasets/raw/roboflow_ocr_plate/train/images/3PlateBaza474_jpg.rf.2b8f4fa68b5ec7ce01bd5b94c2b54c5f.jpg,ZG41340,1,7,False,roboflow_ocr_plate,non_vietnamese_source_image;valid_only_after_normalizer_correction
D:/DATN/datasets/raw/roboflow_ocr_plate/train/images/3PlateBaza475_jpg.rf.2393677d1e3a6f8f3812e97f076842c9.jpg,ZG120EL,1,7,False,roboflow_ocr_plate,non_vietnamese_source_image;no_matching_plate_pattern
D:/DATN/datasets/raw/roboflow_ocr_plate/train/images/3PlateBaza481_jpg.rf.14c6759a35906792176586cf9c9179fa.jpg,ZG474DU,1,7,False,roboflow_ocr_plate,non_vietnamese_source_image;no_matching_plate_pattern
D:/DATN/datasets/raw/roboflow_ocr_plate/train/images/3PlateBaza486_jpg.rf.a52e2246bd971a1d6d81c3810746058a.jpg,1201A,1,5,False,roboflow_ocr_plate,only_5_characters;non_vietnamese_source_image;no_matching_plate_pattern
D:/DATN/datasets/raw/roboflow_ocr_plate/train/images/3PlateBaza489_jpg.rf.9bfbca78432180f193a49de02a81bfea.jpg,G776FB,2,6,False,roboflow_ocr_plate,non_vietnamese_source_image;no_matching_plate_pattern
D:/DATN/datasets/raw/roboflow_ocr_plate/train/images/3PlateBaza491_jpg.rf.deb2635005ca357d06a0b1f7ced0bd71.jpg,ZG912CK,1,7,False,roboflow_ocr_plate,non_vietnamese_source_image;no_matching_plate_pattern
D:/DATN/datasets/raw/roboflow_ocr_plate/train/images/3PlateBaza492_jpg.rf.602c4ad812d5e44ec8d797735b252caa.jpg,949GE,1,5,False,roboflow_ocr_plate,only_5_characters;non_vietnamese_source_image;no_matching_plate_pattern
D:/DATN/datasets/raw/roboflow_ocr_plate/train/images/3PlateBaza496_jpg.rf.bd33848b3aa985261e9bea3ce2ac2678.jpg,SK646CA,1,7,False,roboflow_ocr_plate,non_vietnamese_source_image;no_matching_plate_pattern
D:/DATN/datasets/raw/roboflow_ocr_plate/train/images/3PlateBaza497_jpg.rf.80e2f3461d8711b526c34e5260b97811.jpg,ZG293P,1,6,False,roboflow_ocr_plate,non_vietnamese_source_image;no_matching_plate_pattern
D:/DATN/datasets/raw/roboflow_ocr_plate/train/images/3PlateBaza500_jpg.rf.f943c0ba5ff6c10e59b6166161a3d8fe.jpg,580KC,1,5,False,roboflow_ocr_plate,only_5_characters;non_vietnamese_source_image;no_matching_plate_pattern
D:/DATN/datasets/raw/roboflow_ocr_plate/train/images/3xemay1386_jpg.rf.d5b5e628667152b5448e680782c0ad11.jpg,5130737,2,7,False,roboflow_ocr_plate,valid_only_after_normalizer_correction
D:/DATN/datasets/raw/roboflow_ocr_plate/train/images/3xemay1417_jpg.rf.f504a767fdeba77b71d3ba20edae22a7.jpg,51L3D352,2,8,False,roboflow_ocr_plate,valid_only_after_normalizer_correction
D:/DATN/datasets/raw/roboflow_ocr_plate/train/images/3xemay1711_jpg.rf.99f571e83ab9a2f7425559bb06de1494.jpg,5388556,2,7,False,roboflow_ocr_plate,valid_only_after_normalizer_correction
D:/DATN/datasets/raw/roboflow_ocr_plate/train/images/3xemay1734_jpg.rf.c55133cd3de17fd77bf35efa2916bfb9.jpg,5447039,2,7,False,roboflow_ocr_plate,valid_only_after_normalizer_correction
D:/DATN/datasets/raw/roboflow_ocr_plate/train/images/3xemay1986_jpg.rf.176dbecb523231684ac5904b9dfb13f2.jpg,7ZE101515,2,9,False,roboflow_ocr_plate,valid_only_after_normalizer_correction
D:/DATN/datasets/raw/roboflow_ocr_plate/train/images/3xemay448_jpg.rf.1e502a2844b4df530eb12d79d8753d7e.jpg,5388556,2,7,False,roboflow_ocr_plate,valid_only_after_normalizer_correction
D:/DATN/datasets/raw/roboflow_ocr_plate/train/images/3xemay511_jpg.rf.54cba5288559617e0bb3c48cd1130acc.jpg,4714301,2,7,False,roboflow_ocr_plate,valid_only_after_normalizer_correction
D:/DATN/datasets/raw/roboflow_ocr_plate/train/images/3xemay600_jpg.rf.754d5ae54e0a7ce02c47e80d38434547.jpg,5424924,2,7,False,roboflow_ocr_plate,valid_only_after_normalizer_correction
D:/DATN/datasets/raw/roboflow_ocr_plate/train/images/3xemay80_jpg.rf.4e4dbc244a4761108cbfacf78966ed4f.jpg,5156273,2,7,False,roboflow_ocr_plate,valid_only_after_normalizer_correction
D:/DATN/datasets/raw/roboflow_ocr_plate/train/images/4CarLongPlate357_jpg.rf.b6d3596aecefc730047e6901f90acaa9.jpg,1G49524,1,7,False,roboflow_ocr_plate,valid_only_after_normalizer_correction
D:/DATN/datasets/raw/roboflow_ocr_plate/train/images/4CarLongPlate525_jpg.rf.a2e668f544b52a9782394d6b5c6165f2.jpg,G47281,1,6,False,roboflow_ocr_plate,no_matching_plate_pattern
D:/DATN/datasets/raw/roboflow_ocr_plate/train/images/4CarLongPlate714_jpg.rf.4fb78e1bc6ec5a6dec3fc587eee80734.jpg,1F44614,1,7,False,roboflow_ocr_plate,no_matching_plate_pattern
D:/DATN/datasets/raw/roboflow_ocr_plate/train/images/4CarLongPlate781_jpg.rf.cbc65f26e541fdf2e9604334ce030db6.jpg,G01177,1,6,False,roboflow_ocr_plate,no_matching_plate_pattern
D:/DATN/datasets/raw/roboflow_ocr_plate/train/images/4PlateBaza108_jpg.rf.f97b155069704171373ad45f7d801a1f.jpg,DU732CH,1,7,False,roboflow_ocr_plate,non_vietnamese_source_image;no_matching_plate_pattern
D:/DATN/datasets/raw/roboflow_ocr_plate/train/images/4PlateBaza113_jpg.rf.a60504fe7aab2fe9dc3d479309d7bd29.jpg,DU190CE,1,7,False,roboflow_ocr_plate,non_vietnamese_source_image;no_matching_plate_pattern
D:/DATN/datasets/raw/roboflow_ocr_plate/train/images/4PlateBaza132_jpg.rf.5ed5bd3d6efcfeaf5bf51885b39a275f.jpg,VK750A,1,6,False,roboflow_ocr_plate,non_vietnamese_source_image;no_matching_plate_pattern
D:/DATN/datasets/raw/roboflow_ocr_plate/train/images/4PlateBaza137_jpg.rf.12db3871a3f83f3e87bca5333ef27af1.jpg,SD268BZ,1,7,False,roboflow_ocr_plate,non_vietnamese_source_image;valid_only_after_normalizer_correction
D:/DATN/datasets/raw/roboflow_ocr_plate/train/images/4PlateBaza153_jpg.rf.20f1232927ef9e7530014d306d44711b.jpg,K988AP,1,6,False,roboflow_ocr_plate,non_vietnamese_source_image;no_matching_plate_pattern
D:/DATN/datasets/raw/roboflow_ocr_plate/train/images/4PlateBaza23_jpg.rf.92fb84df53146a6bb34bd79bc7a9131b.jpg,DU748BH,1,7,False,roboflow_ocr_plate,non_vietnamese_source_image;no_matching_plate_pattern
D:/DATN/datasets/raw/roboflow_ocr_plate/train/images/4PlateBaza31_jpg.rf.deda33690e1af5e91ed0d314195cb830.jpg,ZG763VE,1,7,False,roboflow_ocr_plate,non_vietnamese_source_image;no_matching_plate_pattern
D:/DATN/datasets/raw/roboflow_ocr_plate/train/images/4xemay1975_jpg.rf.e19f1439acb0e9ef4ae9d753670e52cb.jpg,5V187754,2,8,False,roboflow_ocr_plate,no_matching_plate_pattern
D:/DATN/datasets/raw/roboflow_ocr_plate/train/images/4xemay2016_jpg.rf.99a2b3905ca40ed232eb66476da6d8be.jpg,54614469,2,8,False,roboflow_ocr_plate,valid_only_after_normalizer_correction
D:/DATN/datasets/raw/roboflow_ocr_plate/train/images/4xemay2047_jpg.rf.b94847513bddddd035e4df72ae9e41b1.jpg,9D801179,2,8,False,roboflow_ocr_plate,valid_only_after_normalizer_correction
D:/DATN/datasets/raw/roboflow_ocr_plate/train/images/4xemay2128_jpg.rf.74a207fd47f62bff0fb125f7ebaf48b9.jpg,53288556,2,8,False,roboflow_ocr_plate,valid_only_after_normalizer_correction
D:/DATN/datasets/raw/roboflow_ocr_plate/train/images/4xemay2156_jpg.rf.6ae6ebb2af3353194664d321e04ebd09.jpg,09K107320,2,9,False,roboflow_ocr_plate,no_matching_plate_pattern
D:/DATN/datasets/raw/roboflow_ocr_plate/train/images/4xemay2173_jpg.rf.ef2f897f74c7053647fddf90c8962804.jpg,5156273,2,7,False,roboflow_ocr_plate,valid_only_after_normalizer_correction
D:/DATN/datasets/raw/roboflow_ocr_plate/train/images/4xemay2199_jpg.rf.61076f41edec2d357b924869e02ecf6d.jpg,4714301,2,7,False,roboflow_ocr_plate,valid_only_after_normalizer_correction
D:/DATN/datasets/raw/roboflow_ocr_plate/train/images/4xemay2298_jpg.rf.a3e8e2ac84850195a523ceed929f87fb.jpg,5424924,2,7,False,roboflow_ocr_plate,valid_only_after_normalizer_correction
D:/DATN/datasets/raw/roboflow_ocr_plate/train/images/4xemay2301_jpg.rf.75e812e1d5535970870ec730dbb378d6.jpg,6H117550,2,8,False,roboflow_ocr_plate,no_matching_plate_pattern
D:/DATN/datasets/raw/roboflow_ocr_plate/train/images/4xemay2360_jpg.rf.5dbd1b512365cbabe9bb18b85a965bb0.jpg,6422733,2,7,False,roboflow_ocr_plate,valid_only_after_normalizer_correction
D:/DATN/datasets/raw/roboflow_ocr_plate/train/images/4xemay2362_jpg.rf.5c9fcd57769b4066c5a3f303000471b5.jpg,04K34900,2,8,False,roboflow_ocr_plate,no_matching_plate_pattern
D:/DATN/datasets/raw/roboflow_ocr_plate/train/images/5CarLongPlate310_jpg.rf.e63fffb3301a8e0a32515b31e008f78e.jpg,1F57493,1,7,False,roboflow_ocr_plate,no_matching_plate_pattern
D:/DATN/datasets/raw/roboflow_ocr_plate/train/images/5CarLongPlate518_jpg.rf.70313595dd70038513d184bddd12c17d.jpg,0LD04411,1,8,False,roboflow_ocr_plate,no_matching_plate_pattern
D:/DATN/datasets/raw/roboflow_ocr_plate/train/images/5PlateBaza167_jpg.rf.02776a49a1af414b4e203323b51d4d03.jpg,FBE182,1,6,False,roboflow_ocr_plate,non_vietnamese_source_image;no_matching_plate_pattern
D:/DATN/datasets/raw/roboflow_ocr_plate/train/images/5PlateBaza192_jpg.rf.bbc345174fbdc859949082b499668698.jpg,698AHB,2,6,False,roboflow_ocr_plate,non_vietnamese_source_image;no_matching_plate_pattern
D:/DATN/datasets/raw/roboflow_ocr_plate/train/images/5PlateBaza215_jpg.rf.1a733e4bf0719b57a7c1c4a2c7bb6f2f.jpg,ZGG632L,1,7,False,roboflow_ocr_plate,non_vietnamese_source_image;valid_only_after_normalizer_correction
D:/DATN/datasets/raw/roboflow_ocr_plate/train/images/5PlateBaza217_jpg.rf.7f4c8ceeb713a61050f9a4b5fd4f3955.jpg,ZG050DD,1,7,False,roboflow_ocr_plate,non_vietnamese_source_image;valid_only_after_normalizer_correction
D:/DATN/datasets/raw/roboflow_ocr_plate/train/images/5PlateBaza219_jpg.rf.941c65336828a1a0d828fe425e729bef.jpg,ZG3254D,1,7,False,roboflow_ocr_plate,non_vietnamese_source_image;valid_only_after_normalizer_correction
D:/DATN/datasets/raw/roboflow_ocr_plate/train/images/5PlateBaza223_jpg.rf.c5f759c5e02d5a8f980ab5d0e391e0c1.jpg,ZG9267AD,1,8,False,roboflow_ocr_plate,non_vietnamese_source_image;no_matching_plate_pattern
D:/DATN/datasets/raw/roboflow_ocr_plate/train/images/5PlateBaza270_jpg.rf.c3308c4c34625fbb148b2f4e21ab004d.jpg,ZG7029M,1,7,False,roboflow_ocr_plate,non_vietnamese_source_image;no_matching_plate_pattern
D:/DATN/datasets/raw/roboflow_ocr_plate/train/images/5PlateBaza283_jpg.rf.b6e7c4afb8a2bfc1a9c0f9e2b8b2a043.jpg,ZG6304H,1,7,False,roboflow_ocr_plate,non_vietnamese_source_image;no_matching_plate_pattern
D:/DATN/datasets/raw/roboflow_ocr_plate/train/images/5PlateBaza296_jpg.rf.1fba12da4e876836c0bd5f7164ecf23f.jpg,ZG4208,2,6,False,roboflow_ocr_plate,non_vietnamese_source_image;no_matching_plate_pattern
D:/DATN/datasets/raw/roboflow_ocr_plate/train/images/5PlateBaza298_jpg.rf.8b4a65bf518ce0654443f20284d2a7f9.jpg,ZG5031AE,1,8,False,roboflow_ocr_plate,non_vietnamese_source_image;no_matching_plate_pattern
D:/DATN/datasets/raw/roboflow_ocr_plate/train/images/5PlateBaza333_jpg.rf.2aecd798f35584bc893af904a2bd5ec6.jpg,0S001GS,1,7,False,roboflow_ocr_plate,non_vietnamese_source_image;no_matching_plate_pattern
D:/DATN/datasets/raw/roboflow_ocr_plate/train/images/5PlateBaza342_jpg.rf.49d04391449b64c13817371081f0f5b6.jpg,BMVB939,1,7,False,roboflow_ocr_plate,non_vietnamese_source_image;no_matching_plate_pattern
D:/DATN/datasets/raw/roboflow_ocr_plate/train/images/5PlateBaza343_jpg.rf.4231b7317e358afe5731a204bac498cb.jpg,KKH5122,1,7,False,roboflow_ocr_plate,non_vietnamese_source_image;no_matching_plate_pattern
D:/DATN/datasets/raw/roboflow_ocr_plate/train/images/5PlateBaza352_jpg.rf.041c1d2fe0ce1036c5180e9877192b7e.jpg,0G5010,1,6,False,roboflow_ocr_plate,non_vietnamese_source_image;no_matching_plate_pattern
D:/DATN/datasets/raw/roboflow_ocr_plate/train/images/5PlateBaza36_jpg.rf.4ffd8bfc86bc3a2ca53f9cbdb9b866c0.jpg,ZG8000Z,1,7,False,roboflow_ocr_plate,non_vietnamese_source_image;valid_only_after_normalizer_correction
D:/DATN/datasets/raw/roboflow_ocr_plate/train/images/5PlateBaza427_jpg.rf.ff61ae67324e945a3428b5a5462e0edd.jpg,ZG3710AL,1,8,False,roboflow_ocr_plate,non_vietnamese_source_image;valid_only_after_normalizer_correction
D:/DATN/datasets/raw/roboflow_ocr_plate/train/images/5PlateBaza42_jpg.rf.91906071933988a9d6878b623f1d42e5.jpg,S771AE,1,6,False,roboflow_ocr_plate,non_vietnamese_source_image;no_matching_plate_pattern
D:/DATN/datasets/raw/roboflow_ocr_plate/train/images/5PlateBaza431_jpg.rf.e6eb77c94e53bf1a05a2eb5690b2ea68.jpg,ZG106LU,1,7,False,roboflow_ocr_plate,non_vietnamese_source_image;no_matching_plate_pattern
D:/DATN/datasets/raw/roboflow_ocr_plate/train/images/5PlateBaza449_jpg.rf.a142992b442c73411a5a37d70cbf8f43.jpg,B286BM,1,6,False,roboflow_ocr_plate,non_vietnamese_source_image;no_matching_plate_pattern
D:/DATN/datasets/raw/roboflow_ocr_plate/train/images/5PlateBaza467_jpg.rf.322c7a3664fbba0648e5a9b3c72dfd32.jpg,ZG655SC,1,7,False,roboflow_ocr_plate,non_vietnamese_source_image;no_matching_plate_pattern
D:/DATN/datasets/raw/roboflow_ocr_plate/train/images/5PlateBaza479_jpg.rf.97eb6e6bdfb0677bf57c77301926301b.jpg,VU271K,1,6,False,roboflow_ocr_plate,non_vietnamese_source_image;no_matching_plate_pattern
D:/DATN/datasets/raw/roboflow_ocr_plate/train/images/5xemay1030_jpg.rf.20968a86a0903949ae4968e685602479.jpg,5430018,2,7,False,roboflow_ocr_plate,valid_only_after_normalizer_correction
D:/DATN/datasets/raw/roboflow_ocr_plate/train/images/5xemay204_jpg.rf.e504a627835f1e08331dc7ce8004df99.jpg,5B131149,2,8,False,roboflow_ocr_plate,valid_only_after_normalizer_correction
D:/DATN/datasets/raw/roboflow_ocr_plate/train/images/5xemay2470_jpg.rf.0aa0e7873c7880eca432787f6fcd3898.jpg,5156273,2,7,False,roboflow_ocr_plate,valid_only_after_normalizer_correction
D:/DATN/datasets/raw/roboflow_ocr_plate/train/images/5xemay48_jpg.rf.27809441ba7ba4a42453f6023c3c477f.jpg,5156273,2,7,False,roboflow_ocr_plate,valid_only_after_normalizer_correction
D:/DATN/datasets/raw/roboflow_ocr_plate/train/images/6CarLongPlate11_jpg.rf.49c7c55f67785194efe7605894048f03.jpg,5F22261,1,7,False,roboflow_ocr_plate,no_matching_plate_pattern
D:/DATN/datasets/raw/roboflow_ocr_plate/train/images/6PlateBaza117_jpg.rf.93fe9a500bebe6cf36e99f57b71c7383.jpg,PU938CE,2,7,False,roboflow_ocr_plate,non_vietnamese_source_image;no_matching_plate_pattern
D:/DATN/datasets/raw/roboflow_ocr_plate/train/images/6PlateBaza189_jpg.rf.bf0f69beab2254695c7e1a41661c8788.jpg,D94AAE,1,6,False,roboflow_ocr_plate,non_vietnamese_source_image;no_matching_plate_pattern
D:/DATN/datasets/raw/roboflow_ocr_plate/train/images/6PlateBaza196_jpg.rf.9914aa35817b4559fae3c3312a708e8d.jpg,ZG312VZ,1,7,False,roboflow_ocr_plate,non_vietnamese_source_image;no_matching_plate_pattern
D:/DATN/datasets/raw/roboflow_ocr_plate/train/images/6PlateBaza202_jpg.rf.52dfb418866bbbfffc2c00ff4b4d259c.jpg,GP442,1,5,False,roboflow_ocr_plate,only_5_characters;non_vietnamese_source_image;no_matching_plate_pattern
D:/DATN/datasets/raw/roboflow_ocr_plate/train/images/6PlateBaza213_jpg.rf.d8b021c02c41c4dc6541c5d7c8c48ffa.jpg,ZG9807E,1,7,False,roboflow_ocr_plate,non_vietnamese_source_image;no_matching_plate_pattern
D:/DATN/datasets/raw/roboflow_ocr_plate/train/images/6PlateBaza227_jpg.rf.288f7b4503eecdd841c50d0e0af8c881.jpg,KA570CD,1,7,False,roboflow_ocr_plate,non_vietnamese_source_image;no_matching_plate_pattern
D:/DATN/datasets/raw/roboflow_ocr_plate/train/images/6PlateBaza233_jpg.rf.e5bd108e51d26efeb847acc7dee4b5c4.jpg,ZG9353AA,1,8,False,roboflow_ocr_plate,non_vietnamese_source_image;no_matching_plate_pattern
D:/DATN/datasets/raw/roboflow_ocr_plate/train/images/6PlateBaza263_jpg.rf.3b7878b732b0f8bb1d22b27598df184e.jpg,ZG348C,1,6,False,roboflow_ocr_plate,non_vietnamese_source_image;no_matching_plate_pattern
D:/DATN/datasets/raw/roboflow_ocr_plate/train/images/6PlateBaza269_jpg.rf.1e4aa36eb0aa605bca7fb55d713badee.jpg,ZG8941N,1,7,False,roboflow_ocr_plate,non_vietnamese_source_image;no_matching_plate_pattern
D:/DATN/datasets/raw/roboflow_ocr_plate/train/images/6PlateBaza282_jpg.rf.6ff99abaec7c6f6bdddf781f7487df50.jpg,ZG977TT,1,7,False,roboflow_ocr_plate,non_vietnamese_source_image;no_matching_plate_pattern
D:/DATN/datasets/raw/roboflow_ocr_plate/train/images/6PlateBaza285_jpg.rf.05277dac1f3955299d907927faf61a79.jpg,PZ898A0,1,7,False,roboflow_ocr_plate,non_vietnamese_source_image;no_matching_plate_pattern
D:/DATN/datasets/raw/roboflow_ocr_plate/train/images/6PlateBaza306_jpg.rf.0d1c6949e1e1dc32d7d35f1ae71ed8df.jpg,GS592AC,1,7,False,roboflow_ocr_plate,non_vietnamese_source_image;no_matching_plate_pattern
D:/DATN/datasets/raw/roboflow_ocr_plate/train/images/6PlateBaza334_jpg.rf.728f644f64f3d50770aecdac895eaade.jpg,ZG715FB,2,7,False,roboflow_ocr_plate,non_vietnamese_source_image;no_matching_plate_pattern
D:/DATN/datasets/raw/roboflow_ocr_plate/train/images/6PlateBaza347_jpg.rf.f1a32ed92a44f18a561c45077d460ff7.jpg,ZG9043B,1,7,False,roboflow_ocr_plate,non_vietnamese_source_image;no_matching_plate_pattern
D:/DATN/datasets/raw/roboflow_ocr_plate/train/images/6PlateBaza379_jpg.rf.cc5136258c0a2622718ec9f35c6a3276.jpg,ZG636G,1,6,False,roboflow_ocr_plate,non_vietnamese_source_image;no_matching_plate_pattern
D:/DATN/datasets/raw/roboflow_ocr_plate/train/images/6PlateBaza38_jpg.rf.c34e4c0893a954787759c7e321dd4d42.jpg,ZG162LC,2,7,False,roboflow_ocr_plate,non_vietnamese_source_image;no_matching_plate_pattern
D:/DATN/datasets/raw/roboflow_ocr_plate/train/images/6PlateBaza404_jpg.rf.cc4fca81d5633e9f697c71dd210b0407.jpg,FMG547,1,6,False,roboflow_ocr_plate,non_vietnamese_source_image;no_matching_plate_pattern
D:/DATN/datasets/raw/roboflow_ocr_plate/train/images/6PlateBaza413_jpg.rf.65a386ababe5424011c9ef925b9cccc7.jpg,ZG3209F,2,7,False,roboflow_ocr_plate,non_vietnamese_source_image;no_matching_plate_pattern
D:/DATN/datasets/raw/roboflow_ocr_plate/train/images/6PlateBaza484_jpg.rf.0283e999b222ee1631fc9bd21b60bffc.jpg,393BD,1,5,False,roboflow_ocr_plate,only_5_characters;non_vietnamese_source_image;no_matching_plate_pattern
D:/DATN/datasets/raw/roboflow_ocr_plate/train/images/6PlateBaza505_jpg.rf.ae0ed62944cae9220b980279803d217a.jpg,ZG270B,2,6,False,roboflow_ocr_plate,non_vietnamese_source_image;no_matching_plate_pattern
D:/DATN/datasets/raw/roboflow_ocr_plate/train/images/6xemay397_jpg.rf.e36dac7ed1a9ae5b4b4bdcb6e9a48d4f.jpg,N65519,2,6,False,roboflow_ocr_plate,no_matching_plate_pattern
D:/DATN/datasets/raw/roboflow_ocr_plate/train/images/6xemay485_jpg.rf.5318b79fba866fb99fd462f65112e80a.jpg,B537011,2,7,False,roboflow_ocr_plate,valid_only_after_normalizer_correction
D:/DATN/datasets/raw/roboflow_ocr_plate/train/images/6xemay632_jpg.rf.2ae451d4f7bca72d267fca83453b276a.jpg,5350201,2,7,False,roboflow_ocr_plate,valid_only_after_normalizer_correction
D:/DATN/datasets/raw/roboflow_ocr_plate/train/images/8PlateBaza276_jpg.rf.02084fb64fafe1a954d1e2b09064c693.jpg,HZG4932S,1,8,False,roboflow_ocr_plate,non_vietnamese_source_image;no_matching_plate_pattern
D:/DATN/datasets/raw/roboflow_ocr_plate/train/images/8PlateBaza302_jpg.rf.89ce016b2c91433f58c5aeb04f217e4d.jpg,ZG961EG,1,7,False,roboflow_ocr_plate,non_vietnamese_source_image;no_matching_plate_pattern
D:/DATN/datasets/raw/roboflow_ocr_plate/train/images/8PlateBaza499_jpg.rf.60bca89e268ce3af395b019fc19f6e30.jpg,NG179AC,1,7,False,roboflow_ocr_plate,non_vietnamese_source_image;no_matching_plate_pattern
D:/DATN/datasets/raw/roboflow_ocr_plate/train/images/iwt10_jpg.rf.077b9ec02a5b16ad7ef237653801545b.jpg,9B52145,1,7,False,roboflow_ocr_plate,non_vietnamese_source_image;valid_only_after_normalizer_correction
D:/DATN/datasets/raw/roboflow_ocr_plate/train/images/iwt110_jpg.rf.350efd2eb82e17ff5aba0a54d65aa1bb.jpg,BV6411,1,6,False,roboflow_ocr_plate,non_vietnamese_source_image;no_matching_plate_pattern
D:/DATN/datasets/raw/roboflow_ocr_plate/train/images/iwt111_jpg.rf.1096e45458efc310879afc4de888254d.jpg,8B79697,1,7,False,roboflow_ocr_plate,non_vietnamese_source_image;valid_only_after_normalizer_correction
D:/DATN/datasets/raw/roboflow_ocr_plate/train/images/iwt112_jpg.rf.0452db8133dd63103c4228e57cd8ebe4.jpg,BV6411,1,6,False,roboflow_ocr_plate,non_vietnamese_source_image;no_matching_plate_pattern
D:/DATN/datasets/raw/roboflow_ocr_plate/train/images/iwt113_jpg.rf.2739620cf62f30fe136d67bfcac5e70c.jpg,1B94686,1,7,False,roboflow_ocr_plate,non_vietnamese_source_image;no_matching_plate_pattern
D:/DATN/datasets/raw/roboflow_ocr_plate/train/images/iwt114_jpg.rf.3853732e81cec32f1d9d1746cbacc219.jpg,4B83940,1,7,False,roboflow_ocr_plate,non_vietnamese_source_image;valid_only_after_normalizer_correction
D:/DATN/datasets/raw/roboflow_ocr_plate/train/images/iwt115_jpg.rf.bae0815134e27243e3f73edc16fb8224.jpg,4B83940,1,7,False,roboflow_ocr_plate,non_vietnamese_source_image;valid_only_after_normalizer_correction
D:/DATN/datasets/raw/roboflow_ocr_plate/train/images/iwt116_jpg.rf.177b8061fb10b0db4763e2a70fdcd551.jpg,4B27433,1,7,False,roboflow_ocr_plate,non_vietnamese_source_image;valid_only_after_normalizer_correction
D:/DATN/datasets/raw/roboflow_ocr_plate/train/images/iwt117_jpg.rf.98b3b89408c72ad5218e3400560ff71a.jpg,5B29737,1,7,False,roboflow_ocr_plate,non_vietnamese_source_image;valid_only_after_normalizer_correction
D:/DATN/datasets/raw/roboflow_ocr_plate/train/images/iwt118_jpg.rf.2f014319a969e1724f675b5085f951ed.jpg,8B88391,1,7,False,roboflow_ocr_plate,non_vietnamese_source_image;valid_only_after_normalizer_correction
D:/DATN/datasets/raw/roboflow_ocr_plate/train/images/iwt119_jpg.rf.8b8e3c4d30fe1503a4c6d18c135b50be.jpg,5B28893,1,7,False,roboflow_ocr_plate,non_vietnamese_source_image;valid_only_after_normalizer_correction
D:/DATN/datasets/raw/roboflow_ocr_plate/train/images/iwt11_jpg.rf.dafa6a8af8392b4c3aa414ecee70e5cd.jpg,6B94558,1,7,False,roboflow_ocr_plate,non_vietnamese_source_image;no_matching_plate_pattern
D:/DATN/datasets/raw/roboflow_ocr_plate/train/images/iwt12_jpg.rf.691595ca1a5dd7b9b9ec051d82b87b25.jpg,CZ8B90164,1,9,False,roboflow_ocr_plate,non_vietnamese_source_image;no_matching_plate_pattern
D:/DATN/datasets/raw/roboflow_ocr_plate/train/images/iwt14_jpg.rf.358482b567950f1d5ea707afc4d655ea.jpg,8B79697,1,7,False,roboflow_ocr_plate,non_vietnamese_source_image;valid_only_after_normalizer_correction
D:/DATN/datasets/raw/roboflow_ocr_plate/train/images/iwt15_jpg.rf.1cf62e1d80907d9369067842d0317e45.jpg,8B90164,1,7,False,roboflow_ocr_plate,non_vietnamese_source_image;no_matching_plate_pattern
D:/DATN/datasets/raw/roboflow_ocr_plate/train/images/iwt16_jpg.rf.190494f60470c01858dad1d674ca1cca.jpg,5B11181,1,7,False,roboflow_ocr_plate,non_vietnamese_source_image;valid_only_after_normalizer_correction
D:/DATN/datasets/raw/roboflow_ocr_plate/train/images/iwt17_jpg.rf.41e403437e436f35e0613ff0d9a19e17.jpg,5Z40181,1,7,False,roboflow_ocr_plate,non_vietnamese_source_image;valid_only_after_normalizer_correction
D:/DATN/datasets/raw/roboflow_ocr_plate/train/images/iwt18_jpg.rf.c92b0bb21ab08d4bb4978fa7a1220dc9.jpg,2B20174,1,7,False,roboflow_ocr_plate,non_vietnamese_source_image;valid_only_after_normalizer_correction
D:/DATN/datasets/raw/roboflow_ocr_plate/train/images/iwt19_jpg.rf.fb93876db10c2de75d6cef02d949dbc2.jpg,1B76462,1,7,False,roboflow_ocr_plate,non_vietnamese_source_image;valid_only_after_normalizer_correction
D:/DATN/datasets/raw/roboflow_ocr_plate/train/images/iwt20_jpg.rf.60849d6cfe77cc39c474dc594539f9ec.jpg,5C48306,1,7,False,roboflow_ocr_plate,non_vietnamese_source_image;no_matching_plate_pattern
D:/DATN/datasets/raw/roboflow_ocr_plate/train/images/iwt210_jpg.rf.4989f7a85a05e1d2b3c669662758bcef.jpg,8B02173,1,7,False,roboflow_ocr_plate,non_vietnamese_source_image;valid_only_after_normalizer_correction
D:/DATN/datasets/raw/roboflow_ocr_plate/train/images/iwt211_jpg.rf.7ba792f333751fe99bd1023fcc2ec7ef.jpg,7B10307,1,7,False,roboflow_ocr_plate,non_vietnamese_source_image;valid_only_after_normalizer_correction
D:/DATN/datasets/raw/roboflow_ocr_plate/train/images/iwt213_jpg.rf.87e7b44e10ceaa87c89686280a781f13.jpg,7B91102,1,7,False,roboflow_ocr_plate,non_vietnamese_source_image;no_matching_plate_pattern
D:/DATN/datasets/raw/roboflow_ocr_plate/train/images/iwt214_jpg.rf.3ed4731cf7ff221a5e36448d9f57c512.jpg,1AT5828,1,7,False,roboflow_ocr_plate,non_vietnamese_source_image;valid_only_after_normalizer_correction
D:/DATN/datasets/raw/roboflow_ocr_plate/train/images/iwt215_jpg.rf.608b61e9e2e075b63ff8e99bf3feb23d.jpg,7B14349,1,7,False,roboflow_ocr_plate,non_vietnamese_source_image;valid_only_after_normalizer_correction
D:/DATN/datasets/raw/roboflow_ocr_plate/train/images/iwt216_jpg.rf.5b94a9422e7276cd67f736a1d6550c7a.jpg,4M98681,1,7,False,roboflow_ocr_plate,non_vietnamese_source_image;no_matching_plate_pattern
D:/DATN/datasets/raw/roboflow_ocr_plate/train/images/iwt217_jpg.rf.68e3a77768c99f416387dcbd2836f19d.jpg,2B17515,1,7,False,roboflow_ocr_plate,non_vietnamese_source_image;valid_only_after_normalizer_correction
D:/DATN/datasets/raw/roboflow_ocr_plate/train/images/iwt218_jpg.rf.48c20fe39c950cc861f76424665825e1.jpg,88,1,2,False,roboflow_ocr_plate,only_2_characters;non_vietnamese_source_image;no_matching_plate_pattern
D:/DATN/datasets/raw/roboflow_ocr_plate/train/images/iwt219_jpg.rf.33604b97317da07d063847e110a2caff.jpg,9B38368,1,7,False,roboflow_ocr_plate,non_vietnamese_source_image;valid_only_after_normalizer_correction
D:/DATN/datasets/raw/roboflow_ocr_plate/train/images/iwt21_jpg.rf.7f7699f93a01aee538526d48774832f7.jpg,3B38140,1,7,False,roboflow_ocr_plate,non_vietnamese_source_image;valid_only_after_normalizer_correction
D:/DATN/datasets/raw/roboflow_ocr_plate/train/images/iwt220_jpg.rf.44691907a7b9979085652dd1845f1295.jpg,8B71401,1,7,False,roboflow_ocr_plate,non_vietnamese_source_image;valid_only_after_normalizer_correction
D:/DATN/datasets/raw/roboflow_ocr_plate/train/images/iwt221_jpg.rf.9cd16dd121118c6e2405dbe3349ebfff.jpg,4B20737,1,7,False,roboflow_ocr_plate,non_vietnamese_source_image;valid_only_after_normalizer_correction
D:/DATN/datasets/raw/roboflow_ocr_plate/train/images/iwt224_jpg.rf.3e534618c88c84babd108f03d422194b.jpg,1BC4146,1,7,False,roboflow_ocr_plate,non_vietnamese_source_image;valid_only_after_normalizer_correction
D:/DATN/datasets/raw/roboflow_ocr_plate/train/images/iwt225_jpg.rf.ae0a696dba86764eda6a65f943255211.jpg,5B77655,1,7,False,roboflow_ocr_plate,non_vietnamese_source_image;valid_only_after_normalizer_correction
D:/DATN/datasets/raw/roboflow_ocr_plate/train/images/iwt227_jpg.rf.b407bb0c0f1bd7819f19a2564f289960.jpg,BZP2087,1,7,False,roboflow_ocr_plate,non_vietnamese_source_image;valid_only_after_normalizer_correction
D:/DATN/datasets/raw/roboflow_ocr_plate/train/images/iwt228_jpg.rf.756c5a216772776e821ea9d21dca7b55.jpg,5C93988,1,7,False,roboflow_ocr_plate,non_vietnamese_source_image;no_matching_plate_pattern
D:/DATN/datasets/raw/roboflow_ocr_plate/train/images/iwt229_jpg.rf.5ed653add2e2fd87f94ec0b8f7149c54.jpg,2B65055,1,7,False,roboflow_ocr_plate,non_vietnamese_source_image;valid_only_after_normalizer_correction
D:/DATN/datasets/raw/roboflow_ocr_plate/train/images/iwt22_jpg.rf.be9197b6f87b57553efd1478c3c6f564.jpg,4B10036,1,7,False,roboflow_ocr_plate,non_vietnamese_source_image;valid_only_after_normalizer_correction
D:/DATN/datasets/raw/roboflow_ocr_plate/train/images/iwt230_jpg.rf.2139eb08fd7b56a94272222122cbb291.jpg,3A0851,1,6,False,roboflow_ocr_plate,non_vietnamese_source_image;no_matching_plate_pattern
D:/DATN/datasets/raw/roboflow_ocr_plate/train/images/iwt231_jpg.rf.47e4f09fa73ce6f3048e85eeb8b15c5b.jpg,8,1,1,False,roboflow_ocr_plate,only_1_characters;non_vietnamese_source_image;no_matching_plate_pattern
D:/DATN/datasets/raw/roboflow_ocr_plate/train/images/iwt232_jpg.rf.ffa68835ffd8de88410b3a4f9447fcf0.jpg,7B11859,1,7,False,roboflow_ocr_plate,non_vietnamese_source_image;valid_only_after_normalizer_correction
D:/DATN/datasets/raw/roboflow_ocr_plate/train/images/iwt233_jpg.rf.c5a2722f7e0f941a2e9f9d33fb6866b5.jpg,3A0851,1,6,False,roboflow_ocr_plate,non_vietnamese_source_image;no_matching_plate_pattern
D:/DATN/datasets/raw/roboflow_ocr_plate/train/images/iwt234_jpg.rf.c712ceeb8fe40bf82775943b81942c97.jpg,8B23170,1,7,False,roboflow_ocr_plate,non_vietnamese_source_image;valid_only_after_normalizer_correction
D:/DATN/datasets/raw/roboflow_ocr_plate/train/images/iwt235_jpg.rf.1b06ac14fae6265528e69dc20ab62626.jpg,9B84391,1,7,False,roboflow_ocr_plate,non_vietnamese_source_image;valid_only_after_normalizer_correction
D:/DATN/datasets/raw/roboflow_ocr_plate/train/images/iwt236_jpg.rf.a13823e6b3fb0ae630f45e252e49f135.jpg,2B13579,1,7,False,roboflow_ocr_plate,non_vietnamese_source_image;valid_only_after_normalizer_correction
D:/DATN/datasets/raw/roboflow_ocr_plate/train/images/iwt237_jpg.rf.7027b89610115f81de8d04b9b000b801.jpg,5B08436,1,7,False,roboflow_ocr_plate,non_vietnamese_source_image;valid_only_after_normalizer_correction
D:/DATN/datasets/raw/roboflow_ocr_plate/train/images/iwt238_jpg.rf.a6e8493c1d1c78880b86003d12b03c9c.jpg,4AF9553,1,7,False,roboflow_ocr_plate,non_vietnamese_source_image;no_matching_plate_pattern
D:/DATN/datasets/raw/roboflow_ocr_plate/train/images/iwt239_jpg.rf.ef772661ee71f91a1f780077b2589fe9.jpg,2B52539,1,7,False,roboflow_ocr_plate,non_vietnamese_source_image;valid_only_after_normalizer_correction
D:/DATN/datasets/raw/roboflow_ocr_plate/train/images/iwt23_jpg.rf.20793218655f1f8dea4cf90650e8640d.jpg,1BD0673,1,7,False,roboflow_ocr_plate,non_vietnamese_source_image;valid_only_after_normalizer_correction
D:/DATN/datasets/raw/roboflow_ocr_plate/train/images/iwt240_jpg.rf.e656ccc7412320bb948544cb2cdcc48b.jpg,7B00844,1,7,False,roboflow_ocr_plate,non_vietnamese_source_image;valid_only_after_normalizer_correction
D:/DATN/datasets/raw/roboflow_ocr_plate/train/images/iwt241_jpg.rf.128d07bb45599adc66f2be54c0ee6964.jpg,6B68384,1,7,False,roboflow_ocr_plate,non_vietnamese_source_image;valid_only_after_normalizer_correction
D:/DATN/datasets/raw/roboflow_ocr_plate/train/images/iwt242_jpg.rf.b9b08f52991b214b0a0d7ae721bb126b.jpg,7B15714,1,7,False,roboflow_ocr_plate,non_vietnamese_source_image;valid_only_after_normalizer_correction
D:/DATN/datasets/raw/roboflow_ocr_plate/train/images/iwt243_jpg.rf.0c790266e721a11544b3212c114d837f.jpg,7B29430,1,7,False,roboflow_ocr_plate,non_vietnamese_source_image;valid_only_after_normalizer_correction
D:/DATN/datasets/raw/roboflow_ocr_plate/train/images/iwt244_jpg.rf.545560a1bd1324c1de9bde2095c4f9af.jpg,7B61623,1,7,False,roboflow_ocr_plate,non_vietnamese_source_image;valid_only_after_normalizer_correction
D:/DATN/datasets/raw/roboflow_ocr_plate/train/images/iwt245_jpg.rf.daf4dad947d9da4318021900879d0fd0.jpg,2B89928,1,7,False,roboflow_ocr_plate,non_vietnamese_source_image;valid_only_after_normalizer_correction
D:/DATN/datasets/raw/roboflow_ocr_plate/train/images/iwt246_jpg.rf.3796a77c48e37da777eb5ab0064a20ad.jpg,6B67033,1,7,False,roboflow_ocr_plate,non_vietnamese_source_image;valid_only_after_normalizer_correction
D:/DATN/datasets/raw/roboflow_ocr_plate/train/images/iwt247_jpg.rf.798c47d22c0e3a6c81417e2cb8c26c7f.jpg,9B84759,1,7,False,roboflow_ocr_plate,non_vietnamese_source_image;valid_only_after_normalizer_correction
D:/DATN/datasets/raw/roboflow_ocr_plate/train/images/iwt249_jpg.rf.6dab58b4a2f54424ea33ad646378a1cd.jpg,6B50430,1,7,False,roboflow_ocr_plate,non_vietnamese_source_image;valid_only_after_normalizer_correction
D:/DATN/datasets/raw/roboflow_ocr_plate/train/images/iwt24_jpg.rf.1e48d8b707b2d6758dee6eb2678aa092.jpg,4B50811,1,7,False,roboflow_ocr_plate,non_vietnamese_source_image;valid_only_after_normalizer_correction
D:/DATN/datasets/raw/roboflow_ocr_plate/train/images/iwt250_jpg.rf.f4f5f5bfd32dcb5ea370dff7d325b1fb.jpg,6B00320,1,7,False,roboflow_ocr_plate,non_vietnamese_source_image;valid_only_after_normalizer_correction
D:/DATN/datasets/raw/roboflow_ocr_plate/train/images/iwt251_jpg.rf.7eb2405e40f78306c92acd2729f5ee85.jpg,4B45969,1,7,False,roboflow_ocr_plate,non_vietnamese_source_image;valid_only_after_normalizer_correction
D:/DATN/datasets/raw/roboflow_ocr_plate/train/images/iwt252_jpg.rf.4f80d81bdd0d9478e9ed024f176475ba.jpg,7B58307,1,7,False,roboflow_ocr_plate,non_vietnamese_source_image;valid_only_after_normalizer_correction
D:/DATN/datasets/raw/roboflow_ocr_plate/train/images/iwt253_jpg.rf.8e5dc837d53e56ef8916ac072ee9b13e.jpg,BZC4939,1,7,False,roboflow_ocr_plate,non_vietnamese_source_image;valid_only_after_normalizer_correction
D:/DATN/datasets/raw/roboflow_ocr_plate/train/images/iwt254_jpg.rf.34be3a5da9af54d45ee025726614806c.jpg,1BB6338,1,7,False,roboflow_ocr_plate,non_vietnamese_source_image;valid_only_after_normalizer_correction
D:/DATN/datasets/raw/roboflow_ocr_plate/train/images/iwt255_jpg.rf.4303104a41ac88dc8370c587756ff356.jpg,1BA0888,1,7,False,roboflow_ocr_plate,non_vietnamese_source_image;valid_only_after_normalizer_correction
D:/DATN/datasets/raw/roboflow_ocr_plate/train/images/iwt256_jpg.rf.40f7fff55bbb9151da113953843b478c.jpg,9B49365,1,7,False,roboflow_ocr_plate,non_vietnamese_source_image;valid_only_after_normalizer_correction
D:/DATN/datasets/raw/roboflow_ocr_plate/train/images/iwt257_jpg.rf.33296258783c646b085db2830c5494f3.jpg,6B26050,1,7,False,roboflow_ocr_plate,non_vietnamese_source_image;valid_only_after_normalizer_correction
D:/DATN/datasets/raw/roboflow_ocr_plate/train/images/iwt258_jpg.rf.238774be3a80bdce9581805337a4a54b.jpg,8B64702,1,7,False,roboflow_ocr_plate,non_vietnamese_source_image;valid_only_after_normalizer_correction
D:/DATN/datasets/raw/roboflow_ocr_plate/train/images/iwt259_jpg.rf.7d0f59937ca10b4281cda43bc46ca832.jpg,3Z63187,1,7,False,roboflow_ocr_plate,non_vietnamese_source_image;valid_only_after_normalizer_correction
D:/DATN/datasets/raw/roboflow_ocr_plate/train/images/iwt25_jpg.rf.00c5f4f4903a9567a8f33244e3a24688.jpg,6B51255,1,7,False,roboflow_ocr_plate,non_vietnamese_source_image;valid_only_after_normalizer_correction
D:/DATN/datasets/raw/roboflow_ocr_plate/train/images/iwt260_jpg.rf.dd77ad165831bc045aaad3c250921ec3.jpg,4AZ3802,1,7,False,roboflow_ocr_plate,non_vietnamese_source_image;no_matching_plate_pattern
D:/DATN/datasets/raw/roboflow_ocr_plate/train/images/iwt261_jpg.rf.5bb8a777d85ebf5dd4ee1283c4330da0.jpg,7B57267,1,7,False,roboflow_ocr_plate,non_vietnamese_source_image;valid_only_after_normalizer_correction
D:/DATN/datasets/raw/roboflow_ocr_plate/train/images/iwt263_jpg.rf.b7133abd128814e185e71b7379a036ac.jpg,6B88304,1,7,False,roboflow_ocr_plate,non_vietnamese_source_image;valid_only_after_normalizer_correction
D:/DATN/datasets/raw/roboflow_ocr_plate/train/images/iwt264_jpg.rf.71fe51f7461d15ba88e5f3aff34c4e6f.jpg,4E02304,1,7,False,roboflow_ocr_plate,non_vietnamese_source_image;no_matching_plate_pattern
D:/DATN/datasets/raw/roboflow_ocr_plate/train/images/iwt265_jpg.rf.c247933a388aae6dfa64381ef4f4e5a1.jpg,7B40988,1,7,False,roboflow_ocr_plate,non_vietnamese_source_image;valid_only_after_normalizer_correction
D:/DATN/datasets/raw/roboflow_ocr_plate/train/images/iwt266_jpg.rf.2cdcba5e2a3b2f4c1d5eb5d28ffb6445.jpg,7B94261,1,7,False,roboflow_ocr_plate,non_vietnamese_source_image;no_matching_plate_pattern
D:/DATN/datasets/raw/roboflow_ocr_plate/train/images/iwt26_jpg.rf.9d66858eabb4e6514d13304610746911.jpg,4B02466,1,7,False,roboflow_ocr_plate,non_vietnamese_source_image;valid_only_after_normalizer_correction
D:/DATN/datasets/raw/roboflow_ocr_plate/train/images/iwt271_jpg.rf.5cf623878450dc757e39fabb7f568e21.jpg,7B98453,1,7,False,roboflow_ocr_plate,non_vietnamese_source_image;no_matching_plate_pattern
D:/DATN/datasets/raw/roboflow_ocr_plate/train/images/iwt272_jpg.rf.960d7c7aaace289f2e36f30a06cd3692.jpg,9B59729,1,7,False,roboflow_ocr_plate,non_vietnamese_source_image;valid_only_after_normalizer_correction
D:/DATN/datasets/raw/roboflow_ocr_plate/train/images/iwt274_jpg.rf.cda6d3cfeadb57b31fce27057ee35a18.jpg,5B11300,1,7,False,roboflow_ocr_plate,non_vietnamese_source_image;valid_only_after_normalizer_correction
D:/DATN/datasets/raw/roboflow_ocr_plate/train/images/iwt275_jpg.rf.ad577931c63b9152bd04c61bd6ede7e6.jpg,1BA3428,1,7,False,roboflow_ocr_plate,non_vietnamese_source_image;valid_only_after_normalizer_correction
D:/DATN/datasets/raw/roboflow_ocr_plate/train/images/iwt276_jpg.rf.0d95f506a12c2d59eb05aba038eb0d6d.jpg,1BD0679,1,7,False,roboflow_ocr_plate,non_vietnamese_source_image;valid_only_after_normalizer_correction
D:/DATN/datasets/raw/roboflow_ocr_plate/train/images/iwt277_jpg.rf.4960553fa7d9c1bfe263d38caf4cfb48.jpg,5B82908,1,7,False,roboflow_ocr_plate,non_vietnamese_source_image;valid_only_after_normalizer_correction
D:/DATN/datasets/raw/roboflow_ocr_plate/train/images/iwt29_jpg.rf.20c29e7911af48297cb16094b1166a50.jpg,293,1,3,False,roboflow_ocr_plate,only_3_characters;non_vietnamese_source_image;no_matching_plate_pattern
D:/DATN/datasets/raw/roboflow_ocr_plate/train/images/iwt30_jpg.rf.8f483fc707afbc6a66f73df146a1d83c.jpg,4E02304,1,7,False,roboflow_ocr_plate,non_vietnamese_source_image;no_matching_plate_pattern
D:/DATN/datasets/raw/roboflow_ocr_plate/train/images/iwt3100_jpg.rf.20f9841682e70d8a2c1ec7328170a34e.jpg,1B05002,1,7,False,roboflow_ocr_plate,non_vietnamese_source_image;valid_only_after_normalizer_correction
D:/DATN/datasets/raw/roboflow_ocr_plate/train/images/iwt3101_jpg.rf.09dba37381a19dc12b9f09759ce939ec.jpg,731947,1,6,False,roboflow_ocr_plate,non_vietnamese_source_image;no_matching_plate_pattern
D:/DATN/datasets/raw/roboflow_ocr_plate/train/images/iwt3102_jpg.rf.50497a961eec2788f5d36604c52921df.jpg,9B14115,1,7,False,roboflow_ocr_plate,non_vietnamese_source_image;valid_only_after_normalizer_correction
D:/DATN/datasets/raw/roboflow_ocr_plate/train/images/iwt3104_jpg.rf.53bde0beef768372adbe1ac600aaa926.jpg,2E67175,1,7,False,roboflow_ocr_plate,non_vietnamese_source_image;no_matching_plate_pattern
D:/DATN/datasets/raw/roboflow_ocr_plate/train/images/iwt3105_jpg.rf.ffa88be655a89963dd41f9b2d11a1aa0.jpg,7B35438,1,7,False,roboflow_ocr_plate,non_vietnamese_source_image;valid_only_after_normalizer_correction
D:/DATN/datasets/raw/roboflow_ocr_plate/train/images/iwt3106_jpg.rf.fd12d8de1727ab293d97b98999ba0acb.jpg,3K29729,1,7,False,roboflow_ocr_plate,non_vietnamese_source_image;no_matching_plate_pattern
D:/DATN/datasets/raw/roboflow_ocr_plate/train/images/iwt3107_jpg.rf.ebbc476649fa6016e65eea3baab99c58.jpg,4B96914,1,7,False,roboflow_ocr_plate,non_vietnamese_source_image;no_matching_plate_pattern
D:/DATN/datasets/raw/roboflow_ocr_plate/train/images/iwt3108_jpg.rf.15cb4aaa7c601f102e0b412feb126e7f.jpg,8B86266,1,7,False,roboflow_ocr_plate,non_vietnamese_source_image;valid_only_after_normalizer_correction
D:/DATN/datasets/raw/roboflow_ocr_plate/train/images/iwt3110_jpg.rf.8eb66b9f3f31498b4993cebc5601ee87.jpg,8886266,1,7,False,roboflow_ocr_plate,non_vietnamese_source_image;valid_only_after_normalizer_correction
D:/DATN/datasets/raw/roboflow_ocr_plate/train/images/iwt3111_jpg.rf.61ca3b5c5731462143d7a852b131fe16.jpg,7B34216,1,7,False,roboflow_ocr_plate,non_vietnamese_source_image;valid_only_after_normalizer_correction
D:/DATN/datasets/raw/roboflow_ocr_plate/train/images/iwt3113_jpg.rf.2c46e2767f6211cb7ec6a85576c2a689.jpg,4AC5710,1,7,False,roboflow_ocr_plate,non_vietnamese_source_image;no_matching_plate_pattern
D:/DATN/datasets/raw/roboflow_ocr_plate/train/images/iwt3114_jpg.rf.0c8d049b652f71e783e47207d5d7f388.jpg,1BC1046,1,7,False,roboflow_ocr_plate,non_vietnamese_source_image;valid_only_after_normalizer_correction
D:/DATN/datasets/raw/roboflow_ocr_plate/train/images/iwt3115_jpg.rf.b7282e93a4af0fe017826a0ec22f49fe.jpg,8B62184,1,7,False,roboflow_ocr_plate,non_vietnamese_source_image;valid_only_after_normalizer_correction
D:/DATN/datasets/raw/roboflow_ocr_plate/train/images/iwt3116_jpg.rf.38983b228b8bbe16b9eac3423a1f19b2.jpg,3B60854,1,7,False,roboflow_ocr_plate,non_vietnamese_source_image;valid_only_after_normalizer_correction
D:/DATN/datasets/raw/roboflow_ocr_plate/train/images/iwt3117_jpg.rf.fbad72b1579565bcb57de40511188ccd.jpg,4B64261,1,7,False,roboflow_ocr_plate,non_vietnamese_source_image;valid_only_after_normalizer_correction
D:/DATN/datasets/raw/roboflow_ocr_plate/train/images/iwt3118_jpg.rf.bbc9b6fc13fb694d96aee157f89e0c88.jpg,4B86157,1,7,False,roboflow_ocr_plate,non_vietnamese_source_image;valid_only_after_normalizer_correction
D:/DATN/datasets/raw/roboflow_ocr_plate/train/images/iwt3119_jpg.rf.6625bd5833793807d6068d3c552c362f.jpg,4B82295,1,7,False,roboflow_ocr_plate,non_vietnamese_source_image;valid_only_after_normalizer_correction
D:/DATN/datasets/raw/roboflow_ocr_plate/train/images/iwt311_jpg.rf.1ed4c0c533c47e0ff2d38e2dd3c1ae82.jpg,5B05531,1,7,False,roboflow_ocr_plate,non_vietnamese_source_image;valid_only_after_normalizer_correction
D:/DATN/datasets/raw/roboflow_ocr_plate/train/images/iwt3120_jpg.rf.7c7a96bd99665b9bb126d3fd7121d741.jpg,4B22781,1,7,False,roboflow_ocr_plate,non_vietnamese_source_image;valid_only_after_normalizer_correction
D:/DATN/datasets/raw/roboflow_ocr_plate/train/images/iwt3121_jpg.rf.af5798aa12a8b29663e6de8d6a3a90b7.jpg,7B72729,1,7,False,roboflow_ocr_plate,non_vietnamese_source_image;valid_only_after_normalizer_correction
D:/DATN/datasets/raw/roboflow_ocr_plate/train/images/iwt3122_jpg.rf.5fe76f9d7ce6c3867e023f8602e73511.jpg,BMZ3933,1,7,False,roboflow_ocr_plate,non_vietnamese_source_image;no_matching_plate_pattern
D:/DATN/datasets/raw/roboflow_ocr_plate/train/images/iwt3126_jpg.rf.40008a5d605013a3991976e8384584db.jpg,7B90990,1,7,False,roboflow_ocr_plate,non_vietnamese_source_image;no_matching_plate_pattern
D:/DATN/datasets/raw/roboflow_ocr_plate/train/images/iwt3127_jpg.rf.68ced84f626a1d8233154c0313da5452.jpg,6B70990,1,7,False,roboflow_ocr_plate,non_vietnamese_source_image;valid_only_after_normalizer_correction
D:/DATN/datasets/raw/roboflow_ocr_plate/train/images/iwt3129_jpg.rf.4cb65499c05549d059cf22344ee52de6.jpg,3B25229,1,7,False,roboflow_ocr_plate,non_vietnamese_source_image;valid_only_after_normalizer_correction
D:/DATN/datasets/raw/roboflow_ocr_plate/train/images/iwt312_jpg.rf.7dd93dd8291ddd615289a95314f82310.jpg,5Z15057,1,7,False,roboflow_ocr_plate,non_vietnamese_source_image;valid_only_after_normalizer_correction
D:/DATN/datasets/raw/roboflow_ocr_plate/train/images/iwt3130_jpg.rf.1a4163674d5e3ba001fea4cb1ada13a9.jpg,7B59066,1,7,False,roboflow_ocr_plate,non_vietnamese_source_image;valid_only_after_normalizer_correction
D:/DATN/datasets/raw/roboflow_ocr_plate/train/images/iwt3131_jpg.rf.ff8befa94ea250263f6c5829f3245ce0.jpg,7B14095,1,7,False,roboflow_ocr_plate,non_vietnamese_source_image;valid_only_after_normalizer_correction
D:/DATN/datasets/raw/roboflow_ocr_plate/train/images/iwt3132_jpg.rf.d316750804a1df01ccf7370aedff4178.jpg,7B89545,1,7,False,roboflow_ocr_plate,non_vietnamese_source_image;valid_only_after_normalizer_correction
D:/DATN/datasets/raw/roboflow_ocr_plate/train/images/iwt3133_jpg.rf.c10b8d62c1cf69c2aebc0356070f54bf.jpg,8B66512,1,7,False,roboflow_ocr_plate,non_vietnamese_source_image;valid_only_after_normalizer_correction
D:/DATN/datasets/raw/roboflow_ocr_plate/train/images/iwt3135_jpg.rf.b39026be09cc25ab6ec00d7734103313.jpg,2B73768,1,7,False,roboflow_ocr_plate,non_vietnamese_source_image;valid_only_after_normalizer_correction
D:/DATN/datasets/raw/roboflow_ocr_plate/train/images/iwt3136_jpg.rf.9e60a04123b9832069d5d08da17ed450.jpg,6B24616,1,7,False,roboflow_ocr_plate,non_vietnamese_source_image;valid_only_after_normalizer_correction
D:/DATN/datasets/raw/roboflow_ocr_plate/train/images/iwt3137_jpg.rf.4590302fe1586b2a96a7e4507e1a7152.jpg,5B26675,1,7,False,roboflow_ocr_plate,non_vietnamese_source_image;valid_only_after_normalizer_correction
D:/DATN/datasets/raw/roboflow_ocr_plate/train/images/iwt3138_jpg.rf.9599304f54d75e58524a7bd941b98072.jpg,7B78280,1,7,False,roboflow_ocr_plate,non_vietnamese_source_image;valid_only_after_normalizer_correction
D:/DATN/datasets/raw/roboflow_ocr_plate/train/images/iwt3140_jpg.rf.1ea13f265605976b8fcd8e4eadf86b2b.jpg,9B86906,1,7,False,roboflow_ocr_plate,non_vietnamese_source_image;valid_only_after_normalizer_correction
D:/DATN/datasets/raw/roboflow_ocr_plate/train/images/iwt317_jpg.rf.9bfc74bace5f00ad17c37f0026033f0e.jpg,7B27254,1,7,False,roboflow_ocr_plate,non_vietnamese_source_image;valid_only_after_normalizer_correction
D:/DATN/datasets/raw/roboflow_ocr_plate/train/images/iwt318_jpg.rf.bc0e84d8c8ce03c30d2d32e335867a20.jpg,4AX9660,1,7,False,roboflow_ocr_plate,non_vietnamese_source_image;no_matching_plate_pattern
D:/DATN/datasets/raw/roboflow_ocr_plate/train/images/iwt319_jpg.rf.2b43ee94fd4281a5907f3c97c9d6b2f2.jpg,3B60372,1,7,False,roboflow_ocr_plate,non_vietnamese_source_image;valid_only_after_normalizer_correction
D:/DATN/datasets/raw/roboflow_ocr_plate/train/images/iwt31_jpg.rf.9eeb770b9585d9cfc3d936e44cff2fa5.jpg,9B43104,1,7,False,roboflow_ocr_plate,non_vietnamese_source_image;valid_only_after_normalizer_correction
D:/DATN/datasets/raw/roboflow_ocr_plate/train/images/iwt320_jpg.rf.6b729d3f818a4d4bba4356274d0e80dc.jpg,1B61178,1,7,False,roboflow_ocr_plate,non_vietnamese_source_image;valid_only_after_normalizer_correction
D:/DATN/datasets/raw/roboflow_ocr_plate/train/images/iwt321_jpg.rf.ed79ab74bb75838f82adb63966e5db29.jpg,9B88363,1,7,False,roboflow_ocr_plate,non_vietnamese_source_image;valid_only_after_normalizer_correction
D:/DATN/datasets/raw/roboflow_ocr_plate/train/images/iwt324_jpg.rf.e15c81c4d1f759e7dc02ebca5d7c0b0e.jpg,9B30130,1,7,False,roboflow_ocr_plate,non_vietnamese_source_image;valid_only_after_normalizer_correction
D:/DATN/datasets/raw/roboflow_ocr_plate/train/images/iwt325_jpg.rf.b5ff2a82d09e02f0dff29119d6f1faa1.jpg,9B30130,1,7,False,roboflow_ocr_plate,non_vietnamese_source_image;valid_only_after_normalizer_correction
D:/DATN/datasets/raw/roboflow_ocr_plate/train/images/iwt326_jpg.rf.cd5f8ea8acbbbb42e053dc0b960504e3.jpg,1BA1114,1,7,False,roboflow_ocr_plate,non_vietnamese_source_image;valid_only_after_normalizer_correction
D:/DATN/datasets/raw/roboflow_ocr_plate/train/images/iwt327_jpg.rf.f1fa5a5b93bc6ebeb25588c3ede6c9a2.jpg,9B88363,1,7,False,roboflow_ocr_plate,non_vietnamese_source_image;valid_only_after_normalizer_correction
D:/DATN/datasets/raw/roboflow_ocr_plate/train/images/iwt328_jpg.rf.28222a2f676cee1d49fa21d93eef41d8.jpg,5B06256,1,7,False,roboflow_ocr_plate,non_vietnamese_source_image;valid_only_after_normalizer_correction
D:/DATN/datasets/raw/roboflow_ocr_plate/train/images/iwt329_jpg.rf.fc24bb8ef829019fd9cc25761ca6ac9c.jpg,1BA1114,1,7,False,roboflow_ocr_plate,non_vietnamese_source_image;valid_only_after_normalizer_correction
D:/DATN/datasets/raw/roboflow_ocr_plate/train/images/iwt330_jpg.rf.283bbebf3b0aad5dd71188caeac5c5c2.jpg,9B30034,1,7,False,roboflow_ocr_plate,non_vietnamese_source_image;valid_only_after_normalizer_correction
D:/DATN/datasets/raw/roboflow_ocr_plate/train/images/iwt331_jpg.rf.cafb0c87f9c6f5e154044cf83990a8c0.jpg,5B20773,1,7,False,roboflow_ocr_plate,non_vietnamese_source_image;valid_only_after_normalizer_correction
D:/DATN/datasets/raw/roboflow_ocr_plate/train/images/iwt332_jpg.rf.62b7915a18458bedaea59862827f1fec.jpg,8B26229,1,7,False,roboflow_ocr_plate,non_vietnamese_source_image;valid_only_after_normalizer_correction
D:/DATN/datasets/raw/roboflow_ocr_plate/train/images/iwt338_jpg.rf.c588fff05fde3b2693e8d962e004fbb4.jpg,2B57127,1,7,False,roboflow_ocr_plate,non_vietnamese_source_image;valid_only_after_normalizer_correction
D:/DATN/datasets/raw/roboflow_ocr_plate/train/images/iwt339_jpg.rf.cddfc83538a3c6b4b0ff2005336c26f1.jpg,1BC6703,1,7,False,roboflow_ocr_plate,non_vietnamese_source_image;valid_only_after_normalizer_correction
D:/DATN/datasets/raw/roboflow_ocr_plate/train/images/iwt33_jpg.rf.6ca624e4cb6f016fea43efd38de54ff8.jpg,7B14095,1,7,False,roboflow_ocr_plate,non_vietnamese_source_image;valid_only_after_normalizer_correction
D:/DATN/datasets/raw/roboflow_ocr_plate/train/images/iwt340_jpg.rf.075684bbd216cd5e5616c470fcdf7d09.jpg,7B11607,1,7,False,roboflow_ocr_plate,non_vietnamese_source_image;valid_only_after_normalizer_correction
D:/DATN/datasets/raw/roboflow_ocr_plate/train/images/iwt341_jpg.rf.b8f1d21a146cffacf528d522d0bf7f65.jpg,4B07003,1,7,False,roboflow_ocr_plate,non_vietnamese_source_image;valid_only_after_normalizer_correction
D:/DATN/datasets/raw/roboflow_ocr_plate/train/images/iwt342_jpg.rf.35b14f7d72025486684a04aa40831456.jpg,8B53308,1,7,False,roboflow_ocr_plate,non_vietnamese_source_image;valid_only_after_normalizer_correction
D:/DATN/datasets/raw/roboflow_ocr_plate/train/images/iwt343_jpg.rf.1051c0991acb353811dd31af1d4e6516.jpg,9B13973,1,7,False,roboflow_ocr_plate,non_vietnamese_source_image;valid_only_after_normalizer_correction
D:/DATN/datasets/raw/roboflow_ocr_plate/train/images/iwt344_jpg.rf.3753aa7f9099591e2b24f7830fa83ad3.jpg,5B57928,1,7,False,roboflow_ocr_plate,non_vietnamese_source_image;valid_only_after_normalizer_correction
D:/DATN/datasets/raw/roboflow_ocr_plate/train/images/iwt346_jpg.rf.55847fc8ce0fd5748970d98c9f60935b.jpg,83305,1,5,False,roboflow_ocr_plate,only_5_characters;non_vietnamese_source_image;no_matching_plate_pattern
D:/DATN/datasets/raw/roboflow_ocr_plate/train/images/iwt347_jpg.rf.64c78fa0324736c8e37559a0206d3061.jpg,3SA6413,1,7,False,roboflow_ocr_plate,non_vietnamese_source_image;valid_only_after_normalizer_correction
D:/DATN/datasets/raw/roboflow_ocr_plate/train/images/iwt348_jpg.rf.93ab535922456222e7c11fd459822f26.jpg,4AF9553,1,7,False,roboflow_ocr_plate,non_vietnamese_source_image;no_matching_plate_pattern
D:/DATN/datasets/raw/roboflow_ocr_plate/train/images/iwt349_jpg.rf.5f412829618bba6fa25ea982149cfc94.jpg,1Z35206,1,7,False,roboflow_ocr_plate,non_vietnamese_source_image;valid_only_after_normalizer_correction
D:/DATN/datasets/raw/roboflow_ocr_plate/train/images/iwt34_jpg.rf.19e4c50caccbe8d14a15bad0409e168d.jpg,1BA2905,1,7,False,roboflow_ocr_plate,non_vietnamese_source_image;valid_only_after_normalizer_correction
D:/DATN/datasets/raw/roboflow_ocr_plate/train/images/iwt350_jpg.rf.54501eb926b559c27a7684718b0a0ae3.jpg,8B41958,1,7,False,roboflow_ocr_plate,non_vietnamese_source_image;valid_only_after_normalizer_correction
D:/DATN/datasets/raw/roboflow_ocr_plate/train/images/iwt352_jpg.rf.761987ead491b5ed0549789a3545d030.jpg,2SZ4642,1,7,False,roboflow_ocr_plate,non_vietnamese_source_image;valid_only_after_normalizer_correction
D:/DATN/datasets/raw/roboflow_ocr_plate/train/images/iwt353_jpg.rf.e22398ef7cac7be01f618df7ed4fe165.jpg,6B89358,1,7,False,roboflow_ocr_plate,non_vietnamese_source_image;valid_only_after_normalizer_correction
D:/DATN/datasets/raw/roboflow_ocr_plate/train/images/iwt354_jpg.rf.55e0ecf7ed3a6c903632d815279c49d7.jpg,2B38280,1,7,False,roboflow_ocr_plate,non_vietnamese_source_image;valid_only_after_normalizer_correction
D:/DATN/datasets/raw/roboflow_ocr_plate/train/images/iwt355_jpg.rf.8e67682c36a441636bbd22eae1d1e0f5.jpg,6B34859,1,7,False,roboflow_ocr_plate,non_vietnamese_source_image;valid_only_after_normalizer_correction
D:/DATN/datasets/raw/roboflow_ocr_plate/train/images/iwt356_jpg.rf.03efb3ff92579f253bab56151f93ef67.jpg,4B76148,1,7,False,roboflow_ocr_plate,non_vietnamese_source_image;valid_only_after_normalizer_correction
D:/DATN/datasets/raw/roboflow_ocr_plate/train/images/iwt357_jpg.rf.7db41546d27a0d366c2cf0a322608466.jpg,8B81013,1,7,False,roboflow_ocr_plate,non_vietnamese_source_image;valid_only_after_normalizer_correction
D:/DATN/datasets/raw/roboflow_ocr_plate/train/images/iwt358_jpg.rf.5852055068e8fb7f9c8d075c3c2a58ad.jpg,7B88517,1,7,False,roboflow_ocr_plate,non_vietnamese_source_image;valid_only_after_normalizer_correction
D:/DATN/datasets/raw/roboflow_ocr_plate/train/images/iwt359_jpg.rf.ff1ca5ae35b9cd94b9ebaae67154215f.jpg,1B27247,1,7,False,roboflow_ocr_plate,non_vietnamese_source_image;valid_only_after_normalizer_correction
D:/DATN/datasets/raw/roboflow_ocr_plate/train/images/iwt360_jpg.rf.991020f9622bc09f811817655629baa7.jpg,BZP6480,1,7,False,roboflow_ocr_plate,non_vietnamese_source_image;valid_only_after_normalizer_correction
D:/DATN/datasets/raw/roboflow_ocr_plate/train/images/iwt361_jpg.rf.a56361bce16e6cd140111e67798e1514.jpg,1BA8370,1,7,False,roboflow_ocr_plate,non_vietnamese_source_image;valid_only_after_normalizer_correction
D:/DATN/datasets/raw/roboflow_ocr_plate/train/images/iwt365_jpg.rf.8d392709288354a8bfcc59647e7b9f0b.jpg,9B91420,1,7,False,roboflow_ocr_plate,non_vietnamese_source_image;no_matching_plate_pattern
D:/DATN/datasets/raw/roboflow_ocr_plate/train/images/iwt366_jpg.rf.7c8c35af391a783c3f4b481a6cd4b502.jpg,8B60552,1,7,False,roboflow_ocr_plate,non_vietnamese_source_image;valid_only_after_normalizer_correction
D:/DATN/datasets/raw/roboflow_ocr_plate/train/images/iwt367_jpg.rf.5825b54e32d8cf296ae50c67624d7df5.jpg,5B38434,1,7,False,roboflow_ocr_plate,non_vietnamese_source_image;valid_only_after_normalizer_correction
D:/DATN/datasets/raw/roboflow_ocr_plate/train/images/iwt368_jpg.rf.bda7cd19d65f65decb0f8e88d622bb95.jpg,7B44167,1,7,False,roboflow_ocr_plate,non_vietnamese_source_image;valid_only_after_normalizer_correction
D:/DATN/datasets/raw/roboflow_ocr_plate/train/images/iwt369_jpg.rf.d58fa92591d104170dec5963ea970104.jpg,3B41980,1,7,False,roboflow_ocr_plate,non_vietnamese_source_image;valid_only_after_normalizer_correction
D:/DATN/datasets/raw/roboflow_ocr_plate/train/images/iwt36_jpg.rf.e2c95d759cd08c046cadbbfd85d93314.jpg,8B46851,1,7,False,roboflow_ocr_plate,non_vietnamese_source_image;valid_only_after_normalizer_correction
D:/DATN/datasets/raw/roboflow_ocr_plate/train/images/iwt372_jpg.rf.c776a3ab8d8caf83a4933f76a073138b.jpg,7B30135,1,7,False,roboflow_ocr_plate,non_vietnamese_source_image;valid_only_after_normalizer_correction
D:/DATN/datasets/raw/roboflow_ocr_plate/train/images/iwt373_jpg.rf.d446eab64e17f997f9d99028450dfebf.jpg,2AX4938,1,7,False,roboflow_ocr_plate,non_vietnamese_source_image;valid_only_after_normalizer_correction
D:/DATN/datasets/raw/roboflow_ocr_plate/train/images/iwt374_jpg.rf.d6befea182f89f21d9b2ee24a6e652b8.jpg,5B77379,1,7,False,roboflow_ocr_plate,non_vietnamese_source_image;valid_only_after_normalizer_correction
D:/DATN/datasets/raw/roboflow_ocr_plate/train/images/iwt376_jpg.rf.91f7c36cb9bf18d63245382769f1654e.jpg,BZL3400,1,7,False,roboflow_ocr_plate,non_vietnamese_source_image;valid_only_after_normalizer_correction
D:/DATN/datasets/raw/roboflow_ocr_plate/train/images/iwt378_jpg.rf.d216690b76be356825ec1e142c152c48.jpg,3B09932,1,7,False,roboflow_ocr_plate,non_vietnamese_source_image;valid_only_after_normalizer_correction
D:/DATN/datasets/raw/roboflow_ocr_plate/train/images/iwt37_jpg.rf.456c45367b7b7b44347775893a35aaef.jpg,6B45495,1,7,False,roboflow_ocr_plate,non_vietnamese_source_image;valid_only_after_normalizer_correction
D:/DATN/datasets/raw/roboflow_ocr_plate/train/images/iwt380_jpg.rf.75a9e960f12db52adcec12d923025980.jpg,9T19202,1,7,False,roboflow_ocr_plate,non_vietnamese_source_image;valid_only_after_normalizer_correction
D:/DATN/datasets/raw/roboflow_ocr_plate/train/images/iwt381_jpg.rf.ba683859d4331ec718d4c716abe65e1e.jpg,9B45193,1,7,False,roboflow_ocr_plate,non_vietnamese_source_image;valid_only_after_normalizer_correction
D:/DATN/datasets/raw/roboflow_ocr_plate/train/images/iwt382_jpg.rf.e56bb2524f4831b9f537bcddc32829d4.jpg,1B70230,1,7,False,roboflow_ocr_plate,non_vietnamese_source_image;valid_only_after_normalizer_correction
D:/DATN/datasets/raw/roboflow_ocr_plate/train/images/iwt383_jpg.rf.05e24e2d15736a9d6d877c04ce8bddbb.jpg,8B47318,1,7,False,roboflow_ocr_plate,non_vietnamese_source_image;valid_only_after_normalizer_correction
D:/DATN/datasets/raw/roboflow_ocr_plate/train/images/iwt386_jpg.rf.c32691929e9e68f3ec6e8fc53f477cef.jpg,5B23615,1,7,False,roboflow_ocr_plate,non_vietnamese_source_image;valid_only_after_normalizer_correction
D:/DATN/datasets/raw/roboflow_ocr_plate/train/images/iwt387_jpg.rf.f9d44963a524107f040c0398034d0f33.jpg,2B76686,1,7,False,roboflow_ocr_plate,non_vietnamese_source_image;valid_only_after_normalizer_correction
D:/DATN/datasets/raw/roboflow_ocr_plate/train/images/iwt388_jpg.rf.d7ccf60c10831965383e8ed4d99567e5.jpg,8B03653,1,7,False,roboflow_ocr_plate,non_vietnamese_source_image;valid_only_after_normalizer_correction
D:/DATN/datasets/raw/roboflow_ocr_plate/train/images/iwt389_jpg.rf.63b1f38837e6932754cc91f9be1175fc.jpg,1E59706,1,7,False,roboflow_ocr_plate,non_vietnamese_source_image;no_matching_plate_pattern
D:/DATN/datasets/raw/roboflow_ocr_plate/train/images/iwt38_jpg.rf.2febc38dd31faacad74967bb28f686b0.jpg,4B82840,1,7,False,roboflow_ocr_plate,non_vietnamese_source_image;valid_only_after_normalizer_correction
D:/DATN/datasets/raw/roboflow_ocr_plate/train/images/iwt390_jpg.rf.87d66da47693a8f65ee0c18cfb46d567.jpg,1BB9110,1,7,False,roboflow_ocr_plate,non_vietnamese_source_image;valid_only_after_normalizer_correction
D:/DATN/datasets/raw/roboflow_ocr_plate/train/images/iwt391_jpg.rf.895d059c21570c075d47f62a7437e39a.jpg,5B24546,1,7,False,roboflow_ocr_plate,non_vietnamese_source_image;valid_only_after_normalizer_correction
D:/DATN/datasets/raw/roboflow_ocr_plate/train/images/iwt392_jpg.rf.2e257544b872c8d76d2ea10b036eadcd.jpg,9B29274,1,7,False,roboflow_ocr_plate,non_vietnamese_source_image;valid_only_after_normalizer_correction
D:/DATN/datasets/raw/roboflow_ocr_plate/train/images/iwt393_jpg.rf.2fe469fc8af4e78b80a6d99dbc31caa9.jpg,9B13772,1,7,False,roboflow_ocr_plate,non_vietnamese_source_image;valid_only_after_normalizer_correction
D:/DATN/datasets/raw/roboflow_ocr_plate/train/images/iwt394_jpg.rf.596637115b4a60205676ef362f0e6eae.jpg,8B77932,1,7,False,roboflow_ocr_plate,non_vietnamese_source_image;valid_only_after_normalizer_correction
D:/DATN/datasets/raw/roboflow_ocr_plate/train/images/iwt395_jpg.rf.505c67301f35327d1838502e3a92dbc4.jpg,2B97325,1,7,False,roboflow_ocr_plate,non_vietnamese_source_image;no_matching_plate_pattern
D:/DATN/datasets/raw/roboflow_ocr_plate/train/images/iwt398_jpg.rf.a61daa918f1d32de4126dfa1a3fa89a7.jpg,2875836,1,7,False,roboflow_ocr_plate,non_vietnamese_source_image;valid_only_after_normalizer_correction
D:/DATN/datasets/raw/roboflow_ocr_plate/train/images/iwt399_jpg.rf.b9280371371bae84911a67652fc67e48.jpg,8B22920,1,7,False,roboflow_ocr_plate,non_vietnamese_source_image;valid_only_after_normalizer_correction
D:/DATN/datasets/raw/roboflow_ocr_plate/train/images/iwt40_jpg.rf.7877d17a1c28eee4398d221f1ad8cc46.jpg,4M26776,1,7,False,roboflow_ocr_plate,non_vietnamese_source_image;no_matching_plate_pattern
D:/DATN/datasets/raw/roboflow_ocr_plate/train/images/iwt410_jpg.rf.aeb597f0936478ba2f89093c9c6ac461.jpg,FM4437,1,6,False,roboflow_ocr_plate,non_vietnamese_source_image;no_matching_plate_pattern
D:/DATN/datasets/raw/roboflow_ocr_plate/train/images/iwt411_jpg.rf.11b1ccd2cb90e74a318f0efd6e3c7ac8.jpg,3M46918,1,7,False,roboflow_ocr_plate,non_vietnamese_source_image;no_matching_plate_pattern
D:/DATN/datasets/raw/roboflow_ocr_plate/train/images/iwt412_jpg.rf.cce7cf8879713966f4e358df5b501814.jpg,8B70688,1,7,False,roboflow_ocr_plate,non_vietnamese_source_image;valid_only_after_normalizer_correction
D:/DATN/datasets/raw/roboflow_ocr_plate/train/images/iwt413_jpg.rf.993e041e596faca0c66a4194d3803547.jpg,1BC5191,1,7,False,roboflow_ocr_plate,non_vietnamese_source_image;valid_only_after_normalizer_correction
D:/DATN/datasets/raw/roboflow_ocr_plate/train/images/iwt414_jpg.rf.b4b723b47279d8803f82f8fee03a1407.jpg,1BC0525,1,7,False,roboflow_ocr_plate,non_vietnamese_source_image;valid_only_after_normalizer_correction
D:/DATN/datasets/raw/roboflow_ocr_plate/train/images/iwt416_jpg.rf.ecb8d8c56cc5fef0fc7c449ecfbad865.jpg,3B88729,1,7,False,roboflow_ocr_plate,non_vietnamese_source_image;valid_only_after_normalizer_correction
D:/DATN/datasets/raw/roboflow_ocr_plate/train/images/iwt417_jpg.rf.21d9a8286db904be3c3ef2a7a3600894.jpg,1BB8887,1,7,False,roboflow_ocr_plate,non_vietnamese_source_image;valid_only_after_normalizer_correction
D:/DATN/datasets/raw/roboflow_ocr_plate/train/images/iwt418_jpg.rf.abecc9edf4173c491c6ef858b50c07b0.jpg,5B97425,1,7,False,roboflow_ocr_plate,non_vietnamese_source_image;no_matching_plate_pattern
D:/DATN/datasets/raw/roboflow_ocr_plate/train/images/iwt419_jpg.rf.b091fbb9014704b8560d308ea391c3ab.jpg,4B42029,1,7,False,roboflow_ocr_plate,non_vietnamese_source_image;valid_only_after_normalizer_correction
D:/DATN/datasets/raw/roboflow_ocr_plate/train/images/iwt420_jpg.rf.b7d67ee6920b01d457300707096624f6.jpg,1B87819,1,7,False,roboflow_ocr_plate,non_vietnamese_source_image;valid_only_after_normalizer_correction
D:/DATN/datasets/raw/roboflow_ocr_plate/train/images/iwt421_jpg.rf.a0f8055f13226cd2c2cee10eda8ec721.jpg,5B97425,1,7,False,roboflow_ocr_plate,non_vietnamese_source_image;no_matching_plate_pattern
D:/DATN/datasets/raw/roboflow_ocr_plate/train/images/iwt422_jpg.rf.143909047ad713507af918658290df54.jpg,5B29670,1,7,False,roboflow_ocr_plate,non_vietnamese_source_image;valid_only_after_normalizer_correction
D:/DATN/datasets/raw/roboflow_ocr_plate/train/images/iwt423_jpg.rf.4dde835be4890979d7c0dffdf6b7ce9a.jpg,7B27150,1,7,False,roboflow_ocr_plate,non_vietnamese_source_image;valid_only_after_normalizer_correction
D:/DATN/datasets/raw/roboflow_ocr_plate/train/images/iwt425_jpg.rf.e56a1ff2b793ff683c484d73399bc0bf.jpg,7B08199,1,7,False,roboflow_ocr_plate,non_vietnamese_source_image;valid_only_after_normalizer_correction
D:/DATN/datasets/raw/roboflow_ocr_plate/train/images/iwt426_jpg.rf.233d707678bec5974426bd2376533392.jpg,7B14156,1,7,False,roboflow_ocr_plate,non_vietnamese_source_image;valid_only_after_normalizer_correction
D:/DATN/datasets/raw/roboflow_ocr_plate/train/images/iwt427_jpg.rf.bf71823277e126295452585cee58cf65.jpg,56,1,2,False,roboflow_ocr_plate,only_2_characters;non_vietnamese_source_image;no_matching_plate_pattern
D:/DATN/datasets/raw/roboflow_ocr_plate/train/images/iwt428_jpg.rf.b362948201b30ba68de1ebcae0ebfa1a.jpg,5M56740,1,7,False,roboflow_ocr_plate,non_vietnamese_source_image;no_matching_plate_pattern
D:/DATN/datasets/raw/roboflow_ocr_plate/train/images/iwt429_jpg.rf.fe3230a4995a6a5604e0bef389dcb718.jpg,7B14156,1,7,False,roboflow_ocr_plate,non_vietnamese_source_image;valid_only_after_normalizer_correction
D:/DATN/datasets/raw/roboflow_ocr_plate/train/images/iwt431_jpg.rf.b7b8adfe74a459229f2c2a2b842cd1ca.jpg,B8547,1,5,False,roboflow_ocr_plate,only_5_characters;non_vietnamese_source_image;no_matching_plate_pattern
D:/DATN/datasets/raw/roboflow_ocr_plate/train/images/iwt432_jpg.rf.146b54359574a4f8a7c4d8b83863836f.jpg,7B31505,1,7,False,roboflow_ocr_plate,non_vietnamese_source_image;valid_only_after_normalizer_correction
D:/DATN/datasets/raw/roboflow_ocr_plate/train/images/iwt433_jpg.rf.7edfd8f326dcd15caf6c8efe1d78d1aa.jpg,DT612BC,1,7,False,roboflow_ocr_plate,non_vietnamese_source_image;no_matching_plate_pattern
D:/DATN/datasets/raw/roboflow_ocr_plate/train/images/iwt434_jpg.rf.6378714fe4965af8e20444563a452216.jpg,7B32443,1,7,False,roboflow_ocr_plate,non_vietnamese_source_image;valid_only_after_normalizer_correction
D:/DATN/datasets/raw/roboflow_ocr_plate/train/images/iwt436_jpg.rf.ba4a32751612937c5780bf5944832360.jpg,1BD4657,1,7,False,roboflow_ocr_plate,non_vietnamese_source_image;valid_only_after_normalizer_correction
D:/DATN/datasets/raw/roboflow_ocr_plate/train/images/iwt437_jpg.rf.8c9190148bf347024ffa2f821a6a59a9.jpg,6B28800,1,7,False,roboflow_ocr_plate,non_vietnamese_source_image;valid_only_after_normalizer_correction
D:/DATN/datasets/raw/roboflow_ocr_plate/train/images/iwt438_jpg.rf.6ca2006245f097ec6a3ca3020d981fe3.jpg,3T16754,1,7,False,roboflow_ocr_plate,non_vietnamese_source_image;valid_only_after_normalizer_correction
D:/DATN/datasets/raw/roboflow_ocr_plate/train/images/iwt43_jpg.rf.eb2e47069cd4b8b7cede8db801c3f91c.jpg,1BC5138,1,7,False,roboflow_ocr_plate,non_vietnamese_source_image;valid_only_after_normalizer_correction
D:/DATN/datasets/raw/roboflow_ocr_plate/train/images/iwt441_jpg.rf.d3cb09741814225b93961304e3673248.jpg,6B23451,1,7,False,roboflow_ocr_plate,non_vietnamese_source_image;valid_only_after_normalizer_correction
D:/DATN/datasets/raw/roboflow_ocr_plate/train/images/iwt442_jpg.rf.0aa970b548510978232019755b35390e.jpg,7,1,1,False,roboflow_ocr_plate,only_1_characters;non_vietnamese_source_image;no_matching_plate_pattern
D:/DATN/datasets/raw/roboflow_ocr_plate/train/images/iwt443_jpg.rf.ac35e9457037290e6cf9b629e336a40c.jpg,8B10162,1,7,False,roboflow_ocr_plate,non_vietnamese_source_image;valid_only_after_normalizer_correction
D:/DATN/datasets/raw/roboflow_ocr_plate/train/images/iwt444_jpg.rf.3ea429bd00471c14c6232949f587a68b.jpg,3B48296,1,7,False,roboflow_ocr_plate,non_vietnamese_source_image;valid_only_after_normalizer_correction
D:/DATN/datasets/raw/roboflow_ocr_plate/train/images/iwt445_jpg.rf.ff4520402c5b132f3b5d2fc0f4f5469a.jpg,2Z96418,1,7,False,roboflow_ocr_plate,non_vietnamese_source_image;no_matching_plate_pattern
D:/DATN/datasets/raw/roboflow_ocr_plate/train/images/iwt446_jpg.rf.85974437ea1f8cfc1571fad0d387812c.jpg,2E73609,1,7,False,roboflow_ocr_plate,non_vietnamese_source_image;no_matching_plate_pattern
D:/DATN/datasets/raw/roboflow_ocr_plate/train/images/iwt447_jpg.rf.1902b65687b5483ceaf150ee7ebed330.jpg,8B10732,1,7,False,roboflow_ocr_plate,non_vietnamese_source_image;valid_only_after_normalizer_correction
D:/DATN/datasets/raw/roboflow_ocr_plate/train/images/iwt448_jpg.rf.39e27c230de702b3af1aadd1ae65e1be.jpg,BZE7277,1,7,False,roboflow_ocr_plate,non_vietnamese_source_image;valid_only_after_normalizer_correction
D:/DATN/datasets/raw/roboflow_ocr_plate/train/images/iwt449_jpg.rf.be0ad5aaf220d9140b5574e0d2a4d8a1.jpg,9B43101,1,7,False,roboflow_ocr_plate,non_vietnamese_source_image;valid_only_after_normalizer_correction
D:/DATN/datasets/raw/roboflow_ocr_plate/train/images/iwt451_jpg.rf.d6eef630ff2fc7ef2d132f6133dfd168.jpg,76,1,2,False,roboflow_ocr_plate,only_2_characters;non_vietnamese_source_image;no_matching_plate_pattern
D:/DATN/datasets/raw/roboflow_ocr_plate/train/images/iwt452_jpg.rf.1c00d2bcf0bd9f69fe124456d619d95c.jpg,4B56396,1,7,False,roboflow_ocr_plate,non_vietnamese_source_image;valid_only_after_normalizer_correction
D:/DATN/datasets/raw/roboflow_ocr_plate/train/images/iwt453_jpg.rf.cca13bd7756e1e73c5be71b53cca4e79.jpg,9B78701,1,7,False,roboflow_ocr_plate,non_vietnamese_source_image;valid_only_after_normalizer_correction
D:/DATN/datasets/raw/roboflow_ocr_plate/train/images/iwt454_jpg.rf.f8e5a613980836040cbbedd38d41c882.jpg,BZ2909,1,6,False,roboflow_ocr_plate,non_vietnamese_source_image;no_matching_plate_pattern
D:/DATN/datasets/raw/roboflow_ocr_plate/train/images/iwt455_jpg.rf.c82d694d7be7f15844dfb0f2a57d31b5.jpg,9B46988,1,7,False,roboflow_ocr_plate,non_vietnamese_source_image;valid_only_after_normalizer_correction
D:/DATN/datasets/raw/roboflow_ocr_plate/train/images/iwt456_jpg.rf.0f3cff45f6ae3008a3923567b2c7a59d.jpg,5H85564,1,7,False,roboflow_ocr_plate,non_vietnamese_source_image;no_matching_plate_pattern
D:/DATN/datasets/raw/roboflow_ocr_plate/train/images/iwt457_jpg.rf.8008a5e2ac51429cd39ed399f24212cb.jpg,3A8930,1,6,False,roboflow_ocr_plate,non_vietnamese_source_image;no_matching_plate_pattern
D:/DATN/datasets/raw/roboflow_ocr_plate/train/images/iwt459_jpg.rf.ff54f27d32fb9eed2b767864392126f3.jpg,B8121,1,5,False,roboflow_ocr_plate,only_5_characters;non_vietnamese_source_image;no_matching_plate_pattern
D:/DATN/datasets/raw/roboflow_ocr_plate/train/images/iwt460_jpg.rf.7efb65c2a1df30f80fb8212b005e7335.jpg,4B83172,1,7,False,roboflow_ocr_plate,non_vietnamese_source_image;valid_only_after_normalizer_correction
D:/DATN/datasets/raw/roboflow_ocr_plate/train/images/iwt461_jpg.rf.8adf6305495739273e2d524b6e4eeba6.jpg,1B1710,1,6,False,roboflow_ocr_plate,non_vietnamese_source_image;no_matching_plate_pattern
D:/DATN/datasets/raw/roboflow_ocr_plate/train/images/iwt462_jpg.rf.6c79bf4c7777b47d2e3cddc187a5cc82.jpg,3B60832,1,7,False,roboflow_ocr_plate,non_vietnamese_source_image;valid_only_after_normalizer_correction
D:/DATN/datasets/raw/roboflow_ocr_plate/train/images/iwt464_jpg.rf.d1a3fcf89ba6d2311e8292e96c925e96.jpg,6B84949,1,7,False,roboflow_ocr_plate,non_vietnamese_source_image;valid_only_after_normalizer_correction
D:/DATN/datasets/raw/roboflow_ocr_plate/train/images/iwt465_jpg.rf.cec7d7e7876092220846ad63882b0bf7.jpg,6B84949,1,7,False,roboflow_ocr_plate,non_vietnamese_source_image;valid_only_after_normalizer_correction
D:/DATN/datasets/raw/roboflow_ocr_plate/train/images/iwt466_jpg.rf.3dd2b5c3aad1d3a54600b5ab5023ba24.jpg,3B75763,1,7,False,roboflow_ocr_plate,non_vietnamese_source_image;valid_only_after_normalizer_correction
D:/DATN/datasets/raw/roboflow_ocr_plate/train/images/iwt467_jpg.rf.f9ccec24f676d93ad5ecab9063d42f40.jpg,8T52099,1,7,False,roboflow_ocr_plate,non_vietnamese_source_image;no_matching_plate_pattern
D:/DATN/datasets/raw/roboflow_ocr_plate/train/images/iwt468_jpg.rf.6cedea87decf88d9188b7ae51dee65c1.jpg,2AB5896,1,7,False,roboflow_ocr_plate,non_vietnamese_source_image;valid_only_after_normalizer_correction
D:/DATN/datasets/raw/roboflow_ocr_plate/train/images/iwt469_jpg.rf.053fe44aba146ff0610434f3924e27bd.jpg,4B46694,1,7,False,roboflow_ocr_plate,non_vietnamese_source_image;valid_only_after_normalizer_correction
D:/DATN/datasets/raw/roboflow_ocr_plate/train/images/iwt46_jpg.rf.fe4882562d29f7a3c315acf9222a2231.jpg,8T32290,1,7,False,roboflow_ocr_plate,non_vietnamese_source_image;no_matching_plate_pattern
D:/DATN/datasets/raw/roboflow_ocr_plate/train/images/iwt470_jpg.rf.2643d4296008c886644966b55ddd7790.jpg,4B84489,1,7,False,roboflow_ocr_plate,non_vietnamese_source_image;valid_only_after_normalizer_correction
D:/DATN/datasets/raw/roboflow_ocr_plate/train/images/iwt471_jpg.rf.817bcd18220e7b27b446c176913030d2.jpg,BZN1065,1,7,False,roboflow_ocr_plate,non_vietnamese_source_image;valid_only_after_normalizer_correction
D:/DATN/datasets/raw/roboflow_ocr_plate/train/images/iwt472_jpg.rf.819e300d0995eb658711b39c16d48052.jpg,2AN1991,1,7,False,roboflow_ocr_plate,non_vietnamese_source_image;valid_only_after_normalizer_correction
D:/DATN/datasets/raw/roboflow_ocr_plate/train/images/iwt473_jpg.rf.21c27a07f0217473f6b76e0f949e2653.jpg,S625BC,1,6,False,roboflow_ocr_plate,non_vietnamese_source_image;no_matching_plate_pattern
D:/DATN/datasets/raw/roboflow_ocr_plate/train/images/iwt474_jpg.rf.d14eed3af9801a30a71b6c91e043cd4e.jpg,9B36205,1,7,False,roboflow_ocr_plate,non_vietnamese_source_image;valid_only_after_normalizer_correction
D:/DATN/datasets/raw/roboflow_ocr_plate/train/images/iwt475_jpg.rf.9b81567d8090b92ac50e35d5f65e75b1.jpg,9B13198,1,7,False,roboflow_ocr_plate,non_vietnamese_source_image;valid_only_after_normalizer_correction
D:/DATN/datasets/raw/roboflow_ocr_plate/train/images/iwt478_jpg.rf.fb227a837c94112de0b8fd944a00eab4.jpg,9B14541,1,7,False,roboflow_ocr_plate,non_vietnamese_source_image;valid_only_after_normalizer_correction
D:/DATN/datasets/raw/roboflow_ocr_plate/train/images/iwt479_jpg.rf.8e295c02ea821a63ec1157bca10b41aa.jpg,BZ05042,1,7,False,roboflow_ocr_plate,non_vietnamese_source_image;valid_only_after_normalizer_correction
D:/DATN/datasets/raw/roboflow_ocr_plate/train/images/iwt47_jpg.rf.6bfb75c17b43b9d757b13fd9b0138fa6.jpg,6B48927,1,7,False,roboflow_ocr_plate,non_vietnamese_source_image;valid_only_after_normalizer_correction
D:/DATN/datasets/raw/roboflow_ocr_plate/train/images/iwt481_jpg.rf.e3892c6b2b643439f67da3ae7da9e244.jpg,3B30411,1,7,False,roboflow_ocr_plate,non_vietnamese_source_image;valid_only_after_normalizer_correction
D:/DATN/datasets/raw/roboflow_ocr_plate/train/images/iwt484_jpg.rf.5da8ae3d191231e8b65b4ca42d02e037.jpg,2B90178,1,7,False,roboflow_ocr_plate,non_vietnamese_source_image;no_matching_plate_pattern
D:/DATN/datasets/raw/roboflow_ocr_plate/train/images/iwt485_jpg.rf.61a3566ae45537a95caf1661b191b612.jpg,7B59839,1,7,False,roboflow_ocr_plate,non_vietnamese_source_image;valid_only_after_normalizer_correction
D:/DATN/datasets/raw/roboflow_ocr_plate/train/images/iwt486_jpg.rf.e7692915fb81c1a2b61d41c015339248.jpg,7B11123,1,7,False,roboflow_ocr_plate,non_vietnamese_source_image;valid_only_after_normalizer_correction
D:/DATN/datasets/raw/roboflow_ocr_plate/train/images/iwt48_jpg.rf.4ca410771c8c9e816664943a40e4db93.jpg,B13AEB,1,6,False,roboflow_ocr_plate,non_vietnamese_source_image;no_matching_plate_pattern
D:/DATN/datasets/raw/roboflow_ocr_plate/train/images/iwt49_jpg.rf.167360ee92f983cd9f4ec4a9248de348.jpg,9B65431,1,7,False,roboflow_ocr_plate,non_vietnamese_source_image;valid_only_after_normalizer_correction
D:/DATN/datasets/raw/roboflow_ocr_plate/train/images/iwt50_jpg.rf.686e1bbfb29092fc40fb7f7ae833812a.jpg,9B52145,1,7,False,roboflow_ocr_plate,non_vietnamese_source_image;valid_only_after_normalizer_correction
D:/DATN/datasets/raw/roboflow_ocr_plate/train/images/iwt510_jpg.rf.dd92755fbd38bc499c9c8910a9bb3d90.jpg,BV6411,1,6,False,roboflow_ocr_plate,non_vietnamese_source_image;no_matching_plate_pattern
D:/DATN/datasets/raw/roboflow_ocr_plate/train/images/iwt512_jpg.rf.f8ba1ed9990c0cf4f14be49694eb9187.jpg,BV6411,1,6,False,roboflow_ocr_plate,non_vietnamese_source_image;no_matching_plate_pattern
D:/DATN/datasets/raw/roboflow_ocr_plate/train/images/iwt513_jpg.rf.a48e1f754fefd7db8e5d632d7588ac7d.jpg,1B94686,1,7,False,roboflow_ocr_plate,non_vietnamese_source_image;no_matching_plate_pattern
D:/DATN/datasets/raw/roboflow_ocr_plate/train/images/iwt514_jpg.rf.f7a6b6b29816dbf408cbc8536d4d4e67.jpg,4B83940,1,7,False,roboflow_ocr_plate,non_vietnamese_source_image;valid_only_after_normalizer_correction
D:/DATN/datasets/raw/roboflow_ocr_plate/train/images/iwt515_jpg.rf.7bb7f01b663a09b3ad84dfbe17cc09ac.jpg,4B83940,1,7,False,roboflow_ocr_plate,non_vietnamese_source_image;valid_only_after_normalizer_correction
D:/DATN/datasets/raw/roboflow_ocr_plate/train/images/iwt516_jpg.rf.237b5ff0fd3200eb339fe5a5c305b431.jpg,4B27433,1,7,False,roboflow_ocr_plate,non_vietnamese_source_image;valid_only_after_normalizer_correction
D:/DATN/datasets/raw/roboflow_ocr_plate/train/images/iwt518_jpg.rf.ec4062d96ce4f6bce7ce3b4bcf1669c7.jpg,8B88391,1,7,False,roboflow_ocr_plate,non_vietnamese_source_image;valid_only_after_normalizer_correction
D:/DATN/datasets/raw/roboflow_ocr_plate/train/images/iwt519_jpg.rf.6a3563dcd5604ba1699bb32d95a92a19.jpg,5B28893,1,7,False,roboflow_ocr_plate,non_vietnamese_source_image;valid_only_after_normalizer_correction
D:/DATN/datasets/raw/roboflow_ocr_plate/train/images/iwt51_jpg.rf.bd83574c7a4146dff261d1f015b59987.jpg,6B94558,1,7,False,roboflow_ocr_plate,non_vietnamese_source_image;no_matching_plate_pattern
D:/DATN/datasets/raw/roboflow_ocr_plate/train/images/iwt53_jpg.rf.4397a56f3a2b2b1caa16a6768400b970.jpg,5B11181,1,7,False,roboflow_ocr_plate,non_vietnamese_source_image;valid_only_after_normalizer_correction
D:/DATN/datasets/raw/roboflow_ocr_plate/train/images/iwt54_jpg.rf.b3c318a3e382907cceebb758c8708bfa.jpg,8B79697,1,7,False,roboflow_ocr_plate,non_vietnamese_source_image;valid_only_after_normalizer_correction
D:/DATN/datasets/raw/roboflow_ocr_plate/train/images/iwt55_jpg.rf.8679cacafd91e3acfa78dc0d77948e96.jpg,8B90164,1,7,False,roboflow_ocr_plate,non_vietnamese_source_image;no_matching_plate_pattern
D:/DATN/datasets/raw/roboflow_ocr_plate/train/images/iwt56_jpg.rf.9bbd93d2073271f7a80357698ca156c5.jpg,5B11181,1,7,False,roboflow_ocr_plate,non_vietnamese_source_image;valid_only_after_normalizer_correction
D:/DATN/datasets/raw/roboflow_ocr_plate/train/images/iwt57_jpg.rf.a30122b622e680b35345c3a06ba04e62.jpg,5Z40181,1,7,False,roboflow_ocr_plate,non_vietnamese_source_image;valid_only_after_normalizer_correction
D:/DATN/datasets/raw/roboflow_ocr_plate/train/images/iwt59_jpg.rf.96dec66b713c10f665e3feefa0b3cdfe.jpg,1B76462,1,7,False,roboflow_ocr_plate,non_vietnamese_source_image;valid_only_after_normalizer_correction
D:/DATN/datasets/raw/roboflow_ocr_plate/train/images/iwt60_jpg.rf.e470959349da5db4eee09823e9be68c9.jpg,5C48306,1,7,False,roboflow_ocr_plate,non_vietnamese_source_image;no_matching_plate_pattern
D:/DATN/datasets/raw/roboflow_ocr_plate/train/images/iwt610_jpg.rf.b37749daf1c4a933c0f6dbb5ffe5bdcb.jpg,8B02173,1,7,False,roboflow_ocr_plate,non_vietnamese_source_image;valid_only_after_normalizer_correction
D:/DATN/datasets/raw/roboflow_ocr_plate/train/images/iwt611_jpg.rf.f741b28baadeecc337d99de4c8f742da.jpg,7B10307,1,7,False,roboflow_ocr_plate,non_vietnamese_source_image;valid_only_after_normalizer_correction
D:/DATN/datasets/raw/roboflow_ocr_plate/train/images/iwt612_jpg.rf.2f35e6f3a01f8164cc7ca3db3d14465a.jpg,9B60464,1,7,False,roboflow_ocr_plate,non_vietnamese_source_image;valid_only_after_normalizer_correction
D:/DATN/datasets/raw/roboflow_ocr_plate/train/images/iwt613_jpg.rf.2a466b0895592db188ae9d1c5a3a76dc.jpg,7B91102,1,7,False,roboflow_ocr_plate,non_vietnamese_source_image;no_matching_plate_pattern
D:/DATN/datasets/raw/roboflow_ocr_plate/train/images/iwt614_jpg.rf.47e4a4aa269a08f8c922d921ce3e3dbe.jpg,1AT5828,1,7,False,roboflow_ocr_plate,non_vietnamese_source_image;valid_only_after_normalizer_correction
D:/DATN/datasets/raw/roboflow_ocr_plate/train/images/iwt615_jpg.rf.c28cc9a144ea9216bb517f600b2c97e4.jpg,7B14349,1,7,False,roboflow_ocr_plate,non_vietnamese_source_image;valid_only_after_normalizer_correction
D:/DATN/datasets/raw/roboflow_ocr_plate/train/images/iwt616_jpg.rf.790aab3e9a3ccf22cb0024413b8d8464.jpg,4M98681,1,7,False,roboflow_ocr_plate,non_vietnamese_source_image;no_matching_plate_pattern
D:/DATN/datasets/raw/roboflow_ocr_plate/train/images/iwt618_jpg.rf.58e8eb6993be483ae4620c095214d6e5.jpg,BZH8389,1,7,False,roboflow_ocr_plate,non_vietnamese_source_image;valid_only_after_normalizer_correction
D:/DATN/datasets/raw/roboflow_ocr_plate/train/images/iwt619_jpg.rf.abd65df5a3d105c7c8ce72f693068143.jpg,9B38368,1,7,False,roboflow_ocr_plate,non_vietnamese_source_image;valid_only_after_normalizer_correction
D:/DATN/datasets/raw/roboflow_ocr_plate/train/images/iwt620_jpg.rf.5e1d0f366d9368afcf35e3db2d685a79.jpg,8B71401,1,7,False,roboflow_ocr_plate,non_vietnamese_source_image;valid_only_after_normalizer_correction
D:/DATN/datasets/raw/roboflow_ocr_plate/train/images/iwt621_jpg.rf.35bed6b77225f743e5eaea913f4c4c0f.jpg,4B20737,1,7,False,roboflow_ocr_plate,non_vietnamese_source_image;valid_only_after_normalizer_correction
D:/DATN/datasets/raw/roboflow_ocr_plate/train/images/iwt622_jpg.rf.06ff1588c22a66f2d5c67c76158d0d7f.jpg,3B04082,1,7,False,roboflow_ocr_plate,non_vietnamese_source_image;valid_only_after_normalizer_correction
D:/DATN/datasets/raw/roboflow_ocr_plate/train/images/iwt624_jpg.rf.18b001580dabd4c0665643a509309654.jpg,1BC4146,1,7,False,roboflow_ocr_plate,non_vietnamese_source_image;valid_only_after_normalizer_correction
D:/DATN/datasets/raw/roboflow_ocr_plate/train/images/iwt625_jpg.rf.05effa730438db288a32e7b1c51f0b73.jpg,5B77655,1,7,False,roboflow_ocr_plate,non_vietnamese_source_image;valid_only_after_normalizer_correction
D:/DATN/datasets/raw/roboflow_ocr_plate/train/images/iwt626_jpg.rf.be98cd2c8dd1c07a341a28c3ac9bf08f.jpg,6B67495,1,7,False,roboflow_ocr_plate,non_vietnamese_source_image;valid_only_after_normalizer_correction
D:/DATN/datasets/raw/roboflow_ocr_plate/train/images/iwt627_jpg.rf.d04df5b01137192f77ec71e3f04768fc.jpg,BZP2087,1,7,False,roboflow_ocr_plate,non_vietnamese_source_image;valid_only_after_normalizer_correction
D:/DATN/datasets/raw/roboflow_ocr_plate/train/images/iwt628_jpg.rf.8fd5f69322b293186a1d6a6505629593.jpg,5C93988,1,7,False,roboflow_ocr_plate,non_vietnamese_source_image;no_matching_plate_pattern
D:/DATN/datasets/raw/roboflow_ocr_plate/train/images/iwt62_jpg.rf.10088ffcb02407c53ee394f051b988ea.jpg,4B10036,1,7,False,roboflow_ocr_plate,non_vietnamese_source_image;valid_only_after_normalizer_correction
D:/DATN/datasets/raw/roboflow_ocr_plate/train/images/iwt630_jpg.rf.4b5c70ea67716fa5a73e9dca2027f14e.jpg,3A0851,1,6,False,roboflow_ocr_plate,non_vietnamese_source_image;no_matching_plate_pattern
D:/DATN/datasets/raw/roboflow_ocr_plate/train/images/iwt631_jpg.rf.da943c933334058599d8f942c8b1e4aa.jpg,2SE8601,1,7,False,roboflow_ocr_plate,non_vietnamese_source_image;valid_only_after_normalizer_correction
D:/DATN/datasets/raw/roboflow_ocr_plate/train/images/iwt632_jpg.rf.c496b3c598800687ca66e1f3cb2bade1.jpg,7B11859,1,7,False,roboflow_ocr_plate,non_vietnamese_source_image;valid_only_after_normalizer_correction
D:/DATN/datasets/raw/roboflow_ocr_plate/train/images/iwt633_jpg.rf.d88898d88985dc8ea0d87f72bfb51db2.jpg,3A0851,1,6,False,roboflow_ocr_plate,non_vietnamese_source_image;no_matching_plate_pattern
D:/DATN/datasets/raw/roboflow_ocr_plate/train/images/iwt634_jpg.rf.3dc097afe6e28f06d1b9599ed8302c57.jpg,8B23170,1,7,False,roboflow_ocr_plate,non_vietnamese_source_image;valid_only_after_normalizer_correction
D:/DATN/datasets/raw/roboflow_ocr_plate/train/images/iwt635_jpg.rf.31b76fe5c010978a812f797f88ebae15.jpg,9B84391,1,7,False,roboflow_ocr_plate,non_vietnamese_source_image;valid_only_after_normalizer_correction
D:/DATN/datasets/raw/roboflow_ocr_plate/train/images/iwt636_jpg.rf.87a4176f9c159e2df69a3014ea75521a.jpg,2B13579,1,7,False,roboflow_ocr_plate,non_vietnamese_source_image;valid_only_after_normalizer_correction
D:/DATN/datasets/raw/roboflow_ocr_plate/train/images/iwt638_jpg.rf.ddb3cd275c2c339c3f15c3bd2709722a.jpg,4AF9553,1,7,False,roboflow_ocr_plate,non_vietnamese_source_image;no_matching_plate_pattern
D:/DATN/datasets/raw/roboflow_ocr_plate/train/images/iwt639_jpg.rf.d362eb4d23348d0bd5151552b217722c.jpg,2B52739,1,7,False,roboflow_ocr_plate,non_vietnamese_source_image;valid_only_after_normalizer_correction
D:/DATN/datasets/raw/roboflow_ocr_plate/train/images/iwt63_jpg.rf.d7deaa5eeb5cba70807b891ec49b9ebf.jpg,1BD0673,1,7,False,roboflow_ocr_plate,non_vietnamese_source_image;valid_only_after_normalizer_correction
D:/DATN/datasets/raw/roboflow_ocr_plate/train/images/iwt641_jpg.rf.b6c8972318f7cc343850f1c7b0770b77.jpg,6B68384,1,7,False,roboflow_ocr_plate,non_vietnamese_source_image;valid_only_after_normalizer_correction
D:/DATN/datasets/raw/roboflow_ocr_plate/train/images/iwt642_jpg.rf.05004fd87dd776e9e608b57ec953154d.jpg,7B15714,1,7,False,roboflow_ocr_plate,non_vietnamese_source_image;valid_only_after_normalizer_correction
D:/DATN/datasets/raw/roboflow_ocr_plate/train/images/iwt645_jpg.rf.eb2c4fad3e48e8d0f49d7af0f6b2f0c0.jpg,2B89928,1,7,False,roboflow_ocr_plate,non_vietnamese_source_image;valid_only_after_normalizer_correction
D:/DATN/datasets/raw/roboflow_ocr_plate/train/images/iwt646_jpg.rf.905564d745b2a9a2c7e6de095218a420.jpg,6B67033,1,7,False,roboflow_ocr_plate,non_vietnamese_source_image;valid_only_after_normalizer_correction
D:/DATN/datasets/raw/roboflow_ocr_plate/train/images/iwt647_jpg.rf.adbd5c013da06a6babe6f9a24ecdd761.jpg,9B8479,1,6,False,roboflow_ocr_plate,non_vietnamese_source_image;no_matching_plate_pattern
D:/DATN/datasets/raw/roboflow_ocr_plate/train/images/iwt648_jpg.rf.ed9c0a1f8f7a482e29357fcf80fd0aa5.jpg,1BB8851,1,7,False,roboflow_ocr_plate,non_vietnamese_source_image;valid_only_after_normalizer_correction
D:/DATN/datasets/raw/roboflow_ocr_plate/train/images/iwt649_jpg.rf.9c842063fcafd71b87fe71321d5a7314.jpg,6B50430,1,7,False,roboflow_ocr_plate,non_vietnamese_source_image;valid_only_after_normalizer_correction
D:/DATN/datasets/raw/roboflow_ocr_plate/train/images/iwt64_jpg.rf.a5a189ab34b90611c4c0b1133a258b85.jpg,4B50811,1,7,False,roboflow_ocr_plate,non_vietnamese_source_image;valid_only_after_normalizer_correction
D:/DATN/datasets/raw/roboflow_ocr_plate/train/images/iwt650_jpg.rf.9fa499b40ec25bb1214355326f303f8b.jpg,6B00320,1,7,False,roboflow_ocr_plate,non_vietnamese_source_image;valid_only_after_normalizer_correction
D:/DATN/datasets/raw/roboflow_ocr_plate/train/images/iwt651_jpg.rf.fa15627d12adeb2ec2eee474e3131d18.jpg,4B45969,1,7,False,roboflow_ocr_plate,non_vietnamese_source_image;valid_only_after_normalizer_correction
D:/DATN/datasets/raw/roboflow_ocr_plate/train/images/iwt652_jpg.rf.502ea37d50e136ae85bbba4a57616306.jpg,7B58307,1,7,False,roboflow_ocr_plate,non_vietnamese_source_image;valid_only_after_normalizer_correction
D:/DATN/datasets/raw/roboflow_ocr_plate/train/images/iwt653_jpg.rf.a4dfd25a7d6845bbb39c900586312c74.jpg,BZC4939,1,7,False,roboflow_ocr_plate,non_vietnamese_source_image;valid_only_after_normalizer_correction
D:/DATN/datasets/raw/roboflow_ocr_plate/train/images/iwt654_jpg.rf.381daa7c0df773c846bcab7f4c455ed3.jpg,1BB6338,1,7,False,roboflow_ocr_plate,non_vietnamese_source_image;valid_only_after_normalizer_correction
D:/DATN/datasets/raw/roboflow_ocr_plate/train/images/iwt655_jpg.rf.7d2024917a93ef40ee3c4cfde8a72e00.jpg,1BA0888,1,7,False,roboflow_ocr_plate,non_vietnamese_source_image;valid_only_after_normalizer_correction
D:/DATN/datasets/raw/roboflow_ocr_plate/train/images/iwt656_jpg.rf.73ff8e7c09d35d02b302e173f1a9553e.jpg,9B49365,1,7,False,roboflow_ocr_plate,non_vietnamese_source_image;valid_only_after_normalizer_correction
D:/DATN/datasets/raw/roboflow_ocr_plate/train/images/iwt658_jpg.rf.9a6e939577c92e9c5f93e00fb6ae6f1c.jpg,8B64702,1,7,False,roboflow_ocr_plate,non_vietnamese_source_image;valid_only_after_normalizer_correction
D:/DATN/datasets/raw/roboflow_ocr_plate/train/images/iwt659_jpg.rf.a564c3a0d8d46de0e0606ac9f9f87193.jpg,3Z63187,1,7,False,roboflow_ocr_plate,non_vietnamese_source_image;valid_only_after_normalizer_correction
D:/DATN/datasets/raw/roboflow_ocr_plate/train/images/iwt65_jpg.rf.37b37bd9b61d3f48fea49d008e90d719.jpg,6B51255,1,7,False,roboflow_ocr_plate,non_vietnamese_source_image;valid_only_after_normalizer_correction
D:/DATN/datasets/raw/roboflow_ocr_plate/train/images/iwt660_jpg.rf.fce8fce9633e63645e6df22ae4f2afe8.jpg,4AZ3802,1,7,False,roboflow_ocr_plate,non_vietnamese_source_image;no_matching_plate_pattern
D:/DATN/datasets/raw/roboflow_ocr_plate/train/images/iwt662_jpg.rf.757a492cd81935d0c9707bc9a3779d8c.jpg,2Z52689,1,7,False,roboflow_ocr_plate,non_vietnamese_source_image;valid_only_after_normalizer_correction
D:/DATN/datasets/raw/roboflow_ocr_plate/train/images/iwt663_jpg.rf.761e550ca997b0162e01813b8162a1e2.jpg,6B88304,1,7,False,roboflow_ocr_plate,non_vietnamese_source_image;valid_only_after_normalizer_correction
D:/DATN/datasets/raw/roboflow_ocr_plate/train/images/iwt664_jpg.rf.9b8b3efee11238e4e89f935f6d8ef5a2.jpg,4E02304,1,7,False,roboflow_ocr_plate,non_vietnamese_source_image;no_matching_plate_pattern
D:/DATN/datasets/raw/roboflow_ocr_plate/train/images/iwt665_jpg.rf.0552519417b2352eb26a834daed255aa.jpg,7B40988,1,7,False,roboflow_ocr_plate,non_vietnamese_source_image;valid_only_after_normalizer_correction
D:/DATN/datasets/raw/roboflow_ocr_plate/train/images/iwt666_jpg.rf.fbb59267001454145f48e94789f522ab.jpg,7B94261,1,7,False,roboflow_ocr_plate,non_vietnamese_source_image;no_matching_plate_pattern
D:/DATN/datasets/raw/roboflow_ocr_plate/train/images/iwt667_jpg.rf.de2d5c37af3e6c27ce179ee2aee251c5.jpg,5B11149,1,7,False,roboflow_ocr_plate,non_vietnamese_source_image;valid_only_after_normalizer_correction
D:/DATN/datasets/raw/roboflow_ocr_plate/train/images/iwt668_jpg.rf.ed32fb7c345f94afbc6c2a61d3d3d5e5.jpg,2B74289,1,7,False,roboflow_ocr_plate,non_vietnamese_source_image;valid_only_after_normalizer_correction
D:/DATN/datasets/raw/roboflow_ocr_plate/train/images/iwt669_jpg.rf.d5eec2cbe49fc670861c8daaaa2787cb.jpg,9B64064,1,7,False,roboflow_ocr_plate,non_vietnamese_source_image;valid_only_after_normalizer_correction
D:/DATN/datasets/raw/roboflow_ocr_plate/train/images/iwt66_jpg.rf.f5a0f5ca7e4764195c93098e622b0443.jpg,4B02466,1,7,False,roboflow_ocr_plate,non_vietnamese_source_image;valid_only_after_normalizer_correction
D:/DATN/datasets/raw/roboflow_ocr_plate/train/images/iwt670_jpg.rf.6528460539e64544e3dbfe9cf7e133ac.jpg,1B85815,1,7,False,roboflow_ocr_plate,non_vietnamese_source_image;valid_only_after_normalizer_correction
D:/DATN/datasets/raw/roboflow_ocr_plate/train/images/iwt671_jpg.rf.9662a79f00c7459c091a7055345816a0.jpg,7B98453,1,7,False,roboflow_ocr_plate,non_vietnamese_source_image;no_matching_plate_pattern
D:/DATN/datasets/raw/roboflow_ocr_plate/train/images/iwt672_jpg.rf.80384f1e858bb7081847b6d8426ed4c7.jpg,9B59729,1,7,False,roboflow_ocr_plate,non_vietnamese_source_image;valid_only_after_normalizer_correction
D:/DATN/datasets/raw/roboflow_ocr_plate/train/images/iwt675_jpg.rf.2809dc780a7f9a185d1ce26afb302743.jpg,1BA3428,1,7,False,roboflow_ocr_plate,non_vietnamese_source_image;valid_only_after_normalizer_correction
D:/DATN/datasets/raw/roboflow_ocr_plate/train/images/iwt676_jpg.rf.16b7e915b32aafd0b5f2c6edc4b00761.jpg,1BD0679,1,7,False,roboflow_ocr_plate,non_vietnamese_source_image;valid_only_after_normalizer_correction
D:/DATN/datasets/raw/roboflow_ocr_plate/train/images/iwt67_jpg.rf.2743f6df65a804b886234ceaac32bb46.jpg,5C65578,1,7,False,roboflow_ocr_plate,non_vietnamese_source_image;no_matching_plate_pattern
D:/DATN/datasets/raw/roboflow_ocr_plate/train/images/iwt69_jpg.rf.455d861afe03e98f57c485538c887e85.jpg,ZNE2393,1,7,False,roboflow_ocr_plate,non_vietnamese_source_image;no_matching_plate_pattern
D:/DATN/datasets/raw/roboflow_ocr_plate/train/images/iwt7100_jpg.rf.a46e719ac6dca42bb4fa21115ce20bae.jpg,1B05002,1,7,False,roboflow_ocr_plate,non_vietnamese_source_image;valid_only_after_normalizer_correction
D:/DATN/datasets/raw/roboflow_ocr_plate/train/images/iwt7101_jpg.rf.1c108298efc8e683846ba88efa3ceafd.jpg,7B31947,1,7,False,roboflow_ocr_plate,non_vietnamese_source_image;valid_only_after_normalizer_correction
D:/DATN/datasets/raw/roboflow_ocr_plate/train/images/iwt7103_jpg.rf.98c2041a237cffebe701c2c7445b70cb.jpg,BZL5685,1,7,False,roboflow_ocr_plate,non_vietnamese_source_image;valid_only_after_normalizer_correction
D:/DATN/datasets/raw/roboflow_ocr_plate/train/images/iwt7104_jpg.rf.d65cd7b94ef64dfaf0d7c28c7e208f15.jpg,2E6775,1,6,False,roboflow_ocr_plate,non_vietnamese_source_image;no_matching_plate_pattern
D:/DATN/datasets/raw/roboflow_ocr_plate/train/images/iwt7105_jpg.rf.ed9fcffd4444be2bdbbbb4a9efe57d32.jpg,7B35438,1,7,False,roboflow_ocr_plate,non_vietnamese_source_image;valid_only_after_normalizer_correction
D:/DATN/datasets/raw/roboflow_ocr_plate/train/images/iwt7106_jpg.rf.fe5a67cb421e2a5654d30ba066f9f576.jpg,3K29729,1,7,False,roboflow_ocr_plate,non_vietnamese_source_image;no_matching_plate_pattern
D:/DATN/datasets/raw/roboflow_ocr_plate/train/images/iwt7107_jpg.rf.50fb456203af59474b51d9da93fc0fe8.jpg,4B96914,1,7,False,roboflow_ocr_plate,non_vietnamese_source_image;no_matching_plate_pattern
D:/DATN/datasets/raw/roboflow_ocr_plate/train/images/iwt7108_jpg.rf.997ff5208efde84cb6126c09e1d8391b.jpg,8B86266,1,7,False,roboflow_ocr_plate,non_vietnamese_source_image;valid_only_after_normalizer_correction
D:/DATN/datasets/raw/roboflow_ocr_plate/train/images/iwt7109_jpg.rf.f5d8d266daee77551dccd7df799bbdee.jpg,6B03119,1,7,False,roboflow_ocr_plate,non_vietnamese_source_image;valid_only_after_normalizer_correction
D:/DATN/datasets/raw/roboflow_ocr_plate/train/images/iwt710_jpg.rf.bece030263c90174c44eb9d1bff1b826.jpg,6M04291,1,7,False,roboflow_ocr_plate,non_vietnamese_source_image;no_matching_plate_pattern
D:/DATN/datasets/raw/roboflow_ocr_plate/train/images/iwt7110_jpg.rf.8c513de7c48c88fecf874d50cd454170.jpg,8886266,1,7,False,roboflow_ocr_plate,non_vietnamese_source_image;valid_only_after_normalizer_correction
D:/DATN/datasets/raw/roboflow_ocr_plate/train/images/iwt7111_jpg.rf.35c87a73365ab36e2039e6120ae931b1.jpg,7B34216,1,7,False,roboflow_ocr_plate,non_vietnamese_source_image;valid_only_after_normalizer_correction
D:/DATN/datasets/raw/roboflow_ocr_plate/train/images/iwt7113_jpg.rf.63e82106678a77b085b3ab8c5b706630.jpg,4AC5710,1,7,False,roboflow_ocr_plate,non_vietnamese_source_image;no_matching_plate_pattern
D:/DATN/datasets/raw/roboflow_ocr_plate/train/images/iwt7114_jpg.rf.05ac4f82a022d232c7bc26c844a33f61.jpg,1BC1046,1,7,False,roboflow_ocr_plate,non_vietnamese_source_image;valid_only_after_normalizer_correction
D:/DATN/datasets/raw/roboflow_ocr_plate/train/images/iwt7115_jpg.rf.b72cec674c40f14c60648c773f15c7ab.jpg,8B62184,1,7,False,roboflow_ocr_plate,non_vietnamese_source_image;valid_only_after_normalizer_correction
D:/DATN/datasets/raw/roboflow_ocr_plate/train/images/iwt7116_jpg.rf.3bf033545633e6355d0e671c93470e6b.jpg,3B60854,1,7,False,roboflow_ocr_plate,non_vietnamese_source_image;valid_only_after_normalizer_correction
D:/DATN/datasets/raw/roboflow_ocr_plate/train/images/iwt7118_jpg.rf.03f8073b7c41082f7860ee06c53bc530.jpg,4BB6157,1,7,False,roboflow_ocr_plate,non_vietnamese_source_image;valid_only_after_normalizer_correction
D:/DATN/datasets/raw/roboflow_ocr_plate/train/images/iwt7119_jpg.rf.d61d41d8ce9388a7b032633619af2487.jpg,4B82295,1,7,False,roboflow_ocr_plate,non_vietnamese_source_image;valid_only_after_normalizer_correction
D:/DATN/datasets/raw/roboflow_ocr_plate/train/images/iwt7120_jpg.rf.1a8c199f9788d477d76fb593e526ed9e.jpg,4B22781,1,7,False,roboflow_ocr_plate,non_vietnamese_source_image;valid_only_after_normalizer_correction
D:/DATN/datasets/raw/roboflow_ocr_plate/train/images/iwt7121_jpg.rf.e374a80e4b747aa9789966b7dc529fcc.jpg,7B72729,1,7,False,roboflow_ocr_plate,non_vietnamese_source_image;valid_only_after_normalizer_correction
D:/DATN/datasets/raw/roboflow_ocr_plate/train/images/iwt7122_jpg.rf.03bf9c5a59c990d687683ea8376edff6.jpg,BMZ3933,1,7,False,roboflow_ocr_plate,non_vietnamese_source_image;no_matching_plate_pattern
D:/DATN/datasets/raw/roboflow_ocr_plate/train/images/iwt7123_jpg.rf.20a38fb16917880c302d4f0f71b95dcf.jpg,BZB1922,1,7,False,roboflow_ocr_plate,non_vietnamese_source_image;valid_only_after_normalizer_correction
D:/DATN/datasets/raw/roboflow_ocr_plate/train/images/iwt7124_jpg.rf.27138a745c43ee61982cd09190a21a96.jpg,2M25948,1,7,False,roboflow_ocr_plate,non_vietnamese_source_image;no_matching_plate_pattern
D:/DATN/datasets/raw/roboflow_ocr_plate/train/images/iwt7125_jpg.rf.0571f8bde924948c2ddebcc8edc82c7a.jpg,7B30788,1,7,False,roboflow_ocr_plate,non_vietnamese_source_image;valid_only_after_normalizer_correction
D:/DATN/datasets/raw/roboflow_ocr_plate/train/images/iwt7126_jpg.rf.ab31dd8516df856c2741c69d65500b79.jpg,7B90990,1,7,False,roboflow_ocr_plate,non_vietnamese_source_image;no_matching_plate_pattern
D:/DATN/datasets/raw/roboflow_ocr_plate/train/images/iwt7127_jpg.rf.717eae6fde64f16032fde56bceceaaef.jpg,6B70990,1,7,False,roboflow_ocr_plate,non_vietnamese_source_image;valid_only_after_normalizer_correction
D:/DATN/datasets/raw/roboflow_ocr_plate/train/images/iwt7129_jpg.rf.045e055f618c77d1016bd2780c4fd055.jpg,3B25229,1,7,False,roboflow_ocr_plate,non_vietnamese_source_image;valid_only_after_normalizer_correction
D:/DATN/datasets/raw/roboflow_ocr_plate/train/images/iwt712_jpg.rf.4764313a8e7cffab636aeb36a7c2b103.jpg,5Z15057,1,7,False,roboflow_ocr_plate,non_vietnamese_source_image;valid_only_after_normalizer_correction
D:/DATN/datasets/raw/roboflow_ocr_plate/train/images/iwt7130_jpg.rf.b1e600e1fc4095943021880fe6473674.jpg,7B59066,1,7,False,roboflow_ocr_plate,non_vietnamese_source_image;valid_only_after_normalizer_correction
D:/DATN/datasets/raw/roboflow_ocr_plate/train/images/iwt7131_jpg.rf.e6b88d5a82ffc34c6f45320c272b8dff.jpg,7B14095,1,7,False,roboflow_ocr_plate,non_vietnamese_source_image;valid_only_after_normalizer_correction
D:/DATN/datasets/raw/roboflow_ocr_plate/train/images/iwt7132_jpg.rf.33a03fa3153502b603c41aa56a5a0d5a.jpg,7B89545,1,7,False,roboflow_ocr_plate,non_vietnamese_source_image;valid_only_after_normalizer_correction
D:/DATN/datasets/raw/roboflow_ocr_plate/train/images/iwt7133_jpg.rf.b54868418bfb92cecc68e7ff20157c88.jpg,8B66512,1,7,False,roboflow_ocr_plate,non_vietnamese_source_image;valid_only_after_normalizer_correction
D:/DATN/datasets/raw/roboflow_ocr_plate/train/images/iwt7134_jpg.rf.ad09411cf2426b875112baa880747bc1.jpg,1BB7325,1,7,False,roboflow_ocr_plate,non_vietnamese_source_image;valid_only_after_normalizer_correction
D:/DATN/datasets/raw/roboflow_ocr_plate/train/images/iwt7135_jpg.rf.1090efa4dbde1ffa031dcb24915456a9.jpg,2B73768,1,7,False,roboflow_ocr_plate,non_vietnamese_source_image;valid_only_after_normalizer_correction
D:/DATN/datasets/raw/roboflow_ocr_plate/train/images/iwt7136_jpg.rf.a1c9cbc147ca632e690589219772e305.jpg,6B24616,1,7,False,roboflow_ocr_plate,non_vietnamese_source_image;valid_only_after_normalizer_correction
D:/DATN/datasets/raw/roboflow_ocr_plate/train/images/iwt7137_jpg.rf.c6148a6a510005a14ee14f7005dd0fc5.jpg,5B26675,1,7,False,roboflow_ocr_plate,non_vietnamese_source_image;valid_only_after_normalizer_correction
D:/DATN/datasets/raw/roboflow_ocr_plate/train/images/iwt7138_jpg.rf.7134554213be4e7a21286ad2df15fcfb.jpg,7B78280,1,7,False,roboflow_ocr_plate,non_vietnamese_source_image;valid_only_after_normalizer_correction
D:/DATN/datasets/raw/roboflow_ocr_plate/train/images/iwt7139_jpg.rf.40da4a3ceed10a365163eedcfd6602b2.jpg,5H68504,1,7,False,roboflow_ocr_plate,non_vietnamese_source_image;no_matching_plate_pattern
D:/DATN/datasets/raw/roboflow_ocr_plate/train/images/iwt7140_jpg.rf.501dd90d2b414fe8df39f78213747242.jpg,9B86906,1,7,False,roboflow_ocr_plate,non_vietnamese_source_image;valid_only_after_normalizer_correction
D:/DATN/datasets/raw/roboflow_ocr_plate/train/images/iwt714_jpg.rf.4d72ecd364dfe87c8cca1b0c633cb6a0.jpg,3S86899,1,7,False,roboflow_ocr_plate,non_vietnamese_source_image;valid_only_after_normalizer_correction
D:/DATN/datasets/raw/roboflow_ocr_plate/train/images/iwt715_jpg.rf.60559a2244881728074bd6f3f2ed4dcc.jpg,9B33297,1,7,False,roboflow_ocr_plate,non_vietnamese_source_image;valid_only_after_normalizer_correction
D:/DATN/datasets/raw/roboflow_ocr_plate/train/images/iwt716_jpg.rf.712f29251fb1d2820f12708173a934d5.jpg,7B66657,1,7,False,roboflow_ocr_plate,non_vietnamese_source_image;valid_only_after_normalizer_correction
D:/DATN/datasets/raw/roboflow_ocr_plate/train/images/iwt718_jpg.rf.958cc2fcf79d0328952933e2693d498e.jpg,4AX9660,1,7,False,roboflow_ocr_plate,non_vietnamese_source_image;no_matching_plate_pattern
D:/DATN/datasets/raw/roboflow_ocr_plate/train/images/iwt719_jpg.rf.9680b81ca31f0543e85fa194189ad676.jpg,3B60372,1,7,False,roboflow_ocr_plate,non_vietnamese_source_image;valid_only_after_normalizer_correction
D:/DATN/datasets/raw/roboflow_ocr_plate/train/images/iwt71_jpg.rf.75186ac3382c3cc84e0c889c8aaf54d4.jpg,9B43304,1,7,False,roboflow_ocr_plate,non_vietnamese_source_image;valid_only_after_normalizer_correction
D:/DATN/datasets/raw/roboflow_ocr_plate/train/images/iwt720_jpg.rf.8560097d2348ebe817ac7c0fe824ea0d.jpg,1B61178,1,7,False,roboflow_ocr_plate,non_vietnamese_source_image;valid_only_after_normalizer_correction
D:/DATN/datasets/raw/roboflow_ocr_plate/train/images/iwt721_jpg.rf.e4925e2bfc939fd7681b48019a5d91e5.jpg,9B88363,1,7,False,roboflow_ocr_plate,non_vietnamese_source_image;valid_only_after_normalizer_correction
D:/DATN/datasets/raw/roboflow_ocr_plate/train/images/iwt722_jpg.rf.56f457b705ead4d63eab4f4fedecb2aa.jpg,7B12151,1,7,False,roboflow_ocr_plate,non_vietnamese_source_image;valid_only_after_normalizer_correction
D:/DATN/datasets/raw/roboflow_ocr_plate/train/images/iwt723_jpg.rf.cf8dfbacf0ebaff0875d744d0033f0be.jpg,7B12151,1,7,False,roboflow_ocr_plate,non_vietnamese_source_image;valid_only_after_normalizer_correction
D:/DATN/datasets/raw/roboflow_ocr_plate/train/images/iwt724_jpg.rf.f9a7042115e5669686becd011ed49231.jpg,9B30130,1,7,False,roboflow_ocr_plate,non_vietnamese_source_image;valid_only_after_normalizer_correction
D:/DATN/datasets/raw/roboflow_ocr_plate/train/images/iwt725_jpg.rf.21e413a4f7cc1c9c712662b89bd4f2cb.jpg,9B30130,1,7,False,roboflow_ocr_plate,non_vietnamese_source_image;valid_only_after_normalizer_correction
D:/DATN/datasets/raw/roboflow_ocr_plate/train/images/iwt726_jpg.rf.92b07974ba7cfd502c186a80c18a7b42.jpg,1BA1114,1,7,False,roboflow_ocr_plate,non_vietnamese_source_image;valid_only_after_normalizer_correction
D:/DATN/datasets/raw/roboflow_ocr_plate/train/images/iwt728_jpg.rf.5c5affe945748497400dedc9d820d649.jpg,5B06256,1,7,False,roboflow_ocr_plate,non_vietnamese_source_image;valid_only_after_normalizer_correction
D:/DATN/datasets/raw/roboflow_ocr_plate/train/images/iwt729_jpg.rf.ce83b079ec450ba3ecb9126023c58052.jpg,1BA1114,1,7,False,roboflow_ocr_plate,non_vietnamese_source_image;valid_only_after_normalizer_correction
D:/DATN/datasets/raw/roboflow_ocr_plate/train/images/iwt72_jpg.rf.26be2e06cf1a484867a87c8140080211.jpg,BZL4085,1,7,False,roboflow_ocr_plate,non_vietnamese_source_image;valid_only_after_normalizer_correction
D:/DATN/datasets/raw/roboflow_ocr_plate/train/images/iwt730_jpg.rf.175cdaee4839f004a79caa33baf6f0f6.jpg,9B30034,1,7,False,roboflow_ocr_plate,non_vietnamese_source_image;valid_only_after_normalizer_correction
D:/DATN/datasets/raw/roboflow_ocr_plate/train/images/iwt731_jpg.rf.98d548ae277335971b84e521862862b5.jpg,5B20773,1,7,False,roboflow_ocr_plate,non_vietnamese_source_image;valid_only_after_normalizer_correction
D:/DATN/datasets/raw/roboflow_ocr_plate/train/images/iwt732_jpg.rf.52eef9a2e82549f2371339c8e2348d5a.jpg,8B26226,1,7,False,roboflow_ocr_plate,non_vietnamese_source_image;valid_only_after_normalizer_correction
D:/DATN/datasets/raw/roboflow_ocr_plate/train/images/iwt733_jpg.rf.c2f5c4754f8e3a1a78bd9980e01eb224.jpg,1B37208,1,7,False,roboflow_ocr_plate,non_vietnamese_source_image;valid_only_after_normalizer_correction
D:/DATN/datasets/raw/roboflow_ocr_plate/train/images/iwt734_jpg.rf.53d4741c9a1b9cea822c106a7766d383.jpg,2Z52689,1,7,False,roboflow_ocr_plate,non_vietnamese_source_image;valid_only_after_normalizer_correction
D:/DATN/datasets/raw/roboflow_ocr_plate/train/images/iwt735_jpg.rf.d1538a960dffbf07feb5239e6c0610bc.jpg,2B46175,1,7,False,roboflow_ocr_plate,non_vietnamese_source_image;valid_only_after_normalizer_correction
D:/DATN/datasets/raw/roboflow_ocr_plate/train/images/iwt738_jpg.rf.e171384031f8c0d7882ef1b19b67d55f.jpg,2B57127,1,7,False,roboflow_ocr_plate,non_vietnamese_source_image;valid_only_after_normalizer_correction
D:/DATN/datasets/raw/roboflow_ocr_plate/train/images/iwt739_jpg.rf.4e42cd45a7b1ff8b9b73536057f4ef9a.jpg,1BC6703,1,7,False,roboflow_ocr_plate,non_vietnamese_source_image;valid_only_after_normalizer_correction
D:/DATN/datasets/raw/roboflow_ocr_plate/train/images/iwt73_jpg.rf.bf4fe5b02980841c848977047d744112.jpg,7B14095,1,7,False,roboflow_ocr_plate,non_vietnamese_source_image;valid_only_after_normalizer_correction
D:/DATN/datasets/raw/roboflow_ocr_plate/train/images/iwt740_jpg.rf.a84a6f1b35596b7c87cd49fb985def0b.jpg,7B11607,1,7,False,roboflow_ocr_plate,non_vietnamese_source_image;valid_only_after_normalizer_correction
D:/DATN/datasets/raw/roboflow_ocr_plate/train/images/iwt741_jpg.rf.fea7427c653f967a5a7ae49fa0cbaa59.jpg,4B07003,1,7,False,roboflow_ocr_plate,non_vietnamese_source_image;valid_only_after_normalizer_correction
D:/DATN/datasets/raw/roboflow_ocr_plate/train/images/iwt742_jpg.rf.458dcc8177a167ed9d4fbe3e0ab1daee.jpg,8B53308,1,7,False,roboflow_ocr_plate,non_vietnamese_source_image;valid_only_after_normalizer_correction
D:/DATN/datasets/raw/roboflow_ocr_plate/train/images/iwt744_jpg.rf.884f7e7019ac5579ce229f74391d2438.jpg,5B57928,1,7,False,roboflow_ocr_plate,non_vietnamese_source_image;valid_only_after_normalizer_correction
D:/DATN/datasets/raw/roboflow_ocr_plate/train/images/iwt745_jpg.rf.4bc497e957d9051c7fb28d437b09f66a.jpg,5B99527,1,7,False,roboflow_ocr_plate,non_vietnamese_source_image;no_matching_plate_pattern
D:/DATN/datasets/raw/roboflow_ocr_plate/train/images/iwt746_jpg.rf.5c2b6eb8f3c7a4491faecf92bce83350.jpg,9B83305,1,7,False,roboflow_ocr_plate,non_vietnamese_source_image;valid_only_after_normalizer_correction
D:/DATN/datasets/raw/roboflow_ocr_plate/train/images/iwt748_jpg.rf.34d94269befc6901706ab1831978b496.jpg,4AF9553,1,7,False,roboflow_ocr_plate,non_vietnamese_source_image;no_matching_plate_pattern
D:/DATN/datasets/raw/roboflow_ocr_plate/train/images/iwt749_jpg.rf.8d15cfa1efe7576eccb1242cda33b719.jpg,1Z35206,1,7,False,roboflow_ocr_plate,non_vietnamese_source_image;valid_only_after_normalizer_correction
D:/DATN/datasets/raw/roboflow_ocr_plate/train/images/iwt750_jpg.rf.e9a528e6b9ab686c8bf372737eb569f0.jpg,8B41958,1,7,False,roboflow_ocr_plate,non_vietnamese_source_image;valid_only_after_normalizer_correction
D:/DATN/datasets/raw/roboflow_ocr_plate/train/images/iwt751_jpg.rf.91455366d15dfb0b2efddd5f42fa9097.jpg,3Z63187,1,7,False,roboflow_ocr_plate,non_vietnamese_source_image;valid_only_after_normalizer_correction
D:/DATN/datasets/raw/roboflow_ocr_plate/train/images/iwt752_jpg.rf.daca555e3e693773db86b337ef1fc3c6.jpg,2SZ4642,1,7,False,roboflow_ocr_plate,non_vietnamese_source_image;valid_only_after_normalizer_correction
D:/DATN/datasets/raw/roboflow_ocr_plate/train/images/iwt753_jpg.rf.ca7f0c77ceac850d54a7452a0e9ac356.jpg,6B89358,1,7,False,roboflow_ocr_plate,non_vietnamese_source_image;valid_only_after_normalizer_correction
D:/DATN/datasets/raw/roboflow_ocr_plate/train/images/iwt755_jpg.rf.e51e46be33b56e36000ef169173f8a43.jpg,6B34859,1,7,False,roboflow_ocr_plate,non_vietnamese_source_image;valid_only_after_normalizer_correction
D:/DATN/datasets/raw/roboflow_ocr_plate/train/images/iwt757_jpg.rf.bfb6de6e1d0dcf4fabcad26e44526c6b.jpg,8B81013,1,7,False,roboflow_ocr_plate,non_vietnamese_source_image;valid_only_after_normalizer_correction
D:/DATN/datasets/raw/roboflow_ocr_plate/train/images/iwt758_jpg.rf.eec0aa343f5eb54bd6ed18ecc86c9158.jpg,7B88517,1,7,False,roboflow_ocr_plate,non_vietnamese_source_image;valid_only_after_normalizer_correction
D:/DATN/datasets/raw/roboflow_ocr_plate/train/images/iwt759_jpg.rf.95df6b03244ad4cdac9c59e246442205.jpg,1B27247,1,7,False,roboflow_ocr_plate,non_vietnamese_source_image;valid_only_after_normalizer_correction
D:/DATN/datasets/raw/roboflow_ocr_plate/train/images/iwt75_jpg.rf.78bb0510f2d8699089c3fb59a1f7f5f0.jpg,6C71390,1,7,False,roboflow_ocr_plate,non_vietnamese_source_image;no_matching_plate_pattern
D:/DATN/datasets/raw/roboflow_ocr_plate/train/images/iwt760_jpg.rf.aa3fa7aaaa549b5c6851ddc047dd9c91.jpg,BZP6480,1,7,False,roboflow_ocr_plate,non_vietnamese_source_image;valid_only_after_normalizer_correction
D:/DATN/datasets/raw/roboflow_ocr_plate/train/images/iwt761_jpg.rf.64bed268e5aa74de19bfee41799ce453.jpg,1BA8370,1,7,False,roboflow_ocr_plate,non_vietnamese_source_image;valid_only_after_normalizer_correction
D:/DATN/datasets/raw/roboflow_ocr_plate/train/images/iwt762_jpg.rf.8565072398c08f09606ba25871fcc375.jpg,BZP6480,1,7,False,roboflow_ocr_plate,non_vietnamese_source_image;valid_only_after_normalizer_correction
D:/DATN/datasets/raw/roboflow_ocr_plate/train/images/iwt763_jpg.rf.6034260f1a18d34a8b35735bfad513ab.jpg,504027,1,6,False,roboflow_ocr_plate,non_vietnamese_source_image;no_matching_plate_pattern
D:/DATN/datasets/raw/roboflow_ocr_plate/train/images/iwt764_jpg.rf.78eb807a3fa874261690faabcbf12093.jpg,7B65585,1,7,False,roboflow_ocr_plate,non_vietnamese_source_image;valid_only_after_normalizer_correction
D:/DATN/datasets/raw/roboflow_ocr_plate/train/images/iwt765_jpg.rf.b371b7f47a736c7614e855c0d1daa032.jpg,9B91420,1,7,False,roboflow_ocr_plate,non_vietnamese_source_image;no_matching_plate_pattern
D:/DATN/datasets/raw/roboflow_ocr_plate/train/images/iwt768_jpg.rf.693c743e21da1a658a6821c06aa79f48.jpg,7B44167,1,7,False,roboflow_ocr_plate,non_vietnamese_source_image;valid_only_after_normalizer_correction
D:/DATN/datasets/raw/roboflow_ocr_plate/train/images/iwt769_jpg.rf.6616da276edb380cf296b5ea6ffb344f.jpg,3B41980,1,7,False,roboflow_ocr_plate,non_vietnamese_source_image;valid_only_after_normalizer_correction
D:/DATN/datasets/raw/roboflow_ocr_plate/train/images/iwt771_jpg.rf.17c7f1dc669650d4499409ae3bcba04f.jpg,2AX4938,1,7,False,roboflow_ocr_plate,non_vietnamese_source_image;valid_only_after_normalizer_correction
D:/DATN/datasets/raw/roboflow_ocr_plate/train/images/iwt772_jpg.rf.6295d0c5368a7ba943b94436c5d52924.jpg,7B30135,1,7,False,roboflow_ocr_plate,non_vietnamese_source_image;valid_only_after_normalizer_correction
D:/DATN/datasets/raw/roboflow_ocr_plate/train/images/iwt773_jpg.rf.148e3ae712d432ab7c18db3176b6b1e9.jpg,2AX4938,1,7,False,roboflow_ocr_plate,non_vietnamese_source_image;valid_only_after_normalizer_correction
D:/DATN/datasets/raw/roboflow_ocr_plate/train/images/iwt774_jpg.rf.da0982a1eb37ac371232039e136cb49c.jpg,5B77379,1,7,False,roboflow_ocr_plate,non_vietnamese_source_image;valid_only_after_normalizer_correction
D:/DATN/datasets/raw/roboflow_ocr_plate/train/images/iwt775_jpg.rf.060649c1a54e349f07d7e016b1651fce.jpg,7B73485,1,7,False,roboflow_ocr_plate,non_vietnamese_source_image;valid_only_after_normalizer_correction
D:/DATN/datasets/raw/roboflow_ocr_plate/train/images/iwt776_jpg.rf.251e8c153dbd1f8c3448c81b3d9b1d06.jpg,BZL3400,1,7,False,roboflow_ocr_plate,non_vietnamese_source_image;valid_only_after_normalizer_correction
D:/DATN/datasets/raw/roboflow_ocr_plate/train/images/iwt777_jpg.rf.efc9de60efbe56d719830954da70971a.jpg,4B60620,1,7,False,roboflow_ocr_plate,non_vietnamese_source_image;valid_only_after_normalizer_correction
D:/DATN/datasets/raw/roboflow_ocr_plate/train/images/iwt778_jpg.rf.e21cc77d0878b4489558ec8846fa698b.jpg,3B09932,1,7,False,roboflow_ocr_plate,non_vietnamese_source_image;valid_only_after_normalizer_correction
D:/DATN/datasets/raw/roboflow_ocr_plate/train/images/iwt779_jpg.rf.6f07198a634cbc74dca26cf6b0e4decf.jpg,8T77462,1,7,False,roboflow_ocr_plate,non_vietnamese_source_image;no_matching_plate_pattern
D:/DATN/datasets/raw/roboflow_ocr_plate/train/images/iwt77_jpg.rf.073e2a26bb5d1f8fac40e483b24fe129.jpg,6B45495,1,7,False,roboflow_ocr_plate,non_vietnamese_source_image;valid_only_after_normalizer_correction
D:/DATN/datasets/raw/roboflow_ocr_plate/train/images/iwt781_jpg.rf.2a9036021d7d9e34f81a95ddafd2da55.jpg,9B45193,1,7,False,roboflow_ocr_plate,non_vietnamese_source_image;valid_only_after_normalizer_correction
D:/DATN/datasets/raw/roboflow_ocr_plate/train/images/iwt782_jpg.rf.dfb701da661f5440dfbb073dbb5070d0.jpg,1B70230,1,7,False,roboflow_ocr_plate,non_vietnamese_source_image;valid_only_after_normalizer_correction
D:/DATN/datasets/raw/roboflow_ocr_plate/train/images/iwt783_jpg.rf.47bb5637d6f145e2c608a9ea56e812ef.jpg,8B47318,1,7,False,roboflow_ocr_plate,non_vietnamese_source_image;valid_only_after_normalizer_correction
D:/DATN/datasets/raw/roboflow_ocr_plate/train/images/iwt784_jpg.rf.b66492ad0db524a3c9b0a58f5ade3745.jpg,1B2138,1,6,False,roboflow_ocr_plate,non_vietnamese_source_image;no_matching_plate_pattern
D:/DATN/datasets/raw/roboflow_ocr_plate/train/images/iwt785_jpg.rf.2043bda555c678ef026599710e01559f.jpg,7B46204,1,7,False,roboflow_ocr_plate,non_vietnamese_source_image;valid_only_after_normalizer_correction
D:/DATN/datasets/raw/roboflow_ocr_plate/train/images/iwt786_jpg.rf.97bae24d0d400412d07f189e866f5ae0.jpg,5B23615,1,7,False,roboflow_ocr_plate,non_vietnamese_source_image;valid_only_after_normalizer_correction
D:/DATN/datasets/raw/roboflow_ocr_plate/train/images/iwt787_jpg.rf.c2faf860dd39adc811a91af01de69348.jpg,2B76686,1,7,False,roboflow_ocr_plate,non_vietnamese_source_image;valid_only_after_normalizer_correction
D:/DATN/datasets/raw/roboflow_ocr_plate/train/images/iwt788_jpg.rf.0161cbc6c99f0aa356e1f01635d38d7d.jpg,8B03653,1,7,False,roboflow_ocr_plate,non_vietnamese_source_image;valid_only_after_normalizer_correction
D:/DATN/datasets/raw/roboflow_ocr_plate/train/images/iwt789_jpg.rf.4f92216f0f759e502e377c36b3ff0fed.jpg,1E59706,1,7,False,roboflow_ocr_plate,non_vietnamese_source_image;no_matching_plate_pattern
D:/DATN/datasets/raw/roboflow_ocr_plate/train/images/iwt78_jpg.rf.f9f118b71c832fb347c321fdb955ae19.jpg,4B82840,1,7,False,roboflow_ocr_plate,non_vietnamese_source_image;valid_only_after_normalizer_correction
D:/DATN/datasets/raw/roboflow_ocr_plate/train/images/iwt790_jpg.rf.0ecf24c54707e3730566c4aab244fce7.jpg,1BB9110,1,7,False,roboflow_ocr_plate,non_vietnamese_source_image;valid_only_after_normalizer_correction
D:/DATN/datasets/raw/roboflow_ocr_plate/train/images/iwt792_jpg.rf.8682abaa8c1e5e13a6371dc53d3679c0.jpg,9B29274,1,7,False,roboflow_ocr_plate,non_vietnamese_source_image;valid_only_after_normalizer_correction
D:/DATN/datasets/raw/roboflow_ocr_plate/train/images/iwt793_jpg.rf.c288e78a94b5d13434d68e9d0cb4fbe1.jpg,9B13772,1,7,False,roboflow_ocr_plate,non_vietnamese_source_image;valid_only_after_normalizer_correction
D:/DATN/datasets/raw/roboflow_ocr_plate/train/images/iwt794_jpg.rf.8466026e4fa4ab9cb1f10ef9300384a6.jpg,8B77932,1,7,False,roboflow_ocr_plate,non_vietnamese_source_image;valid_only_after_normalizer_correction
D:/DATN/datasets/raw/roboflow_ocr_plate/train/images/iwt795_jpg.rf.ecb224d8df101d767e519a326c288e39.jpg,2B97325,1,7,False,roboflow_ocr_plate,non_vietnamese_source_image;no_matching_plate_pattern
D:/DATN/datasets/raw/roboflow_ocr_plate/train/images/iwt796_jpg.rf.a11f71b1d9897e0fe886f36d46b1fe92.jpg,7B76600,1,7,False,roboflow_ocr_plate,non_vietnamese_source_image;valid_only_after_normalizer_correction
D:/DATN/datasets/raw/roboflow_ocr_plate/train/images/iwt798_jpg.rf.993453579ca3e53eb8bf536224e6bdf4.jpg,2786,1,4,False,roboflow_ocr_plate,only_4_characters;non_vietnamese_source_image;no_matching_plate_pattern
D:/DATN/datasets/raw/roboflow_ocr_plate/train/images/iwt79_jpg.rf.5eb6ccbc54a9f6df1f459b0bd791fae3.jpg,4M34462,1,7,False,roboflow_ocr_plate,non_vietnamese_source_image;no_matching_plate_pattern
D:/DATN/datasets/raw/roboflow_ocr_plate/train/images/iwt80_jpg.rf.7f6e777da6cd5a68a4c281744f118cc8.jpg,4M26776,1,7,False,roboflow_ocr_plate,non_vietnamese_source_image;no_matching_plate_pattern
D:/DATN/datasets/raw/roboflow_ocr_plate/train/images/iwt810_jpg.rf.a7e04a3754e6e2ffcce09a63ebac69cd.jpg,FM4437,1,6,False,roboflow_ocr_plate,non_vietnamese_source_image;no_matching_plate_pattern
D:/DATN/datasets/raw/roboflow_ocr_plate/train/images/iwt811_jpg.rf.dd05e6447ca9138a2da84e7be996eaf4.jpg,3M46918,1,7,False,roboflow_ocr_plate,non_vietnamese_source_image;no_matching_plate_pattern
D:/DATN/datasets/raw/roboflow_ocr_plate/train/images/iwt812_jpg.rf.9507174d21c0f9814e7fecd02bf6f73a.jpg,8B70688,1,7,False,roboflow_ocr_plate,non_vietnamese_source_image;valid_only_after_normalizer_correction
D:/DATN/datasets/raw/roboflow_ocr_plate/train/images/iwt813_jpg.rf.fe29de92b94f351ba138e8145e01ca3f.jpg,1BC5191,1,7,False,roboflow_ocr_plate,non_vietnamese_source_image;valid_only_after_normalizer_correction
D:/DATN/datasets/raw/roboflow_ocr_plate/train/images/iwt814_jpg.rf.4816154d7be9addc0b23ba1224afc5f0.jpg,1BC0525,1,7,False,roboflow_ocr_plate,non_vietnamese_source_image;valid_only_after_normalizer_correction
D:/DATN/datasets/raw/roboflow_ocr_plate/train/images/iwt815_jpg.rf.5b92430f989c38286ba0f97ef639fb22.jpg,3B37902,1,7,False,roboflow_ocr_plate,non_vietnamese_source_image;valid_only_after_normalizer_correction
D:/DATN/datasets/raw/roboflow_ocr_plate/train/images/iwt816_jpg.rf.ab4893f35e8f91c2cecef3659e936c70.jpg,3B88729,1,7,False,roboflow_ocr_plate,non_vietnamese_source_image;valid_only_after_normalizer_correction
D:/DATN/datasets/raw/roboflow_ocr_plate/train/images/iwt817_jpg.rf.49c654d272bbeefafcb0aa45bedae7e2.jpg,1BB8887,1,7,False,roboflow_ocr_plate,non_vietnamese_source_image;valid_only_after_normalizer_correction
D:/DATN/datasets/raw/roboflow_ocr_plate/train/images/iwt818_jpg.rf.8d10c5e709353547ccdc26b9d5795091.jpg,5B97425,1,7,False,roboflow_ocr_plate,non_vietnamese_source_image;no_matching_plate_pattern
D:/DATN/datasets/raw/roboflow_ocr_plate/train/images/iwt81_jpg.rf.6a46a4b46e255b60e16802db56cf2cce.jpg,1B49951,1,7,False,roboflow_ocr_plate,non_vietnamese_source_image;valid_only_after_normalizer_correction
D:/DATN/datasets/raw/roboflow_ocr_plate/train/images/iwt820_jpg.rf.e5b5f5e5ca16341050b263ed3fbab572.jpg,1B87819,1,7,False,roboflow_ocr_plate,non_vietnamese_source_image;valid_only_after_normalizer_correction
D:/DATN/datasets/raw/roboflow_ocr_plate/train/images/iwt821_jpg.rf.8abe2186f952aca78832497ff743ed0e.jpg,5B97425,1,7,False,roboflow_ocr_plate,non_vietnamese_source_image;no_matching_plate_pattern
D:/DATN/datasets/raw/roboflow_ocr_plate/train/images/iwt822_jpg.rf.fc904b0e183793eaaeed118ac8f133aa.jpg,5B29670,1,7,False,roboflow_ocr_plate,non_vietnamese_source_image;valid_only_after_normalizer_correction
D:/DATN/datasets/raw/roboflow_ocr_plate/train/images/iwt824_jpg.rf.4e766d4ca0cc1f0ee0bb0501d6e93cdf.jpg,4AT7962,1,7,False,roboflow_ocr_plate,non_vietnamese_source_image;no_matching_plate_pattern
D:/DATN/datasets/raw/roboflow_ocr_plate/train/images/iwt825_jpg.rf.e51f4b330f85ec1ee77d7a3cdc5a9885.jpg,7B08199,1,7,False,roboflow_ocr_plate,non_vietnamese_source_image;valid_only_after_normalizer_correction
D:/DATN/datasets/raw/roboflow_ocr_plate/train/images/iwt826_jpg.rf.74a5e9eea2bcbe2dc0451c84c5930a37.jpg,7B14156,1,7,False,roboflow_ocr_plate,non_vietnamese_source_image;valid_only_after_normalizer_correction
D:/DATN/datasets/raw/roboflow_ocr_plate/train/images/iwt827_jpg.rf.10a7b6db378a242f6d6ff76b885e399a.jpg,50,1,2,False,roboflow_ocr_plate,only_2_characters;non_vietnamese_source_image;no_matching_plate_pattern
D:/DATN/datasets/raw/roboflow_ocr_plate/train/images/iwt828_jpg.rf.7e9b36e758d731f81daeaef2549f4867.jpg,5M56740,1,7,False,roboflow_ocr_plate,non_vietnamese_source_image;no_matching_plate_pattern
D:/DATN/datasets/raw/roboflow_ocr_plate/train/images/iwt829_jpg.rf.59fea670796d30490c5acf578a35c84b.jpg,7B14156,1,7,False,roboflow_ocr_plate,non_vietnamese_source_image;valid_only_after_normalizer_correction
D:/DATN/datasets/raw/roboflow_ocr_plate/train/images/iwt82_jpg.rf.40f6ac75124139961ef8d790af75e528.jpg,8B91698,1,7,False,roboflow_ocr_plate,non_vietnamese_source_image;no_matching_plate_pattern
D:/DATN/datasets/raw/roboflow_ocr_plate/train/images/iwt830_jpg.rf.336c72c75b8a1a4d2a084095ca0baad9.jpg,9T33663,1,7,False,roboflow_ocr_plate,non_vietnamese_source_image;valid_only_after_normalizer_correction
D:/DATN/datasets/raw/roboflow_ocr_plate/train/images/iwt831_jpg.rf.06be85a06f31d5ad8c914832f22b1efc.jpg,B8547,1,5,False,roboflow_ocr_plate,only_5_characters;non_vietnamese_source_image;no_matching_plate_pattern
D:/DATN/datasets/raw/roboflow_ocr_plate/train/images/iwt832_jpg.rf.08b98fc59912998f953802cd5c328570.jpg,7B31505,1,7,False,roboflow_ocr_plate,non_vietnamese_source_image;valid_only_after_normalizer_correction
D:/DATN/datasets/raw/roboflow_ocr_plate/train/images/iwt835_jpg.rf.0144ff936a4e133b4a6bcf1a4759dd11.jpg,7B30332,1,7,False,roboflow_ocr_plate,non_vietnamese_source_image;valid_only_after_normalizer_correction
D:/DATN/datasets/raw/roboflow_ocr_plate/train/images/iwt836_jpg.rf.fcf6e9ed14daa9ba7b19e11a8a93dc59.jpg,1BD4657,1,7,False,roboflow_ocr_plate,non_vietnamese_source_image;valid_only_after_normalizer_correction
D:/DATN/datasets/raw/roboflow_ocr_plate/train/images/iwt837_jpg.rf.64c1410d87ba979f2990b9a01fba6acd.jpg,6B28800,1,7,False,roboflow_ocr_plate,non_vietnamese_source_image;valid_only_after_normalizer_correction
D:/DATN/datasets/raw/roboflow_ocr_plate/train/images/iwt838_jpg.rf.41705d7a4e0049a3c740b54ac2f530fc.jpg,3T16754,1,7,False,roboflow_ocr_plate,non_vietnamese_source_image;valid_only_after_normalizer_correction
D:/DATN/datasets/raw/roboflow_ocr_plate/train/images/iwt839_jpg.rf.51218fedb01828391fe5d053c95ea703.jpg,BMZ0815,1,7,False,roboflow_ocr_plate,non_vietnamese_source_image;no_matching_plate_pattern
D:/DATN/datasets/raw/roboflow_ocr_plate/train/images/iwt840_jpg.rf.e294702ee81a429f0306750b6a10cd34.jpg,3B95265,1,7,False,roboflow_ocr_plate,non_vietnamese_source_image;no_matching_plate_pattern
D:/DATN/datasets/raw/roboflow_ocr_plate/train/images/iwt841_jpg.rf.90a3b13ed2f749859eb69055cf8f8e42.jpg,6B23451,1,7,False,roboflow_ocr_plate,non_vietnamese_source_image;valid_only_after_normalizer_correction
D:/DATN/datasets/raw/roboflow_ocr_plate/train/images/iwt842_jpg.rf.f16000948576aed8bea994dd3cad0edc.jpg,7,1,1,False,roboflow_ocr_plate,only_1_characters;non_vietnamese_source_image;no_matching_plate_pattern
D:/DATN/datasets/raw/roboflow_ocr_plate/train/images/iwt843_jpg.rf.eda5cb0128c5905d96996ae813f6a9ae.jpg,8B10162,1,7,False,roboflow_ocr_plate,non_vietnamese_source_image;valid_only_after_normalizer_correction
D:/DATN/datasets/raw/roboflow_ocr_plate/train/images/iwt844_jpg.rf.c6789e6590838bfaf3e7c26e907fc839.jpg,3B48296,1,7,False,roboflow_ocr_plate,non_vietnamese_source_image;valid_only_after_normalizer_correction
D:/DATN/datasets/raw/roboflow_ocr_plate/train/images/iwt845_jpg.rf.f4d79258113e76bdafe9ad55e3234a87.jpg,2Z96418,1,7,False,roboflow_ocr_plate,non_vietnamese_source_image;no_matching_plate_pattern
D:/DATN/datasets/raw/roboflow_ocr_plate/train/images/iwt846_jpg.rf.2565fae32dc87708bdd302caf29e220b.jpg,2E73609,1,7,False,roboflow_ocr_plate,non_vietnamese_source_image;no_matching_plate_pattern
D:/DATN/datasets/raw/roboflow_ocr_plate/train/images/iwt847_jpg.rf.79253d93319dc74b8fa110fe38f78c15.jpg,8B10732,1,7,False,roboflow_ocr_plate,non_vietnamese_source_image;valid_only_after_normalizer_correction
D:/DATN/datasets/raw/roboflow_ocr_plate/train/images/iwt849_jpg.rf.936fda50c28710f2436fd19d925f9ce7.jpg,9B42101,1,7,False,roboflow_ocr_plate,non_vietnamese_source_image;valid_only_after_normalizer_correction
D:/DATN/datasets/raw/roboflow_ocr_plate/train/images/iwt84_jpg.rf.828314ccf860e541ab972865e882d76c.jpg,8T43418,1,7,False,roboflow_ocr_plate,non_vietnamese_source_image;no_matching_plate_pattern
D:/DATN/datasets/raw/roboflow_ocr_plate/train/images/iwt850_jpg.rf.bcc8998b428f59170d40f66b45e50ace.jpg,4B012,1,5,False,roboflow_ocr_plate,only_5_characters;non_vietnamese_source_image;no_matching_plate_pattern
D:/DATN/datasets/raw/roboflow_ocr_plate/train/images/iwt851_jpg.rf.893d59cc90e9c21ac3b2167f81da2c76.jpg,176,1,3,False,roboflow_ocr_plate,only_3_characters;non_vietnamese_source_image;no_matching_plate_pattern
D:/DATN/datasets/raw/roboflow_ocr_plate/train/images/iwt853_jpg.rf.cfbc1a9e8a633287ca7e5c15ab322c92.jpg,9B7B701,1,7,False,roboflow_ocr_plate,non_vietnamese_source_image;valid_only_after_normalizer_correction
D:/DATN/datasets/raw/roboflow_ocr_plate/train/images/iwt854_jpg.rf.6f45e6597e7ec260b1d6e3e28491104d.jpg,BZ2909,1,6,False,roboflow_ocr_plate,non_vietnamese_source_image;no_matching_plate_pattern
D:/DATN/datasets/raw/roboflow_ocr_plate/train/images/iwt855_jpg.rf.add0a044911745d3574cc937fe1efe18.jpg,9B46988,1,7,False,roboflow_ocr_plate,non_vietnamese_source_image;valid_only_after_normalizer_correction
D:/DATN/datasets/raw/roboflow_ocr_plate/train/images/iwt856_jpg.rf.7b94473008eac4c5fab09908226f44d2.jpg,5H85564,1,7,False,roboflow_ocr_plate,non_vietnamese_source_image;no_matching_plate_pattern
D:/DATN/datasets/raw/roboflow_ocr_plate/train/images/iwt858_jpg.rf.368df426cfcc2b6a60c43a113942dc04.jpg,BZ04966,1,7,False,roboflow_ocr_plate,non_vietnamese_source_image;valid_only_after_normalizer_correction
D:/DATN/datasets/raw/roboflow_ocr_plate/train/images/iwt859_jpg.rf.e17b81d68e0021fe281ad9736d0be925.jpg,B8121,1,5,False,roboflow_ocr_plate,only_5_characters;non_vietnamese_source_image;no_matching_plate_pattern
D:/DATN/datasets/raw/roboflow_ocr_plate/train/images/iwt85_jpg.rf.5e66bee08fcdd061030f80f20e7a53f0.jpg,LL435G,1,6,False,roboflow_ocr_plate,non_vietnamese_source_image;no_matching_plate_pattern
D:/DATN/datasets/raw/roboflow_ocr_plate/train/images/iwt860_jpg.rf.cdee0e5611a8de193f9ecee3dd43d6dc.jpg,4B83172,1,7,False,roboflow_ocr_plate,non_vietnamese_source_image;valid_only_after_normalizer_correction
D:/DATN/datasets/raw/roboflow_ocr_plate/train/images/iwt861_jpg.rf.1bd3c569ef0e1e93331e2b2b93fa609a.jpg,1B1710,1,6,False,roboflow_ocr_plate,non_vietnamese_source_image;no_matching_plate_pattern
D:/DATN/datasets/raw/roboflow_ocr_plate/train/images/iwt862_jpg.rf.9a64b32a874baf486f8849debc27de56.jpg,3B60832,1,7,False,roboflow_ocr_plate,non_vietnamese_source_image;valid_only_after_normalizer_correction
D:/DATN/datasets/raw/roboflow_ocr_plate/train/images/iwt864_jpg.rf.0dfa2e0c5b3db2a2da709adf7af83c7b.jpg,6B84949,1,7,False,roboflow_ocr_plate,non_vietnamese_source_image;valid_only_after_normalizer_correction
D:/DATN/datasets/raw/roboflow_ocr_plate/train/images/iwt865_jpg.rf.a291d6b3dc565d6a3c1d8f57ac01d24e.jpg,6B84949,1,7,False,roboflow_ocr_plate,non_vietnamese_source_image;valid_only_after_normalizer_correction
D:/DATN/datasets/raw/roboflow_ocr_plate/train/images/iwt867_jpg.rf.350e3b746a132cfa44d169902b46d7d5.jpg,8T52099,1,7,False,roboflow_ocr_plate,non_vietnamese_source_image;no_matching_plate_pattern
D:/DATN/datasets/raw/roboflow_ocr_plate/train/images/iwt869_jpg.rf.d48e4c723c920f538bab21e6958b9108.jpg,4B46694,1,7,False,roboflow_ocr_plate,non_vietnamese_source_image;valid_only_after_normalizer_correction
D:/DATN/datasets/raw/roboflow_ocr_plate/train/images/iwt86_jpg.rf.d8f6c96d73cae222ea489d8d58ae5eb6.jpg,8T32290,1,7,False,roboflow_ocr_plate,non_vietnamese_source_image;no_matching_plate_pattern
D:/DATN/datasets/raw/roboflow_ocr_plate/train/images/iwt870_jpg.rf.013dfb1e5a0efa87bbed02b0f5792f12.jpg,4B4489,1,6,False,roboflow_ocr_plate,non_vietnamese_source_image;no_matching_plate_pattern
D:/DATN/datasets/raw/roboflow_ocr_plate/train/images/iwt871_jpg.rf.ba0004670a59460628abbc92793e7c22.jpg,BZN1065,1,7,False,roboflow_ocr_plate,non_vietnamese_source_image;valid_only_after_normalizer_correction
D:/DATN/datasets/raw/roboflow_ocr_plate/train/images/iwt875_jpg.rf.6ce449ef6d8003342cfd262c958f0676.jpg,9B13198,1,7,False,roboflow_ocr_plate,non_vietnamese_source_image;valid_only_after_normalizer_correction
D:/DATN/datasets/raw/roboflow_ocr_plate/train/images/iwt876_jpg.rf.ec284a44700e6a937ea867b9e99a0076.jpg,8B68508,1,7,False,roboflow_ocr_plate,non_vietnamese_source_image;valid_only_after_normalizer_correction
D:/DATN/datasets/raw/roboflow_ocr_plate/train/images/iwt877_jpg.rf.10edeb3fa79fc60c2867d33f8cfe2799.jpg,8B68508,1,7,False,roboflow_ocr_plate,non_vietnamese_source_image;valid_only_after_normalizer_correction
D:/DATN/datasets/raw/roboflow_ocr_plate/train/images/iwt878_jpg.rf.94588961da2636993b8b26ee06308a61.jpg,9B14541,1,7,False,roboflow_ocr_plate,non_vietnamese_source_image;valid_only_after_normalizer_correction
D:/DATN/datasets/raw/roboflow_ocr_plate/train/images/iwt87_jpg.rf.266e6416885d7513f506fd50927b2f43.jpg,6B48927,1,7,False,roboflow_ocr_plate,non_vietnamese_source_image;valid_only_after_normalizer_correction
D:/DATN/datasets/raw/roboflow_ocr_plate/train/images/iwt880_jpg.rf.999e1bf8f776c5bdf93c2ac6afe30f75.jpg,BZ0346,1,6,False,roboflow_ocr_plate,non_vietnamese_source_image;no_matching_plate_pattern
D:/DATN/datasets/raw/roboflow_ocr_plate/train/images/iwt881_jpg.rf.5aa013d54c12b25bf06301b7b034ef46.jpg,3B30411,1,7,False,roboflow_ocr_plate,non_vietnamese_source_image;valid_only_after_normalizer_correction
D:/DATN/datasets/raw/roboflow_ocr_plate/train/images/iwt883_jpg.rf.fb3a8b9cec1ad5f58ad0a3727f2372e6.jpg,9B85289,1,7,False,roboflow_ocr_plate,non_vietnamese_source_image;valid_only_after_normalizer_correction
D:/DATN/datasets/raw/roboflow_ocr_plate/train/images/iwt884_jpg.rf.311ed8b3916b4befd67d0af178bd4e75.jpg,2B90178,1,7,False,roboflow_ocr_plate,non_vietnamese_source_image;no_matching_plate_pattern
D:/DATN/datasets/raw/roboflow_ocr_plate/train/images/iwt885_jpg.rf.4535753c403bbee65c78990e13079d36.jpg,7B59839,1,7,False,roboflow_ocr_plate,non_vietnamese_source_image;valid_only_after_normalizer_correction
D:/DATN/datasets/raw/roboflow_ocr_plate/train/images/iwt886_jpg.rf.d97562a3d8e8003e2df3e5b5c3c7ae50.jpg,7B11123,1,7,False,roboflow_ocr_plate,non_vietnamese_source_image;valid_only_after_normalizer_correction
D:/DATN/datasets/raw/roboflow_ocr_plate/train/images/iwt88_jpg.rf.febffb5c5ffddb9b515c27bd35e8bd5f.jpg,B13AEB,1,6,False,roboflow_ocr_plate,non_vietnamese_source_image;no_matching_plate_pattern
D:/DATN/datasets/raw/roboflow_ocr_plate/train/images/iwt89_jpg.rf.86d2887af4b4fcf77a74d169af9ca17b.jpg,9B65431,1,7,False,roboflow_ocr_plate,non_vietnamese_source_image;valid_only_after_normalizer_correction
D:/DATN/datasets/raw/roboflow_ocr_plate/train/images/ndata106_jpg.rf.0adf5cad4eea85fb90d1e3e738080c68.jpg,33386FD,2,7,False,roboflow_ocr_plate,no_matching_plate_pattern
D:/DATN/datasets/raw/roboflow_ocr_plate/train/images/ndata126_jpg.rf.11f84f6ac1e16e8130ac4abe567b4974.jpg,75F1,1,4,False,roboflow_ocr_plate,only_4_characters;no_matching_plate_pattern
D:/DATN/datasets/raw/roboflow_ocr_plate/train/images/ndata12_jpg.rf.5d4e1cfc597b5e4ef8900be4ce00df56.jpg,510667188,1,9,False,roboflow_ocr_plate,1_overlapping_boxes_in_line;valid_only_after_normalizer_correction
D:/DATN/datasets/raw/roboflow_ocr_plate/train/images/ndata131_jpg.rf.f808ef8fdcf43ee6a8dd8e29f5a6ac93.jpg,98MD709821,2,10,False,roboflow_ocr_plate,electric_series_MD_not_in_phase1_grammar;no_matching_plate_pattern
D:/DATN/datasets/raw/roboflow_ocr_plate/train/images/ndata134_jpg.rf.b487c9e4b43f9fec99d97d403ac44884.jpg,2198629,1,7,False,roboflow_ocr_plate,2_overlapping_boxes_in_line;no_matching_plate_pattern
D:/DATN/datasets/raw/roboflow_ocr_plate/train/images/ndata135_jpg.rf.34e58f486c8d0e4e23c7af75dcacbdd3.jpg,3DA1795,1,7,False,roboflow_ocr_plate,valid_only_after_normalizer_correction
D:/DATN/datasets/raw/roboflow_ocr_plate/train/images/ndata13_jpg.rf.b7421283aae82691c3b910bbbcf77926.jpg,0N3637,2,6,False,roboflow_ocr_plate,no_matching_plate_pattern
D:/DATN/datasets/raw/roboflow_ocr_plate/train/images/ndata143_jpg.rf.3d3e79caf3513e830f8af7b01c42d73c.jpg,3DE31872,2,8,False,roboflow_ocr_plate,valid_only_after_normalizer_correction
D:/DATN/datasets/raw/roboflow_ocr_plate/train/images/ndata148_jpg.rf.6f1b29b496d4663ada4bb9f69df3f17b.jpg,688E00007,2,9,False,roboflow_ocr_plate,1_overlapping_boxes_in_line;valid_only_after_normalizer_correction
D:/DATN/datasets/raw/roboflow_ocr_plate/train/images/ndata150_jpg.rf.4f9217b74152f67046a40a419061b80f.jpg,29MD131100,2,10,False,roboflow_ocr_plate,electric_series_MD_not_in_phase1_grammar;no_matching_plate_pattern
D:/DATN/datasets/raw/roboflow_ocr_plate/train/images/ndata151_jpg.rf.21803c06c5b139cd5f0d06dde050fe53.jpg,29MD122359,2,10,False,roboflow_ocr_plate,electric_series_MD_not_in_phase1_grammar;no_matching_plate_pattern
D:/DATN/datasets/raw/roboflow_ocr_plate/train/images/ndata153_jpg.rf.335acf2639e6346f89039e76288a40b6.jpg,29MD105200,2,10,False,roboflow_ocr_plate,electric_series_MD_not_in_phase1_grammar;no_matching_plate_pattern
D:/DATN/datasets/raw/roboflow_ocr_plate/train/images/ndata154_jpg.rf.f444fe19bcc3a88570c4b86bb6ff6335.jpg,29MD121230,2,10,False,roboflow_ocr_plate,electric_series_MD_not_in_phase1_grammar;no_matching_plate_pattern
D:/DATN/datasets/raw/roboflow_ocr_plate/train/images/ndata155_jpg.rf.1317d8b44f0fc1448eb5b31475640972.jpg,29MD221207,2,10,False,roboflow_ocr_plate,electric_series_MD_not_in_phase1_grammar;no_matching_plate_pattern
D:/DATN/datasets/raw/roboflow_ocr_plate/train/images/ndata156_jpg.rf.4ccfa8fc1cb88512dc3cadeb808e354a.jpg,29MD143352,2,10,False,roboflow_ocr_plate,electric_series_MD_not_in_phase1_grammar;no_matching_plate_pattern
D:/DATN/datasets/raw/roboflow_ocr_plate/train/images/ndata158_jpg.rf.216494377fa7ff865a24ae2670940b7c.jpg,29MBD191692,2,11,False,roboflow_ocr_plate,11_characters_above_plate_maximum;1_overlapping_boxes_in_line;electric_series_MD_not_in_phase1_grammar;no_matching_plate_pattern
D:/DATN/datasets/raw/roboflow_ocr_plate/train/images/ndata159_jpg.rf.f93d0c252ea19529782ac6e450ea758d.jpg,29MD190495,2,10,False,roboflow_ocr_plate,electric_series_MD_not_in_phase1_grammar;no_matching_plate_pattern
D:/DATN/datasets/raw/roboflow_ocr_plate/train/images/ndata160_jpg.rf.92af6bd297e95c90a7e565c315516fa9.jpg,29MD272972,2,10,False,roboflow_ocr_plate,electric_series_MD_not_in_phase1_grammar;no_matching_plate_pattern
D:/DATN/datasets/raw/roboflow_ocr_plate/train/images/ndata162_jpg.rf.76b8580daf67bfc5d193666ff24a2276.jpg,29MD220246,2,10,False,roboflow_ocr_plate,electric_series_MD_not_in_phase1_grammar;no_matching_plate_pattern
D:/DATN/datasets/raw/roboflow_ocr_plate/train/images/ndata174_jpg.rf.be8b243c13f4d34d54b71032950eda0f.jpg,18MDB114116,2,11,False,roboflow_ocr_plate,11_characters_above_plate_maximum;1_overlapping_boxes_in_line;electric_series_MD_not_in_phase1_grammar;no_matching_plate_pattern
D:/DATN/datasets/raw/roboflow_ocr_plate/train/images/ndata176_jpg.rf.3398edc042c8f4b0b1d41ffdd1701566.jpg,29HD212744,2,10,False,roboflow_ocr_plate,no_matching_plate_pattern
D:/DATN/datasets/raw/roboflow_ocr_plate/train/images/ndata177_jpg.rf.d76b759971db22727a30d79cd3278df8.jpg,29MD135405,2,10,False,roboflow_ocr_plate,electric_series_MD_not_in_phase1_grammar;no_matching_plate_pattern
D:/DATN/datasets/raw/roboflow_ocr_plate/train/images/ndata178_jpg.rf.194a464f8dd755a46fb0ed8ed045c249.jpg,9MD152072,2,9,False,roboflow_ocr_plate,no_matching_plate_pattern
D:/DATN/datasets/raw/roboflow_ocr_plate/train/images/ndata183_jpg.rf.cc0121a99817304e12c1a9c4ab3f8141.jpg,29MD102068,2,10,False,roboflow_ocr_plate,electric_series_MD_not_in_phase1_grammar;no_matching_plate_pattern
D:/DATN/datasets/raw/roboflow_ocr_plate/train/images/ndata187_jpg.rf.abf330968378f125d499e457fcda11e2.jpg,89MD119167,2,10,False,roboflow_ocr_plate,electric_series_MD_not_in_phase1_grammar;no_matching_plate_pattern
D:/DATN/datasets/raw/roboflow_ocr_plate/train/images/ndata188_jpg.rf.2f545895e5c852d62ed939cc4bd56eb0.jpg,36MD138158,2,10,False,roboflow_ocr_plate,electric_series_MD_not_in_phase1_grammar;no_matching_plate_pattern
D:/DATN/datasets/raw/roboflow_ocr_plate/train/images/ndata189_jpg.rf.9d16e952acaeb1c6d3d1d3f4859ff33d.jpg,36MD147037,2,10,False,roboflow_ocr_plate,electric_series_MD_not_in_phase1_grammar;no_matching_plate_pattern
D:/DATN/datasets/raw/roboflow_ocr_plate/train/images/ndata190_jpg.rf.a572c41829f32936e36fdf5c4c623de8.jpg,15MD171815,2,10,False,roboflow_ocr_plate,electric_series_MD_not_in_phase1_grammar;no_matching_plate_pattern
D:/DATN/datasets/raw/roboflow_ocr_plate/train/images/ndata192_jpg.rf.8a98a248116fb4f175a215a6f774d2bb.jpg,23925M4D28,1,10,False,roboflow_ocr_plate,4_overlapping_boxes_in_line;no_matching_plate_pattern
D:/DATN/datasets/raw/roboflow_ocr_plate/train/images/ndata193_jpg.rf.6200c51b236911985c9875af74091392.jpg,UM07727,2,7,False,roboflow_ocr_plate,no_matching_plate_pattern
D:/DATN/datasets/raw/roboflow_ocr_plate/train/images/ndata195_jpg.rf.a12205a4acc4aff8b6a473fafc1461c3.jpg,98143712,2,8,False,roboflow_ocr_plate,1_overlapping_boxes_in_line;valid_only_after_normalizer_correction
D:/DATN/datasets/raw/roboflow_ocr_plate/train/images/ndata196_jpg.rf.1be3343f7061b1d5fb292a64977786e0.jpg,28MD104379,2,10,False,roboflow_ocr_plate,electric_series_MD_not_in_phase1_grammar;no_matching_plate_pattern
D:/DATN/datasets/raw/roboflow_ocr_plate/train/images/ndata203_jpg.rf.3cdab6c5d02f2fa086c4ef1f0f917848.jpg,15MD306117,2,10,False,roboflow_ocr_plate,electric_series_MD_not_in_phase1_grammar;no_matching_plate_pattern
D:/DATN/datasets/raw/roboflow_ocr_plate/train/images/ndata225_jpg.rf.2729170cf06d85d41dd0b109ee5b45ee.jpg,3808M6U8,1,8,False,roboflow_ocr_plate,2_overlapping_boxes_in_line;no_matching_plate_pattern
D:/DATN/datasets/raw/roboflow_ocr_plate/train/images/ndata229_jpg.rf.dcd71c3993a1dfa5a957ade19677561a.jpg,29MD221910,2,10,False,roboflow_ocr_plate,electric_series_MD_not_in_phase1_grammar;no_matching_plate_pattern
D:/DATN/datasets/raw/roboflow_ocr_plate/train/images/ndata237_jpg.rf.f40b69b13b7523c477b2e2e2c9fb6876.jpg,112141Y11,1,9,False,roboflow_ocr_plate,3_overlapping_boxes_in_line;no_matching_plate_pattern
D:/DATN/datasets/raw/roboflow_ocr_plate/train/images/ndata241_jpg.rf.df6351d36b8abce2fd0460720c165280.jpg,2935299,2,7,False,roboflow_ocr_plate,valid_only_after_normalizer_correction
D:/DATN/datasets/raw/roboflow_ocr_plate/train/images/ndata247_jpg.rf.9d33bcba588f34d2a6acfe734867f56d.jpg,29MD191148,2,10,False,roboflow_ocr_plate,electric_series_MD_not_in_phase1_grammar;no_matching_plate_pattern
D:/DATN/datasets/raw/roboflow_ocr_plate/train/images/ndata24_jpg.rf.cc20c234eb15ed40e8a16b07e0f2e5d5.jpg,E68984,1,6,False,roboflow_ocr_plate,no_matching_plate_pattern
D:/DATN/datasets/raw/roboflow_ocr_plate/train/images/ndata254_jpg.rf.600d211456b77c38e49469656f7dea75.jpg,29X51B299,2,9,False,roboflow_ocr_plate,valid_only_after_normalizer_correction
D:/DATN/datasets/raw/roboflow_ocr_plate/train/images/ndata259_jpg.rf.5287680325ce5491c5629e59a5133bf3.jpg,3339659,2,7,False,roboflow_ocr_plate,valid_only_after_normalizer_correction
D:/DATN/datasets/raw/roboflow_ocr_plate/train/images/ndata25_jpg.rf.354c7de02f6ba5ac7cac8010302086aa.jpg,3176M145,1,8,False,roboflow_ocr_plate,2_overlapping_boxes_in_line;no_matching_plate_pattern
D:/DATN/datasets/raw/roboflow_ocr_plate/train/images/ndata265_jpg.rf.cff972e8fa92b02dd894f0229e757f2a.jpg,25921MD29,1,9,False,roboflow_ocr_plate,2_overlapping_boxes_in_line;no_matching_plate_pattern
D:/DATN/datasets/raw/roboflow_ocr_plate/train/images/ndata266_jpg.rf.f231f36bcd47a516f9c63ace3d5c2011.jpg,29MD281333,2,10,False,roboflow_ocr_plate,electric_series_MD_not_in_phase1_grammar;no_matching_plate_pattern
D:/DATN/datasets/raw/roboflow_ocr_plate/train/images/ndata267_jpg.rf.6b4b04407f72a7ddb0d5790b45c920b6.jpg,29MD140063,2,10,False,roboflow_ocr_plate,electric_series_MD_not_in_phase1_grammar;no_matching_plate_pattern
D:/DATN/datasets/raw/roboflow_ocr_plate/train/images/ndata270_jpg.rf.370ab57c783c6a2506f67ded42cc0acb.jpg,29MD120771,2,10,False,roboflow_ocr_plate,electric_series_MD_not_in_phase1_grammar;no_matching_plate_pattern
D:/DATN/datasets/raw/roboflow_ocr_plate/train/images/ndata273_jpg.rf.a1a97f2606b53ac9b25b16987b8de24f.jpg,29133896,2,8,False,roboflow_ocr_plate,valid_only_after_normalizer_correction
D:/DATN/datasets/raw/roboflow_ocr_plate/train/images/ndata275_jpg.rf.9dadd5a0bec1f5c44fd157ff49361566.jpg,29MD150466,2,10,False,roboflow_ocr_plate,electric_series_MD_not_in_phase1_grammar;no_matching_plate_pattern
D:/DATN/datasets/raw/roboflow_ocr_plate/train/images/ndata277_jpg.rf.ab213ab0deca4049e7ca0edab80842a3.jpg,18MB305345,2,10,False,roboflow_ocr_plate,electric_series_MD_not_in_phase1_grammar;no_matching_plate_pattern
D:/DATN/datasets/raw/roboflow_ocr_plate/train/images/ndata297_jpg.rf.7e43d43bf2ac35d005cbe32cc25abe34.jpg,128985E51,1,9,False,roboflow_ocr_plate,4_overlapping_boxes_in_line;no_matching_plate_pattern
D:/DATN/datasets/raw/roboflow_ocr_plate/train/images/ndata301_jpg.rf.dc9a1fcbcb52489ef8edcd45d1ce05f5.jpg,29E21710555,2,11,False,roboflow_ocr_plate,11_characters_above_plate_maximum;2_overlapping_boxes_in_line;no_matching_plate_pattern
D:/DATN/datasets/raw/roboflow_ocr_plate/train/images/ndata302_jpg.rf.05467977346168a93696389de6955245.jpg,29E1231750,2,10,False,roboflow_ocr_plate,1_overlapping_boxes_in_line;no_matching_plate_pattern
D:/DATN/datasets/raw/roboflow_ocr_plate/train/images/ndata309_jpg.rf.232a3125d0166a960665eba4669477cd.jpg,29E1160617,2,10,False,roboflow_ocr_plate,1_overlapping_boxes_in_line;no_matching_plate_pattern
D:/DATN/datasets/raw/roboflow_ocr_plate/train/images/ndata317_jpg.rf.4d5f21da00fb6b679d8067c2affe17b3.jpg,23MD101999,2,10,False,roboflow_ocr_plate,electric_series_MD_not_in_phase1_grammar;no_matching_plate_pattern
D:/DATN/datasets/raw/roboflow_ocr_plate/train/images/ndata319_jpg.rf.3cf98cb877863e39b579c22a704fd2b1.jpg,23MD100621,2,10,False,roboflow_ocr_plate,electric_series_MD_not_in_phase1_grammar;no_matching_plate_pattern
D:/DATN/datasets/raw/roboflow_ocr_plate/train/images/ndata320_jpg.rf.553b30f9d37814681599eea7b4d40720.jpg,23MD101392,2,10,False,roboflow_ocr_plate,electric_series_MD_not_in_phase1_grammar;no_matching_plate_pattern
D:/DATN/datasets/raw/roboflow_ocr_plate/train/images/ndata354_jpg.rf.b1fce0f1c605b305e1e84966b3772c06.jpg,23M0101386,2,10,False,roboflow_ocr_plate,no_matching_plate_pattern
D:/DATN/datasets/raw/roboflow_ocr_plate/train/images/ndata355_jpg.rf.08f33cc19f47a134f7f24d44a8cfa5b1.jpg,23MD702367,2,10,False,roboflow_ocr_plate,electric_series_MD_not_in_phase1_grammar;no_matching_plate_pattern
D:/DATN/datasets/raw/roboflow_ocr_plate/train/images/ndata357_jpg.rf.7e5db0252b64d1a5a03391357b5e09a8.jpg,23MD102502,2,10,False,roboflow_ocr_plate,electric_series_MD_not_in_phase1_grammar;no_matching_plate_pattern
D:/DATN/datasets/raw/roboflow_ocr_plate/train/images/ndata358_jpg.rf.54824f8f049d1ce275a8e5ee8d4df6d3.jpg,23MB102406,2,10,False,roboflow_ocr_plate,electric_series_MD_not_in_phase1_grammar;no_matching_plate_pattern
D:/DATN/datasets/raw/roboflow_ocr_plate/train/images/ndata359_jpg.rf.50b1dbce8e8b33a1dd3c385e5f391b1a.jpg,23MD102679,2,10,False,roboflow_ocr_plate,electric_series_MD_not_in_phase1_grammar;no_matching_plate_pattern
D:/DATN/datasets/raw/roboflow_ocr_plate/train/images/ndata360_jpg.rf.704816b1f67d88b07a1392193eae3b7b.jpg,23MD100975,2,10,False,roboflow_ocr_plate,electric_series_MD_not_in_phase1_grammar;no_matching_plate_pattern
D:/DATN/datasets/raw/roboflow_ocr_plate/train/images/ndata361_jpg.rf.c48b104f9d6f4c5fd73c2ef341e9ea90.jpg,23MD101473,2,10,False,roboflow_ocr_plate,electric_series_MD_not_in_phase1_grammar;no_matching_plate_pattern
D:/DATN/datasets/raw/roboflow_ocr_plate/train/images/ndata362_jpg.rf.89c5fa7d45833797af31e6b1f75a1594.jpg,23MD101527,2,10,False,roboflow_ocr_plate,electric_series_MD_not_in_phase1_grammar;no_matching_plate_pattern
D:/DATN/datasets/raw/roboflow_ocr_plate/train/images/ndata363_jpg.rf.1e30f6c18b09d4b02d6917a41429a3e0.jpg,23MD101392,2,10,False,roboflow_ocr_plate,electric_series_MD_not_in_phase1_grammar;no_matching_plate_pattern
D:/DATN/datasets/raw/roboflow_ocr_plate/train/images/ndata364_jpg.rf.8d485b677ab3b1e121a89d886f1c5227.jpg,23MD102580,2,10,False,roboflow_ocr_plate,electric_series_MD_not_in_phase1_grammar;no_matching_plate_pattern
D:/DATN/datasets/raw/roboflow_ocr_plate/train/images/ndata365_jpg.rf.468575f07c0ff32e3d8b9f1ef75a6d5b.jpg,41MD112087,2,10,False,roboflow_ocr_plate,electric_series_MD_not_in_phase1_grammar;no_matching_plate_pattern
D:/DATN/datasets/raw/roboflow_ocr_plate/train/images/ndata366_jpg.rf.bef39ec5326ec0be3b4217a2f81fdfb1.jpg,41MD112088,2,10,False,roboflow_ocr_plate,electric_series_MD_not_in_phase1_grammar;no_matching_plate_pattern
D:/DATN/datasets/raw/roboflow_ocr_plate/train/images/ndata383_jpg.rf.24bfd01a6db7d07ae26d67cc663ea3d3.jpg,5349,1,4,False,roboflow_ocr_plate,only_4_characters;no_matching_plate_pattern
D:/DATN/datasets/raw/roboflow_ocr_plate/train/images/ndata389_jpg.rf.b374bd0158ab4d76af1eb8db41cdcaa1.jpg,026190K11,1,9,False,roboflow_ocr_plate,2_overlapping_boxes_in_line;no_matching_plate_pattern
D:/DATN/datasets/raw/roboflow_ocr_plate/train/images/ndata394_jpg.rf.ecee23ba84668411c8da0fce27a4d633.jpg,35M0205450,2,10,False,roboflow_ocr_plate,no_matching_plate_pattern
D:/DATN/datasets/raw/roboflow_ocr_plate/train/images/ndata395_jpg.rf.f886565ef326640ff7d6c7641be05d8a.jpg,23MD100587,2,10,False,roboflow_ocr_plate,electric_series_MD_not_in_phase1_grammar;no_matching_plate_pattern
D:/DATN/datasets/raw/roboflow_ocr_plate/train/images/ndata396_jpg.rf.20884edf3bdc74f28991a5601eb97290.jpg,23MD101609,2,10,False,roboflow_ocr_plate,electric_series_MD_not_in_phase1_grammar;no_matching_plate_pattern
D:/DATN/datasets/raw/roboflow_ocr_plate/train/images/ndata398_jpg.rf.a771cb599c3e13920759ac17f6646bef.jpg,23MD140216,2,10,False,roboflow_ocr_plate,electric_series_MD_not_in_phase1_grammar;no_matching_plate_pattern
D:/DATN/datasets/raw/roboflow_ocr_plate/train/images/ndata399_jpg.rf.77433ebca515fe8ffb52e5f299d06f33.jpg,23MD100726,2,10,False,roboflow_ocr_plate,electric_series_MD_not_in_phase1_grammar;no_matching_plate_pattern
D:/DATN/datasets/raw/roboflow_ocr_plate/train/images/ndata401_jpg.rf.b17e3e730cd2a5171ce0525b58ab057f.jpg,0Y0196,1,6,False,roboflow_ocr_plate,no_matching_plate_pattern
D:/DATN/datasets/raw/roboflow_ocr_plate/train/images/ndata402_jpg.rf.aaefd2e2a475b1603c19357709c7a0d8.jpg,23MD101567,2,10,False,roboflow_ocr_plate,electric_series_MD_not_in_phase1_grammar;no_matching_plate_pattern
D:/DATN/datasets/raw/roboflow_ocr_plate/train/images/ndata405_jpg.rf.c248dcec09f6339d4c60abf983439d55.jpg,23MD102483,2,10,False,roboflow_ocr_plate,electric_series_MD_not_in_phase1_grammar;no_matching_plate_pattern
D:/DATN/datasets/raw/roboflow_ocr_plate/train/images/ndata406_jpg.rf.00a6057318151da409bf133d129fb8a3.jpg,23MD101567,2,10,False,roboflow_ocr_plate,electric_series_MD_not_in_phase1_grammar;no_matching_plate_pattern
D:/DATN/datasets/raw/roboflow_ocr_plate/train/images/ndata407_jpg.rf.e4483cfb7d8bd6a682f19641ee149a08.jpg,14MD860607,2,10,False,roboflow_ocr_plate,electric_series_MD_not_in_phase1_grammar;no_matching_plate_pattern
D:/DATN/datasets/raw/roboflow_ocr_plate/train/images/ndata408_jpg.rf.94548294159bcbf60a10f46f539bc525.jpg,23MD102298,2,10,False,roboflow_ocr_plate,electric_series_MD_not_in_phase1_grammar;no_matching_plate_pattern
D:/DATN/datasets/raw/roboflow_ocr_plate/train/images/ndata409_jpg.rf.580a28730598dc46bf403e30721d9aaf.jpg,36,2,2,False,roboflow_ocr_plate,only_2_characters;no_matching_plate_pattern
D:/DATN/datasets/raw/roboflow_ocr_plate/train/images/ndata411_jpg.rf.cfa0321b321cc4067cb1a45b41743f5e.jpg,23MD102298,2,10,False,roboflow_ocr_plate,electric_series_MD_not_in_phase1_grammar;no_matching_plate_pattern
D:/DATN/datasets/raw/roboflow_ocr_plate/train/images/ndata414_jpg.rf.bcb1f2aeac00771da11af6e4d136f8bf.jpg,227916K61,1,9,False,roboflow_ocr_plate,4_overlapping_boxes_in_line;no_matching_plate_pattern
D:/DATN/datasets/raw/roboflow_ocr_plate/train/images/ndata416_jpg.rf.4cee39526ebe4ae6f98d1150f34f12a7.jpg,29K1173415,2,10,False,roboflow_ocr_plate,1_overlapping_boxes_in_line;no_matching_plate_pattern
D:/DATN/datasets/raw/roboflow_ocr_plate/train/images/ndata417_jpg.rf.ccc2393952c5c3909d98724fc1cbed94.jpg,2095K1115,1,9,False,roboflow_ocr_plate,2_overlapping_boxes_in_line;no_matching_plate_pattern
D:/DATN/datasets/raw/roboflow_ocr_plate/train/images/ndata420_jpg.rf.15221b1d6b6b8ae107719d3e86f53bdd.jpg,02121L1A3,1,9,False,roboflow_ocr_plate,3_overlapping_boxes_in_line;no_matching_plate_pattern
D:/DATN/datasets/raw/roboflow_ocr_plate/train/images/ndata429_jpg.rf.5fa481f70b8bdd3e1764f673faa725ac.jpg,30EZ,1,4,False,roboflow_ocr_plate,only_4_characters;no_matching_plate_pattern
D:/DATN/datasets/raw/roboflow_ocr_plate/train/images/ndata433_jpg.rf.9bc6725d7cecbe23bd7ee47aa70738fc.jpg,29MD100151,2,10,False,roboflow_ocr_plate,electric_series_MD_not_in_phase1_grammar;no_matching_plate_pattern
D:/DATN/datasets/raw/roboflow_ocr_plate/train/images/ndata434_jpg.rf.fb9bc355c980cd93f5bf8a3a5f5f4200.jpg,79MD100150,2,10,False,roboflow_ocr_plate,electric_series_MD_not_in_phase1_grammar;no_matching_plate_pattern
D:/DATN/datasets/raw/roboflow_ocr_plate/train/images/ndata435_jpg.rf.810cc8b34b31eca134907665ce64572a.jpg,29MD103024,2,10,False,roboflow_ocr_plate,electric_series_MD_not_in_phase1_grammar;no_matching_plate_pattern
D:/DATN/datasets/raw/roboflow_ocr_plate/train/images/ndata437_jpg.rf.517b4af56231f7e27127446cc4ddbca5.jpg,73MD699999,2,10,False,roboflow_ocr_plate,electric_series_MD_not_in_phase1_grammar;no_matching_plate_pattern
D:/DATN/datasets/raw/roboflow_ocr_plate/train/images/ndata438_jpg.rf.34588df98d09298f1a7c914af1a38570.jpg,33544M2D51,1,10,False,roboflow_ocr_plate,1_overlapping_boxes_in_line;no_matching_plate_pattern
D:/DATN/datasets/raw/roboflow_ocr_plate/train/images/ndata440_jpg.rf.a8356d06649a2a0696110939bd201078.jpg,4366,1,4,False,roboflow_ocr_plate,only_4_characters;no_matching_plate_pattern
D:/DATN/datasets/raw/roboflow_ocr_plate/train/images/ndata441_jpg.rf.8a76841920d4db7b17194b9c82b1fced.jpg,89MD307363,2,10,False,roboflow_ocr_plate,electric_series_MD_not_in_phase1_grammar;no_matching_plate_pattern
D:/DATN/datasets/raw/roboflow_ocr_plate/train/images/ndata445_jpg.rf.84a7021b04eb9e9d1daf4833935c4fab.jpg,4MD401697,2,9,False,roboflow_ocr_plate,no_matching_plate_pattern
D:/DATN/datasets/raw/roboflow_ocr_plate/train/images/ndata447_jpg.rf.4a3b633a2419f522050a0a012c66b87e.jpg,29MD211365,2,10,False,roboflow_ocr_plate,electric_series_MD_not_in_phase1_grammar;no_matching_plate_pattern
D:/DATN/datasets/raw/roboflow_ocr_plate/train/images/ndata448_jpg.rf.51117ca4e7d7ededb70309604bbb80bb.jpg,29MD211304,2,10,False,roboflow_ocr_plate,electric_series_MD_not_in_phase1_grammar;no_matching_plate_pattern
D:/DATN/datasets/raw/roboflow_ocr_plate/train/images/ndata449_jpg.rf.b015d771999d73382db51b7cbdcd8337.jpg,29MD211306,2,10,False,roboflow_ocr_plate,electric_series_MD_not_in_phase1_grammar;no_matching_plate_pattern
D:/DATN/datasets/raw/roboflow_ocr_plate/train/images/ndata450_jpg.rf.722f5f1d90ec6d96e4ce827ce1a08bff.jpg,29MD211332,2,10,False,roboflow_ocr_plate,electric_series_MD_not_in_phase1_grammar;no_matching_plate_pattern
D:/DATN/datasets/raw/roboflow_ocr_plate/train/images/ndata453_jpg.rf.c64c55b6ed01c91bb7b98ceb363e6615.jpg,14MD104880,2,10,False,roboflow_ocr_plate,electric_series_MD_not_in_phase1_grammar;no_matching_plate_pattern
D:/DATN/datasets/raw/roboflow_ocr_plate/train/images/ndata454_jpg.rf.f27029e6820eb9471ab61522fa5db1f2.jpg,17MD201074,2,10,False,roboflow_ocr_plate,electric_series_MD_not_in_phase1_grammar;no_matching_plate_pattern
D:/DATN/datasets/raw/roboflow_ocr_plate/train/images/ndata455_jpg.rf.6c15548c3558142c59ee5b6c78e93ec8.jpg,9D00046,2,7,False,roboflow_ocr_plate,valid_only_after_normalizer_correction
D:/DATN/datasets/raw/roboflow_ocr_plate/train/images/ndata457_jpg.rf.2613db4e334da0b91401b4f63842dfd4.jpg,29MD275691,2,10,False,roboflow_ocr_plate,electric_series_MD_not_in_phase1_grammar;no_matching_plate_pattern
D:/DATN/datasets/raw/roboflow_ocr_plate/train/images/ndata458_jpg.rf.d4183c8785eb9b39e0e1f14c1dfe0b72.jpg,01451M1D72,1,10,False,roboflow_ocr_plate,2_overlapping_boxes_in_line;no_matching_plate_pattern
D:/DATN/datasets/raw/roboflow_ocr_plate/train/images/ndata464_jpg.rf.ccee177fb19d0a95efdab582862e7e0f.jpg,L127006,2,7,False,roboflow_ocr_plate,valid_only_after_normalizer_correction
D:/DATN/datasets/raw/roboflow_ocr_plate/train/images/ndata473_jpg.rf.0ee2230c851ed4af903ba17ba5bf213e.jpg,29V5257126,2,10,False,roboflow_ocr_plate,1_overlapping_boxes_in_line;no_matching_plate_pattern
D:/DATN/datasets/raw/roboflow_ocr_plate/train/images/ndata476_jpg.rf.e7ed6628eed7c350549b87321ada92aa.jpg,29MD148542,2,10,False,roboflow_ocr_plate,electric_series_MD_not_in_phase1_grammar;no_matching_plate_pattern
D:/DATN/datasets/raw/roboflow_ocr_plate/train/images/ndata47_jpg.rf.be1d04ee2077c19f328f022bcf7aeffc.jpg,3DA99524,2,8,False,roboflow_ocr_plate,valid_only_after_normalizer_correction
D:/DATN/datasets/raw/roboflow_ocr_plate/train/images/ndata493_jpg.rf.c1b62f00361d7657c33a9119f572cfc7.jpg,395,1,3,False,roboflow_ocr_plate,only_3_characters;no_matching_plate_pattern
D:/DATN/datasets/raw/roboflow_ocr_plate/train/images/ndata495_jpg.rf.be6f32ce0143277dd6e534d00965b741.jpg,14X1,1,4,False,roboflow_ocr_plate,only_4_characters;no_matching_plate_pattern
D:/DATN/datasets/raw/roboflow_ocr_plate/train/images/ndata506_jpg.rf.bb911b8a779d3b5722dc296e0f772edd.jpg,62661B520,1,9,False,roboflow_ocr_plate,3_overlapping_boxes_in_line;valid_only_after_normalizer_correction
D:/DATN/datasets/raw/roboflow_ocr_plate/train/images/ndata510_jpg.rf.0d6b6ca2d9bd76957739fc9ace0315b0.jpg,29L5,1,4,False,roboflow_ocr_plate,only_4_characters;no_matching_plate_pattern
D:/DATN/datasets/raw/roboflow_ocr_plate/train/images/ndata514_jpg.rf.080f470c20a4ede5f30284d85d670be6.jpg,30369438,1,8,False,roboflow_ocr_plate,valid_only_after_normalizer_correction
D:/DATN/datasets/raw/roboflow_ocr_plate/train/images/ndata527_jpg.rf.50732ef538bb49ad14d2c1f788a24ae1.jpg,0G39674,1,7,False,roboflow_ocr_plate,no_matching_plate_pattern
D:/DATN/datasets/raw/roboflow_ocr_plate/train/images/ndata52_jpg.rf.298348fa3d45882e7d5b7c49edc22ad8.jpg,7L28286,2,7,False,roboflow_ocr_plate,valid_only_after_normalizer_correction
D:/DATN/datasets/raw/roboflow_ocr_plate/train/images/ndata542_jpg.rf.2e0126362ef822ae3a4be5a37381f60f.jpg,5,1,1,False,roboflow_ocr_plate,only_1_characters;no_matching_plate_pattern
D:/DATN/datasets/raw/roboflow_ocr_plate/train/images/ndata552_jpg.rf.911aae8bb025e5359021f907f75e505c.jpg,99001108,2,8,False,roboflow_ocr_plate,valid_only_after_normalizer_correction
D:/DATN/datasets/raw/roboflow_ocr_plate/train/images/ndata553_jpg.rf.a2c2844978c0eb6783965d7aaf84d5bf.jpg,37MD157678,2,10,False,roboflow_ocr_plate,electric_series_MD_not_in_phase1_grammar;no_matching_plate_pattern
D:/DATN/datasets/raw/roboflow_ocr_plate/train/images/ndata562_jpg.rf.b5c5faa58ea29cf855f892981910a668.jpg,360E2270,2,8,False,roboflow_ocr_plate,1_overlapping_boxes_in_line;valid_only_after_normalizer_correction
D:/DATN/datasets/raw/roboflow_ocr_plate/train/images/ndata563_jpg.rf.11dd0755dd22a6dd61498e32464a6f5d.jpg,02707,2,5,False,roboflow_ocr_plate,only_5_characters;no_matching_plate_pattern
D:/DATN/datasets/raw/roboflow_ocr_plate/train/images/ndata564_jpg.rf.cafad178d2cdeff6eaf6aa8bbe5b37e7.jpg,33L958,1,6,False,roboflow_ocr_plate,1_overlapping_boxes_in_line;no_matching_plate_pattern
D:/DATN/datasets/raw/roboflow_ocr_plate/train/images/ndata570_jpg.rf.0ed16a437b6d612e6737f7acaf0f5f80.jpg,6E0,2,3,False,roboflow_ocr_plate,only_3_characters;no_matching_plate_pattern
D:/DATN/datasets/raw/roboflow_ocr_plate/train/images/ndata574_jpg.rf.5a7ed0fc0082b5060ca8c2d32ddf5fac.jpg,29650557,2,8,False,roboflow_ocr_plate,valid_only_after_normalizer_correction
D:/DATN/datasets/raw/roboflow_ocr_plate/train/images/ndata580_jpg.rf.aaef773428ddcd42505dfbd1bff8402e.jpg,2961082,2,7,False,roboflow_ocr_plate,valid_only_after_normalizer_correction
D:/DATN/datasets/raw/roboflow_ocr_plate/train/images/ndata583_jpg.rf.80d65e2d8d319e9c5bb22c53d62ef117.jpg,309P91519,2,9,False,roboflow_ocr_plate,1_overlapping_boxes_in_line;no_matching_plate_pattern
D:/DATN/datasets/raw/roboflow_ocr_plate/train/images/ndata586_jpg.rf.c6724cc25035e1e63482fc1745ecb4f5.jpg,29981T103,1,9,False,roboflow_ocr_plate,4_overlapping_boxes_in_line;no_matching_plate_pattern
D:/DATN/datasets/raw/roboflow_ocr_plate/train/images/ndata590_jpg.rf.ce2f960e61cac9c24cb8eebad3786221.jpg,Z9K194,2,6,False,roboflow_ocr_plate,no_matching_plate_pattern
D:/DATN/datasets/raw/roboflow_ocr_plate/train/images/ndata601_jpg.rf.e6bd3858d2ae08a5da616a413360e538.jpg,0A99524,2,7,False,roboflow_ocr_plate,no_matching_plate_pattern
D:/DATN/datasets/raw/roboflow_ocr_plate/train/images/ndata606_jpg.rf.be353dc64955f30f76484d37a502031d.jpg,3DH03940,2,8,False,roboflow_ocr_plate,valid_only_after_normalizer_correction
D:/DATN/datasets/raw/roboflow_ocr_plate/train/images/ndata611_jpg.rf.1f80e99030dfc5957eb8e27cfe3225a5.jpg,29MD242112,2,10,False,roboflow_ocr_plate,electric_series_MD_not_in_phase1_grammar;no_matching_plate_pattern
D:/DATN/datasets/raw/roboflow_ocr_plate/train/images/ndata614_jpg.rf.4708c7fa491b04a1e30c10ce597b6520.jpg,30E2867630E28676,3,16,False,roboflow_ocr_plate,clustered_into_3_lines_not_a_plate;16_characters_above_plate_maximum;no_matching_plate_pattern
D:/DATN/datasets/raw/roboflow_ocr_plate/train/images/ndata616_jpg.rf.aaf152495bdc74d9dbe9352a569853b6.jpg,17MD900037,2,10,False,roboflow_ocr_plate,electric_series_MD_not_in_phase1_grammar;no_matching_plate_pattern
D:/DATN/datasets/raw/roboflow_ocr_plate/train/images/ndata619_jpg.rf.a63084081936915c87e37d9ac920d60c.jpg,30E7779630E77796,3,16,False,roboflow_ocr_plate,clustered_into_3_lines_not_a_plate;16_characters_above_plate_maximum;no_matching_plate_pattern
D:/DATN/datasets/raw/roboflow_ocr_plate/train/images/ndata621_jpg.rf.7f3d6a171b6eafa44956601f427d2afa.jpg,4564E172175,3,11,False,roboflow_ocr_plate,clustered_into_3_lines_not_a_plate;11_characters_above_plate_maximum;no_matching_plate_pattern
D:/DATN/datasets/raw/roboflow_ocr_plate/train/images/ndata623_jpg.rf.5809748a85d87edd662a9d817002b3fb.jpg,7350M250,1,8,False,roboflow_ocr_plate,1_overlapping_boxes_in_line;no_matching_plate_pattern
D:/DATN/datasets/raw/roboflow_ocr_plate/train/images/ndata628_jpg.rf.28608cbae625bb5e9dd10faf41fcacbd.jpg,89MD212430,2,10,False,roboflow_ocr_plate,electric_series_MD_not_in_phase1_grammar;no_matching_plate_pattern
D:/DATN/datasets/raw/roboflow_ocr_plate/train/images/ndata629_jpg.rf.77b30cb4d677e3fb8ce4e00020024596.jpg,29MDB253480,2,11,False,roboflow_ocr_plate,11_characters_above_plate_maximum;1_overlapping_boxes_in_line;electric_series_MD_not_in_phase1_grammar;no_matching_plate_pattern
D:/DATN/datasets/raw/roboflow_ocr_plate/train/images/ndata630_jpg.rf.6368502b9835545f4c3c4be2414e9c8b.jpg,29MD101353,2,10,False,roboflow_ocr_plate,electric_series_MD_not_in_phase1_grammar;no_matching_plate_pattern
D:/DATN/datasets/raw/roboflow_ocr_plate/train/images/ndata631_jpg.rf.a20e1fedae071823b71023b09fb12fcc.jpg,9096M4D837,1,10,False,roboflow_ocr_plate,2_overlapping_boxes_in_line;no_matching_plate_pattern
D:/DATN/datasets/raw/roboflow_ocr_plate/train/images/ndata632_jpg.rf.4a60a73db107aa0a9c04d549ed590f0d.jpg,M6,2,2,False,roboflow_ocr_plate,only_2_characters;no_matching_plate_pattern
D:/DATN/datasets/raw/roboflow_ocr_plate/train/images/ndata633_jpg.rf.e89685ddee0bc950dc8f002ab8603181.jpg,329670,2,6,False,roboflow_ocr_plate,no_matching_plate_pattern
D:/DATN/datasets/raw/roboflow_ocr_plate/train/images/ndata634_jpg.rf.d2af8f365a3d8fc1a0d70255ca8f5665.jpg,14MD101103,2,10,False,roboflow_ocr_plate,electric_series_MD_not_in_phase1_grammar;no_matching_plate_pattern
D:/DATN/datasets/raw/roboflow_ocr_plate/train/images/ndata635_jpg.rf.6f0dd8a84476ffefb6993813d6eb5eac.jpg,S3LMD401697,2,11,False,roboflow_ocr_plate,11_characters_above_plate_maximum;1_overlapping_boxes_in_line;no_matching_plate_pattern
D:/DATN/datasets/raw/roboflow_ocr_plate/train/images/ndata636_jpg.rf.7833bce01e6128b6a836f7d0d831d759.jpg,17MD788888,2,10,False,roboflow_ocr_plate,electric_series_MD_not_in_phase1_grammar;no_matching_plate_pattern
D:/DATN/datasets/raw/roboflow_ocr_plate/train/images/ndata637_jpg.rf.7bc4ec9f344967885865cec6594164b4.jpg,14MD104880,2,10,False,roboflow_ocr_plate,electric_series_MD_not_in_phase1_grammar;no_matching_plate_pattern
D:/DATN/datasets/raw/roboflow_ocr_plate/train/images/ndata640_jpg.rf.2ebe427003fb06f2690c3a6bd405c1d6.jpg,K36MD127317,3,11,False,roboflow_ocr_plate,clustered_into_3_lines_not_a_plate;11_characters_above_plate_maximum;no_matching_plate_pattern
D:/DATN/datasets/raw/roboflow_ocr_plate/train/images/ndata641_jpg.rf.1925dd272f39d94cd557fddbf3981086.jpg,14MD218298,2,10,False,roboflow_ocr_plate,electric_series_MD_not_in_phase1_grammar;no_matching_plate_pattern
D:/DATN/datasets/raw/roboflow_ocr_plate/train/images/ndata643_jpg.rf.a180402b695628735605f0529ef74d62.jpg,29UD101353,2,10,False,roboflow_ocr_plate,no_matching_plate_pattern
D:/DATN/datasets/raw/roboflow_ocr_plate/train/images/ndata644_jpg.rf.efc98234e33f86353fc7442e4b266383.jpg,75UD100019,2,10,False,roboflow_ocr_plate,no_matching_plate_pattern
D:/DATN/datasets/raw/roboflow_ocr_plate/train/images/ndata70_jpg.rf.126c01a051239586ceb362f5840a0b70.jpg,1PAA0,2,5,False,roboflow_ocr_plate,only_5_characters;no_matching_plate_pattern
D:/DATN/datasets/raw/roboflow_ocr_plate/train/images/ndata71_jpg.rf.cc7bc5aa4befa80b11f63f8e4099230c.jpg,89MDB307363,2,11,False,roboflow_ocr_plate,11_characters_above_plate_maximum;1_overlapping_boxes_in_line;electric_series_MD_not_in_phase1_grammar;no_matching_plate_pattern
D:/DATN/datasets/raw/roboflow_ocr_plate/train/images/ndata90_jpg.rf.a83728db9f2b55cc3029645c139279c9.jpg,3063630,1,7,False,roboflow_ocr_plate,valid_only_after_normalizer_correction
D:/DATN/datasets/raw/roboflow_ocr_plate/train/images/ndata94_jpg.rf.d50079555a0296514118783705e61d54.jpg,8,1,1,False,roboflow_ocr_plate,only_1_characters;no_matching_plate_pattern
D:/DATN/datasets/raw/roboflow_ocr_plate/valid/images/10PlateBaza275_jpg.rf.3e927b4668e1bc97e071f16f4267d8c5.jpg,ZG1382AB,1,8,False,roboflow_ocr_plate,non_vietnamese_source_image;valid_only_after_normalizer_correction
D:/DATN/datasets/raw/roboflow_ocr_plate/valid/images/1PlateBaza477_jpg.rf.8f85e894445463881297130b49643a20.jpg,ZG505CE,2,7,False,roboflow_ocr_plate,non_vietnamese_source_image;no_matching_plate_pattern
D:/DATN/datasets/raw/roboflow_ocr_plate/valid/images/1PlateBaza480_jpg.rf.6a96d2cb6b70f08385b1de30aa5ce9b4.jpg,ZG885PK,1,7,False,roboflow_ocr_plate,non_vietnamese_source_image;no_matching_plate_pattern
D:/DATN/datasets/raw/roboflow_ocr_plate/valid/images/1PlateBaza483_jpg.rf.73c2a403cb39a730ca9d3491c944aa20.jpg,ZG5670,1,6,False,roboflow_ocr_plate,non_vietnamese_source_image;no_matching_plate_pattern
D:/DATN/datasets/raw/roboflow_ocr_plate/valid/images/1PlateBaza485_jpg.rf.9b0d9a1dbd954d0fd752016e1c563c01.jpg,ZG911CK,1,7,False,roboflow_ocr_plate,non_vietnamese_source_image;no_matching_plate_pattern
D:/DATN/datasets/raw/roboflow_ocr_plate/valid/images/1xemay1732_jpg.rf.4f3e2f45903f2273dd51e22c1abdd4c3.jpg,91B131345,2,9,False,roboflow_ocr_plate,no_matching_plate_pattern
D:/DATN/datasets/raw/roboflow_ocr_plate/valid/images/2PlateBaza116_jpg.rf.c85ba3c71beed1f327a566d605a8c1ce.jpg,B818CN,1,6,False,roboflow_ocr_plate,non_vietnamese_source_image;no_matching_plate_pattern
D:/DATN/datasets/raw/roboflow_ocr_plate/valid/images/2PlateBaza166_jpg.rf.95e8b50b0a1468ba16fd8b0b542c4a93.jpg,KAAC1689,1,8,False,roboflow_ocr_plate,non_vietnamese_source_image;no_matching_plate_pattern
D:/DATN/datasets/raw/roboflow_ocr_plate/valid/images/2PlateBaza172_jpg.rf.7468011337b9bb5e50586814174e9bbe.jpg,KT451AN,1,7,False,roboflow_ocr_plate,non_vietnamese_source_image;no_matching_plate_pattern
D:/DATN/datasets/raw/roboflow_ocr_plate/valid/images/2PlateBaza230_jpg.rf.8ed4293875f2f428a4c9a2cd220677ad.jpg,ZG216TK,1,7,False,roboflow_ocr_plate,non_vietnamese_source_image;no_matching_plate_pattern
D:/DATN/datasets/raw/roboflow_ocr_plate/valid/images/2PlateBaza246_jpg.rf.b43e8f5ae5c2497ee3828f909e81cd0f.jpg,ZG2751B,1,7,False,roboflow_ocr_plate,non_vietnamese_source_image;valid_only_after_normalizer_correction
D:/DATN/datasets/raw/roboflow_ocr_plate/valid/images/2PlateBaza286_jpg.rf.57e97b708e75bedaf9f89021e49f5da6.jpg,G88LFB,1,6,False,roboflow_ocr_plate,non_vietnamese_source_image;no_matching_plate_pattern
D:/DATN/datasets/raw/roboflow_ocr_plate/valid/images/2PlateBaza289_jpg.rf.cb1f50daf706ac86f1c3eec2d44e2bde.jpg,ZG1778B,1,7,False,roboflow_ocr_plate,non_vietnamese_source_image;valid_only_after_normalizer_correction
D:/DATN/datasets/raw/roboflow_ocr_plate/valid/images/2PlateBaza30_jpg.rf.d4703d76c4964f8930996f6ee53e501b.jpg,ZG9158AK,1,8,False,roboflow_ocr_plate,non_vietnamese_source_image;no_matching_plate_pattern
D:/DATN/datasets/raw/roboflow_ocr_plate/valid/images/2PlateBaza348_jpg.rf.5993df016a59af5fe9b9062a9ab55e36.jpg,ZG848K,1,6,False,roboflow_ocr_plate,non_vietnamese_source_image;no_matching_plate_pattern
D:/DATN/datasets/raw/roboflow_ocr_plate/valid/images/2PlateBaza34_jpg.rf.1077d3132c268feb9b2d9fe219ee3d43.jpg,SGD3164,1,7,False,roboflow_ocr_plate,non_vietnamese_source_image;valid_only_after_normalizer_correction
D:/DATN/datasets/raw/roboflow_ocr_plate/valid/images/2PlateBaza353_jpg.rf.edbd17eaac68ba6fffb15e441abe6a64.jpg,ZG155MC,1,7,False,roboflow_ocr_plate,non_vietnamese_source_image;no_matching_plate_pattern
D:/DATN/datasets/raw/roboflow_ocr_plate/valid/images/2PlateBaza360_jpg.rf.b61484a4c448235b923a2898dfa2e787.jpg,ZG3202AM,1,8,False,roboflow_ocr_plate,non_vietnamese_source_image;no_matching_plate_pattern
D:/DATN/datasets/raw/roboflow_ocr_plate/valid/images/2PlateBaza361_jpg.rf.f603313213f228ccac10a836c243f58e.jpg,ZG094MM,1,7,False,roboflow_ocr_plate,non_vietnamese_source_image;no_matching_plate_pattern
D:/DATN/datasets/raw/roboflow_ocr_plate/valid/images/2PlateBaza374_jpg.rf.272012796f2471dde8203d23170e9feb.jpg,S582AM,1,6,False,roboflow_ocr_plate,non_vietnamese_source_image;no_matching_plate_pattern
D:/DATN/datasets/raw/roboflow_ocr_plate/valid/images/2PlateBaza41_jpg.rf.57e77b13b1c4da9aeb6c7bf19fd7ed1f.jpg,ZG4240AC,1,8,False,roboflow_ocr_plate,non_vietnamese_source_image;no_matching_plate_pattern
D:/DATN/datasets/raw/roboflow_ocr_plate/valid/images/2PlateBaza454_jpg.rf.ae8994b51c2ad6ee14a93016640f3cfc.jpg,VT769E,1,6,False,roboflow_ocr_plate,non_vietnamese_source_image;no_matching_plate_pattern
D:/DATN/datasets/raw/roboflow_ocr_plate/valid/images/2PlateBaza476_jpg.rf.b2ed076919f10c7cf4dc4430c8f94375.jpg,ZG385SZ,1,7,False,roboflow_ocr_plate,non_vietnamese_source_image;valid_only_after_normalizer_correction
D:/DATN/datasets/raw/roboflow_ocr_plate/valid/images/2PlateBaza501_jpg.rf.a928376553bec869930d256f7f6d840d.jpg,ST317K,1,6,False,roboflow_ocr_plate,non_vietnamese_source_image;no_matching_plate_pattern
D:/DATN/datasets/raw/roboflow_ocr_plate/valid/images/2xemay1445_jpg.rf.82ffcb932a3085ed5fd9ba853939b848.jpg,3B223399,2,8,False,roboflow_ocr_plate,valid_only_after_normalizer_correction
D:/DATN/datasets/raw/roboflow_ocr_plate/valid/images/2xemay1696_jpg.rf.fecfa2b61d9172bdb1fd3bc849da4f14.jpg,1111,1,4,False,roboflow_ocr_plate,only_4_characters;no_matching_plate_pattern
D:/DATN/datasets/raw/roboflow_ocr_plate/valid/images/2xemay1909_jpg.rf.97f1d31820473c34cbed1433c5b06e80.jpg,76024027,2,8,False,roboflow_ocr_plate,valid_only_after_normalizer_correction
D:/DATN/datasets/raw/roboflow_ocr_plate/valid/images/3CarLongPlate448_jpg.rf.f683b33ac49f28f1fdb65fce1c5ea45b.jpg,86988,1,5,False,roboflow_ocr_plate,only_5_characters;no_matching_plate_pattern
D:/DATN/datasets/raw/roboflow_ocr_plate/valid/images/3PlateBaza106_jpg.rf.61f4a2124638e87d22e8d7bcb4435df7.jpg,ZD448AK,1,7,False,roboflow_ocr_plate,non_vietnamese_source_image;no_matching_plate_pattern
D:/DATN/datasets/raw/roboflow_ocr_plate/valid/images/3PlateBaza142_jpg.rf.b90bcc56be0bef28bb9dafdace416333.jpg,983T939,1,7,False,roboflow_ocr_plate,non_vietnamese_source_image;valid_only_after_normalizer_correction
D:/DATN/datasets/raw/roboflow_ocr_plate/valid/images/3PlateBaza158_jpg.rf.236f44d5f13a77ae5d6c8e78b72d6730.jpg,ZG316GB,1,7,False,roboflow_ocr_plate,non_vietnamese_source_image;valid_only_after_normalizer_correction
D:/DATN/datasets/raw/roboflow_ocr_plate/valid/images/3PlateBaza162_jpg.rf.be2aea57d55b0341fb921b6441e59994.jpg,ZG264T,1,6,False,roboflow_ocr_plate,non_vietnamese_source_image;no_matching_plate_pattern
D:/DATN/datasets/raw/roboflow_ocr_plate/valid/images/3PlateBaza163_jpg.rf.ad814ee9638ac40f1d3226ddcaed7f6b.jpg,ZG155UB,1,7,False,roboflow_ocr_plate,non_vietnamese_source_image;no_matching_plate_pattern
D:/DATN/datasets/raw/roboflow_ocr_plate/valid/images/3PlateBaza205_jpg.rf.644291372c48bd47c1dd8b9da3518f52.jpg,ZG932UG,1,7,False,roboflow_ocr_plate,non_vietnamese_source_image;no_matching_plate_pattern
D:/DATN/datasets/raw/roboflow_ocr_plate/valid/images/3PlateBaza214_jpg.rf.d5dc1508f6caa059b29c48cf06dbcfe4.jpg,ZG9952P,1,7,False,roboflow_ocr_plate,non_vietnamese_source_image;no_matching_plate_pattern
D:/DATN/datasets/raw/roboflow_ocr_plate/valid/images/3PlateBaza21_jpg.rf.5fc6a56ef96c555ae589eba5167a8aab.jpg,EDAL551,1,7,False,roboflow_ocr_plate,non_vietnamese_source_image;no_matching_plate_pattern
D:/DATN/datasets/raw/roboflow_ocr_plate/valid/images/3PlateBaza221_jpg.rf.01252f3807d6754154b72d05379b5a3c.jpg,238L,1,4,False,roboflow_ocr_plate,only_4_characters;non_vietnamese_source_image;no_matching_plate_pattern
D:/DATN/datasets/raw/roboflow_ocr_plate/valid/images/3PlateBaza297_jpg.rf.7f458c215fb974b8e762d4f4b7ad434a.jpg,B193,1,4,False,roboflow_ocr_plate,only_4_characters;non_vietnamese_source_image;no_matching_plate_pattern
D:/DATN/datasets/raw/roboflow_ocr_plate/valid/images/3PlateBaza330_jpg.rf.8c570417d7799e774234aaaa2069e49d.jpg,G13GC,1,5,False,roboflow_ocr_plate,only_5_characters;non_vietnamese_source_image;no_matching_plate_pattern
D:/DATN/datasets/raw/roboflow_ocr_plate/valid/images/3PlateBaza339_jpg.rf.bfbbc2893b5715c531432407f16bdac9.jpg,SK402CK,1,7,False,roboflow_ocr_plate,non_vietnamese_source_image;no_matching_plate_pattern
D:/DATN/datasets/raw/roboflow_ocr_plate/valid/images/3PlateBaza367_jpg.rf.3b0522f9b8e7622c10d91c0df23d100a.jpg,ZG5642AB,1,8,False,roboflow_ocr_plate,non_vietnamese_source_image;valid_only_after_normalizer_correction
D:/DATN/datasets/raw/roboflow_ocr_plate/valid/images/3PlateBaza390_jpg.rf.e18a1e6bf67717fc388b7cadf61562d1.jpg,ZG415MA,1,7,False,roboflow_ocr_plate,non_vietnamese_source_image;no_matching_plate_pattern
D:/DATN/datasets/raw/roboflow_ocr_plate/valid/images/3PlateBaza401_jpg.rf.3def86178f8074af8934886f14c78a1f.jpg,ZG394U,1,6,False,roboflow_ocr_plate,non_vietnamese_source_image;no_matching_plate_pattern
D:/DATN/datasets/raw/roboflow_ocr_plate/valid/images/3PlateBaza439_jpg.rf.5f2519ab1e72f99056bceae397a19b38.jpg,ZG790D0,1,7,False,roboflow_ocr_plate,non_vietnamese_source_image;valid_only_after_normalizer_correction
D:/DATN/datasets/raw/roboflow_ocr_plate/valid/images/3PlateBaza445_jpg.rf.f48df396b6d4014935d653c4433a1169.jpg,0G788P,1,6,False,roboflow_ocr_plate,non_vietnamese_source_image;no_matching_plate_pattern
D:/DATN/datasets/raw/roboflow_ocr_plate/valid/images/3PlateBaza448_jpg.rf.997afed244e4416442bd998945791e22.jpg,ZG093PZ,1,7,False,roboflow_ocr_plate,non_vietnamese_source_image;no_matching_plate_pattern
D:/DATN/datasets/raw/roboflow_ocr_plate/valid/images/3PlateBaza495_jpg.rf.4fb541c6342b714665fe8920e5969f1b.jpg,ZG400HZ,1,7,False,roboflow_ocr_plate,non_vietnamese_source_image;no_matching_plate_pattern
D:/DATN/datasets/raw/roboflow_ocr_plate/valid/images/3PlateBaza503_jpg.rf.08337774ca9362b52a8607d28591a5bc.jpg,ZG256FZ,1,7,False,roboflow_ocr_plate,non_vietnamese_source_image;no_matching_plate_pattern
D:/DATN/datasets/raw/roboflow_ocr_plate/valid/images/3xemay1067_jpg.rf.cb9e802d5d9edad7059d1b4d954cfd95.jpg,5411147,2,7,False,roboflow_ocr_plate,valid_only_after_normalizer_correction
D:/DATN/datasets/raw/roboflow_ocr_plate/valid/images/3xemay2259_jpg.rf.41ecd6ebddc4b421266c0fceb8e069ce.jpg,79D1D7705,2,9,False,roboflow_ocr_plate,valid_only_after_normalizer_correction
D:/DATN/datasets/raw/roboflow_ocr_plate/valid/images/3xemay454_jpg.rf.6626817a2172ae560e04a5184da201a3.jpg,5390844,2,7,False,roboflow_ocr_plate,no_matching_plate_pattern
D:/DATN/datasets/raw/roboflow_ocr_plate/valid/images/4CarLongPlate765_jpg.rf.b24866ffb391a012605aac762cee94e4.jpg,1A85325,1,7,False,roboflow_ocr_plate,valid_only_after_normalizer_correction
D:/DATN/datasets/raw/roboflow_ocr_plate/valid/images/4PlateBaza134_jpg.rf.e97fd8512fabe7e836d5d6f500775f4e.jpg,DU486AD,1,7,False,roboflow_ocr_plate,non_vietnamese_source_image;no_matching_plate_pattern
D:/DATN/datasets/raw/roboflow_ocr_plate/valid/images/4PlateBaza32_jpg.rf.a752831a8ad2ca59a2c6a3ae3b88bc75.jpg,SK180BM,1,7,False,roboflow_ocr_plate,non_vietnamese_source_image;no_matching_plate_pattern
D:/DATN/datasets/raw/roboflow_ocr_plate/valid/images/4xemay2071_jpg.rf.dd4a6a16b8035ef9c30427616a09b697.jpg,H65519,2,6,False,roboflow_ocr_plate,no_matching_plate_pattern
D:/DATN/datasets/raw/roboflow_ocr_plate/valid/images/4xemay2169_jpg.rf.b337f70066a452391639558966b9ab31.jpg,B537011,2,7,False,roboflow_ocr_plate,valid_only_after_normalizer_correction
D:/DATN/datasets/raw/roboflow_ocr_plate/valid/images/4xemay2440_jpg.rf.743257c4d74ccc31438374e5e112aafa.jpg,599135199,2,9,False,roboflow_ocr_plate,no_matching_plate_pattern
D:/DATN/datasets/raw/roboflow_ocr_plate/valid/images/5CarLongPlate243_jpg.rf.a989c01ee99ef344b831ca6f22b355b5.jpg,1F59881,1,7,False,roboflow_ocr_plate,no_matching_plate_pattern
D:/DATN/datasets/raw/roboflow_ocr_plate/valid/images/5CarLongPlate757_jpg.rf.18f301cc5ec2015a2ab1ef049468322e.jpg,1G69160,1,7,False,roboflow_ocr_plate,valid_only_after_normalizer_correction
D:/DATN/datasets/raw/roboflow_ocr_plate/valid/images/5PlateBaza180_jpg.rf.4afda5f83c7359632ca2897943b7ae39.jpg,0G6920,1,6,False,roboflow_ocr_plate,non_vietnamese_source_image;no_matching_plate_pattern
D:/DATN/datasets/raw/roboflow_ocr_plate/valid/images/5PlateBaza212_jpg.rf.d65a416ead89c1e32b48e3538d0b1936.jpg,489E774,1,7,False,roboflow_ocr_plate,non_vietnamese_source_image;no_matching_plate_pattern
D:/DATN/datasets/raw/roboflow_ocr_plate/valid/images/5PlateBaza267_jpg.rf.4b72531839140b0d8b18d2a78976cbd7.jpg,ZG484LD,1,7,False,roboflow_ocr_plate,non_vietnamese_source_image;valid_only_after_normalizer_correction
D:/DATN/datasets/raw/roboflow_ocr_plate/valid/images/5PlateBaza326_jpg.rf.dd5f9b65c1a1d698063af3d9678a943c.jpg,30463TC,1,7,False,roboflow_ocr_plate,non_vietnamese_source_image;no_matching_plate_pattern
D:/DATN/datasets/raw/roboflow_ocr_plate/valid/images/5PlateBaza417_jpg.rf.0e65e1b4585ea6c6c8fb56f0ff6ae965.jpg,ZG128V,1,6,False,roboflow_ocr_plate,non_vietnamese_source_image;no_matching_plate_pattern
D:/DATN/datasets/raw/roboflow_ocr_plate/valid/images/6CarLongPlate286_jpg.rf.21aed16d01e1dcc4d5507818fed133aa.jpg,5A45974,1,7,False,roboflow_ocr_plate,valid_only_after_normalizer_correction
D:/DATN/datasets/raw/roboflow_ocr_plate/valid/images/6CarLongPlate493_jpg.rf.5529406936bfc86332136d35e7a90a0a.jpg,1F04275,1,7,False,roboflow_ocr_plate,no_matching_plate_pattern
D:/DATN/datasets/raw/roboflow_ocr_plate/valid/images/6PlateBaza121_jpg.rf.28709d0cf6a58fb2b7355244334b0f58.jpg,MA356M,1,6,False,roboflow_ocr_plate,non_vietnamese_source_image;no_matching_plate_pattern
D:/DATN/datasets/raw/roboflow_ocr_plate/valid/images/6PlateBaza257_jpg.rf.53ecece2ba7afb5554c244a37fc85f82.jpg,MMM7780,1,7,False,roboflow_ocr_plate,non_vietnamese_source_image;no_matching_plate_pattern
D:/DATN/datasets/raw/roboflow_ocr_plate/valid/images/6PlateBaza271_jpg.rf.88b8217bda6440cfbcea06542c339a2e.jpg,ZG902ZG,1,7,False,roboflow_ocr_plate,non_vietnamese_source_image;no_matching_plate_pattern
D:/DATN/datasets/raw/roboflow_ocr_plate/valid/images/6PlateBaza438_jpg.rf.1bd4108884319d7f0f5e04c1268dfc12.jpg,ZG160DU,1,7,False,roboflow_ocr_plate,non_vietnamese_source_image;no_matching_plate_pattern
D:/DATN/datasets/raw/roboflow_ocr_plate/valid/images/iwt13_jpg.rf.f61e1dd425c87ee799a3809b596a06eb.jpg,C5B11181,1,8,False,roboflow_ocr_plate,non_vietnamese_source_image;no_matching_plate_pattern
D:/DATN/datasets/raw/roboflow_ocr_plate/valid/images/iwt212_jpg.rf.3da5c897e4a0b3d3f6e9b9235ec5328d.jpg,9B80484,1,7,False,roboflow_ocr_plate,non_vietnamese_source_image;valid_only_after_normalizer_correction
D:/DATN/datasets/raw/roboflow_ocr_plate/valid/images/iwt222_jpg.rf.4acbbdbb68084cac8b96d239b956f347.jpg,3B04082,1,7,False,roboflow_ocr_plate,non_vietnamese_source_image;valid_only_after_normalizer_correction
D:/DATN/datasets/raw/roboflow_ocr_plate/valid/images/iwt223_jpg.rf.6368c50442a5e20918a313cc0f760286.jpg,124813,1,6,False,roboflow_ocr_plate,non_vietnamese_source_image;no_matching_plate_pattern
D:/DATN/datasets/raw/roboflow_ocr_plate/valid/images/iwt226_jpg.rf.8eb8cccd9b5b489c07b8cbf70e74151d.jpg,6B67495,1,7,False,roboflow_ocr_plate,non_vietnamese_source_image;valid_only_after_normalizer_correction
D:/DATN/datasets/raw/roboflow_ocr_plate/valid/images/iwt248_jpg.rf.267c218cc81c61ce8d04cdc17882f5c4.jpg,1BB8851,1,7,False,roboflow_ocr_plate,non_vietnamese_source_image;valid_only_after_normalizer_correction
D:/DATN/datasets/raw/roboflow_ocr_plate/valid/images/iwt262_jpg.rf.b30db734114a06831589d2faf8aeef03.jpg,2Z52689,1,7,False,roboflow_ocr_plate,non_vietnamese_source_image;valid_only_after_normalizer_correction
D:/DATN/datasets/raw/roboflow_ocr_plate/valid/images/iwt267_jpg.rf.90b0e4c6aa1f0302fe14c228a09c0024.jpg,5B11149,1,7,False,roboflow_ocr_plate,non_vietnamese_source_image;valid_only_after_normalizer_correction
D:/DATN/datasets/raw/roboflow_ocr_plate/valid/images/iwt268_jpg.rf.4e63dba999f4c5018378dd1bd90ebcf1.jpg,2B74289,1,7,False,roboflow_ocr_plate,non_vietnamese_source_image;valid_only_after_normalizer_correction
D:/DATN/datasets/raw/roboflow_ocr_plate/valid/images/iwt269_jpg.rf.48ac29fc9ec5f72f238ce42caaa2b126.jpg,9B64064,1,7,False,roboflow_ocr_plate,non_vietnamese_source_image;valid_only_after_normalizer_correction
D:/DATN/datasets/raw/roboflow_ocr_plate/valid/images/iwt270_jpg.rf.6f52716e51ac0065376882328bb89722.jpg,1B85815,1,7,False,roboflow_ocr_plate,non_vietnamese_source_image;valid_only_after_normalizer_correction
D:/DATN/datasets/raw/roboflow_ocr_plate/valid/images/iwt273_jpg.rf.465a68a5146fa343d96f431998926686.jpg,5B11149,1,7,False,roboflow_ocr_plate,non_vietnamese_source_image;valid_only_after_normalizer_correction
D:/DATN/datasets/raw/roboflow_ocr_plate/valid/images/iwt27_jpg.rf.df768e21b0c9ce33cbeca2c5329915cd.jpg,5C5,1,3,False,roboflow_ocr_plate,only_3_characters;non_vietnamese_source_image;no_matching_plate_pattern
D:/DATN/datasets/raw/roboflow_ocr_plate/valid/images/iwt28_jpg.rf.0f2d308902455be8c44d059868602eb3.jpg,1,1,1,False,roboflow_ocr_plate,only_1_characters;non_vietnamese_source_image;no_matching_plate_pattern
D:/DATN/datasets/raw/roboflow_ocr_plate/valid/images/iwt3103_jpg.rf.d64461b64cc82bb9568b0cf1b7787182.jpg,BZL5685,1,7,False,roboflow_ocr_plate,non_vietnamese_source_image;valid_only_after_normalizer_correction
D:/DATN/datasets/raw/roboflow_ocr_plate/valid/images/iwt3109_jpg.rf.a6013b531b34c65a04bfeaeb666d3b95.jpg,6B03119,1,7,False,roboflow_ocr_plate,non_vietnamese_source_image;valid_only_after_normalizer_correction
D:/DATN/datasets/raw/roboflow_ocr_plate/valid/images/iwt310_jpg.rf.884d563bf3a671bd4adf6cc22149cb0b.jpg,6M04291,1,7,False,roboflow_ocr_plate,non_vietnamese_source_image;no_matching_plate_pattern
D:/DATN/datasets/raw/roboflow_ocr_plate/valid/images/iwt3112_jpg.rf.2476b47e5ac11ddd14ec94c6552f08c7.jpg,8T84065,1,7,False,roboflow_ocr_plate,non_vietnamese_source_image;no_matching_plate_pattern
D:/DATN/datasets/raw/roboflow_ocr_plate/valid/images/iwt3123_jpg.rf.844b5493f6f6ace4c79934d9739c327d.jpg,BZB1922,1,7,False,roboflow_ocr_plate,non_vietnamese_source_image;valid_only_after_normalizer_correction
D:/DATN/datasets/raw/roboflow_ocr_plate/valid/images/iwt3124_jpg.rf.0fe1726abc10086583f1f0c04fb98d2b.jpg,2M25948,1,7,False,roboflow_ocr_plate,non_vietnamese_source_image;no_matching_plate_pattern
D:/DATN/datasets/raw/roboflow_ocr_plate/valid/images/iwt3125_jpg.rf.091908907bdae7a5627ecc98ab4b3948.jpg,7B30788,1,7,False,roboflow_ocr_plate,non_vietnamese_source_image;valid_only_after_normalizer_correction
D:/DATN/datasets/raw/roboflow_ocr_plate/valid/images/iwt3128_jpg.rf.4594328134e89b6bb669e7d918c70bb9.jpg,7B75285,1,7,False,roboflow_ocr_plate,non_vietnamese_source_image;valid_only_after_normalizer_correction
D:/DATN/datasets/raw/roboflow_ocr_plate/valid/images/iwt3134_jpg.rf.a9cdd48bec16e2a6e4f7687e9c6df5a2.jpg,1BB7325,1,7,False,roboflow_ocr_plate,non_vietnamese_source_image;valid_only_after_normalizer_correction
D:/DATN/datasets/raw/roboflow_ocr_plate/valid/images/iwt3139_jpg.rf.2739f7dc5f86cdfb055fbdc85c1d3f3e.jpg,5H68504,1,7,False,roboflow_ocr_plate,non_vietnamese_source_image;no_matching_plate_pattern
D:/DATN/datasets/raw/roboflow_ocr_plate/valid/images/iwt322_jpg.rf.c5961781f56349b25b53cb9e0a883df6.jpg,5,1,1,False,roboflow_ocr_plate,only_1_characters;non_vietnamese_source_image;no_matching_plate_pattern
D:/DATN/datasets/raw/roboflow_ocr_plate/valid/images/iwt323_jpg.rf.9a180b5451e2e9cd3c7f538b061b46df.jpg,7B1215,1,6,False,roboflow_ocr_plate,non_vietnamese_source_image;no_matching_plate_pattern
D:/DATN/datasets/raw/roboflow_ocr_plate/valid/images/iwt32_jpg.rf.23d63bfbb4d2ed7ac1ec66ff879a528c.jpg,BZL4085,1,7,False,roboflow_ocr_plate,non_vietnamese_source_image;valid_only_after_normalizer_correction
D:/DATN/datasets/raw/roboflow_ocr_plate/valid/images/iwt345_jpg.rf.fbfeffb3badc3fd1c762d9143c2a26d9.jpg,5B99527,1,7,False,roboflow_ocr_plate,non_vietnamese_source_image;no_matching_plate_pattern
D:/DATN/datasets/raw/roboflow_ocr_plate/valid/images/iwt351_jpg.rf.c683022480c3250fe8027cdb1ab7f5a4.jpg,3Z63187,1,7,False,roboflow_ocr_plate,non_vietnamese_source_image;valid_only_after_normalizer_correction
D:/DATN/datasets/raw/roboflow_ocr_plate/valid/images/iwt35_jpg.rf.9a2102d4196a254dcb07b0ff30a62146.jpg,6C71390,1,7,False,roboflow_ocr_plate,non_vietnamese_source_image;no_matching_plate_pattern
D:/DATN/datasets/raw/roboflow_ocr_plate/valid/images/iwt362_jpg.rf.23d4633ad213c2e94563a990f7314e48.jpg,BZP6480,1,7,False,roboflow_ocr_plate,non_vietnamese_source_image;valid_only_after_normalizer_correction
D:/DATN/datasets/raw/roboflow_ocr_plate/valid/images/iwt363_jpg.rf.63b761a7cb93ef174f100c31c676c431.jpg,504027,1,6,False,roboflow_ocr_plate,non_vietnamese_source_image;no_matching_plate_pattern
D:/DATN/datasets/raw/roboflow_ocr_plate/valid/images/iwt364_jpg.rf.15550620db804f35a0b79b2ce1a0c40c.jpg,7B65585,1,7,False,roboflow_ocr_plate,non_vietnamese_source_image;valid_only_after_normalizer_correction
D:/DATN/datasets/raw/roboflow_ocr_plate/valid/images/iwt370_jpg.rf.7760c3e23812ffc7796627cbc349b161.jpg,8B69588,1,7,False,roboflow_ocr_plate,non_vietnamese_source_image;valid_only_after_normalizer_correction
D:/DATN/datasets/raw/roboflow_ocr_plate/valid/images/iwt371_jpg.rf.699c62df72fe318e215375cfb0507ad5.jpg,2AX4938,1,7,False,roboflow_ocr_plate,non_vietnamese_source_image;valid_only_after_normalizer_correction
D:/DATN/datasets/raw/roboflow_ocr_plate/valid/images/iwt375_jpg.rf.ce89d2b4c02f46709b736177145c0d0a.jpg,7B73485,1,7,False,roboflow_ocr_plate,non_vietnamese_source_image;valid_only_after_normalizer_correction
D:/DATN/datasets/raw/roboflow_ocr_plate/valid/images/iwt377_jpg.rf.24c7584d514a9deeab3c0dd6e2759bdb.jpg,4B60620,1,7,False,roboflow_ocr_plate,non_vietnamese_source_image;valid_only_after_normalizer_correction
D:/DATN/datasets/raw/roboflow_ocr_plate/valid/images/iwt379_jpg.rf.f4a169fc8947f167b35ae311490122bf.jpg,8T77462,1,7,False,roboflow_ocr_plate,non_vietnamese_source_image;no_matching_plate_pattern
D:/DATN/datasets/raw/roboflow_ocr_plate/valid/images/iwt384_jpg.rf.1be3dc8d978768f0bd441742dc91759d.jpg,1B2138,1,6,False,roboflow_ocr_plate,non_vietnamese_source_image;no_matching_plate_pattern
D:/DATN/datasets/raw/roboflow_ocr_plate/valid/images/iwt385_jpg.rf.46c76c3c198829baf7178a60588f4c0d.jpg,7B46204,1,7,False,roboflow_ocr_plate,non_vietnamese_source_image;valid_only_after_normalizer_correction
D:/DATN/datasets/raw/roboflow_ocr_plate/valid/images/iwt396_jpg.rf.da448052f386d0e7840b88f34a6c5de5.jpg,7B76600,1,7,False,roboflow_ocr_plate,non_vietnamese_source_image;valid_only_after_normalizer_correction
D:/DATN/datasets/raw/roboflow_ocr_plate/valid/images/iwt397_jpg.rf.da6376c3b86e7c7d19f2d0c39905c1e4.jpg,9B98777,1,7,False,roboflow_ocr_plate,non_vietnamese_source_image;no_matching_plate_pattern
D:/DATN/datasets/raw/roboflow_ocr_plate/valid/images/iwt39_jpg.rf.64e3ee384e8ea155d4e83f65bd2afe63.jpg,4M34462,1,7,False,roboflow_ocr_plate,non_vietnamese_source_image;no_matching_plate_pattern
D:/DATN/datasets/raw/roboflow_ocr_plate/valid/images/iwt415_jpg.rf.4162dfb3a63548b21c29d76356dbfecc.jpg,3B37902,1,7,False,roboflow_ocr_plate,non_vietnamese_source_image;valid_only_after_normalizer_correction
D:/DATN/datasets/raw/roboflow_ocr_plate/valid/images/iwt41_jpg.rf.fb2c6c74387f5ed59b7ac464c6a30e31.jpg,1B49951,1,7,False,roboflow_ocr_plate,non_vietnamese_source_image;valid_only_after_normalizer_correction
D:/DATN/datasets/raw/roboflow_ocr_plate/valid/images/iwt424_jpg.rf.e51aebd582835ef9cd21b5dec7ca4993.jpg,4AT7962,1,7,False,roboflow_ocr_plate,non_vietnamese_source_image;no_matching_plate_pattern
D:/DATN/datasets/raw/roboflow_ocr_plate/valid/images/iwt42_jpg.rf.3a5cfbbbe65296b110cbfa4219c5f1b0.jpg,8B91698,1,7,False,roboflow_ocr_plate,non_vietnamese_source_image;no_matching_plate_pattern
D:/DATN/datasets/raw/roboflow_ocr_plate/valid/images/iwt430_jpg.rf.fae031c521b635f9c127b14eedf5840b.jpg,9T33663,1,7,False,roboflow_ocr_plate,non_vietnamese_source_image;valid_only_after_normalizer_correction
D:/DATN/datasets/raw/roboflow_ocr_plate/valid/images/iwt435_jpg.rf.5899d4878e3c818ef29a564765ea1238.jpg,7B30332,1,7,False,roboflow_ocr_plate,non_vietnamese_source_image;valid_only_after_normalizer_correction
D:/DATN/datasets/raw/roboflow_ocr_plate/valid/images/iwt439_jpg.rf.bead4cb844794019a860b7ca43d98de4.jpg,BMZ0815,1,7,False,roboflow_ocr_plate,non_vietnamese_source_image;no_matching_plate_pattern
D:/DATN/datasets/raw/roboflow_ocr_plate/valid/images/iwt440_jpg.rf.5ab41fd7b0751845de5086a97b601b78.jpg,3B95265,1,7,False,roboflow_ocr_plate,non_vietnamese_source_image;no_matching_plate_pattern
D:/DATN/datasets/raw/roboflow_ocr_plate/valid/images/iwt44_jpg.rf.c767b7a9a716e3f4bf9173d8eb6f6405.jpg,8T43418,1,7,False,roboflow_ocr_plate,non_vietnamese_source_image;no_matching_plate_pattern
D:/DATN/datasets/raw/roboflow_ocr_plate/valid/images/iwt450_jpg.rf.194197e7eab1aeb4b55efcf3a7aaebf9.jpg,4,1,1,False,roboflow_ocr_plate,only_1_characters;non_vietnamese_source_image;no_matching_plate_pattern
D:/DATN/datasets/raw/roboflow_ocr_plate/valid/images/iwt458_jpg.rf.5ae4af7b4ce2ec77d850e53df4306493.jpg,BZ04966,1,7,False,roboflow_ocr_plate,non_vietnamese_source_image;valid_only_after_normalizer_correction
D:/DATN/datasets/raw/roboflow_ocr_plate/valid/images/iwt45_jpg.rf.810201db160da89e4964c98c9aa0c8fa.jpg,LL435G,1,6,False,roboflow_ocr_plate,non_vietnamese_source_image;no_matching_plate_pattern
D:/DATN/datasets/raw/roboflow_ocr_plate/valid/images/iwt463_jpg.rf.2ba8ce4c20d60a5720455f66c1534cc5.jpg,2B45270,1,7,False,roboflow_ocr_plate,non_vietnamese_source_image;valid_only_after_normalizer_correction
D:/DATN/datasets/raw/roboflow_ocr_plate/valid/images/iwt476_jpg.rf.0bb6b1c86fa225c05c6ff16808395b12.jpg,8B68508,1,7,False,roboflow_ocr_plate,non_vietnamese_source_image;valid_only_after_normalizer_correction
D:/DATN/datasets/raw/roboflow_ocr_plate/valid/images/iwt477_jpg.rf.b61dd8bba2cba7c315b11eb80d31ce84.jpg,8B68508,1,7,False,roboflow_ocr_plate,non_vietnamese_source_image;valid_only_after_normalizer_correction
D:/DATN/datasets/raw/roboflow_ocr_plate/valid/images/iwt480_jpg.rf.4c3fc320fc70bcae70e35ca0398cd8ba.jpg,BZ0346,1,6,False,roboflow_ocr_plate,non_vietnamese_source_image;no_matching_plate_pattern
D:/DATN/datasets/raw/roboflow_ocr_plate/valid/images/iwt482_jpg.rf.90bc139e4e20338096d6637687dcfb1a.jpg,6B48288,1,7,False,roboflow_ocr_plate,non_vietnamese_source_image;valid_only_after_normalizer_correction
D:/DATN/datasets/raw/roboflow_ocr_plate/valid/images/iwt483_jpg.rf.b55db9f5b0391cc28216e324c213cdec.jpg,9B85289,1,7,False,roboflow_ocr_plate,non_vietnamese_source_image;valid_only_after_normalizer_correction
D:/DATN/datasets/raw/roboflow_ocr_plate/valid/images/iwt511_jpg.rf.53816a8fd558e9779be08db82916ffde.jpg,8B79697,1,7,False,roboflow_ocr_plate,non_vietnamese_source_image;valid_only_after_normalizer_correction
D:/DATN/datasets/raw/roboflow_ocr_plate/valid/images/iwt517_jpg.rf.d8194e9f92030ca1ee1d1a51f169e499.jpg,5B29737,1,7,False,roboflow_ocr_plate,non_vietnamese_source_image;valid_only_after_normalizer_correction
D:/DATN/datasets/raw/roboflow_ocr_plate/valid/images/iwt52_jpg.rf.b25890b0ab6ce15932f5bf43747dcdd6.jpg,8B90164,1,7,False,roboflow_ocr_plate,non_vietnamese_source_image;no_matching_plate_pattern
D:/DATN/datasets/raw/roboflow_ocr_plate/valid/images/iwt58_jpg.rf.b87fd8529885414185f42fe57f373fea.jpg,2B20174,1,7,False,roboflow_ocr_plate,non_vietnamese_source_image;valid_only_after_normalizer_correction
D:/DATN/datasets/raw/roboflow_ocr_plate/valid/images/iwt617_jpg.rf.42121f25885527ecf758087e14cc2888.jpg,2B17515,1,7,False,roboflow_ocr_plate,non_vietnamese_source_image;valid_only_after_normalizer_correction
D:/DATN/datasets/raw/roboflow_ocr_plate/valid/images/iwt61_jpg.rf.ead854e00a9ab57357dc3077b3e68ae3.jpg,3B38140,1,7,False,roboflow_ocr_plate,non_vietnamese_source_image;valid_only_after_normalizer_correction
D:/DATN/datasets/raw/roboflow_ocr_plate/valid/images/iwt623_jpg.rf.d26e828d482889aa942ea4c7b9879d83.jpg,124813,1,6,False,roboflow_ocr_plate,non_vietnamese_source_image;no_matching_plate_pattern
D:/DATN/datasets/raw/roboflow_ocr_plate/valid/images/iwt629_jpg.rf.ecbe72247fd077df802797db4c86fbc2.jpg,2B65055,1,7,False,roboflow_ocr_plate,non_vietnamese_source_image;valid_only_after_normalizer_correction
D:/DATN/datasets/raw/roboflow_ocr_plate/valid/images/iwt637_jpg.rf.4703386fce347b46805135defa1def79.jpg,5B08436,1,7,False,roboflow_ocr_plate,non_vietnamese_source_image;valid_only_after_normalizer_correction
D:/DATN/datasets/raw/roboflow_ocr_plate/valid/images/iwt640_jpg.rf.a88415b3c291bb038fbbb4a6bc12d44a.jpg,7B00844,1,7,False,roboflow_ocr_plate,non_vietnamese_source_image;valid_only_after_normalizer_correction
D:/DATN/datasets/raw/roboflow_ocr_plate/valid/images/iwt643_jpg.rf.8fe95e88c9b323686fcfac9477e3663f.jpg,7B29430,1,7,False,roboflow_ocr_plate,non_vietnamese_source_image;valid_only_after_normalizer_correction
D:/DATN/datasets/raw/roboflow_ocr_plate/valid/images/iwt644_jpg.rf.1de3e62c7949fb4467f9dd73a31bfe50.jpg,7B61623,1,7,False,roboflow_ocr_plate,non_vietnamese_source_image;valid_only_after_normalizer_correction
D:/DATN/datasets/raw/roboflow_ocr_plate/valid/images/iwt657_jpg.rf.c25d544c8223554e0e163be2a24284d7.jpg,6B26050,1,7,False,roboflow_ocr_plate,non_vietnamese_source_image;valid_only_after_normalizer_correction
D:/DATN/datasets/raw/roboflow_ocr_plate/valid/images/iwt661_jpg.rf.a7cbceb2f5d8c81237d8106b9054e89e.jpg,7B57267,1,7,False,roboflow_ocr_plate,non_vietnamese_source_image;valid_only_after_normalizer_correction
D:/DATN/datasets/raw/roboflow_ocr_plate/valid/images/iwt673_jpg.rf.50ade8b68dbcfc41b828f5de2747ff28.jpg,5B11149,1,7,False,roboflow_ocr_plate,non_vietnamese_source_image;valid_only_after_normalizer_correction
D:/DATN/datasets/raw/roboflow_ocr_plate/valid/images/iwt674_jpg.rf.389fb816ecde72cfa83905cb8ec70cf5.jpg,5B11300,1,7,False,roboflow_ocr_plate,non_vietnamese_source_image;valid_only_after_normalizer_correction
D:/DATN/datasets/raw/roboflow_ocr_plate/valid/images/iwt677_jpg.rf.71528e70e1393dc403a180961590fc5c.jpg,5882908,1,7,False,roboflow_ocr_plate,non_vietnamese_source_image;valid_only_after_normalizer_correction
D:/DATN/datasets/raw/roboflow_ocr_plate/valid/images/iwt68_jpg.rf.51dbf4da5f5e9034247a6760484d977c.jpg,8Z1223,1,6,False,roboflow_ocr_plate,non_vietnamese_source_image;no_matching_plate_pattern
D:/DATN/datasets/raw/roboflow_ocr_plate/valid/images/iwt70_jpg.rf.74a9aa125979e31be9d04a0b4abc9334.jpg,4E02304,1,7,False,roboflow_ocr_plate,non_vietnamese_source_image;no_matching_plate_pattern
D:/DATN/datasets/raw/roboflow_ocr_plate/valid/images/iwt7102_jpg.rf.8cb54f206b814e6b7ed89fb34424459f.jpg,9B14015,1,7,False,roboflow_ocr_plate,non_vietnamese_source_image;valid_only_after_normalizer_correction
D:/DATN/datasets/raw/roboflow_ocr_plate/valid/images/iwt7112_jpg.rf.49a0995e84f8ae49254446ff1cd30bed.jpg,8T84065,1,7,False,roboflow_ocr_plate,non_vietnamese_source_image;no_matching_plate_pattern
D:/DATN/datasets/raw/roboflow_ocr_plate/valid/images/iwt7117_jpg.rf.26bba279ce83ce8aa754a92561f14959.jpg,4B64261,1,7,False,roboflow_ocr_plate,non_vietnamese_source_image;valid_only_after_normalizer_correction
D:/DATN/datasets/raw/roboflow_ocr_plate/valid/images/iwt711_jpg.rf.b221e740b8e8c1c8c9152bb9e38f9650.jpg,5B05531,1,7,False,roboflow_ocr_plate,non_vietnamese_source_image;valid_only_after_normalizer_correction
D:/DATN/datasets/raw/roboflow_ocr_plate/valid/images/iwt7128_jpg.rf.b7dc4017f145b939877fda39031aa3bd.jpg,7B75285,1,7,False,roboflow_ocr_plate,non_vietnamese_source_image;valid_only_after_normalizer_correction
D:/DATN/datasets/raw/roboflow_ocr_plate/valid/images/iwt713_jpg.rf.933f7b9c28460d4cf730f005b2dba7a3.jpg,4Z42407,1,7,False,roboflow_ocr_plate,non_vietnamese_source_image;no_matching_plate_pattern
D:/DATN/datasets/raw/roboflow_ocr_plate/valid/images/iwt717_jpg.rf.77b558e3ce219e39ea3c47be5f3001a0.jpg,7B27254,1,7,False,roboflow_ocr_plate,non_vietnamese_source_image;valid_only_after_normalizer_correction
D:/DATN/datasets/raw/roboflow_ocr_plate/valid/images/iwt727_jpg.rf.86b92c9d23ace6d7948839792ab62dcc.jpg,9B88363,1,7,False,roboflow_ocr_plate,non_vietnamese_source_image;valid_only_after_normalizer_correction
D:/DATN/datasets/raw/roboflow_ocr_plate/valid/images/iwt736_jpg.rf.abc4149c0bead8eb26cd120f35ec13bf.jpg,7B63766,1,7,False,roboflow_ocr_plate,non_vietnamese_source_image;valid_only_after_normalizer_correction
D:/DATN/datasets/raw/roboflow_ocr_plate/valid/images/iwt737_jpg.rf.34b80172b576769783cc87dd1826f34b.jpg,B0L3403,1,7,False,roboflow_ocr_plate,non_vietnamese_source_image;valid_only_after_normalizer_correction
D:/DATN/datasets/raw/roboflow_ocr_plate/valid/images/iwt743_jpg.rf.d62a498ec0e57b8c825eb537cac6667b.jpg,9B13973,1,7,False,roboflow_ocr_plate,non_vietnamese_source_image;valid_only_after_normalizer_correction
D:/DATN/datasets/raw/roboflow_ocr_plate/valid/images/iwt747_jpg.rf.fceeaca7a59cf7a55804069f276a93ef.jpg,3SA6413,1,7,False,roboflow_ocr_plate,non_vietnamese_source_image;valid_only_after_normalizer_correction
D:/DATN/datasets/raw/roboflow_ocr_plate/valid/images/iwt74_jpg.rf.9c7faa1f5f0d35d5fc1915d85eb5119a.jpg,1BA2905,1,7,False,roboflow_ocr_plate,non_vietnamese_source_image;valid_only_after_normalizer_correction
D:/DATN/datasets/raw/roboflow_ocr_plate/valid/images/iwt754_jpg.rf.05c5c248395cb5dd28e934cc55e64e3b.jpg,2B38280,1,7,False,roboflow_ocr_plate,non_vietnamese_source_image;valid_only_after_normalizer_correction
D:/DATN/datasets/raw/roboflow_ocr_plate/valid/images/iwt756_jpg.rf.ad0e1efc5fde29411300735d572db3ae.jpg,4B76148,1,7,False,roboflow_ocr_plate,non_vietnamese_source_image;valid_only_after_normalizer_correction
D:/DATN/datasets/raw/roboflow_ocr_plate/valid/images/iwt766_jpg.rf.3f63d6b00f44899a21db4919361ec5b9.jpg,8B60552,1,7,False,roboflow_ocr_plate,non_vietnamese_source_image;valid_only_after_normalizer_correction
D:/DATN/datasets/raw/roboflow_ocr_plate/valid/images/iwt767_jpg.rf.8379d0554baafe97f16455476e154927.jpg,5B38434,1,7,False,roboflow_ocr_plate,non_vietnamese_source_image;valid_only_after_normalizer_correction
D:/DATN/datasets/raw/roboflow_ocr_plate/valid/images/iwt76_jpg.rf.408de1616d60cdfd948097c7c390bb8f.jpg,8B46851,1,7,False,roboflow_ocr_plate,non_vietnamese_source_image;valid_only_after_normalizer_correction
D:/DATN/datasets/raw/roboflow_ocr_plate/valid/images/iwt770_jpg.rf.8b887573347cf2c400132ffbb984b3ea.jpg,8B69588,1,7,False,roboflow_ocr_plate,non_vietnamese_source_image;valid_only_after_normalizer_correction
D:/DATN/datasets/raw/roboflow_ocr_plate/valid/images/iwt780_jpg.rf.e411a772324ae8fc51435a9d53943819.jpg,9T1922,1,6,False,roboflow_ocr_plate,non_vietnamese_source_image;no_matching_plate_pattern
D:/DATN/datasets/raw/roboflow_ocr_plate/valid/images/iwt791_jpg.rf.263ae4905c1319101c78aff947d4046f.jpg,5B24546,1,7,False,roboflow_ocr_plate,non_vietnamese_source_image;valid_only_after_normalizer_correction
D:/DATN/datasets/raw/roboflow_ocr_plate/valid/images/iwt797_jpg.rf.ba7f72e34830d859b93e4b9c9436bd3f.jpg,9B98777,1,7,False,roboflow_ocr_plate,non_vietnamese_source_image;no_matching_plate_pattern
D:/DATN/datasets/raw/roboflow_ocr_plate/valid/images/iwt799_jpg.rf.76a6ec182436d114ce879c41c928c83c.jpg,8B22920,1,7,False,roboflow_ocr_plate,non_vietnamese_source_image;valid_only_after_normalizer_correction
D:/DATN/datasets/raw/roboflow_ocr_plate/valid/images/iwt819_jpg.rf.690541d0b34fe5e2219a5474d86596c9.jpg,4B42029,1,7,False,roboflow_ocr_plate,non_vietnamese_source_image;valid_only_after_normalizer_correction
D:/DATN/datasets/raw/roboflow_ocr_plate/valid/images/iwt823_jpg.rf.f5b7fb31d1eba204c4c5cd6ccfadfe2e.jpg,7B27150,1,7,False,roboflow_ocr_plate,non_vietnamese_source_image;valid_only_after_normalizer_correction
D:/DATN/datasets/raw/roboflow_ocr_plate/valid/images/iwt833_jpg.rf.e51963318406487e3af921f1ee455dc2.jpg,DT612BC,1,7,False,roboflow_ocr_plate,non_vietnamese_source_image;no_matching_plate_pattern
D:/DATN/datasets/raw/roboflow_ocr_plate/valid/images/iwt834_jpg.rf.776cf25099158dde4ade8e1d8bd9dc08.jpg,7B32443,1,7,False,roboflow_ocr_plate,non_vietnamese_source_image;valid_only_after_normalizer_correction
D:/DATN/datasets/raw/roboflow_ocr_plate/valid/images/iwt83_jpg.rf.f08324c741aa4f9185242863a10028bf.jpg,1BC5138,1,7,False,roboflow_ocr_plate,non_vietnamese_source_image;valid_only_after_normalizer_correction
D:/DATN/datasets/raw/roboflow_ocr_plate/valid/images/iwt848_jpg.rf.98972ced8fef514fb508aa2c5fae7b8b.jpg,BZE7277,1,7,False,roboflow_ocr_plate,non_vietnamese_source_image;valid_only_after_normalizer_correction
D:/DATN/datasets/raw/roboflow_ocr_plate/valid/images/iwt852_jpg.rf.f14bda440d88f7c44f0843ab580b7848.jpg,4B56396,1,7,False,roboflow_ocr_plate,non_vietnamese_source_image;valid_only_after_normalizer_correction
D:/DATN/datasets/raw/roboflow_ocr_plate/valid/images/iwt857_jpg.rf.1feecff891c696d5a409341cd5723d39.jpg,3A8930,1,6,False,roboflow_ocr_plate,non_vietnamese_source_image;no_matching_plate_pattern
D:/DATN/datasets/raw/roboflow_ocr_plate/valid/images/iwt863_jpg.rf.06cb214906e38c8b70162eb60db43484.jpg,2B45270,1,7,False,roboflow_ocr_plate,non_vietnamese_source_image;valid_only_after_normalizer_correction
D:/DATN/datasets/raw/roboflow_ocr_plate/valid/images/iwt866_jpg.rf.1f117fd19f90010b044f7a01abddd675.jpg,3B75763,1,7,False,roboflow_ocr_plate,non_vietnamese_source_image;valid_only_after_normalizer_correction
D:/DATN/datasets/raw/roboflow_ocr_plate/valid/images/iwt868_jpg.rf.226bf06d21fe828576540aa5b1dae098.jpg,2AB5896,1,7,False,roboflow_ocr_plate,non_vietnamese_source_image;valid_only_after_normalizer_correction
D:/DATN/datasets/raw/roboflow_ocr_plate/valid/images/iwt872_jpg.rf.d5e51f48d237f74e6263ad82f4efb1cd.jpg,2AN1991,1,7,False,roboflow_ocr_plate,non_vietnamese_source_image;valid_only_after_normalizer_correction
D:/DATN/datasets/raw/roboflow_ocr_plate/valid/images/iwt873_jpg.rf.d824cf54c706d9d629beee5053da9e73.jpg,S625BC,1,6,False,roboflow_ocr_plate,non_vietnamese_source_image;no_matching_plate_pattern
D:/DATN/datasets/raw/roboflow_ocr_plate/valid/images/iwt874_jpg.rf.0d3037ee79ed6e1008a077eeb8b23070.jpg,9B36205,1,7,False,roboflow_ocr_plate,non_vietnamese_source_image;valid_only_after_normalizer_correction
D:/DATN/datasets/raw/roboflow_ocr_plate/valid/images/iwt879_jpg.rf.6bfe28dd4c8a6ae6f1c74ed540673c09.jpg,BZ05042,1,7,False,roboflow_ocr_plate,non_vietnamese_source_image;valid_only_after_normalizer_correction
D:/DATN/datasets/raw/roboflow_ocr_plate/valid/images/iwt882_jpg.rf.53801c8f0d719870ab63ab043bb2f5d3.jpg,6B48288,1,7,False,roboflow_ocr_plate,non_vietnamese_source_image;valid_only_after_normalizer_correction
D:/DATN/datasets/raw/roboflow_ocr_plate/valid/images/ndata112_jpg.rf.36fbc9aa9befffa7d694f374900948b7.jpg,319,2,3,False,roboflow_ocr_plate,only_3_characters;no_matching_plate_pattern
D:/DATN/datasets/raw/roboflow_ocr_plate/valid/images/ndata163_jpg.rf.3adaea8276182c1d03f16fca6d56ed31.jpg,29MD121230,2,10,False,roboflow_ocr_plate,electric_series_MD_not_in_phase1_grammar;no_matching_plate_pattern
D:/DATN/datasets/raw/roboflow_ocr_plate/valid/images/ndata164_jpg.rf.87b6975e3899d4b222544fb9c537b4b7.jpg,29MD186458,2,10,False,roboflow_ocr_plate,electric_series_MD_not_in_phase1_grammar;no_matching_plate_pattern
D:/DATN/datasets/raw/roboflow_ocr_plate/valid/images/ndata166_jpg.rf.676c7e434284f45fc8d8ad981530292d.jpg,29MD181801,2,10,False,roboflow_ocr_plate,electric_series_MD_not_in_phase1_grammar;no_matching_plate_pattern
D:/DATN/datasets/raw/roboflow_ocr_plate/valid/images/ndata175_jpg.rf.f3e9452f926c471b3006bafb4aa14081.jpg,34MD101815,2,10,False,roboflow_ocr_plate,electric_series_MD_not_in_phase1_grammar;no_matching_plate_pattern
D:/DATN/datasets/raw/roboflow_ocr_plate/valid/images/ndata179_jpg.rf.dccb2f237b32e90caa4aced0b9e10874.jpg,2502183,2,7,False,roboflow_ocr_plate,valid_only_after_normalizer_correction
D:/DATN/datasets/raw/roboflow_ocr_plate/valid/images/ndata180_jpg.rf.de9380fbbcde7397627aef0c89d027f3.jpg,15MD166240,2,10,False,roboflow_ocr_plate,electric_series_MD_not_in_phase1_grammar;no_matching_plate_pattern
D:/DATN/datasets/raw/roboflow_ocr_plate/valid/images/ndata182_jpg.rf.8812c2f024294dd8c8984664572a1ace.jpg,15MD406494,2,10,False,roboflow_ocr_plate,electric_series_MD_not_in_phase1_grammar;no_matching_plate_pattern
D:/DATN/datasets/raw/roboflow_ocr_plate/valid/images/ndata186_jpg.rf.12f2d5403f7b884a0251b8eec49d86fd.jpg,29MD121195,2,10,False,roboflow_ocr_plate,electric_series_MD_not_in_phase1_grammar;no_matching_plate_pattern
D:/DATN/datasets/raw/roboflow_ocr_plate/valid/images/ndata213_jpg.rf.bd6b5aea667413a0f0fa58ddba71379a.jpg,1M1898,1,6,False,roboflow_ocr_plate,no_matching_plate_pattern
D:/DATN/datasets/raw/roboflow_ocr_plate/valid/images/ndata218_jpg.rf.a3f5c148cc14f9ef44882146e1cc3a64.jpg,1070M3D738,1,10,False,roboflow_ocr_plate,2_overlapping_boxes_in_line;no_matching_plate_pattern
D:/DATN/datasets/raw/roboflow_ocr_plate/valid/images/ndata264_jpg.rf.51d3d6ab93bc0bbfa12216d0f168af7b.jpg,29MD185735,2,10,False,roboflow_ocr_plate,electric_series_MD_not_in_phase1_grammar;no_matching_plate_pattern
D:/DATN/datasets/raw/roboflow_ocr_plate/valid/images/ndata269_jpg.rf.51580a234a2985fd4c693731bf83f1b6.jpg,12MD101672,2,10,False,roboflow_ocr_plate,electric_series_MD_not_in_phase1_grammar;no_matching_plate_pattern
D:/DATN/datasets/raw/roboflow_ocr_plate/valid/images/ndata271_jpg.rf.18e902174d9652a28e4b4b4451ab7fe4.jpg,29MD273527,2,10,False,roboflow_ocr_plate,electric_series_MD_not_in_phase1_grammar;no_matching_plate_pattern
D:/DATN/datasets/raw/roboflow_ocr_plate/valid/images/ndata272_jpg.rf.32c2b120230029e6a9f018f5f60c69c6.jpg,29MBD188769,2,11,False,roboflow_ocr_plate,11_characters_above_plate_maximum;1_overlapping_boxes_in_line;electric_series_MD_not_in_phase1_grammar;no_matching_plate_pattern
D:/DATN/datasets/raw/roboflow_ocr_plate/valid/images/ndata274_jpg.rf.1ad37dc44ac5d6230f35ee01406246d4.jpg,29MD150466,2,10,False,roboflow_ocr_plate,electric_series_MD_not_in_phase1_grammar;no_matching_plate_pattern
D:/DATN/datasets/raw/roboflow_ocr_plate/valid/images/ndata404_jpg.rf.489a354175180bdbb81f300af83b6945.jpg,23MB102605,2,10,False,roboflow_ocr_plate,electric_series_MD_not_in_phase1_grammar;no_matching_plate_pattern
D:/DATN/datasets/raw/roboflow_ocr_plate/valid/images/ndata410_jpg.rf.b6b72443a936da796c31aa0de9a2c354.jpg,23MD101922,2,10,False,roboflow_ocr_plate,electric_series_MD_not_in_phase1_grammar;no_matching_plate_pattern
D:/DATN/datasets/raw/roboflow_ocr_plate/valid/images/ndata439_jpg.rf.60fe50e6a0d549623358caa14925de09.jpg,60MD100010,2,10,False,roboflow_ocr_plate,electric_series_MD_not_in_phase1_grammar;no_matching_plate_pattern
D:/DATN/datasets/raw/roboflow_ocr_plate/valid/images/ndata442_jpg.rf.54317f0e8da91c68510f3c73279f855e.jpg,29MD100160,2,10,False,roboflow_ocr_plate,electric_series_MD_not_in_phase1_grammar;no_matching_plate_pattern
D:/DATN/datasets/raw/roboflow_ocr_plate/valid/images/ndata443_jpg.rf.254ac62046a1af0882c7052b4988c460.jpg,20MD102797,2,10,False,roboflow_ocr_plate,electric_series_MD_not_in_phase1_grammar;no_matching_plate_pattern
D:/DATN/datasets/raw/roboflow_ocr_plate/valid/images/ndata444_jpg.rf.8281c51e5f848899df16f48963468fe6.jpg,90MD132929,2,10,False,roboflow_ocr_plate,electric_series_MD_not_in_phase1_grammar;no_matching_plate_pattern
D:/DATN/datasets/raw/roboflow_ocr_plate/valid/images/ndata451_jpg.rf.7d678a762c36acc58fcc6e647f4a3f6a.jpg,29MD211375,2,10,False,roboflow_ocr_plate,electric_series_MD_not_in_phase1_grammar;no_matching_plate_pattern
D:/DATN/datasets/raw/roboflow_ocr_plate/valid/images/ndata452_jpg.rf.d80db6eb3ebd44927f3c924366297a8d.jpg,29MD100020,2,10,False,roboflow_ocr_plate,electric_series_MD_not_in_phase1_grammar;no_matching_plate_pattern
D:/DATN/datasets/raw/roboflow_ocr_plate/valid/images/ndata456_jpg.rf.1d5d320e10f00f37b7e6ee9b699e4a2a.jpg,15M0111821,2,10,False,roboflow_ocr_plate,no_matching_plate_pattern
D:/DATN/datasets/raw/roboflow_ocr_plate/valid/images/ndata459_jpg.rf.8424743f1b2c86fdb2432b6612783eb7.jpg,29MD220253,2,10,False,roboflow_ocr_plate,electric_series_MD_not_in_phase1_grammar;no_matching_plate_pattern
D:/DATN/datasets/raw/roboflow_ocr_plate/valid/images/ndata461_jpg.rf.32722160c4e715a96bbff6409d54dbc9.jpg,15MD108600,2,10,False,roboflow_ocr_plate,electric_series_MD_not_in_phase1_grammar;no_matching_plate_pattern
D:/DATN/datasets/raw/roboflow_ocr_plate/valid/images/ndata482_jpg.rf.cf162e37965a017f087676814b737783.jpg,91999B181,1,9,False,roboflow_ocr_plate,4_overlapping_boxes_in_line;no_matching_plate_pattern
D:/DATN/datasets/raw/roboflow_ocr_plate/valid/images/ndata48_jpg.rf.a42e02dcdf16e1ca5555f212b5f9865f.jpg,3DA99524,2,8,False,roboflow_ocr_plate,valid_only_after_normalizer_correction
D:/DATN/datasets/raw/roboflow_ocr_plate/valid/images/ndata51_jpg.rf.3a793896329b9722795466ad7a6aa640.jpg,0A99524,2,7,False,roboflow_ocr_plate,no_matching_plate_pattern
D:/DATN/datasets/raw/roboflow_ocr_plate/valid/images/ndata530_jpg.rf.3ed5d52ea782634aaf096627b1dae413.jpg,9H20012,1,7,False,roboflow_ocr_plate,no_matching_plate_pattern
D:/DATN/datasets/raw/roboflow_ocr_plate/valid/images/ndata534_jpg.rf.881fcd80e56c8ff6b5e39fe5e0f93f93.jpg,29MD143696,2,10,False,roboflow_ocr_plate,electric_series_MD_not_in_phase1_grammar;no_matching_plate_pattern
D:/DATN/datasets/raw/roboflow_ocr_plate/valid/images/ndata569_jpg.rf.b6c87b28d2128ae134e78978b3d8f6a4.jpg,380999,2,6,False,roboflow_ocr_plate,no_matching_plate_pattern
D:/DATN/datasets/raw/roboflow_ocr_plate/valid/images/ndata577_jpg.rf.272df991e33f1c94fe5637fc1b2d1fb2.jpg,15MD145366,2,10,False,roboflow_ocr_plate,electric_series_MD_not_in_phase1_grammar;no_matching_plate_pattern
D:/DATN/datasets/raw/roboflow_ocr_plate/valid/images/ndata582_jpg.rf.b19603eb711b5a26afed23757d2ea4ef.jpg,569126,2,6,False,roboflow_ocr_plate,no_matching_plate_pattern
D:/DATN/datasets/raw/roboflow_ocr_plate/valid/images/ndata612_jpg.rf.d33670edec22e56ed6afa13d756a61a7.jpg,15099V919,1,9,False,roboflow_ocr_plate,3_overlapping_boxes_in_line;no_matching_plate_pattern
D:/DATN/datasets/raw/roboflow_ocr_plate/valid/images/ndata613_jpg.rf.b392145a3a35340cd0270c3d6e76718b.jpg,59Y3699994,3,10,False,roboflow_ocr_plate,clustered_into_3_lines_not_a_plate;no_matching_plate_pattern
D:/DATN/datasets/raw/roboflow_ocr_plate/valid/images/ndata627_jpg.rf.8edc639a93a30767dd616d16a7d0e209.jpg,89MB403152,2,10,False,roboflow_ocr_plate,electric_series_MD_not_in_phase1_grammar;no_matching_plate_pattern
D:/DATN/datasets/raw/roboflow_ocr_plate/valid/images/ndata638_jpg.rf.a5402e63e7308817f91993497176e190.jpg,9D00046,2,7,False,roboflow_ocr_plate,valid_only_after_normalizer_correction
D:/DATN/datasets/raw/roboflow_ocr_plate/valid/images/ndata97_jpg.rf.70106e40f8fa18d0ff75b01d410f431c.jpg,2B49293,2,7,False,roboflow_ocr_plate,valid_only_after_normalizer_correction
D:/DATN/datasets/raw/roboflow_ocr_plate/valid/images/ndata98_jpg.rf.c43e08a24eda4c10cd3c5dba0d9711d8.jpg,9H87132,2,7,False,roboflow_ocr_plate,no_matching_plate_pattern
D:/DATN/datasets/raw/roboflow_ocr_conversion/train/images/2118_--2022-03-09-21-05-18_png.rf.43ab243b5b5fe084949b8f4a2f1afcf1.jpg,3010040,2,7,False,roboflow_ocr_conversion,valid_only_after_normalizer_correction
D:/DATN/datasets/raw/roboflow_ocr_conversion/train/images/2124_--2022-03-09-21-05-38_png.rf.c7a8c4807c90abf199bf120bb623d115.jpg,10040,1,5,False,roboflow_ocr_conversion,only_5_characters;no_matching_plate_pattern
D:/DATN/datasets/raw/roboflow_ocr_conversion/train/images/2126_--2022-03-09-21-05-44_png.rf.f97cb2683edcebb65c0c49e99b74c385.jpg,0A00040,2,7,False,roboflow_ocr_conversion,no_matching_plate_pattern
D:/DATN/datasets/raw/roboflow_ocr_conversion/train/images/2127_--2022-03-09-21-05-54_png.rf.89bcdd4feb84394ecebb73d5417327d8.jpg,3E,1,2,False,roboflow_ocr_conversion,only_2_characters;no_matching_plate_pattern
D:/DATN/datasets/raw/roboflow_ocr_conversion/train/images/2133_--2022-03-09-21-06-35_png.rf.ddeace8b567ef5bcac6b104ec2a3a9cf.jpg,0E36747,1,7,False,roboflow_ocr_conversion,no_matching_plate_pattern
D:/DATN/datasets/raw/roboflow_ocr_conversion/train/images/2135_--2022-03-09-21-06-42_png.rf.5eda937ceda55c2e304b4ef8e0d6e03b.jpg,0E68931,1,7,False,roboflow_ocr_conversion,no_matching_plate_pattern
D:/DATN/datasets/raw/roboflow_ocr_conversion/train/images/2146_--2022-03-09-21-08-09_png.rf.40e8b6ce5c5eafeffb246487556fd082.jpg,13,1,2,False,roboflow_ocr_conversion,only_2_characters;no_matching_plate_pattern
D:/DATN/datasets/raw/roboflow_ocr_conversion/train/images/2149_--2022-03-09-21-08-43_png.rf.a2b5679004ffa85d447b649602c4a2be.jpg,02963,1,5,False,roboflow_ocr_conversion,only_5_characters;no_matching_plate_pattern
D:/DATN/datasets/raw/roboflow_ocr_conversion/train/images/2150_--2022-03-09-21-08-43_png.rf.0723efec32cf9d5378ef36bce286984d.jpg,5397,1,4,False,roboflow_ocr_conversion,only_4_characters;no_matching_plate_pattern
D:/DATN/datasets/raw/roboflow_ocr_conversion/train/images/2167_--2022-03-09-21-11-19_png.rf.ab1c4b4e9def589fa783d79e7d868e1f.jpg,3250,1,4,False,roboflow_ocr_conversion,only_4_characters;no_matching_plate_pattern
D:/DATN/datasets/raw/roboflow_ocr_conversion/train/images/2170_--2022-03-09-21-11-27_png.rf.bdd86f37a36ed1fc44650f5247345d76.jpg,30A094,1,6,False,roboflow_ocr_conversion,no_matching_plate_pattern
D:/DATN/datasets/raw/roboflow_ocr_conversion/train/images/2176_--2022-03-09-21-12-05_png.rf.5abd59f5fb6306e52fea6d38487f6e83.jpg,0E46,1,4,False,roboflow_ocr_conversion,only_4_characters;no_matching_plate_pattern
D:/DATN/datasets/raw/roboflow_ocr_conversion/train/images/2183_--2022-03-09-21-12-44_png.rf.e77338b1307b166ac4c1f3287ffcf4fa.jpg,3E84449,2,7,False,roboflow_ocr_conversion,no_matching_plate_pattern
D:/DATN/datasets/raw/roboflow_ocr_conversion/train/images/2187_--2022-03-09-21-17-54_png.rf.623e33c49bbd222af8fc4394fbf92f4a.jpg,30A,1,3,False,roboflow_ocr_conversion,only_3_characters;no_matching_plate_pattern
D:/DATN/datasets/raw/roboflow_ocr_conversion/train/images/2194_--2022-03-09-21-18-29_png.rf.f89959936a784e1cad8b0ea9e5908927.jpg,35,2,2,False,roboflow_ocr_conversion,only_2_characters;no_matching_plate_pattern
D:/DATN/datasets/raw/roboflow_ocr_conversion/train/images/2196_--2022-03-09-21-18-29_png.rf.003fbbcb733abf74dba7c48c49fee16a.jpg,497,1,3,False,roboflow_ocr_conversion,only_3_characters;no_matching_plate_pattern
D:/DATN/datasets/raw/roboflow_ocr_conversion/train/images/2201_--2022-03-09-21-18-43_png.rf.251af9995a38ba7223e0841560395ac3.jpg,E6275,2,5,False,roboflow_ocr_conversion,only_5_characters;no_matching_plate_pattern
D:/DATN/datasets/raw/roboflow_ocr_conversion/train/images/2204_--2022-03-09-21-19-01_png.rf.fc1f167b6bb5cb8a128432ed3ae5501d.jpg,29052115,2,8,False,roboflow_ocr_conversion,valid_only_after_normalizer_correction
D:/DATN/datasets/raw/roboflow_ocr_conversion/train/images/2208_--2022-03-09-21-19-15_png.rf.1cfe10474e80b6f85fdd737b60fc2fc6.jpg,30A76,1,5,False,roboflow_ocr_conversion,only_5_characters;no_matching_plate_pattern
D:/DATN/datasets/raw/roboflow_ocr_conversion/train/images/2215_--2022-03-09-21-19-36_png.rf.3353b622ebb6367f617250751c4823d1.jpg,3847,2,4,False,roboflow_ocr_conversion,only_4_characters;no_matching_plate_pattern
D:/DATN/datasets/raw/roboflow_ocr_conversion/train/images/2217_--2022-03-09-21-19-45_png.rf.2ffd5880c1ebe8b85c6da4651a35d1cc.jpg,29A160,2,6,False,roboflow_ocr_conversion,no_matching_plate_pattern
D:/DATN/datasets/raw/roboflow_ocr_conversion/train/images/2221_--2022-03-09-21-20-08_png.rf.cfd0d2888e71e17026770ada361a492e.jpg,3020273,2,7,False,roboflow_ocr_conversion,valid_only_after_normalizer_correction
D:/DATN/datasets/raw/roboflow_ocr_conversion/train/images/2233_--2022-03-09-21-21-14_png.rf.8cce36094c1f87c764b98c0602fface7.jpg,635,1,3,False,roboflow_ocr_conversion,only_3_characters;no_matching_plate_pattern
D:/DATN/datasets/raw/roboflow_ocr_conversion/train/images/2240_--2022-03-09-21-21-56_png.rf.d74ec6d8f5970fa50443aad78e7ad18e.jpg,A82,2,3,False,roboflow_ocr_conversion,only_3_characters;no_matching_plate_pattern
D:/DATN/datasets/raw/roboflow_ocr_conversion/train/images/2242_--2022-03-09-21-22-02_png.rf.ea0cc3d406babaf1ffb5dd7c9f783e30.jpg,5,1,1,False,roboflow_ocr_conversion,only_1_characters;no_matching_plate_pattern
D:/DATN/datasets/raw/roboflow_ocr_conversion/train/images/2269_--2022-03-09-21-23-31_png.rf.b6843adfcbc49f2b0b219f9e8dda8dcc.jpg,55,1,2,False,roboflow_ocr_conversion,only_2_characters;no_matching_plate_pattern
D:/DATN/datasets/raw/roboflow_ocr_conversion/train/images/2272_--2022-03-09-21-23-44_png.rf.2d6875b7168a6fa2c3b39a849bf49587.jpg,A59875,2,6,False,roboflow_ocr_conversion,no_matching_plate_pattern
D:/DATN/datasets/raw/roboflow_ocr_conversion/train/images/2278_--2022-03-09-21-23-54_png.rf.097f8ba353945cd430645cd9d1b06270.jpg,3A59875,2,7,False,roboflow_ocr_conversion,valid_only_after_normalizer_correction
D:/DATN/datasets/raw/roboflow_ocr_conversion/train/images/2339_--2022-03-09-21-45-19_png.rf.100a4f5ecd6970580fb0be2006ac27c9.jpg,9A35518,1,7,False,roboflow_ocr_conversion,valid_only_after_normalizer_correction
D:/DATN/datasets/raw/roboflow_ocr_conversion/train/images/2354_--2022-03-09-21-46-17_png.rf.8c011fb5cf976e79d631848c03135adf.jpg,22766,1,5,False,roboflow_ocr_conversion,only_5_characters;no_matching_plate_pattern
D:/DATN/datasets/raw/roboflow_ocr_conversion/train/images/2357_--2022-03-09-21-46-39_png.rf.4a53ed431786628b3b9e7e05381c2cd8.jpg,99710,1,5,False,roboflow_ocr_conversion,only_5_characters;no_matching_plate_pattern
D:/DATN/datasets/raw/roboflow_ocr_conversion/train/images/2379_--2022-03-09-21-49-16_png.rf.fd99bf2f1750cd0368457153bfa34b4e.jpg,3E57,2,4,False,roboflow_ocr_conversion,only_4_characters;no_matching_plate_pattern
D:/DATN/datasets/raw/roboflow_ocr_conversion/train/images/2380_--2022-03-09-21-49-22_png.rf.d95e0a35279d5a4ab7b1018a8986a31d.jpg,3E265,1,5,False,roboflow_ocr_conversion,only_5_characters;no_matching_plate_pattern
D:/DATN/datasets/raw/roboflow_ocr_conversion/train/images/2382_--2022-03-09-21-49-34_png.rf.22a214e576ba9af81e9c4bd9ed2e58f0.jpg,011884,1,6,False,roboflow_ocr_conversion,no_matching_plate_pattern
D:/DATN/datasets/raw/roboflow_ocr_conversion/train/images/2392_--2022-03-09-21-50-47_png.rf.9ac69d9493092f516f507db2ed746072.jpg,30H476,1,6,False,roboflow_ocr_conversion,no_matching_plate_pattern
D:/DATN/datasets/raw/roboflow_ocr_conversion/train/images/2397_--2022-03-09-21-50-59_png.rf.cd2ca476056cd6a27f2ec417d700119a.jpg,9D06915,2,7,False,roboflow_ocr_conversion,valid_only_after_normalizer_correction
D:/DATN/datasets/raw/roboflow_ocr_conversion/train/images/2409_--2022-03-09-21-51-52_png.rf.5768f409f47ba53aa4708e33961d48c5.jpg,C81885,2,6,False,roboflow_ocr_conversion,no_matching_plate_pattern
D:/DATN/datasets/raw/roboflow_ocr_conversion/valid/images/2151_--2022-03-09-21-08-53_png.rf.a4f9b60bb83837cc6d2981469a7fc892.jpg,30E587,1,6,False,roboflow_ocr_conversion,no_matching_plate_pattern
D:/DATN/datasets/raw/roboflow_ocr_conversion/valid/images/2179_--2022-03-09-21-12-15_png.rf.dcf7595d064cfc2a2aa8044a0a5bc838.jpg,3093250,2,7,False,roboflow_ocr_conversion,no_matching_plate_pattern
D:/DATN/datasets/raw/roboflow_ocr_conversion/valid/images/2181_--2022-03-09-21-12-28_png.rf.d67af6bcaccb3e69a8439e56b5bd92f2.jpg,30X64,1,5,False,roboflow_ocr_conversion,only_5_characters;no_matching_plate_pattern
D:/DATN/datasets/raw/roboflow_ocr_conversion/valid/images/2189_--2022-03-09-21-18-05_png.rf.f0491eadd35ff55b44d3369e6f25dc3c.jpg,30E64,2,5,False,roboflow_ocr_conversion,only_5_characters;no_matching_plate_pattern
D:/DATN/datasets/raw/roboflow_ocr_conversion/valid/images/2236_--2022-03-09-21-21-22_png.rf.ce6963325bf669fff2b9e2f9a238d5b7.jpg,67375,1,5,False,roboflow_ocr_conversion,only_5_characters;no_matching_plate_pattern
D:/DATN/datasets/raw/roboflow_ocr_conversion/valid/images/2260_--2022-03-09-21-23-12_png.rf.f6014d45d59ca7250aaa4e9896654161.jpg,A59875,2,6,False,roboflow_ocr_conversion,no_matching_plate_pattern
D:/DATN/datasets/raw/roboflow_ocr_conversion/valid/images/2268_--2022-03-09-21-23-26_png.rf.55f6d3dcddcbd1b4d5382e4adafe5d1b.jpg,E074,2,4,False,roboflow_ocr_conversion,only_4_characters;no_matching_plate_pattern
D:/DATN/datasets/raw/roboflow_ocr_conversion/valid/images/2282_--2022-03-09-21-24-14_png.rf.75db80176425924cde129778d25bd193.jpg,5608,1,4,False,roboflow_ocr_conversion,only_4_characters;no_matching_plate_pattern
D:/DATN/datasets/raw/roboflow_ocr_conversion/valid/images/2286_--2022-03-09-21-24-34_png.rf.98d742221e3410135987c17e51422aaf.jpg,3E57904,2,7,False,roboflow_ocr_conversion,no_matching_plate_pattern
D:/DATN/datasets/raw/roboflow_ocr_conversion/valid/images/2289_--2022-03-09-21-24-40_png.rf.26ef622602e11257c1f036c20c3fb7d7.jpg,3E95530,2,7,False,roboflow_ocr_conversion,no_matching_plate_pattern
D:/DATN/datasets/raw/roboflow_ocr_conversion/valid/images/2290_--2022-03-09-21-24-40_png.rf.2e837c01d19373f371927c0528821062.jpg,2GB0702,1,7,False,roboflow_ocr_conversion,valid_only_after_normalizer_correction
D:/DATN/datasets/raw/roboflow_ocr_conversion/valid/images/2324_--2022-03-09-21-26-48_png.rf.afc377e6563995bfa35778e2b851742e.jpg,02965,1,5,False,roboflow_ocr_conversion,only_5_characters;no_matching_plate_pattern
